key,district_lbl,cluster,mature_density,pop_density,income,mean_sealed,mean_ndvi,archetype,action
02001,Eixample,2,121.22861309045969,8575.329262819885,26675.083752131228,0.7340843604404591,0.12320948562714393,high-source / low-pop / lower-income,defer (park-like)
05001,Sarria-Sant Gervasi,2,0.0,238.1259624392301,29936.26919231082,0.241625316573679,0.2933615590760075,high-source / low-pop / lower-income,defer (park-like)
06001,Gracia,1,17.635483050780607,23084.847313471815,30037.699218904963,0.7892559305256633,0.1134728622903237,low-source / high-pop / lower-income,monitor
10001,Sant Marti,1,150.06878437832637,49642.75387235036,22505.602003659493,0.8704287939382113,0.09279448237144791,low-source / high-pop / lower-income,monitor
08001,Nou Barris,2,170.43602453556713,71810.37833765229,20200.353507109798,0.6489674730108663,0.152370127606067,high-source / low-pop / lower-income,defer (park-like)
03001,Sants-Montjuic,1,309.9799382087734,75767.95346788732,19874.37257667146,0.8817419408412975,0.08138407522353554,low-source / high-pop / lower-income,monitor
01001,Ciutat Vella,2,255.67069210129472,6272.748187243835,16718.551367043186,0.6847837697089629,0.08554338440868342,high-source / low-pop / lower-income,defer (park-like)
09001,Sant Andreu,2,58.260945701517535,11797.8415045573,11728.771921233123,0.6227614598199437,0.11077805671451595,high-source / low-pop / lower-income,defer (park-like)
04001,Les Corts,0,421.8176679805638,52895.9355647627,30898.49458982474,0.8674446022578763,0.1215903876411261,high-source / low-pop / higher-income,defer (park-like)
07001,Horta-Guinardo,1,198.18711991658154,61992.9311099067,26419.870255761325,0.8523699558199769,0.08185422333049987,low-source / high-pop / lower-income,monitor
06002,Gracia,1,0.0,54289.63775079208,28268.076357161786,0.8133794686422011,0.10603448816047087,low-source / high-pop / lower-income,monitor
02002,Eixample,1,309.64553101846286,148573.5557014043,27747.13501789056,0.8522281806979567,0.11479963036052653,low-source / high-pop / lower-income,monitor
07002,Horta-Guinardo,1,228.1767165689503,22817.67165689503,25518.47787966933,0.8173773889469949,0.09427424399305138,low-source / high-pop / lower-income,monitor
10002,Sant Marti,1,81.6581080455884,39583.76787509898,22830.198508881127,0.8768083157126088,0.07928779479594802,low-source / high-pop / lower-income,monitor
05002,Sarria-Sant Gervasi,3,0.8031566097549544,664.2105162673473,45135.438758535376,0.19731599230097216,0.2852930614532927,high-source / low-pop / higher-income,defer (park-like)
09002,Sant Andreu,2,179.8100402794124,59414.37473804012,12776.085776149013,0.6603639442748195,0.12348109715834417,high-source / low-pop / lower-income,defer (park-like)
04002,Les Corts,1,286.81795469043783,60422.98245478557,29890.50328542807,0.8342494934997626,0.10261605118607355,low-source / high-pop / lower-income,monitor
01002,Ciutat Vella,1,185.399953613169,37344.847799224044,13972.33526887483,0.8471456330540027,0.11897908143550644,low-source / high-pop / lower-income,monitor
03002,Sants-Montjuic,1,0.0,66337.21652872291,20233.279867709112,0.8758279310200181,0.07276603927652442,low-source / high-pop / lower-income,monitor
08002,Nou Barris,2,92.0467223474465,41482.38953791589,24730.09754333556,0.7172135897837439,0.13531830723951271,high-source / low-pop / lower-income,defer (park-like)
08003,Nou Barris,1,50.78099696796981,65355.14309777715,22580.71978851166,0.8201191344469884,0.09959412930224555,low-source / high-pop / lower-income,monitor
03003,Sants-Montjuic,1,516.9491144068386,76038.51519184226,20329.164080609193,0.8742479681968689,0.07046367982560696,low-source / high-pop / lower-income,monitor
04003,Les Corts,1,376.66579462080153,67234.84433981308,30656.36853602853,0.859470921677617,0.11703262886957275,low-source / high-pop / lower-income,monitor
02003,Eixample,0,481.55083168193414,31697.375332475545,25211.38427648596,0.7206070961841872,0.10038294164227986,high-source / low-pop / higher-income,defer (park-like)
09003,Sant Andreu,1,0.0,83682.93439163727,12650.210645369249,0.7019817501887886,0.11374534857477231,low-source / high-pop / lower-income,monitor
05003,Sarria-Sant Gervasi,3,1.2294505945773357,1601.9741247342683,42654.80828778549,0.17440698212330316,0.261513067734046,high-source / low-pop / higher-income,defer (park-like)
10003,Sant Marti,1,32.85701222035454,53622.64394361861,22668.248314207456,0.8742069618747584,0.08133063030493706,low-source / high-pop / lower-income,monitor
01003,Ciutat Vella,1,97.579807251983,93408.27049196072,15559.510816547649,0.8499135479732572,0.08997508481042153,low-source / high-pop / lower-income,monitor
07003,Horta-Guinardo,0,876.8203158332071,90582.28339723055,25963.359136761883,0.8490047876843575,0.11369076056269034,high-source / low-pop / higher-income,defer (park-like)
06003,Gracia,2,0.0,58175.27318772243,27979.6858244714,0.5780373585988564,0.17195741229713926,high-source / low-pop / lower-income,defer (park-like)
08004,Nou Barris,1,82.89289751384248,63744.63818814487,18014.225402771768,0.838349687224906,0.10204083535353638,low-source / high-pop / lower-income,monitor
03004,Sants-Montjuic,1,287.0455114573137,49244.252187788035,20329.164080609193,0.8742479681968689,0.07046367982560696,low-source / high-pop / lower-income,monitor
07004,Horta-Guinardo,1,248.99679466908185,79031.58262796658,24220.077955014913,0.7629092796394707,0.10769443710556754,low-source / high-pop / lower-income,monitor
09004,Sant Andreu,2,68.49007444256642,62908.133375497266,14465.31268250427,0.6330469968040973,0.12436674112478784,high-source / low-pop / lower-income,defer (park-like)
05004,Sarria-Sant Gervasi,3,4.170647779281837,1462.5071546014976,53066.83646066674,0.3126809570476008,0.19613275161063812,high-source / low-pop / higher-income,defer (park-like)
10004,Sant Marti,1,127.63127454176805,51339.68018442619,22090.61481316237,0.8635359170924395,0.10258547220910325,low-source / high-pop / lower-income,monitor
04004,Les Corts,1,347.72118588578167,73855.97988214003,29778.946624219392,0.8336838825643578,0.10149906876763125,low-source / high-pop / lower-income,monitor
01004,Ciutat Vella,1,155.02262692980355,32007.005040106775,14232.161066675939,0.8622462979712527,0.0972255153766166,low-source / high-pop / lower-income,monitor
06004,Gracia,2,0.0,10344.190272406891,26649.284151742748,0.5139472523282907,0.18341767531111236,high-source / low-pop / lower-income,defer (park-like)
02004,Eixample,1,221.67217121459635,82794.55594865174,27036.81344144378,0.8515009273141367,0.10755639601832287,low-source / high-pop / lower-income,monitor
04005,Les Corts,1,213.48338512843952,64952.31992532773,27453.061879339988,0.8699583469989565,0.09341180233299197,low-source / high-pop / lower-income,monitor
05005,Sarria-Sant Gervasi,3,48.62838342150259,1240.519985242413,49360.915521504474,0.24165532404121054,0.2215278070666346,high-source / low-pop / higher-income,defer (park-like)
03005,Sants-Montjuic,2,249.1578455462181,13976.568669211663,19709.174367430453,0.6534917290543302,0.16730548271181025,high-source / low-pop / lower-income,defer (park-like)
09005,Sant Andreu,2,8.480436845012443,4282.620606731284,15550.389452822375,0.6716655430598588,0.10595399801286184,high-source / low-pop / lower-income,defer (park-like)
01005,Ciutat Vella,1,297.3133020547533,42664.4588448571,14688.840131650664,0.857881988939485,0.09735319919928118,low-source / high-pop / lower-income,monitor
10005,Sant Marti,1,137.41074445825416,36505.45444440952,23451.879923051998,0.867915381390912,0.0952847069917735,low-source / high-pop / lower-income,monitor
07005,Horta-Guinardo,1,391.3096458543191,51688.446856938695,24146.07238120136,0.7589370608329773,0.10743515804475465,low-source / high-pop / lower-income,monitor
02005,Eixample,1,276.6300710497196,111896.8637396116,27478.895448738152,0.8832007646560669,0.1092936615176768,low-source / high-pop / lower-income,monitor
08005,Nou Barris,1,72.22751501172854,41097.45604167354,18764.151504060224,0.8456281374886142,0.09780541279998783,low-source / high-pop / lower-income,monitor
02006,Eixample,0,1060.709161251955,45470.92693893249,29223.897214754656,0.8244666861498388,0.13230742787374197,high-source / low-pop / higher-income,defer (park-like)
05006,Sarria-Sant Gervasi,3,76.5429586767173,5319.735628031853,49568.613704975556,0.43867446058649173,0.205772195957197,high-source / low-pop / higher-income,defer (park-like)
10006,Sant Marti,1,105.48742286217818,66808.70114604618,24826.860432422476,0.8742894485989986,0.09861032388031293,low-source / high-pop / lower-income,monitor
03006,Sants-Montjuic,2,199.884313586341,72008.32396947934,19342.68066013293,0.5885768203068018,0.22298258283354427,high-source / low-pop / lower-income,defer (park-like)
01006,Ciutat Vella,1,0.0,49104.86222827839,15077.294278567044,0.8644919182442072,0.08242827675657748,low-source / high-pop / lower-income,monitor
09006,Sant Andreu,2,0.0,30071.45846854772,14677.312956403497,0.6605819990117503,0.12580226982815965,high-source / low-pop / lower-income,defer (park-like)
07006,Horta-Guinardo,1,349.5272769270973,23867.719767307502,24301.590536129013,0.765404579438195,0.10566755804811663,low-source / high-pop / lower-income,monitor
08006,Nou Barris,1,129.61007103069528,44300.72227829165,21520.187481982015,0.8708941340446472,0.08196733255064828,low-source / high-pop / lower-income,monitor
04006,Les Corts,1,122.70533844397409,72273.44434350074,26682.40587267535,0.8736262514360245,0.09739294203499084,low-source / high-pop / lower-income,monitor
06006,Gracia,2,316.58237647285085,5762.872412404099,31881.368475877927,0.7053311834947855,0.1433965690428972,high-source / low-pop / lower-income,defer (park-like)
04007,Les Corts,1,192.26333993286676,42451.74545717698,29021.36190897964,0.843609672063417,0.10255016064354429,low-source / high-pop / lower-income,monitor
07007,Horta-Guinardo,1,187.02188224444544,52291.318275546946,25442.59051305726,0.7915590115742895,0.09782340989592539,low-source / high-pop / lower-income,monitor
09007,Sant Andreu,1,21.513380525751014,7239.252546915216,16667.06930847726,0.7311456175628989,0.091114265709963,low-source / high-pop / lower-income,monitor
02007,Eixample,0,852.9051877452941,34196.16737116288,28619.349920480738,0.8796247830480572,0.11701501210526809,high-source / low-pop / higher-income,defer (park-like)
10007,Sant Marti,1,61.17538356818672,41415.73467566241,24826.0309801413,0.8748024603882781,0.09893516731711849,low-source / high-pop / lower-income,monitor
05007,Sarria-Sant Gervasi,3,102.72872898925841,10250.044292483784,51601.10857086077,0.4590349144674618,0.1784133200911111,high-source / low-pop / higher-income,defer (park-like)
03007,Sants-Montjuic,1,0.0,72962.7314588603,19390.61813320176,0.8897131595966927,0.09299992501943967,low-source / high-pop / lower-income,monitor
06007,Gracia,1,0.0,30517.52036187363,29777.591577313244,0.7685860330958474,0.12985756452860106,low-source / high-pop / lower-income,monitor
08007,Nou Barris,1,402.4447876422203,53704.02110647851,20778.402424011252,0.8630510667720261,0.09258392607553022,low-source / high-pop / lower-income,monitor
01007,Ciutat Vella,1,219.81781329047664,54001.90946502709,13631.423941362926,0.8601190364523382,0.09952907021782158,low-source / high-pop / lower-income,monitor
04008,Les Corts,1,172.98696205866534,44803.62317319432,30132.760666399558,0.8492175413314859,0.10222223886725336,low-source / high-pop / lower-income,monitor
02008,Eixample,0,878.9896409737825,48821.59605865809,27486.176926525925,0.8799015363770571,0.10982617858998588,high-source / low-pop / higher-income,defer (park-like)
08008,Nou Barris,1,40.504639086997365,66427.60810267567,21487.11939741574,0.869803749858844,0.08771078962113371,low-source / high-pop / lower-income,monitor
03008,Sants-Montjuic,1,0.0,66552.29265897885,19378.15251878486,0.8899185657501221,0.0932992477577318,low-source / high-pop / lower-income,monitor
09008,Sant Andreu,1,103.93132724613697,7104.448583896648,24310.73510081842,0.8019367428697612,0.0704064229829843,low-source / high-pop / lower-income,monitor
06008,Gracia,1,0.0,77594.20297314101,30652.989205654845,0.7654038013483548,0.13319593927154805,low-source / high-pop / lower-income,monitor
05008,Sarria-Sant Gervasi,3,93.35152778774103,6849.668351425498,51594.43166582541,0.603445770359443,0.14021757642461044,high-source / low-pop / higher-income,defer (park-like)
07008,Horta-Guinardo,1,145.75730614797206,67971.49043367097,23802.864260207807,0.7735338389688655,0.11374605778090709,low-source / high-pop / lower-income,monitor
10008,Sant Marti,1,107.8440927458255,64418.8714001731,24611.5557467286,0.8569034580069023,0.10667775645429228,low-source / high-pop / lower-income,monitor
01008,Ciutat Vella,1,169.99108433202747,96384.94481625957,13516.351250942917,0.8646448474713063,0.10630925943560239,low-source / high-pop / lower-income,monitor
06009,Gracia,3,14.341062266182012,3319.955914621136,37502.11306784433,0.3051465940798515,0.20825904591862088,high-source / low-pop / higher-income,defer (park-like)
01009,Ciutat Vella,1,267.87627816984303,91384.07889565501,15818.007788647585,0.8906802535057067,0.09243791614411748,low-source / high-pop / lower-income,monitor
07009,Horta-Guinardo,1,55.10200695213954,72569.34315596777,23709.86345400786,0.7802568721616286,0.1149408079125535,low-source / high-pop / lower-income,monitor
10009,Sant Marti,1,222.57038634471556,62468.088434083504,24949.7104871431,0.8747854261697342,0.09725305475001261,low-source / high-pop / lower-income,monitor
04009,Les Corts,1,184.379710327886,54097.00701020175,30311.324284498092,0.8577582043119811,0.10252774801884845,low-source / high-pop / lower-income,monitor
08009,Nou Barris,1,157.95903777629832,40550.34155485829,21539.89261892072,0.8676941342725941,0.10258321535708911,low-source / high-pop / lower-income,monitor
09009,Sant Andreu,2,220.58434285938858,2318.586537166462,17932.358739754123,0.7199178894068542,0.10484658480272897,high-source / low-pop / lower-income,defer (park-like)
05009,Sarria-Sant Gervasi,3,15.02478693362618,24250.006110872655,43918.984121755704,0.6252651664673611,0.1275473321004244,high-source / low-pop / higher-income,defer (park-like)
02009,Eixample,0,529.8271803704577,45485.66343480379,26172.660442213066,0.822707026321706,0.106184891594108,high-source / low-pop / higher-income,defer (park-like)
03009,Sants-Montjuic,1,328.5521330581086,68941.18925335979,19378.15251878486,0.8899185657501221,0.0932992477577318,low-source / high-pop / lower-income,monitor
10010,Sant Marti,1,255.65400061124313,57298.45288699487,24896.704883385428,0.8749150371058986,0.0979515139888616,low-source / high-pop / lower-income,monitor
04010,Les Corts,1,229.60194269409124,28864.24422440004,30604.731405432565,0.8732925840611253,0.1031770768984381,low-source / high-pop / lower-income,monitor
08010,Nou Barris,1,105.43671491963258,40101.09724110026,20899.821501003767,0.8608227834944435,0.10965430957695863,low-source / high-pop / lower-income,monitor
03010,Sants-Montjuic,1,485.48590584004785,75331.22972284742,19363.27719524107,0.8891619340657774,0.09305580062471883,low-source / high-pop / lower-income,monitor
02010,Eixample,0,872.906476529693,56187.611620832344,25137.93363215855,0.8505552347629082,0.10401197591705987,high-source / low-pop / higher-income,defer (park-like)
05010,Sarria-Sant Gervasi,1,95.87577236557514,36288.97984037019,40138.620211016176,0.7609648393903946,0.08511621325392599,low-source / high-pop / lower-income,monitor
09010,Sant Andreu,1,32.561666261464815,19612.976978155642,16041.519967229522,0.8075954476813375,0.1223905034173984,low-source / high-pop / lower-income,monitor
01010,Ciutat Vella,1,145.84923079523304,97208.51232502282,15036.77398298075,0.8810419505375735,0.09426634936739729,low-source / high-pop / lower-income,monitor
07010,Horta-Guinardo,1,237.2409111756412,44906.31532967494,24326.62139793804,0.8024051650624032,0.10858289732409919,low-source / high-pop / lower-income,monitor
06010,Gracia,2,192.4466951926434,13868.991833549835,31482.68127111177,0.6110345276262349,0.15338273009363332,high-source / low-pop / lower-income,defer (park-like)
01011,Ciutat Vella,1,214.39304179448035,101086.31920609748,15384.699646652767,0.888277748512579,0.0875057585429251,low-source / high-pop / lower-income,monitor
05011,Sarria-Sant Gervasi,3,150.20622046757904,37025.83334525823,41898.70948614821,0.7527800620184016,0.09670223653928645,high-source / low-pop / higher-income,defer (park-like)
07011,Horta-Guinardo,1,100.1442713963656,57833.31673140114,24596.27787433754,0.8772640484887609,0.11188635060375045,low-source / high-pop / lower-income,monitor
08011,Nou Barris,1,131.94782379701155,39815.25583074824,20653.706510636577,0.8581706033448494,0.1102813634135212,low-source / high-pop / lower-income,monitor
09011,Sant Andreu,2,241.1935438324557,19978.865214121746,14228.521642261103,0.6865235556487842,0.17030355799091396,high-source / low-pop / lower-income,defer (park-like)
04011,Les Corts,1,377.9294178620351,46728.27302279877,30284.415534025535,0.8299511266753562,0.10375612511004434,low-source / high-pop / lower-income,monitor
03011,Sants-Montjuic,1,48.661233483852705,88709.42864106348,19378.15251878486,0.8899185657501221,0.0932992477577318,low-source / high-pop / lower-income,monitor
06011,Gracia,2,113.93162095539722,12466.018192869713,25964.438183128612,0.5864901988415091,0.15832690287956264,high-source / low-pop / lower-income,defer (park-like)
10011,Sant Marti,1,120.28905858055896,75300.9506714299,25065.81396955457,0.8745015263557434,0.09572314952860324,low-source / high-pop / lower-income,monitor
02011,Eixample,1,304.2666028080494,56289.32151948914,24896.710956858336,0.8473453490213593,0.10320952121631186,low-source / high-pop / lower-income,monitor
04012,Les Corts,1,118.56872054099962,38445.90763541913,31263.980803094313,0.8225141977369598,0.10881884622400421,low-source / high-pop / lower-income,monitor
01012,Ciutat Vella,1,124.15136766586296,88519.9251457603,14731.045208149622,0.8861648393074951,0.0797158446291945,low-source / high-pop / lower-income,monitor
05012,Sarria-Sant Gervasi,3,15.026860106895477,20707.013227301966,43204.28753224464,0.7290743128720106,0.11959876241307658,high-source / low-pop / higher-income,defer (park-like)
08012,Nou Barris,1,144.16090840776872,26752.14571738451,21248.625086427717,0.8557439728504483,0.11304847202541844,low-source / high-pop / lower-income,monitor
02012,Eixample,1,217.5389584302812,34175.37036939718,25074.34416947596,0.7535158088196976,0.09771357043214748,low-source / high-pop / lower-income,monitor
10012,Sant Marti,1,205.6513181932406,51941.64722366419,24977.00839304421,0.8750166414948644,0.09555249688818329,low-source / high-pop / lower-income,monitor
07012,Horta-Guinardo,1,0.0,59584.83361232924,23609.6918465599,0.7995373894810769,0.11972873320420797,low-source / high-pop / lower-income,monitor
03012,Sants-Montjuic,1,305.07623141400893,72947.11666699413,19244.193240461136,0.8831047418965903,0.09110689193082207,low-source / high-pop / lower-income,monitor
06012,Gracia,2,151.17478603397325,11064.104652861417,28950.617674342015,0.556204178604977,0.16826159573631197,high-source / low-pop / lower-income,defer (park-like)
03013,Sants-Montjuic,1,0.0,83609.70003776622,19167.13971492664,0.8328698020319041,0.10675536157764293,low-source / high-pop / lower-income,monitor
04013,Les Corts,1,92.05817180327865,56017.39754229506,33137.822790351674,0.8098284602165221,0.11842827996355483,low-source / high-pop / lower-income,monitor
10013,Sant Marti,1,356.24417549741315,51263.53685407775,24316.550562593882,0.878805705353125,0.09447192797977337,low-source / high-pop / lower-income,monitor
07013,Horta-Guinardo,1,51.43170918318918,63363.86571368907,23418.791807810325,0.7944830656051636,0.11994914618031544,low-source / high-pop / lower-income,monitor
02013,Eixample,1,316.5491482293622,10561.932555555304,24686.170823048662,0.8308849153249376,0.10269691922310438,low-source / high-pop / lower-income,monitor
09013,Sant Andreu,1,32.94594988548842,17856.70483793472,13501.25122559755,0.782989151665711,0.09991086488214965,low-source / high-pop / lower-income,monitor
05013,Sarria-Sant Gervasi,3,0.0,45577.649854062984,40954.033942546244,0.695056996728022,0.11522543520634426,high-source / low-pop / higher-income,defer (park-like)
01013,Ciutat Vella,1,0.0,90958.68502088501,14371.595503590166,0.8846716284751892,0.07550875882010587,low-source / high-pop / lower-income,monitor
08013,Nou Barris,1,0.0,51537.5929466768,20894.616101320793,0.860766689155414,0.10966757193792728,low-source / high-pop / lower-income,monitor
06013,Gracia,2,0.0,52083.16580906781,26960.295516903603,0.5675242448609121,0.16033893845438474,high-source / low-pop / lower-income,defer (park-like)
03014,Sants-Montjuic,1,0.0,91836.26547259065,19146.779487437914,0.8317844775711948,0.10644029589200639,low-source / high-pop / lower-income,monitor
05014,Sarria-Sant Gervasi,3,20.190702861092266,31759.975600498132,42348.226271548345,0.6437317649155051,0.14156341866424846,high-source / low-pop / higher-income,defer (park-like)
07014,Horta-Guinardo,1,0.0,82075.98735978888,23418.791807810325,0.7944830656051636,0.11994914618031545,low-source / high-pop / lower-income,monitor
02014,Eixample,0,549.3584915340067,40160.997091617646,24064.401935877286,0.8184622704924118,0.12530129152446665,high-source / low-pop / higher-income,defer (park-like)
08014,Nou Barris,1,198.57155856973196,36281.86048724103,20230.03986958814,0.8423279909105511,0.1218156665492479,low-source / high-pop / lower-income,monitor
06014,Gracia,2,0.0,57546.522094722306,25166.61333740945,0.43954332903693355,0.18731402129656163,high-source / low-pop / lower-income,defer (park-like)
04014,Les Corts,3,357.9646653099708,20844.557818434452,34672.50100920222,0.7998305551786429,0.1443427472754506,high-source / low-pop / higher-income,defer (park-like)
09014,Sant Andreu,1,382.79589283815113,72220.82511546451,14366.274712987906,0.819124517974758,0.09980115808315357,low-source / high-pop / lower-income,monitor
10014,Sant Marti,1,265.74229647090135,46770.64417887864,22785.469994086143,0.8877205799974913,0.0913639055229026,low-source / high-pop / lower-income,monitor
01014,Ciutat Vella,1,0.0,108160.28290322195,14372.566785041212,0.8846116861169538,0.07553492834079421,low-source / high-pop / lower-income,monitor
10015,Sant Marti,1,241.26964991387462,70416.27068200655,23988.57723237679,0.8816924025728181,0.09415603470493268,low-source / high-pop / lower-income,monitor
06015,Gracia,2,0.0,7907.041132057888,21108.63709740406,0.5292147456879024,0.16896858070863152,high-source / low-pop / lower-income,defer (park-like)
04015,Les Corts,1,218.77493443532884,70518.453866321,31683.66403086953,0.8379301840091403,0.11990501171841501,low-source / high-pop / lower-income,monitor
01015,Ciutat Vella,1,178.6746905276494,117478.60902192949,14371.595503590166,0.8846716284751893,0.07550875882010587,low-source / high-pop / lower-income,monitor
08015,Nou Barris,0,656.019847740188,43668.10377783599,20012.536577450544,0.8203125,0.1431934475685921,high-source / low-pop / higher-income,defer (park-like)
07015,Horta-Guinardo,1,0.0,48884.23654671056,23123.355784635343,0.7535325235694295,0.12785359432716123,low-source / high-pop / lower-income,monitor
09015,Sant Andreu,1,73.64485857639342,3350.022789019496,16278.538378345118,0.759762514970976,0.052690193380980584,low-source / high-pop / lower-income,monitor
05015,Sarria-Sant Gervasi,3,23.642209509062706,37614.75532891877,40187.55093203135,0.7010090070903612,0.11808212363925416,high-source / low-pop / higher-income,defer (park-like)
02015,Eixample,0,732.2195143676614,57949.944422812056,24521.803105572417,0.830922387831138,0.11772523966606681,high-source / low-pop / higher-income,defer (park-like)
03015,Sants-Montjuic,1,135.5391383231417,74569.11593411514,19231.254655574612,0.8828363217541284,0.09086600595467555,low-source / high-pop / lower-income,monitor
06016,Gracia,2,28.12285152839911,47387.0048253525,19960.882795638838,0.6348144043932092,0.1434779235388574,high-source / low-pop / lower-income,defer (park-like)
04016,Les Corts,0,452.2570044369751,40477.00189710927,32162.15878610967,0.8468231078079955,0.13108594594816111,high-source / low-pop / higher-income,defer (park-like)
01016,Ciutat Vella,0,953.4675405110955,86288.81241625415,17159.638554571484,0.879508589355537,0.07942333678789784,high-source / low-pop / higher-income,defer (park-like)
02016,Eixample,0,547.6479741207776,32609.94754991903,27360.478186840417,0.8681490985199587,0.11106006805188011,high-source / low-pop / higher-income,defer (park-like)
10016,Sant Marti,1,267.7671669784036,68976.82221363678,23795.192870925763,0.8794505223249138,0.10356552222830756,low-source / high-pop / lower-income,monitor
03016,Sants-Montjuic,1,269.6759091707255,55193.66941027515,17573.04448697421,0.8597885008358828,0.05914525673684537,low-source / high-pop / lower-income,monitor
09016,Sant Andreu,1,0.0,56718.95905836154,23289.36855245245,0.8635848589965313,0.09519038040930825,low-source / high-pop / lower-income,monitor
08016,Nou Barris,1,79.10912922865171,48058.796006405915,19733.222617683732,0.8306805470004468,0.12500848041134588,low-source / high-pop / lower-income,monitor
05016,Sarria-Sant Gervasi,1,125.30238458306822,60458.40056133041,39152.06468776366,0.7479142803028521,0.1045315537460812,low-source / high-pop / lower-income,monitor
07016,Horta-Guinardo,2,91.5440113482577,12294.36072407101,23762.63318341683,0.6862905761648828,0.1309861163903317,high-source / low-pop / lower-income,defer (park-like)
02017,Eixample,0,737.6231942302605,52107.80993526627,27808.08553317718,0.8792999073534751,0.10470459406973961,high-source / low-pop / higher-income,defer (park-like)
04017,Les Corts,0,540.7850341553436,23333.872770036127,34996.322852607336,0.8003790210579796,0.1523381923836698,high-source / low-pop / higher-income,defer (park-like)
09017,Sant Andreu,1,0.0,40927.74815604163,23029.64488331951,0.8588992566649513,0.09284804712164904,low-source / high-pop / lower-income,monitor
07017,Horta-Guinardo,2,0.0,68682.27612858439,24063.444384819526,0.6451298799352326,0.13428961879841145,high-source / low-pop / lower-income,defer (park-like)
06017,Gracia,2,57.34345701811801,21460.788789030663,22137.580928013325,0.48005012048294293,0.18979868633160202,high-source / low-pop / lower-income,defer (park-like)
03017,Sants-Montjuic,1,0.0,72442.30727497544,18796.290532219624,0.7684587102879056,0.11988176083874869,low-source / high-pop / lower-income,monitor
10017,Sant Marti,1,204.8982999483585,68517.99150273109,23580.394539896715,0.8796956322362538,0.10255717590017588,low-source / high-pop / lower-income,monitor
05017,Sarria-Sant Gervasi,3,90.39290564803801,17558.82192213138,49713.23387430243,0.5511006292541412,0.2074964089716146,high-source / low-pop / higher-income,defer (park-like)
01017,Ciutat Vella,1,0.0,144289.01939700765,14371.595503590168,0.8846716284751892,0.07550875882010587,low-source / high-pop / lower-income,monitor
08017,Nou Barris,1,167.16548285797316,37277.90267732801,19957.42828814568,0.8042641016623677,0.1306612562574006,low-source / high-pop / lower-income,monitor
01018,Ciutat Vella,1,17.189581940848406,28104.966473287146,16909.261074335776,0.8753169502444501,0.08104809981590749,low-source / high-pop / lower-income,monitor
07018,Horta-Guinardo,1,49.99438555530677,85740.3712273511,25650.198999631386,0.7860442899877249,0.09862203914360447,low-source / high-pop / lower-income,monitor
03018,Sants-Montjuic,1,0.0,88060.43986768187,17657.794150230617,0.8249116330414916,0.07000260893491425,low-source / high-pop / lower-income,monitor
09018,Sant Andreu,1,190.87379793325223,55353.401400643146,21606.672616010987,0.8274060318154747,0.078063963992317,low-source / high-pop / lower-income,monitor
02018,Eixample,0,654.7996410535811,63791.27029421993,28223.244414463283,0.8867893218994141,0.095497349430334,high-source / low-pop / higher-income,defer (park-like)
05018,Sarria-Sant Gervasi,3,124.37531732960088,40577.44727878229,44038.36116789974,0.6594075556106099,0.14207385726070948,high-source / low-pop / higher-income,defer (park-like)
10018,Sant Marti,0,487.2589898522335,47946.284601459774,23494.017445496083,0.8795419347907907,0.10140468546580704,high-source / low-pop / higher-income,defer (park-like)
04018,Les Corts,3,316.94023094259893,45091.951038651576,37797.70061120455,0.8110356476142112,0.146665075010837,high-source / low-pop / higher-income,defer (park-like)
06018,Gracia,2,0.0,6859.892781520577,25769.36838876784,0.42373499758050176,0.21268708134306985,high-source / low-pop / lower-income,defer (park-like)
08018,Nou Barris,1,62.381015637976944,93134.85634749958,19854.19632137328,0.7742013335227967,0.10718524614456328,low-source / high-pop / lower-income,monitor
05019,Sarria-Sant Gervasi,3,132.71683933576577,31586.607761912255,43012.94218917454,0.6890459725113022,0.1319273652189074,high-source / low-pop / higher-income,defer (park-like)
10019,Sant Marti,1,45.781946589433694,72747.51313061014,22785.87474042937,0.8875375875875063,0.0913807293006388,low-source / high-pop / lower-income,monitor
07019,Horta-Guinardo,1,0.0,56988.05409731157,24938.554329675408,0.6819585623269581,0.12537569659514491,low-source / high-pop / lower-income,monitor
03019,Sants-Montjuic,1,152.66181660271613,25901.621550260836,17533.196083786042,0.853508317365135,0.06071442334160843,low-source / high-pop / lower-income,monitor
08019,Nou Barris,1,381.2462032716119,53609.08150619281,20240.573574354723,0.775834654034886,0.1101232041376618,low-source / high-pop / lower-income,monitor
06019,Gracia,1,0.0,44104.98581362103,27257.963648939483,0.826705967532652,0.101789244653426,low-source / high-pop / lower-income,monitor
04019,Les Corts,3,392.6686669690358,28036.54282158916,44748.95930975514,0.8596897761047135,0.11891542785228999,high-source / low-pop / higher-income,defer (park-like)
02019,Eixample,1,420.4530676003715,52267.57196607119,27830.088630525355,0.8771713276923081,0.10433031565894282,low-source / high-pop / lower-income,monitor
09019,Sant Andreu,1,16.677019601202133,43660.43731594719,23279.77032700914,0.7650218370354033,0.06144426140951259,low-source / high-pop / lower-income,monitor
01019,Ciutat Vella,1,126.81304366505644,39096.461361936905,14856.413209630777,0.8646682418250626,0.08305127473196695,low-source / high-pop / lower-income,monitor
08020,Nou Barris,1,404.6735382811829,54336.619640118835,20384.87981728216,0.8079637860296877,0.10904264719858442,low-source / high-pop / lower-income,monitor
02020,Eixample,0,684.0592094203733,33479.81216391713,26705.76936515828,0.8571008707344877,0.115270727335791,high-source / low-pop / higher-income,defer (park-like)
09020,Sant Andreu,1,45.65385517765458,27323.832323826267,24294.060643483117,0.7698501467880287,0.07358415604612749,low-source / high-pop / lower-income,monitor
07020,Horta-Guinardo,2,0.0,57794.74647090156,24422.140858354345,0.6566104449540237,0.13113024875350765,high-source / low-pop / lower-income,defer (park-like)
01020,Ciutat Vella,1,162.7732211631493,26380.888487084696,20994.608300364784,0.8703917404633075,0.08146948581563958,low-source / high-pop / lower-income,monitor
05020,Sarria-Sant Gervasi,3,0.0,39321.97732919391,53460.758389176495,0.6779484826325248,0.17570163693655588,high-source / low-pop / higher-income,defer (park-like)
04020,Les Corts,3,171.14644661070827,42615.46520606636,38090.92793255105,0.8126334548745482,0.1459082626635409,high-source / low-pop / higher-income,defer (park-like)
06020,Gracia,1,0.0,52794.08983512209,27273.345633603236,0.8269267838227826,0.1017114405091886,low-source / high-pop / lower-income,monitor
03020,Sants-Montjuic,0,522.897753663143,13606.235298443033,19352.96520632356,0.762788264693245,0.10256005266549414,high-source / low-pop / higher-income,defer (park-like)
10020,Sant Marti,1,0.0,97519.91452659774,22783.59786829722,0.8877394795417786,0.09133754426604355,low-source / high-pop / lower-income,monitor
03021,Sants-Montjuic,1,0.0,71150.7717342988,17703.829824045482,0.8460601586588894,0.0679766659587766,low-source / high-pop / lower-income,monitor
07021,Horta-Guinardo,2,0.0,19947.192961026183,23861.656250381104,0.5208663547316844,0.1627344458980973,high-source / low-pop / lower-income,defer (park-like)
04021,Les Corts,3,235.97922089635242,28768.01229290987,44727.85077832269,0.7791023713230971,0.14756423664322477,high-source / low-pop / higher-income,defer (park-like)
02021,Eixample,0,846.9690575374677,38780.916543609506,24146.139714413584,0.8186141231109096,0.12651512200285434,high-source / low-pop / higher-income,defer (park-like)
06021,Gracia,1,0.0,24444.157815019407,27753.592348325717,0.800293160448182,0.1018316277212807,low-source / high-pop / lower-income,monitor
05021,Sarria-Sant Gervasi,3,0.0,15547.320493919406,52582.850503282585,0.6593793298445824,0.17105462921361464,high-source / low-pop / higher-income,defer (park-like)
09021,Sant Andreu,1,169.42455880927673,39758.29646724361,23766.006636550574,0.766113028453483,0.11541611258055016,low-source / high-pop / lower-income,monitor
08021,Nou Barris,1,35.85457143844755,52921.34744314859,19480.13994499629,0.840074896812439,0.10853132296912009,low-source / high-pop / lower-income,monitor
10021,Sant Marti,1,49.67104738232872,65516.11149729158,22815.259156049753,0.8860251752409435,0.08799254987501173,low-source / high-pop / lower-income,monitor
01021,Ciutat Vella,1,244.41439709995186,26292.00585946625,22024.148649567156,0.8731238548699962,0.08224410829217202,low-source / high-pop / lower-income,monitor
10022,Sant Marti,1,0.0,35195.271065251465,23384.671829709383,0.8776937796890433,0.07914327526307571,low-source / high-pop / lower-income,monitor
05022,Sarria-Sant Gervasi,3,174.44297224059682,18327.414771027703,52058.92122297778,0.7052811315356491,0.1402383013748456,high-source / low-pop / higher-income,defer (park-like)
02022,Eixample,0,463.2133073228113,21771.02544417213,23966.89152709921,0.8380713656858866,0.11883829899905077,high-source / low-pop / higher-income,defer (park-like)
01022,Ciutat Vella,1,313.6149685058382,17405.63075207402,23923.998397155654,0.8740170622600515,0.06639332186280522,low-source / high-pop / lower-income,monitor
09022,Sant Andreu,1,277.00155166570323,38103.102329126734,23540.311426351906,0.8659546124594558,0.09765851743765501,low-source / high-pop / lower-income,monitor
07022,Horta-Guinardo,2,0.0,32835.76894602258,24048.431670894286,0.6897676346480311,0.11329408295111323,high-source / low-pop / lower-income,defer (park-like)
06022,Gracia,2,36.61484964381229,12833.504800156208,28599.89271200682,0.584287874590544,0.16963337738715178,high-source / low-pop / lower-income,defer (park-like)
04022,Les Corts,3,205.12753814438216,13546.622619054999,35921.29614108939,0.7752102486584006,0.1335649173084407,high-source / low-pop / higher-income,defer (park-like)
08022,Nou Barris,0,552.3794665759426,43016.550959601525,19450.543863934225,0.839605930037486,0.10874576556023263,high-source / low-pop / higher-income,defer (park-like)
03022,Sants-Montjuic,2,241.4272388216436,12433.502799314647,19936.204069888296,0.4328329724754499,0.2163903715326994,high-source / low-pop / lower-income,defer (park-like)
03023,Sants-Montjuic,2,91.83083392160495,84438.45179091576,18349.978857989565,0.4024430215358734,0.2353526798689745,high-source / low-pop / lower-income,defer (park-like)
10023,Sant Marti,1,31.366256828952285,46265.228822704616,22841.382959328974,0.8833119514794385,0.0823427625995663,low-source / high-pop / lower-income,monitor
02023,Eixample,1,112.44679265277362,56954.30047862984,24023.708537635866,0.8312308637794993,0.12134192807632126,low-source / high-pop / lower-income,monitor
04023,Les Corts,3,454.54640350451757,9411.78435491707,50614.82659694306,0.6602774361869361,0.18540534046285076,high-source / low-pop / higher-income,defer (park-like)
07023,Horta-Guinardo,2,0.0,48904.611185546404,20962.102707708586,0.6166174411773682,0.1190377769843508,high-source / low-pop / lower-income,defer (park-like)
06023,Gracia,2,0.0,20083.47632216685,26897.597130011,0.5930083547693128,0.15864009660518863,high-source / low-pop / lower-income,defer (park-like)
08023,Nou Barris,1,195.84079442766486,57851.3706739322,19480.13994499629,0.840074896812439,0.1085313229691201,low-source / high-pop / lower-income,monitor
01023,Ciutat Vella,1,0.0,24531.98852060024,24351.743868754133,0.8770030512157667,0.05632986675491424,low-source / high-pop / lower-income,monitor
05023,Sarria-Sant Gervasi,3,239.63314859082755,22210.997460012328,38804.681942338255,0.776967847283645,0.09441161517434998,high-source / low-pop / higher-income,defer (park-like)
09023,Sant Andreu,1,0.0,34048.14983391281,23525.47517109582,0.8658213752431423,0.09751257973404744,low-source / high-pop / lower-income,monitor
06024,Gracia,2,10.96361289953868,19219.213412891306,27533.041449252923,0.7062328437723414,0.12689718359525118,high-source / low-pop / lower-income,defer (park-like)
04024,Les Corts,3,262.59554974007284,10671.88314143656,48301.69335423239,0.697717894596433,0.16234327559489747,high-source / low-pop / higher-income,defer (park-like)
09024,Sant Andreu,1,12.46356791587402,15180.625721534556,24211.701898851574,0.8164017514208964,0.10421260996311038,low-source / high-pop / lower-income,monitor
08024,Nou Barris,1,97.20720291988448,45460.56856553264,18775.039518001427,0.8363263968906623,0.11367661649629918,low-source / high-pop / lower-income,monitor
10024,Sant Marti,1,29.599867070245082,46619.790635636,22871.720864130966,0.8784108333123357,0.07665669038322645,low-source / high-pop / lower-income,monitor
02024,Eixample,0,1559.528341154508,28780.386659487744,24267.625343163687,0.8193281364129322,0.12685763832056676,high-source / low-pop / higher-income,defer (park-like)
03024,Sants-Montjuic,2,156.79363387869316,536.1075259387641,19222.751022882992,0.3649293890575371,0.19078120153417724,high-source / low-pop / lower-income,defer (park-like)
05024,Sarria-Sant Gervasi,3,338.1550392233412,23441.390397589472,52482.26181861026,0.7079441127346541,0.13842182594573982,high-source / low-pop / higher-income,defer (park-like)
07024,Horta-Guinardo,2,0.0,48019.50891550993,21382.01375458222,0.6122450914356105,0.12305661487165753,high-source / low-pop / lower-income,defer (park-like)
03025,Sants-Montjuic,1,10.676049546980032,222.9327714612804,17772.200666451212,0.7467022058204672,0.07351474127404818,low-source / high-pop / lower-income,monitor
08025,Nou Barris,1,0.0,66920.85123316298,18609.070901501476,0.8354440639319106,0.11488773085036595,low-source / high-pop / lower-income,monitor
05025,Sarria-Sant Gervasi,3,203.43532273390477,16452.83172610455,53861.35781614851,0.709221179951089,0.13839657472672012,high-source / low-pop / higher-income,defer (park-like)
01025,Ciutat Vella,1,0.0,17965.32617214127,20822.71796523622,0.8790416627599937,0.04780495884948203,low-source / high-pop / lower-income,monitor
07025,Horta-Guinardo,2,0.0,50735.0215572263,21239.280463788273,0.4700301800621426,0.17048327968223628,high-source / low-pop / lower-income,defer (park-like)
06025,Gracia,1,0.0,70565.40347390232,27968.25748029811,0.8200698663284162,0.08298231754779663,low-source / high-pop / lower-income,monitor
04025,Les Corts,3,0.0,35580.66212792662,33885.27323548359,0.7719338949968395,0.1414094049239007,high-source / low-pop / higher-income,defer (park-like)
09025,Sant Andreu,1,117.42580632584797,14478.601919977054,24434.28338345679,0.7655111207435236,0.10590909480437179,low-source / high-pop / lower-income,monitor
02025,Eixample,1,289.64974424283406,69400.07872058304,24361.51454735665,0.8357098307378931,0.1204439809711904,low-source / high-pop / lower-income,monitor
10025,Sant Marti,1,94.12404935478378,43924.55636556577,23136.27524123495,0.8560269999011478,0.09827383043018642,low-source / high-pop / lower-income,monitor
10026,Sant Marti,1,143.20443938786968,35310.12319763758,23566.56977813317,0.8182691230262824,0.10621253389121903,low-source / high-pop / lower-income,monitor
09026,Sant Andreu,1,0.0,65312.053123281614,23849.197999644777,0.835561898901515,0.10903651948183173,low-source / high-pop / lower-income,monitor
04026,Les Corts,1,0.0,54023.44997265584,31768.163304140522,0.844190488037316,0.11585248278105782,low-source / high-pop / lower-income,monitor
05026,Sarria-Sant Gervasi,3,369.7059267241643,26433.97376077775,52844.57420547159,0.6435273375042179,0.15944416355734542,high-source / low-pop / higher-income,defer (park-like)
06026,Gracia,1,0.0,47657.92081438457,28306.796149439342,0.7776648885726969,0.09961851747042098,low-source / high-pop / lower-income,monitor
03026,Sants-Montjuic,1,242.66970817570262,6983.494935278553,18752.418502046283,0.800603705979043,0.0432394435890635,low-source / high-pop / lower-income,monitor
02026,Eixample,1,117.93359055139555,61856.168244206965,24305.68275395444,0.8283282706421011,0.12326740833649559,low-source / high-pop / lower-income,monitor
01026,Ciutat Vella,1,32.52465784748514,204726.45882099518,21064.003077458325,0.8752327569001429,0.048520967260503194,low-source / high-pop / lower-income,monitor
07026,Horta-Guinardo,2,17.493867885177036,6542.706589056211,21412.374687503805,0.4682804843907206,0.17979916016379965,high-source / low-pop / lower-income,defer (park-like)
08026,Nou Barris,1,227.59099680058958,30331.67284633312,18370.14856388172,0.769973444602021,0.12197852554756383,low-source / high-pop / lower-income,monitor
02027,Eixample,1,144.93974407133996,60092.01789197755,24772.736590298773,0.8806434289719208,0.10678998236845264,low-source / high-pop / lower-income,monitor
04027,Les Corts,0,529.0272974545105,20074.441233138725,33900.67258609218,0.7678177810269654,0.14564469991173545,high-source / low-pop / higher-income,defer (park-like)
05027,Sarria-Sant Gervasi,3,671.1798301803517,18578.828916268885,50649.854009456656,0.7107417553092251,0.13818434176799754,high-source / low-pop / higher-income,defer (park-like)
09027,Sant Andreu,1,0.0,37648.08216137601,24855.277028187185,0.7666285128065617,0.10675855766915007,low-source / high-pop / lower-income,monitor
03027,Sants-Montjuic,2,190.95948429443533,23051.537746971124,19921.19758513047,0.7530504340641214,0.16265973111751186,high-source / low-pop / lower-income,defer (park-like)
01027,Ciutat Vella,1,0.0,33887.0365898503,20351.910289288153,0.8747541629488067,0.0512561220382568,low-source / high-pop / lower-income,monitor
08027,Nou Barris,2,0.0,14499.771232797837,19285.20735573216,0.6123035408821358,0.10196587318298807,high-source / low-pop / lower-income,defer (park-like)
10027,Sant Marti,1,97.1776395635502,50176.05456131309,22553.60459061115,0.8642117988952032,0.11162520738934927,low-source / high-pop / lower-income,monitor
06027,Gracia,1,0.0,69486.2966714131,28289.606821915262,0.7719433903694153,0.10191701376392302,low-source / high-pop / lower-income,monitor
07027,Horta-Guinardo,2,17.256507865718135,37394.8525450112,21872.976315987857,0.5785471342366695,0.1598665318067835,high-source / low-pop / lower-income,defer (park-like)
09028,Sant Andreu,1,0.0,47624.20344713637,25110.189593762287,0.8100737929344177,0.10436075704272298,low-source / high-pop / lower-income,monitor
02028,Eixample,1,285.81725385843714,59049.84464715311,24815.89812762041,0.8847623927215651,0.10083652602698909,low-source / high-pop / lower-income,monitor
04028,Les Corts,0,704.8025066116808,26939.11803049091,36184.848777068764,0.7871570694086903,0.13387366040895776,high-source / low-pop / higher-income,defer (park-like)
10028,Sant Marti,1,474.49924053785736,57192.97512616307,22466.65119933606,0.8681555390357971,0.1120898337381368,low-source / high-pop / lower-income,monitor
07028,Horta-Guinardo,2,0.0,7119.200198956161,22923.08062308768,0.4323436455062999,0.20507681767433134,high-source / low-pop / lower-income,defer (park-like)
06028,Gracia,1,0.0,53315.74591052568,28261.27849557158,0.7746761397993033,0.10159379811577955,low-source / high-pop / lower-income,monitor
08028,Nou Barris,2,0.0,40047.88694399359,19838.54128566052,0.5800345781591716,0.1046320927426483,high-source / low-pop / lower-income,defer (park-like)
03028,Sants-Montjuic,2,192.66358484785414,22658.912913628064,19205.53134201619,0.7112773739994354,0.17091208065073368,high-source / low-pop / lower-income,defer (park-like)
01028,Ciutat Vella,1,211.3698444035535,28520.837671519483,18723.879655118013,0.8725543960843805,0.05693885305967233,low-source / high-pop / lower-income,monitor
05028,Sarria-Sant Gervasi,3,116.55395942443126,24024.684886360894,47796.17068284275,0.7093919048713051,0.1318365417261981,high-source / low-pop / higher-income,defer (park-like)
05029,Sarria-Sant Gervasi,3,351.55187556459805,18357.599502138855,52207.42271358744,0.6327006060622731,0.15892904260932653,high-source / low-pop / higher-income,defer (park-like)
04029,Les Corts,3,61.5707705293815,13557.883670569807,39649.88509335757,0.822014280511811,0.11417558110572476,high-source / low-pop / higher-income,defer (park-like)
07029,Horta-Guinardo,2,0.0,24012.576931143394,22616.284881522217,0.5084081510125941,0.17828167899594977,high-source / low-pop / lower-income,defer (park-like)
09029,Sant Andreu,1,0.0,79870.14768545839,25110.189593762287,0.8100737929344177,0.10436075704272298,low-source / high-pop / lower-income,monitor
08029,Nou Barris,2,246.55236366786357,5247.05100707242,20858.22158603649,0.6857329760034914,0.12385457794417534,high-source / low-pop / lower-income,defer (park-like)
10029,Sant Marti,1,343.7662955886295,70177.43377087878,22466.7952878164,0.8672417439783148,0.11222118669874405,low-source / high-pop / lower-income,monitor
01029,Ciutat Vella,1,310.54995536749254,31510.468804621574,17425.494968931922,0.8684102221578459,0.06409708117933552,low-source / high-pop / lower-income,monitor
03029,Sants-Montjuic,2,708.8242027662001,48162.73925111391,19804.774536980036,0.7205018042922631,0.1861364010883052,high-source / low-pop / lower-income,defer (park-like)
06029,Gracia,1,0.0,45073.12550208435,28463.10143502584,0.82969138055698,0.07871792557279492,low-source / high-pop / lower-income,monitor
02029,Eixample,1,404.599773272249,74908.7580229764,24664.04266367606,0.8815109873660185,0.10236924691057481,low-source / high-pop / lower-income,monitor
05030,Sarria-Sant Gervasi,3,101.03190721588092,20408.445257607946,52993.98847983606,0.6149718390951356,0.16486461032755312,high-source / low-pop / higher-income,defer (park-like)
06030,Gracia,1,0.0,50666.667660524115,27201.730964211536,0.8636571378781158,0.08312171869999739,low-source / high-pop / lower-income,monitor
03030,Sants-Montjuic,2,141.29592128467627,10661.419515116482,18641.935374718832,0.7700196886449248,0.11223488120850207,high-source / low-pop / lower-income,defer (park-like)
01030,Ciutat Vella,1,117.05672539385777,9020.462202320616,17656.410209722882,0.6431076440464017,0.05756666305492821,low-source / high-pop / lower-income,monitor
04030,Les Corts,1,0.0,37182.665343791305,32494.117037955864,0.8708070075448912,0.10468055556764051,low-source / high-pop / lower-income,monitor
09030,Sant Andreu,1,0.0,72597.9682668641,24625.422261667958,0.7911764596492507,0.1045401912426186,low-source / high-pop / lower-income,monitor
08030,Nou Barris,1,135.475969420907,50532.53659399831,17805.425096957242,0.7947690975279808,0.08974690752519668,low-source / high-pop / lower-income,monitor
07030,Horta-Guinardo,2,208.07409012527094,39534.07712380148,22120.8250310577,0.6930946555826663,0.12032587997062098,high-source / low-pop / lower-income,defer (park-like)
10030,Sant Marti,1,87.60973292440636,51835.75864694043,22489.210324075702,0.7233575610217471,0.13289433346174903,low-source / high-pop / lower-income,monitor
02030,Eixample,1,224.4201302994007,81745.03246155671,23913.06472131813,0.8785257668505316,0.10494727162801806,low-source / high-pop / lower-income,monitor
08031,Nou Barris,1,0.0,94647.66130010311,17659.495564649245,0.7983109506906438,0.08731764235552562,low-source / high-pop / lower-income,monitor
09031,Sant Andreu,2,175.30892505209715,4916.9979455088205,21117.504707808544,0.7020090280408192,0.10084182772073932,high-source / low-pop / lower-income,defer (park-like)
02031,Eixample,1,274.8758745708652,57119.20673582579,24680.907457636833,0.8847632060951681,0.10109464677905622,low-source / high-pop / lower-income,monitor
04031,Les Corts,1,0.0,77899.3664618596,30725.062342779496,0.879663957990643,0.10344342386622676,low-source / high-pop / lower-income,monitor
01031,Ciutat Vella,1,173.87011541141797,38903.43832330477,20693.57148911163,0.8354021008638963,0.047670078007911336,low-source / high-pop / lower-income,monitor
06031,Gracia,0,572.5549423210286,38260.1420280405,26562.615016789445,0.8699960831177754,0.09329686062393854,high-source / low-pop / higher-income,defer (park-like)
05031,Sarria-Sant Gervasi,3,265.0955976221348,6543.232607974915,52623.17928456318,0.609067681179439,0.16307666392170198,high-source / low-pop / higher-income,defer (park-like)
03031,Sants-Montjuic,1,0.0,44805.37543623451,17332.287241351656,0.7523615800915215,0.12390322819021546,low-source / high-pop / lower-income,monitor
07031,Horta-Guinardo,1,0.0,61388.9301234962,21637.701883373127,0.8494079113006592,0.07303317899746617,low-source / high-pop / lower-income,monitor
10031,Sant Marti,1,191.1379572037669,37845.31552634585,22832.2659241047,0.8083119469672193,0.11644749400142457,low-source / high-pop / lower-income,monitor
05032,Sarria-Sant Gervasi,3,11.191397290718115,2118.531507132939,53754.729219914785,0.42565840790576404,0.18029186695222507,high-source / low-pop / higher-income,defer (park-like)
10032,Sant Marti,1,0.0,37140.21134987595,24351.92212735705,0.7808472068898227,0.1286953347426014,low-source / high-pop / lower-income,monitor
01032,Ciutat Vella,2,90.98992007510701,3000.950571533718,20287.43994412599,0.5112303544828607,0.04971738030608241,high-source / low-pop / lower-income,defer (park-like)
08032,Nou Barris,1,55.75520003273698,35878.47122106625,18034.686621695775,0.7335363827663468,0.11803699031013545,low-source / high-pop / lower-income,monitor
07032,Horta-Guinardo,1,0.0,63153.0769284755,22275.653360662338,0.8216290288790986,0.0781249263655708,low-source / high-pop / lower-income,monitor
04032,Les Corts,1,40.97982830067694,64543.22957356618,28048.532177391215,0.8540131285296046,0.10891345233356789,low-source / high-pop / lower-income,monitor
03032,Sants-Montjuic,2,0.0,13887.75015906989,16420.670115573754,0.6366654287057758,0.12991217336013955,high-source / low-pop / lower-income,defer (park-like)
09032,Sant Andreu,2,0.0,11528.177095133438,19883.22435817456,0.6928662911911385,0.10594651884746542,high-source / low-pop / lower-income,defer (park-like)
02032,Eixample,1,288.77220844803225,36009.89439346962,24838.111256815497,0.8854114593626551,0.10014431658687709,low-source / high-pop / lower-income,monitor
06032,Gracia,1,0.0,66918.90691516815,28058.162027623057,0.8002522668208636,0.0972541423316226,low-source / high-pop / lower-income,monitor
02033,Eixample,1,115.20902048390998,70565.52504639486,24850.432945869972,0.8843712386888093,0.10023748532639282,low-source / high-pop / lower-income,monitor
04033,Les Corts,1,63.286437646007435,74108.41848347471,27648.183035546615,0.8501763372633873,0.10973164643841476,low-source / high-pop / lower-income,monitor
09033,Sant Andreu,1,0.0,41921.28762976201,19217.175574484216,0.7619024229072974,0.1068116973056741,low-source / high-pop / lower-income,monitor
05033,Sarria-Sant Gervasi,3,123.69965233707624,2856.337426692488,48256.16618947021,0.4920345077739452,0.18194474667813595,high-source / low-pop / higher-income,defer (park-like)
08033,Nou Barris,2,414.336192592532,62896.23403554635,18332.026601066795,0.6993690036257454,0.1468465837969711,high-source / low-pop / lower-income,defer (park-like)
03033,Sants-Montjuic,1,0.0,69993.1782267921,17266.33300125388,0.710399742403252,0.14106158592242976,low-source / high-pop / lower-income,monitor
06033,Gracia,1,0.0,39327.82905423856,27371.542431404858,0.860506332963679,0.09144224114883115,low-source / high-pop / lower-income,monitor
01033,Ciutat Vella,1,0.0,88359.02320665595,18642.213867316997,0.6534290313720703,0.07659955391660332,low-source / high-pop / lower-income,monitor
10033,Sant Marti,0,630.3249559039436,34667.8725747169,23932.55319578049,0.7280078777313492,0.14297794385565557,high-source / low-pop / higher-income,defer (park-like)
07033,Horta-Guinardo,1,0.0,46377.32975980546,21682.265226619602,0.8485505927794766,0.07333877837068242,low-source / high-pop / lower-income,monitor
09034,Sant Andreu,1,0.0,76206.86199558084,19967.06932604951,0.7426883634246586,0.12596660908000593,low-source / high-pop / lower-income,monitor
06034,Gracia,1,0.0,45178.69432416376,27348.882522375083,0.8614937230725904,0.091114680073939,low-source / high-pop / lower-income,monitor
05034,Sarria-Sant Gervasi,3,318.6081472837997,16609.181243185907,39181.14331998069,0.6011998150328373,0.17371060924971274,high-source / low-pop / higher-income,defer (park-like)
03034,Sants-Montjuic,1,0.0,102150.48565511523,17341.79757166713,0.7330872416496277,0.140405434663553,low-source / high-pop / lower-income,monitor
08034,Nou Barris,1,0.0,85496.28670219063,17284.38759231123,0.7651600486370487,0.14287440033274804,low-source / high-pop / lower-income,monitor
07034,Horta-Guinardo,1,0.0,40590.83435634112,24242.156165876135,0.8496677485136596,0.09004500471771107,low-source / high-pop / lower-income,monitor
04034,Les Corts,1,59.50774871340444,27591.759486781855,28513.39651431788,0.8338916253984597,0.11763748703574395,low-source / high-pop / lower-income,monitor
01034,Ciutat Vella,2,62.15232147450708,30982.932255041782,18547.68803510494,0.3743182878483719,0.03415134560134044,high-source / low-pop / lower-income,defer (park-like)
10034,Sant Marti,1,392.3450084595567,90799.84481492598,22492.91991252497,0.7015619277954102,0.13603673942065142,low-source / high-pop / lower-income,monitor
02034,Eixample,0,500.81624255924294,66886.79150624556,24713.262811121043,0.8776728615438496,0.11270698961685847,high-source / low-pop / higher-income,defer (park-like)
08035,Nou Barris,1,68.30833881022365,240991.81932246903,17276.423262684984,0.7655515088514444,0.14274577369074204,low-source / high-pop / lower-income,monitor
07035,Horta-Guinardo,1,104.04783504043263,48252.18350000063,24753.910459413455,0.855973780155182,0.0934979858967381,low-source / high-pop / lower-income,monitor
01035,Ciutat Vella,2,0.0,43254.309644805595,18516.384605219668,0.35806060941787904,0.042838930825411944,high-source / low-pop / lower-income,defer (park-like)
06035,Gracia,1,0.0,32047.292191886947,27667.631455275034,0.8293718060209944,0.09560923130190084,low-source / high-pop / lower-income,monitor
05035,Sarria-Sant Gervasi,3,220.6719863704813,36032.58291735144,46638.22268442137,0.6699153622214349,0.1584667551708985,high-source / low-pop / higher-income,defer (park-like)
03035,Sants-Montjuic,2,93.89041501094187,106518.67582991355,17902.332334809507,0.6367824976420365,0.15699104713278422,high-source / low-pop / lower-income,defer (park-like)
09035,Sant Andreu,1,223.99095995133217,51581.918205935355,22734.668996518474,0.8438474395012262,0.12888905099955203,low-source / high-pop / lower-income,monitor
10035,Sant Marti,2,117.73334731442435,24998.714079762773,24071.08331235084,0.748092353464118,0.1417535910863381,high-source / low-pop / lower-income,defer (park-like)
04035,Les Corts,1,35.57350392932704,47775.21577708621,27448.538917335685,0.8482630252838135,0.11013965940388516,low-source / high-pop / lower-income,monitor
02035,Eixample,1,114.27420945516691,77877.87374369624,24660.239244020642,0.8738108277320862,0.11846760297667061,low-source / high-pop / lower-income,monitor
05036,Sarria-Sant Gervasi,3,28.15708139293921,51189.57397236348,47899.23407884786,0.6467799666728318,0.17145421595552784,high-source / low-pop / higher-income,defer (park-like)
10036,Sant Marti,2,314.79182509602737,27839.402031929923,25213.4336353689,0.7526002586826401,0.14754928612661164,high-source / low-pop / lower-income,defer (park-like)
09036,Sant Andreu,1,68.60660686030225,51592.16835894729,20933.68804338863,0.7711160377198867,0.12818923168951066,low-source / high-pop / lower-income,monitor
07036,Horta-Guinardo,1,294.0665909138831,48913.07628867589,24374.267281654887,0.8187150227583863,0.09213422280215197,low-source / high-pop / lower-income,monitor
01036,Ciutat Vella,2,32.068478399892264,3065.212060389702,22065.095390274302,0.47923869530394203,0.06277474875787106,high-source / low-pop / lower-income,defer (park-like)
04036,Les Corts,1,0.0,59442.84230811605,27925.315106250895,0.8032019138336183,0.13005659132191794,low-source / high-pop / lower-income,monitor
06036,Gracia,1,0.0,27743.62160289896,28150.18215428666,0.8485194158801876,0.09487720199826964,low-source / high-pop / lower-income,monitor
03036,Sants-Montjuic,2,188.45602108497977,32602.891647701497,20971.84170997143,0.7486556766769845,0.12666965245954118,high-source / low-pop / lower-income,defer (park-like)
02036,Eixample,0,575.451841316267,46266.32804182786,24661.349304367483,0.8749598452147093,0.11765267034472723,high-source / low-pop / higher-income,defer (park-like)
08036,Nou Barris,1,123.43286503725565,67764.64290545335,17271.1315052597,0.7659925222396851,0.14282413911743788,low-source / high-pop / lower-income,monitor
10037,Sant Marti,1,98.09800005630728,27099.572515554886,24099.421028702884,0.7831810535437744,0.11323607599149471,low-source / high-pop / lower-income,monitor
03037,Sants-Montjuic,2,0.0,50987.123245691044,16696.50239798769,0.5390871474813123,0.14601616348952043,high-source / low-pop / lower-income,defer (park-like)
05037,Sarria-Sant Gervasi,1,0.0,48862.987675507095,39775.93010386624,0.7623101819115814,0.10486737411154391,low-source / high-pop / lower-income,monitor
02037,Eixample,1,58.31635665085802,69454.7807711719,24785.55288090244,0.8808077022311183,0.10697078812632822,low-source / high-pop / lower-income,monitor
06037,Gracia,1,60.561607789243666,33672.253930819475,29288.610228408812,0.8368551135063171,0.09790571357358203,low-source / high-pop / lower-income,monitor
09037,Sant Andreu,1,0.0,42027.87419170906,21320.77259277094,0.7807532665243029,0.1266802982514645,low-source / high-pop / lower-income,monitor
08037,Nou Barris,1,176.10015837534425,41182.279894348365,17573.600665576963,0.7831709667472923,0.13607781393411966,low-source / high-pop / lower-income,monitor
07037,Horta-Guinardo,1,160.07784857645854,35765.965024797304,23500.132052835394,0.7598533018669567,0.09085310133296018,low-source / high-pop / lower-income,monitor
04037,Les Corts,1,0.0,49579.43185914745,27186.382404402182,0.8142120556136931,0.12303338762994355,low-source / high-pop / lower-income,monitor
01037,Ciutat Vella,1,0.0,75489.72221510892,19034.098549392344,0.8450928330421448,0.10949617616353863,low-source / high-pop / lower-income,monitor
10038,Sant Marti,1,136.6759746164157,37790.90698143894,23195.05981442564,0.8000403618114996,0.10112917185624667,low-source / high-pop / lower-income,monitor
01038,Ciutat Vella,1,0.0,85997.68998945077,18825.718802835912,0.7431780192133849,0.09200381139419825,low-source / high-pop / lower-income,monitor
07038,Horta-Guinardo,2,8.152517338682484,10908.068199157164,23186.050087717784,0.7222096015791865,0.1170829193861465,high-source / low-pop / lower-income,defer (park-like)
08038,Nou Barris,0,685.9949532920077,49191.55477564772,18276.757652529297,0.8202865694833797,0.12028566244211865,high-source / low-pop / higher-income,defer (park-like)
02038,Eixample,1,291.510735861572,28112.566589650352,24960.759523238816,0.8774992592758576,0.09947821833332005,low-source / high-pop / lower-income,monitor
04038,Les Corts,1,0.0,66077.89334757386,24150.50927333365,0.8594467481855056,0.09417885821320143,low-source / high-pop / lower-income,monitor
05038,Sarria-Sant Gervasi,3,0.0,42894.45257877925,39677.88416682482,0.7279440305372079,0.12179868261777901,high-source / low-pop / higher-income,defer (park-like)
06038,Gracia,1,0.0,40325.480937471424,29120.788756171205,0.8447392973894221,0.09522974335255101,low-source / high-pop / lower-income,monitor
03038,Sants-Montjuic,2,68.46011534635302,4116.1644351994755,15935.68029677773,0.46061905764461875,0.16186411645647975,high-source / low-pop / lower-income,defer (park-like)
09038,Sant Andreu,1,0.0,46027.96280211116,23318.55316672316,0.8578627808164517,0.12318007452367939,low-source / high-pop / lower-income,monitor
09039,Sant Andreu,1,0.0,56151.51092231795,23057.58660639898,0.8648236393928528,0.1259212626780027,low-source / high-pop / lower-income,monitor
07039,Horta-Guinardo,1,21.137766832171476,8719.328818270733,24066.835108944582,0.8208004873170076,0.11638915108829763,low-source / high-pop / lower-income,monitor
01039,Ciutat Vella,1,420.13828025564453,40333.274904541875,18852.206487440824,0.7561326728679486,0.0942273107921057,low-source / high-pop / lower-income,monitor
08039,Nou Barris,0,626.6348639382402,62331.73852468025,17749.978124609417,0.7223253626712323,0.13832974429308412,high-source / low-pop / higher-income,defer (park-like)
04039,Les Corts,1,85.78990732331643,26702.10865438224,27325.834010846982,0.7170773207349592,0.1013929424930625,low-source / high-pop / lower-income,monitor
10039,Sant Marti,1,86.18745983440695,40702.027906798685,22974.760444527703,0.79274511336089,0.09786018278677912,low-source / high-pop / lower-income,monitor
06039,Gracia,1,0.0,40123.919195489776,27802.237217801427,0.8729780635759714,0.07552798118398416,low-source / high-pop / lower-income,monitor
05039,Sarria-Sant Gervasi,1,0.0,48854.037399525936,40178.479548580806,0.7884309826355808,0.09193555063442804,low-source / high-pop / lower-income,monitor
03039,Sants-Montjuic,2,106.61734392158819,29426.38692235834,18507.808429624012,0.5472380036005489,0.17630397897829886,high-source / low-pop / lower-income,defer (park-like)
02039,Eixample,0,586.9026204937691,74732.26700953992,24670.486300061955,0.8844175002164861,0.11094489452828414,high-source / low-pop / higher-income,defer (park-like)
08040,Nou Barris,1,164.55622280863517,55537.72519791437,16652.973615578354,0.7681609698035853,0.12497801519645428,low-source / high-pop / lower-income,monitor
03040,Sants-Montjuic,2,0.0,41952.0014223717,21447.900364188732,0.5757087825199587,0.2153020861091273,high-source / low-pop / lower-income,defer (park-like)
10040,Sant Marti,1,153.69001554294823,49462.57000223884,23143.680791749204,0.8245637415907455,0.09834289577007505,low-source / high-pop / lower-income,monitor
09040,Sant Andreu,1,282.16876169242954,28980.391642057763,22298.383250898813,0.8103285121456134,0.1320308071014202,low-source / high-pop / lower-income,monitor
01040,Ciutat Vella,1,280.4063118537466,75429.29788865783,18815.257954885048,0.7380618052385541,0.0911256791804054,low-source / high-pop / lower-income,monitor
07040,Horta-Guinardo,1,83.74651814827214,44273.992594386546,23851.17997582403,0.7699477995581201,0.0924513994170141,low-source / high-pop / lower-income,monitor
06040,Gracia,1,0.0,43448.99289656647,30661.152101845924,0.8728752470490755,0.08298912143928891,low-source / high-pop / lower-income,monitor
05040,Sarria-Sant Gervasi,1,159.34719323904187,39252.525267883975,40433.79577417551,0.7894851407480248,0.09081759044547166,low-source / high-pop / lower-income,monitor
02040,Eixample,0,944.3386549064226,67350.23286792605,24650.862826746317,0.8827869817196016,0.11104577095215554,high-source / low-pop / higher-income,defer (park-like)
04040,Les Corts,1,72.36666082418826,61005.095074790705,23202.08704943861,0.8199918905465775,0.09784888062133736,low-source / high-pop / lower-income,monitor
01041,Ciutat Vella,1,0.0,89305.48682578428,19034.098549392344,0.8450928330421448,0.10949617616353863,low-source / high-pop / lower-income,monitor
04041,Les Corts,1,246.8836485502501,56577.50279276564,22762.65295028403,0.7945794463157654,0.10123746151528394,low-source / high-pop / lower-income,monitor
06041,Gracia,1,0.0,39679.892369722955,31703.990633603727,0.8834392161246362,0.07532835846891617,low-source / high-pop / lower-income,monitor
09041,Sant Andreu,0,601.4481917595452,40984.398209900435,23119.81712738676,0.8083878719901975,0.11129045803110443,high-source / low-pop / higher-income,defer (park-like)
03041,Sants-Montjuic,1,143.0576616633688,66760.24210957211,23051.51141590585,0.7654489217972219,0.12112237359747151,low-source / high-pop / lower-income,monitor
10041,Sant Marti,1,134.40719848052302,19794.51468531339,23079.865788152372,0.8116471094030173,0.0975483909336484,low-source / high-pop / lower-income,monitor
07041,Horta-Guinardo,0,543.7250681491686,57168.80716539829,24733.145373671014,0.8568172203782404,0.09467609071836823,high-source / low-pop / higher-income,defer (park-like)
05041,Sarria-Sant Gervasi,1,0.0,63938.508455590076,41028.852523522044,0.8221132071787259,0.09215334510247351,low-source / high-pop / lower-income,monitor
08041,Nou Barris,1,358.77426423281963,123014.72584882802,15098.185029772963,0.8104449794369911,0.11888256311639242,low-source / high-pop / lower-income,monitor
02041,Eixample,1,461.26347638828577,65922.23850049252,24670.783292054704,0.8847249150276184,0.11072686271856583,low-source / high-pop / lower-income,monitor
01042,Ciutat Vella,1,207.89781823199598,34851.23425634551,19865.997936596566,0.7835911086440613,0.11651769915915045,low-source / high-pop / lower-income,monitor
06042,Gracia,1,0.0,33950.10663615159,32833.33444537202,0.8792879827009322,0.06873098025509261,low-source / high-pop / lower-income,monitor
04042,Les Corts,1,110.3210024973719,97082.48219768728,22762.65295028403,0.7945794463157654,0.10123746151528394,low-source / high-pop / lower-income,monitor
08042,Nou Barris,1,137.84118801293573,36776.02896185125,17518.92611635814,0.8283266656841041,0.11662000402719103,low-source / high-pop / lower-income,monitor
05042,Sarria-Sant Gervasi,1,0.0,47744.684747111816,41413.557426026215,0.883529782295227,0.07879061038864166,low-source / high-pop / lower-income,monitor
09042,Sant Andreu,1,207.41843733392594,33679.56876209623,23948.672533347755,0.8512454628944397,0.09900377328785907,low-source / high-pop / lower-income,monitor
07042,Horta-Guinardo,1,20.929595125057727,34638.479931970534,23368.158367646924,0.8656403743392538,0.08303193428847157,low-source / high-pop / lower-income,monitor
02042,Eixample,1,409.6172651814645,49007.77994135379,25094.497543143076,0.8352887963895805,0.11135427619018524,low-source / high-pop / lower-income,monitor
10042,Sant Marti,1,172.24932922508617,7028.151202337856,24677.12599520381,0.790803279112449,0.10329580130650332,low-source / high-pop / lower-income,monitor
03042,Sants-Montjuic,2,412.05341616013357,12549.713826964067,21798.511039393128,0.6662928298575015,0.16024604252242317,high-source / low-pop / lower-income,defer (park-like)
06043,Gracia,1,0.0,37189.19493026691,31638.995330946433,0.8849800229072571,0.06909540009684861,low-source / high-pop / lower-income,monitor
04043,Les Corts,2,148.18176946649533,10662.351866611914,31086.65973781149,0.6323176259122479,0.10246842085217346,high-source / low-pop / lower-income,defer (park-like)
02043,Eixample,1,242.80564695903632,74589.89474581597,26169.650123912812,0.8592289090156555,0.1144008710693015,low-source / high-pop / lower-income,monitor
05043,Sarria-Sant Gervasi,1,0.0,54350.028950729145,40720.498755916014,0.8406951901023401,0.08385430507389849,low-source / high-pop / lower-income,monitor
01043,Ciutat Vella,2,376.4912092218317,3349.2807077803545,25513.708939885364,0.5515925663726869,0.18340477199832006,high-source / low-pop / lower-income,defer (park-like)
09043,Sant Andreu,1,200.94824729425724,46619.99337226768,22364.466627133323,0.7245008764153383,0.11705758726903186,low-source / high-pop / lower-income,monitor
07043,Horta-Guinardo,1,22.70569908476816,33831.491636304556,23034.068784206163,0.8679708838462828,0.08050868439200713,low-source / high-pop / lower-income,monitor
08043,Nou Barris,1,314.90296063885,44125.777359518856,15616.742678340157,0.8156035579985187,0.11821144322905874,low-source / high-pop / lower-income,monitor
10043,Sant Marti,1,177.86865201167188,9319.752703024269,26419.887724991037,0.8113066232434101,0.08205346067603896,low-source / high-pop / lower-income,monitor
03043,Sants-Montjuic,1,186.25126759128545,50536.17727310212,22759.526528331415,0.7566226650595045,0.12157339516555975,low-source / high-pop / lower-income,monitor
02044,Eixample,1,297.65384851665664,65086.974875642256,26163.750180055064,0.8592859064196835,0.11441676699946714,low-source / high-pop / lower-income,monitor
07044,Horta-Guinardo,1,120.53207225215317,41131.56965604727,22768.760923319212,0.8630980248395214,0.08944461949507126,low-source / high-pop / lower-income,monitor
05044,Sarria-Sant Gervasi,1,0.0,54587.685620238284,43735.858670588525,0.8242622927710775,0.09738574532935201,low-source / high-pop / lower-income,monitor
06044,Gracia,0,546.0119973710251,20060.00599037027,37199.120867957485,0.8859210619141346,0.08869860607470886,high-source / low-pop / higher-income,defer (park-like)
08044,Nou Barris,1,246.17125398519158,70257.27588737367,15061.365427951407,0.811888813972473,0.11867609301541962,low-source / high-pop / lower-income,monitor
03044,Sants-Montjuic,1,208.25832117116337,62720.46439271537,22044.749807363216,0.7396228575135217,0.12717962968374244,low-source / high-pop / lower-income,monitor
01044,Ciutat Vella,1,168.77499718650805,26478.921780816596,23631.44182883002,0.7284943375750271,0.10349925245215975,low-source / high-pop / lower-income,monitor
04044,Les Corts,1,0.0,33190.05252947708,27151.078960114482,0.8005862236022948,0.1099835960042219,low-source / high-pop / lower-income,monitor
09044,Sant Andreu,1,0.0,37342.83910183633,23575.011555926725,0.8211932995467797,0.10335679818350428,low-source / high-pop / lower-income,monitor
10044,Sant Marti,1,178.3834363950795,36189.53965865176,25321.30192142442,0.8436568707619603,0.08709666190272003,low-source / high-pop / lower-income,monitor
06045,Gracia,1,396.69330130245453,24575.150015687057,29095.330466395084,0.8859232559686191,0.0749615794673871,low-source / high-pop / lower-income,monitor
09045,Sant Andreu,2,65.42503280729159,46484.48580958067,21948.89585562892,0.6912530862256223,0.12179348515662462,high-source / low-pop / lower-income,defer (park-like)
05045,Sarria-Sant Gervasi,3,48.902415599295,39488.70059643071,47946.07314073701,0.6939901581266744,0.11762452989118899,high-source / low-pop / higher-income,defer (park-like)
08045,Nou Barris,1,67.9739769636034,128742.71236906486,15118.403391757452,0.8092305603841319,0.11926096215276846,low-source / high-pop / lower-income,monitor
03045,Sants-Montjuic,2,0.0,34759.25377393695,22242.202991933937,0.7323536639917338,0.133144292258865,high-source / low-pop / lower-income,defer (park-like)
01045,Ciutat Vella,1,168.47692196057946,38487.616838994596,21786.81824393641,0.8388841413972303,0.061138768088405855,low-source / high-pop / lower-income,monitor
04045,Les Corts,1,0.0,58811.21840153773,29503.181266980166,0.7454845672931893,0.12009642361863827,low-source / high-pop / lower-income,monitor
10045,Sant Marti,0,652.6834271934608,37440.29477809762,26499.911486678837,0.713540272585282,0.14368909633484983,high-source / low-pop / higher-income,defer (park-like)
07045,Horta-Guinardo,1,95.34002639784578,54756.955161162754,22198.183479176845,0.8591641344140396,0.07785660038280298,low-source / high-pop / lower-income,monitor
02045,Eixample,1,302.10495602848687,73351.08332371661,25282.69938562866,0.8677974464122202,0.11679053906208982,low-source / high-pop / lower-income,monitor
02046,Eixample,1,193.7381626875642,76642.8171592004,24664.767559285607,0.8784980624586173,0.11514321445343623,low-source / high-pop / lower-income,monitor
03046,Sants-Montjuic,1,83.79876947070214,63728.964182468975,22492.25177656937,0.8688971285329624,0.07686676598117947,low-source / high-pop / lower-income,monitor
09046,Sant Andreu,1,0.0,33259.56396069763,22324.24085615228,0.7370674157239491,0.1142916068167434,low-source / high-pop / lower-income,monitor
04046,Les Corts,2,33.79987715894571,40052.854433350665,32231.67726725729,0.6663838420525272,0.1359990423834151,high-source / low-pop / lower-income,defer (park-like)
01046,Ciutat Vella,1,20.889314739843485,40086.59498575965,20714.365873801715,0.8545553663855122,0.05161437206348915,low-source / high-pop / lower-income,monitor
10046,Sant Marti,1,412.8129998794131,74365.31326399141,26494.57003913065,0.7129890322685242,0.14352264431397999,low-source / high-pop / lower-income,monitor
05046,Sarria-Sant Gervasi,3,37.342036043355456,20855.527130214025,51672.513650814486,0.6377548647657578,0.1522937552316899,high-source / low-pop / higher-income,defer (park-like)
08046,Nou Barris,2,372.8634089785837,61000.4537088963,19661.588194637043,0.5974954895842874,0.16584692699387324,high-source / low-pop / lower-income,defer (park-like)
06046,Gracia,1,0.0,60404.48530597,27188.796050095276,0.8859502225366741,0.0709127246755701,low-source / high-pop / lower-income,monitor
07046,Horta-Guinardo,1,120.03672484541228,56217.19946926809,22016.883658539373,0.8642560100760475,0.07785223642119599,low-source / high-pop / lower-income,monitor
09047,Sant Andreu,1,0.0,34551.0274222568,24550.693307105776,0.8739894771596249,0.10744616297746232,low-source / high-pop / lower-income,monitor
03047,Sants-Montjuic,1,17.154397646620115,30860.761366269584,24465.649057539165,0.7992143414596397,0.0880346195127144,low-source / high-pop / lower-income,monitor
08047,Nou Barris,2,45.52995880315892,16263.301284488365,18587.085113082238,0.6430500817071325,0.15722093656375408,high-source / low-pop / lower-income,defer (park-like)
06047,Gracia,1,35.957884676413734,45738.42930839826,28317.99949288527,0.8851895641586394,0.07039333971314726,low-source / high-pop / lower-income,monitor
01047,Ciutat Vella,1,0.0,36089.9809467637,20312.20020574484,0.8831578410398009,0.046623497559036685,low-source / high-pop / lower-income,monitor
05047,Sarria-Sant Gervasi,3,0.0,32944.69936110413,49017.031059719004,0.7039140969834866,0.13893480340744108,high-source / low-pop / higher-income,defer (park-like)
07047,Horta-Guinardo,1,0.0,60983.312255408666,22218.604472487932,0.8749049305915834,0.07941779519147531,low-source / high-pop / lower-income,monitor
10047,Sant Marti,0,1171.1535137618546,58334.59882832857,26426.35898919866,0.6875463355038316,0.15175442653106294,high-source / low-pop / higher-income,defer (park-like)
02047,Eixample,1,230.0301009160175,72881.20364022488,24660.239244020642,0.8738108277320862,0.11846760297667061,low-source / high-pop / lower-income,monitor
04047,Les Corts,2,81.00343546985373,3324.5878089648477,32679.77820873192,0.44592729193526986,0.1771924097764977,high-source / low-pop / lower-income,defer (park-like)
06048,Gracia,1,0.0,46943.08868043891,30923.50526664987,0.8851915915480151,0.06937645866047089,low-source / high-pop / lower-income,monitor
05048,Sarria-Sant Gervasi,3,41.82943476316041,26833.5824005674,46286.52265124727,0.824636234377505,0.09921098874544669,high-source / low-pop / higher-income,defer (park-like)
10048,Sant Marti,0,1317.896166698364,43678.84438200292,27149.690031279162,0.7461967311759717,0.16410034340819646,high-source / low-pop / higher-income,defer (park-like)
09048,Sant Andreu,1,0.0,58590.80786863773,22302.873457459893,0.7511484052873283,0.1099464401652149,low-source / high-pop / lower-income,monitor
08048,Nou Barris,2,70.47008531255713,16824.732868373012,18243.1406285613,0.6735308956323119,0.14449542253735034,high-source / low-pop / lower-income,defer (park-like)
07048,Horta-Guinardo,1,0.0,53733.29680334412,22158.076987968732,0.8742618721857595,0.0814836860449878,low-source / high-pop / lower-income,monitor
03048,Sants-Montjuic,1,29.92682766922555,29537.778909525616,25657.925578802835,0.7655964919410553,0.09687586729902482,low-source / high-pop / lower-income,monitor
04048,Les Corts,1,0.0,83814.42221972893,31865.19390813221,0.8327375809657486,0.11725639311610271,low-source / high-pop / lower-income,monitor
01048,Ciutat Vella,1,0.0,65589.99636566569,19862.651618986783,0.8790880035255276,0.07268671995303043,low-source / high-pop / lower-income,monitor
02048,Eixample,1,145.2731178631456,68472.06288616263,25428.176256411825,0.8664424050473521,0.11643496488993808,low-source / high-pop / lower-income,monitor
03049,Sants-Montjuic,1,0.0,37700.76354576006,24382.86176288648,0.7182712335026903,0.10383896271724836,low-source / high-pop / lower-income,monitor
10049,Sant Marti,0,447.141483689243,67965.50552076493,27244.71486110361,0.7529157771609238,0.16688494069397247,high-source / low-pop / higher-income,defer (park-like)
02049,Eixample,1,158.72348321799097,28027.921744910236,24868.711861512395,0.8019345544579254,0.13079701767940413,low-source / high-pop / lower-income,monitor
06049,Gracia,1,0.0,42058.04435564372,28509.631675022516,0.8755119168909578,0.07022462065324453,low-source / high-pop / lower-income,monitor
09049,Sant Andreu,1,144.17683246010793,31118.166339306626,21676.095282238486,0.7507825836716739,0.10943620806865825,low-source / high-pop / lower-income,monitor
05049,Sarria-Sant Gervasi,3,45.1282972130579,19698.501733499772,53801.63465230905,0.777980545974283,0.11653345822507419,high-source / low-pop / higher-income,defer (park-like)
04049,Les Corts,3,112.33563839634904,1693.7717922649515,39415.69949617059,0.6311098150246802,0.0993572838739617,high-source / low-pop / higher-income,defer (park-like)
07049,Horta-Guinardo,1,0.0,56837.527245316436,22218.604472487932,0.8749049305915833,0.07941779519147531,low-source / high-pop / lower-income,monitor
08049,Nou Barris,2,16.149028421888268,18845.91616834361,19106.458467034565,0.6034667950201682,0.17059370633990312,high-source / low-pop / lower-income,defer (park-like)
01049,Ciutat Vella,1,0.0,51542.24571164849,20646.73670237106,0.8778638355551005,0.07768814402927249,low-source / high-pop / lower-income,monitor
07050,Horta-Guinardo,1,0.0,41940.96945826349,22000.59049026422,0.8653358448023124,0.07702163509939,low-source / high-pop / lower-income,monitor
01050,Ciutat Vella,1,0.0,55907.27354686147,24467.47417122764,0.8864840037322089,0.07677806635092892,low-source / high-pop / lower-income,monitor
08050,Nou Barris,2,481.43920358678463,47043.487893337246,18031.193928964884,0.6966806261193961,0.13569028772275674,high-source / low-pop / lower-income,defer (park-like)
06050,Gracia,1,90.87786949347412,38592.80191156201,26342.672763248807,0.8691101855113722,0.07101148232794298,low-source / high-pop / lower-income,monitor
05050,Sarria-Sant Gervasi,1,0.0,42188.172327469736,41764.74346900668,0.8538198517306297,0.08649066097920254,low-source / high-pop / lower-income,monitor
02050,Eixample,1,173.20270600411692,49131.8342698345,24479.8077449747,0.796409761301858,0.13126424278272056,low-source / high-pop / lower-income,monitor
04050,Les Corts,3,64.76691841163975,22398.55928402541,46023.29928098225,0.6947196392014374,0.14045243037733496,high-source / low-pop / higher-income,defer (park-like)
10050,Sant Marti,2,357.82573211755187,29134.547767676457,26796.37121590727,0.7768683625460484,0.14788260732475297,high-source / low-pop / lower-income,defer (park-like)
09050,Sant Andreu,1,403.52008727972986,39696.288586143426,23133.754380101924,0.796333814314345,0.1092208770345817,low-source / high-pop / lower-income,monitor
03050,Sants-Montjuic,1,211.4667261459833,39826.23342416019,23334.604201022838,0.7160662975870185,0.10383955499085556,low-source / high-pop / lower-income,monitor
04051,Les Corts,3,75.17751059107373,63637.7627153439,46386.50217072072,0.6195123088413605,0.1645343959337098,high-source / low-pop / higher-income,defer (park-like)
02051,Eixample,1,173.67550870406856,47289.359941422095,24895.705110277435,0.7624586097898948,0.13745460501136283,low-source / high-pop / lower-income,monitor
09051,Sant Andreu,1,344.84790449886174,29450.01104420279,24350.945509342822,0.862527750822022,0.10815797020612453,low-source / high-pop / lower-income,monitor
08051,Nou Barris,2,19.853119225706898,13301.589881223621,19540.494477250304,0.5754706386196983,0.14970033789297787,high-source / low-pop / lower-income,defer (park-like)
01051,Ciutat Vella,1,0.0,79096.91527798539,19731.41619499812,0.8747379514532251,0.10365455812048714,low-source / high-pop / lower-income,monitor
10051,Sant Marti,0,989.5047397259851,27838.06667762438,29611.823380376954,0.7138803114200659,0.17595002509864568,high-source / low-pop / higher-income,defer (park-like)
05051,Sarria-Sant Gervasi,3,206.4256340852057,33957.01680701634,48925.0419248799,0.7891151389123789,0.10760058668012717,high-source / low-pop / higher-income,defer (park-like)
03051,Sants-Montjuic,1,0.0,56566.77018205215,21144.53201044607,0.8812226057052612,0.07376734555962684,low-source / high-pop / lower-income,monitor
06051,Gracia,1,0.0,31306.993801501227,26259.26997741846,0.8687830874198736,0.0712136665449572,low-source / high-pop / lower-income,monitor
07051,Horta-Guinardo,1,0.0,48983.44738058389,22689.23640605976,0.8051767908719829,0.09555097646377339,low-source / high-pop / lower-income,monitor
09052,Sant Andreu,2,0.0,59924.564481553985,22545.174501152065,0.6433113851918995,0.15448754610978976,high-source / low-pop / lower-income,defer (park-like)
02052,Eixample,1,351.3015722983023,35793.726866393685,25481.92381511472,0.7725691853506029,0.13279405816815826,low-source / high-pop / lower-income,monitor
10052,Sant Marti,0,614.7123487743656,14255.472088243621,34579.708784280825,0.7643615881726751,0.1208959620907449,high-source / low-pop / higher-income,defer (park-like)
08052,Nou Barris,2,141.8058751989393,65727.02315470837,19736.3079613538,0.559469530611201,0.14509073897327993,high-source / low-pop / lower-income,defer (park-like)
07052,Horta-Guinardo,2,0.0,12672.16849111904,25678.288336722668,0.598004966402891,0.1558042629616256,high-source / low-pop / lower-income,defer (park-like)
01052,Ciutat Vella,1,208.2112587344716,26409.95439737245,24357.944402251727,0.8724602141208192,0.09237114756489403,low-source / high-pop / lower-income,monitor
03052,Sants-Montjuic,1,28.11700848551025,41022.715380359456,21455.622889858576,0.8816760440101696,0.07321296022373798,low-source / high-pop / lower-income,monitor
05052,Sarria-Sant Gervasi,3,48.619677480966594,17308.605183224106,51443.36581891462,0.7919321965672714,0.10965722300939487,high-source / low-pop / higher-income,defer (park-like)
06052,Gracia,1,420.5600669418116,38980.66120466916,26727.631023770802,0.8651935645787336,0.08138863249769417,low-source / high-pop / lower-income,monitor
04052,Les Corts,3,509.66491288834703,19090.838262427915,51953.50341882414,0.6941978041258057,0.16750887201940398,high-source / low-pop / higher-income,defer (park-like)
08053,Nou Barris,2,0.0,56212.001986436546,19984.24666028501,0.5946632454748557,0.14531476046272784,high-source / low-pop / lower-income,defer (park-like)
02053,Eixample,1,397.78753053818997,44926.59168431322,26984.62288700509,0.8378405742023283,0.1136555888869413,low-source / high-pop / lower-income,monitor
09053,Sant Andreu,2,323.51159946577866,49732.55588151198,22647.338821954934,0.6549230581095734,0.15215884032192228,high-source / low-pop / lower-income,defer (park-like)
04053,Les Corts,3,81.77560149655142,3085.325298130305,44270.00668857153,0.5924034111305558,0.16289129075534337,high-source / low-pop / higher-income,defer (park-like)
06053,Gracia,1,0.0,38404.97378183534,26141.54653836232,0.876591248439155,0.07492908633607681,low-source / high-pop / lower-income,monitor
03053,Sants-Montjuic,1,0.0,40418.333960896234,22541.973337811996,0.883196934337095,0.07121475675439855,low-source / high-pop / lower-income,monitor
05053,Sarria-Sant Gervasi,3,291.0164025568845,21607.96788984867,53333.60120779706,0.7434315912632711,0.1277872081633195,high-source / low-pop / higher-income,defer (park-like)
01053,Ciutat Vella,1,0.0,44769.062909127584,19716.34874888468,0.8714679720766315,0.10655932283081733,low-source / high-pop / lower-income,monitor
10053,Sant Marti,3,561.7675048144771,13588.260370077713,40272.8122114388,0.7027762584087104,0.14778023153018804,high-source / low-pop / higher-income,defer (park-like)
07053,Horta-Guinardo,2,123.04623597228446,25470.570846262883,24193.008058312153,0.719072647866364,0.1227623817902771,high-source / low-pop / lower-income,defer (park-like)
02054,Eixample,1,165.84117189798374,55833.19453898785,27378.38231337338,0.8609376534569836,0.11085870305107468,low-source / high-pop / lower-income,monitor
10054,Sant Marti,3,656.9025294404461,6033.298959715165,36948.27666259923,0.6216632821377206,0.18171344089837574,high-source / low-pop / higher-income,defer (park-like)
05054,Sarria-Sant Gervasi,3,189.24656278966916,19076.053529198653,53947.28580598978,0.6658231671940412,0.15885751197817025,high-source / low-pop / higher-income,defer (park-like)
07054,Horta-Guinardo,2,230.84761307335017,10531.642455886895,28073.29711497954,0.5800752158634476,0.17022520740458794,high-source / low-pop / lower-income,defer (park-like)
03054,Sants-Montjuic,1,383.82342917802305,49719.89651813776,22517.005742299938,0.8807530035445555,0.07227240749001097,low-source / high-pop / lower-income,monitor
06054,Gracia,1,0.0,43726.18539650918,26093.025691488314,0.8844326113521936,0.07161355950715592,low-source / high-pop / lower-income,monitor
04054,Les Corts,3,102.04400408642285,4944.495834369398,46969.962702174584,0.47175358500791786,0.18847509578482516,high-source / low-pop / higher-income,defer (park-like)
01054,Ciutat Vella,1,148.28360165232203,45745.49110974135,19606.194197526194,0.8606658120192611,0.10713647411219637,low-source / high-pop / lower-income,monitor
08054,Nou Barris,2,21.41361949582642,36274.671425929955,20017.66891399103,0.5994073748588562,0.1453449586653005,high-source / low-pop / lower-income,defer (park-like)
09054,Sant Andreu,2,340.18822540519307,31439.06183119659,21163.919425564567,0.7278643083766279,0.12440734005372141,high-source / low-pop / lower-income,defer (park-like)
04055,Les Corts,3,587.6308959079146,6409.457520267121,53196.357125655115,0.39201005345426165,0.24310722619172834,high-source / low-pop / higher-income,defer (park-like)
06055,Gracia,1,0.0,42362.46446386129,26125.526432148596,0.8867649101756799,0.07166395878204085,low-source / high-pop / lower-income,monitor
09055,Sant Andreu,1,118.5709978621943,55461.584250041386,20247.596002229235,0.7733895164613296,0.11159730794402925,low-source / high-pop / lower-income,monitor
05055,Sarria-Sant Gervasi,3,481.7444824909725,21864.983447251558,54173.86861203586,0.6443371553736165,0.1584161332097047,high-source / low-pop / higher-income,defer (park-like)
02055,Eixample,0,703.728429392499,46706.71649893919,29335.231407706946,0.8816888187976621,0.10629554082706875,high-source / low-pop / higher-income,defer (park-like)
01055,Ciutat Vella,0,1156.7595640912348,14533.106523400787,26153.833018109573,0.6011714056895473,0.1857172979613776,high-source / low-pop / higher-income,defer (park-like)
03055,Sants-Montjuic,1,442.4932137488151,70931.66216393506,21827.14918358084,0.8293793246268916,0.09337110817436191,low-source / high-pop / lower-income,monitor
07055,Horta-Guinardo,2,474.68614377468407,15728.789520750342,30460.228734039953,0.622335777087157,0.1609927209004411,high-source / low-pop / lower-income,defer (park-like)
08055,Nou Barris,2,29.381622250498786,52828.15680639682,18753.202799063532,0.6740513931368095,0.14692804251464622,high-source / low-pop / lower-income,defer (park-like)
10055,Sant Marti,3,280.3497456393227,6174.944828521289,39557.257273989075,0.47212915923018306,0.10035118300303623,high-source / low-pop / higher-income,defer (park-like)
03056,Sants-Montjuic,0,629.5644979080525,61256.62564645352,23174.084338416797,0.7907785072301375,0.10885732127641544,high-source / low-pop / higher-income,defer (park-like)
10056,Sant Marti,1,304.5143193676721,9854.713404364147,26451.123036655696,0.8429664601629554,0.08946081352799135,low-source / high-pop / lower-income,monitor
02056,Eixample,0,888.0882333233876,26222.82347122148,31488.81037932673,0.8644838633913959,0.11141344056701481,high-source / low-pop / higher-income,defer (park-like)
04056,Les Corts,3,71.91899444690647,1421.8385202153408,53207.28694555755,0.3163805271105883,0.20679401542900253,high-source / low-pop / higher-income,defer (park-like)
09056,Sant Andreu,1,0.0,63284.64999347454,21735.092971853104,0.8454794417895051,0.10784256289837521,low-source / high-pop / lower-income,monitor
06056,Gracia,1,86.4986148331011,49073.54748197936,27053.348136677476,0.8863631073277267,0.0730538522985975,low-source / high-pop / lower-income,monitor
07056,Horta-Guinardo,2,164.0531077050798,12919.182231775036,27535.58751405364,0.5139350212854036,0.19419433537831296,high-source / low-pop / lower-income,defer (park-like)
08056,Nou Barris,2,451.69048472057375,29886.853739011298,19733.154024931093,0.6153869594537955,0.14574454270530945,high-source / low-pop / lower-income,defer (park-like)
05056,Sarria-Sant Gervasi,3,29.20482038200244,17493.68740881946,51924.21826568325,0.6630210384270201,0.169978794450797,high-source / low-pop / higher-income,defer (park-like)
09057,Sant Andreu,1,49.836966477907836,45974.60157586998,21710.25037954846,0.8527950644493103,0.10616464366041328,low-source / high-pop / lower-income,monitor
05057,Sarria-Sant Gervasi,3,565.4942222715794,22673.625483460466,47506.07151016964,0.7576988332655613,0.15327034785902163,high-source / low-pop / higher-income,defer (park-like)
08057,Nou Barris,2,151.23171493214,11695.252621418827,18197.941829743704,0.6226523200345317,0.14165352561044461,high-source / low-pop / lower-income,defer (park-like)
02057,Eixample,0,770.1298414402154,44527.50719599791,32820.28353608458,0.8627704064311226,0.11466202735250063,high-source / low-pop / higher-income,defer (park-like)
06057,Gracia,1,133.05210052966663,40767.16360228986,27531.30163980456,0.8861786915593907,0.07142868484205417,low-source / high-pop / lower-income,monitor
03057,Sants-Montjuic,1,0.0,52135.17431460812,21276.024122673844,0.8753723492301364,0.0760371907469362,low-source / high-pop / lower-income,monitor
07057,Horta-Guinardo,2,337.2247177927136,15702.025922223227,22585.332634464467,0.6874580213516058,0.13392998684217075,high-source / low-pop / lower-income,defer (park-like)
10057,Sant Marti,1,330.921349743474,13022.20230341887,25140.710693053727,0.7789955004088847,0.09814946704968464,low-source / high-pop / lower-income,monitor
08058,Nou Barris,2,220.25437582698595,28768.610011863242,19867.785968708566,0.5462036362582746,0.14866084517554684,high-source / low-pop / lower-income,defer (park-like)
07058,Horta-Guinardo,2,31.55034638730867,21848.614873211256,20965.3472755844,0.6616424733700179,0.13877995390196696,high-source / low-pop / lower-income,defer (park-like)
03058,Sants-Montjuic,1,0.0,20743.0499106298,22861.587386164218,0.7938134345859115,0.10861843409358134,low-source / high-pop / lower-income,monitor
02058,Eixample,0,688.8416615023427,42977.72975025486,32436.057431547644,0.8843500707716674,0.11645428744893921,high-source / low-pop / higher-income,defer (park-like)
09058,Sant Andreu,1,0.0,34446.408746047164,21804.599611850983,0.8481878410510065,0.10435603594092127,low-source / high-pop / lower-income,monitor
06058,Gracia,1,117.1257813201959,40830.047368220294,30977.41839941778,0.8855838867664624,0.11690014953199178,low-source / high-pop / lower-income,monitor
10058,Sant Marti,1,340.2832784146205,15731.557717475916,24482.531068683977,0.8754638814212512,0.09759166154637555,low-source / high-pop / lower-income,monitor
05058,Sarria-Sant Gervasi,3,14.77859780646072,23246.73434956271,52151.52897646874,0.7423255613798134,0.15414623543347447,high-source / low-pop / higher-income,defer (park-like)
07059,Horta-Guinardo,2,156.92300003002217,24863.5775603124,18128.52318236573,0.6018495469950721,0.1443281997870992,high-source / low-pop / lower-income,defer (park-like)
03059,Sants-Montjuic,1,0.0,74168.04155020088,22913.575047394424,0.8031960766365512,0.10064492431771192,low-source / high-pop / lower-income,monitor
09059,Sant Andreu,1,0.0,58536.21732347437,21745.544472235455,0.8512198679173619,0.10571651714213272,low-source / high-pop / lower-income,monitor
10059,Sant Marti,2,54.39592583044878,4349.3090261824045,28671.945822031557,0.4134154199015123,0.08696787322090319,high-source / low-pop / lower-income,defer (park-like)
05059,Sarria-Sant Gervasi,3,350.91707780780416,25917.732746662106,45993.97007381499,0.8226734483011695,0.12235123876531832,high-source / low-pop / higher-income,defer (park-like)
02059,Eixample,0,417.8033774852335,47490.31724082155,32789.095327022056,0.8836217375522596,0.10793508754649896,high-source / low-pop / higher-income,defer (park-like)
08059,Nou Barris,2,39.169263820223755,20603.032769437697,19581.881922452514,0.5719392654933572,0.1478777356184729,high-source / low-pop / lower-income,defer (park-like)
06059,Gracia,1,171.86355458689778,43252.327904369275,26730.58241772249,0.8870444690876779,0.08470584363346968,low-source / high-pop / lower-income,monitor
07060,Horta-Guinardo,2,0.0,14233.606537773723,19741.00307291844,0.5723317133476331,0.1498890818434648,high-source / low-pop / lower-income,defer (park-like)
06060,Gracia,1,0.0,41854.197843356655,25976.005424376486,0.8831924012078968,0.08187307674600214,low-source / high-pop / lower-income,monitor
10060,Sant Marti,1,251.85883129197578,35952.84816692954,26734.373801872945,0.8110603099478559,0.10737384694498944,low-source / high-pop / lower-income,monitor
03060,Sants-Montjuic,1,0.0,48888.74670018995,21971.951262136583,0.8560973399547821,0.07587275876925723,low-source / high-pop / lower-income,monitor
08060,Nou Barris,2,19.37099661654573,24039.406801133253,19050.280647935342,0.6026855985947922,0.16019274959323185,high-source / low-pop / lower-income,defer (park-like)
05060,Sarria-Sant Gervasi,3,0.0,47338.926865872105,53354.60201941356,0.7227107882499696,0.16005000479723094,high-source / low-pop / higher-income,defer (park-like)
09060,Sant Andreu,2,416.0183962328641,16744.74044837278,22320.67031929495,0.6724023339417471,0.1474688403893359,high-source / low-pop / lower-income,defer (park-like)
02060,Eixample,0,1171.6291635475084,36320.504069972754,33430.03537095373,0.8813633102822802,0.11301367594383686,high-source / low-pop / higher-income,defer (park-like)
08061,Nou Barris,2,53.608086148270104,29448.70865744971,18690.842754450998,0.522306474370808,0.1655728207537511,high-source / low-pop / lower-income,defer (park-like)
07061,Horta-Guinardo,2,25.438822765107396,5948.444723240947,20655.556208676313,0.48434562486379307,0.17883689518916387,high-source / low-pop / lower-income,defer (park-like)
10061,Sant Marti,0,635.6016257618741,30667.778443010426,26163.899745428942,0.8607211991016807,0.106270654201777,high-source / low-pop / higher-income,defer (park-like)
05061,Sarria-Sant Gervasi,0,429.45130345528116,34310.898876058774,42731.98212794334,0.8694305447831862,0.09173319862753912,high-source / low-pop / higher-income,defer (park-like)
09061,Sant Andreu,1,10.71896621793853,19733.616807224833,24192.734094812284,0.7594088300549007,0.07489174412057407,low-source / high-pop / lower-income,monitor
03061,Sants-Montjuic,1,0.0,56817.943405461956,21753.104754288062,0.857235270808525,0.06765977801728203,low-source / high-pop / lower-income,monitor
06061,Gracia,1,0.0,41653.99477548537,25912.569020560826,0.8771912821460944,0.09584465748447718,low-source / high-pop / lower-income,monitor
02061,Eixample,0,1028.4698158354802,28468.04450232609,30331.3496791107,0.8720345037830326,0.10500551152924913,high-source / low-pop / higher-income,defer (park-like)
07062,Horta-Guinardo,1,0.0,48189.62273875865,17950.65694264115,0.7411927008564965,0.11024599714474445,low-source / high-pop / lower-income,monitor
03062,Sants-Montjuic,1,0.0,54661.377287938136,21653.35581984322,0.8618802428245544,0.06482451957463127,low-source / high-pop / lower-income,monitor
05062,Sarria-Sant Gervasi,3,273.76284234660005,45198.24527142367,52002.19717818089,0.751119115933775,0.1417630976771538,high-source / low-pop / higher-income,defer (park-like)
10062,Sant Marti,1,387.0889130693275,44217.46430061164,26209.01313144747,0.8529841977114805,0.11073097327676593,low-source / high-pop / lower-income,monitor
09062,Sant Andreu,1,0.0,11920.460812190242,23534.865741338563,0.7454927297655902,0.07508535482256044,low-source / high-pop / lower-income,monitor
08062,Nou Barris,2,55.36138355543922,15653.431200300438,19132.43354263031,0.5780082429257926,0.16095241524370335,high-source / low-pop / lower-income,defer (park-like)
02062,Eixample,0,931.5037906605749,33285.73545293788,32877.92637165855,0.8616675159872252,0.11351178356363137,high-source / low-pop / higher-income,defer (park-like)
06062,Gracia,1,0.0,53377.59623269851,25822.738781766308,0.8781687617301941,0.09612417210566492,low-source / high-pop / lower-income,monitor
09063,Sant Andreu,1,17.17931124296512,6656.983106648984,21956.34527604413,0.6745792911733478,0.06337120218851743,low-source / high-pop / lower-income,monitor
07063,Horta-Guinardo,1,0.0,61038.023689650414,15347.29290585464,0.6970455213677335,0.11795953936654915,low-source / high-pop / lower-income,monitor
05063,Sarria-Sant Gervasi,3,150.62859935520527,30408.148494832065,47406.37404243924,0.8178775136179005,0.10287930679546563,high-source / low-pop / higher-income,defer (park-like)
10063,Sant Marti,1,340.4319607895733,45345.53717717116,26234.85112152262,0.844990671311305,0.11531998385981679,low-source / high-pop / lower-income,monitor
08063,Nou Barris,2,292.5018669222328,31443.95069414003,19773.468350790998,0.5039919018745422,0.1514898308014199,high-source / low-pop / lower-income,defer (park-like)
02063,Eixample,0,660.4282295518453,25612.232277307503,38245.10665702984,0.8879693109356336,0.1052759649936264,high-source / low-pop / higher-income,defer (park-like)
06063,Gracia,1,0.0,33720.18741440223,26033.159016578684,0.8806434509748136,0.09115760680150166,low-source / high-pop / lower-income,monitor
03063,Sants-Montjuic,1,8.08680772043134,16707.34475041115,21443.645102953193,0.850032636286369,0.07066867461060984,low-source / high-pop / lower-income,monitor
08064,Nou Barris,2,10.415296670536623,3143.6837117236378,16894.157961341083,0.22095113867803187,0.14406254983518557,high-source / low-pop / lower-income,defer (park-like)
09064,Sant Andreu,1,146.74623747658836,28933.466489134003,21726.850948610525,0.8118488106598459,0.1024523307834464,low-source / high-pop / lower-income,monitor
07064,Horta-Guinardo,2,0.0,58508.06388560285,15356.507739280236,0.655703767280585,0.13003593076323705,high-source / low-pop / lower-income,defer (park-like)
06064,Gracia,0,1076.7640459010026,49377.32267631741,28498.180391934937,0.8877653255292995,0.12036591902205078,high-source / low-pop / higher-income,defer (park-like)
02064,Eixample,0,561.5043798604825,38575.35089641514,40032.66919779269,0.8911779256481288,0.09943467973423314,high-source / low-pop / higher-income,defer (park-like)
03064,Sants-Montjuic,1,0.0,22263.90322208558,21239.41592445214,0.8246683259621224,0.11022951474310519,low-source / high-pop / lower-income,monitor
10064,Sant Marti,0,966.5066136447837,29078.517945002543,26623.946806735665,0.8731335853801026,0.10472173146566363,high-source / low-pop / higher-income,defer (park-like)
05064,Sarria-Sant Gervasi,1,188.3698824776688,41323.64296853859,42838.627500890216,0.8760063811564893,0.08749416740109037,low-source / high-pop / lower-income,monitor
05065,Sarria-Sant Gervasi,1,278.3901501413432,37946.71892695848,43004.890722404045,0.8768468714698169,0.08843825979932103,low-source / high-pop / lower-income,monitor
03065,Sants-Montjuic,1,0.0,119619.83528759604,21302.159709056283,0.841649493444206,0.08249295865089622,low-source / high-pop / lower-income,monitor
06065,Gracia,0,450.3762644882164,57698.20366165706,28120.225209383425,0.8892286989445832,0.10503426184786151,high-source / low-pop / higher-income,defer (park-like)
09065,Sant Andreu,1,114.5316248539382,60386.79920423891,21936.05362357397,0.8635100619963921,0.09401964237209472,low-source / high-pop / lower-income,monitor
08065,Nou Barris,2,0.0,10120.23265362034,13659.861623701614,0.2653478913345204,0.15021827727825462,high-source / low-pop / lower-income,defer (park-like)
10065,Sant Marti,1,204.29574746334413,30625.78977882313,27249.76253581719,0.852620409827942,0.11104540675243127,low-source / high-pop / lower-income,monitor
02065,Eixample,0,488.8921822848178,27266.215423427555,35128.02274479275,0.884599378745554,0.10266731574932854,high-source / low-pop / higher-income,defer (park-like)
07065,Horta-Guinardo,1,0.0,78356.04373508749,15320.426769943437,0.6584358072087089,0.12926517700441514,low-source / high-pop / lower-income,monitor
02066,Eixample,1,419.95184981171604,50562.202717330605,28668.69106781446,0.8843816212302277,0.10141528638666648,low-source / high-pop / lower-income,monitor
05066,Sarria-Sant Gervasi,3,92.13119403033788,25538.76698520966,43434.56990007539,0.8787899978833292,0.09074128912057725,high-source / low-pop / higher-income,defer (park-like)
09066,Sant Andreu,1,176.1325711703274,64640.65361951015,21943.329746251733,0.8643673658370972,0.09317724215668932,low-source / high-pop / lower-income,monitor
03066,Sants-Montjuic,1,0.0,72818.96504434517,20838.243378943487,0.8289403379528537,0.12615696657235248,low-source / high-pop / lower-income,monitor
10066,Sant Marti,1,273.13063581306955,40520.88075598182,28261.974838506685,0.8851317167282104,0.1048272464970978,low-source / high-pop / lower-income,monitor
07066,Horta-Guinardo,1,0.0,76893.24336271007,15580.531357969838,0.6900114420881955,0.11962739871863654,low-source / high-pop / lower-income,monitor
06066,Gracia,1,276.4891484197648,55629.61666205667,26969.429939806316,0.8911384369594737,0.07048269916117712,low-source / high-pop / lower-income,monitor
08066,Nou Barris,2,0.0,34739.00785462876,12946.411203435153,0.3862442115478087,0.15012464115525115,high-source / low-pop / lower-income,defer (park-like)
02067,Eixample,0,887.4313991786854,47560.77654973267,29997.592796061508,0.8773423539706171,0.11986099766941305,high-source / low-pop / higher-income,defer (park-like)
05067,Sarria-Sant Gervasi,3,201.57701139009288,17512.002864514317,43166.9466020438,0.881166121269247,0.09218589924599287,high-source / low-pop / higher-income,defer (park-like)
09067,Sant Andreu,1,165.86850650464754,49627.857146190545,21921.448680303518,0.8632809792837942,0.09439647572857715,low-source / high-pop / lower-income,monitor
08067,Nou Barris,2,0.0,10752.257716475884,13787.443563490233,0.4719923361370005,0.13823374536077668,high-source / low-pop / lower-income,defer (park-like)
10067,Sant Marti,1,178.0852095455462,36725.12765739264,27524.181786156805,0.83171516168956,0.12315581766958159,low-source / high-pop / lower-income,monitor
03067,Sants-Montjuic,1,0.0,102887.14792523622,20607.91737020385,0.8297338840456906,0.08796479691175861,low-source / high-pop / lower-income,monitor
06067,Gracia,0,556.2538856758673,52649.43027922084,28565.717580432534,0.8885098730286444,0.11840792058421723,high-source / low-pop / higher-income,defer (park-like)
07067,Horta-Guinardo,2,0.0,58383.09862566563,18289.14902098278,0.6407571909150772,0.1333131613502254,high-source / low-pop / lower-income,defer (park-like)
10068,Sant Marti,1,40.474963661939775,32582.34574786152,27772.46777106555,0.7654794862162668,0.116341857459424,low-source / high-pop / lower-income,monitor
02068,Eixample,0,1071.548703222245,46103.382956137095,30479.301829721804,0.8738325341040715,0.1294811707170303,high-source / low-pop / higher-income,defer (park-like)
07068,Horta-Guinardo,1,0.0,97000.26094175565,15465.522505252242,0.866954995992768,0.06820690604119105,low-source / high-pop / lower-income,monitor
05068,Sarria-Sant Gervasi,1,42.30304114366928,24394.75372618262,38195.816983199635,0.8785108982710398,0.07865710928229885,low-source / high-pop / lower-income,monitor
09068,Sant Andreu,1,145.14413822138766,38197.09904192852,21781.048526725794,0.8533340691091023,0.11180031791722897,low-source / high-pop / lower-income,monitor
03068,Sants-Montjuic,1,0.0,83506.17758816687,20138.11667426293,0.8223260045051575,0.07185961997218328,low-source / high-pop / lower-income,monitor
06068,Gracia,0,628.5439522128829,45483.725996495894,28896.436401594616,0.8879579330711518,0.12833756444402467,high-source / low-pop / higher-income,defer (park-like)
08068,Nou Barris,1,0.0,84489.16904157578,13372.504797828535,0.6582496364869698,0.10502696207808344,low-source / high-pop / lower-income,monitor
08069,Nou Barris,1,0.0,76834.55533189629,13416.654105863488,0.8108771469577923,0.080898371115797,low-source / high-pop / lower-income,monitor
06069,Gracia,0,966.6584840506351,53552.880016405186,28436.624134787173,0.8900188148882756,0.11393970069689927,high-source / low-pop / higher-income,defer (park-like)
09069,Sant Andreu,1,52.77508600869212,52933.4112667182,20847.997864791738,0.8572555854186077,0.10871814027451346,low-source / high-pop / lower-income,monitor
07069,Horta-Guinardo,1,0.0,87814.92316521244,15450.76725400868,0.8457500101049086,0.07441611768095571,low-source / high-pop / lower-income,monitor
05069,Sarria-Sant Gervasi,1,0.0,34706.744181171336,39769.2573435516,0.8729441161553142,0.07659884031929047,low-source / high-pop / lower-income,monitor
10069,Sant Marti,1,247.61258468354288,32459.758828515347,27486.019423335085,0.7857067847006819,0.139533641573011,low-source / high-pop / lower-income,monitor
02069,Eixample,0,764.1797649834153,26230.470433055732,31742.996864184708,0.8762422516434988,0.12547679690536528,high-source / low-pop / higher-income,defer (park-like)
03069,Sants-Montjuic,1,0.0,21046.183409670757,20138.345168257736,0.8223281631651005,0.07187734050412273,low-source / high-pop / lower-income,monitor
08070,Nou Barris,1,0.0,65123.54316004552,13562.877663927497,0.844373435436045,0.07479228848771399,low-source / high-pop / lower-income,monitor
07070,Horta-Guinardo,1,0.0,33393.51256366857,18929.25019328795,0.7775952214155611,0.1026401461259336,low-source / high-pop / lower-income,monitor
06070,Gracia,1,142.39830405657034,54737.90807934563,28197.40182312535,0.8910709348784591,0.1071561232224879,low-source / high-pop / lower-income,monitor
10070,Sant Marti,1,309.72331761381366,43206.40280712701,26507.479152196094,0.8336459533279671,0.12247815219749093,low-source / high-pop / lower-income,monitor
09070,Sant Andreu,1,0.0,111388.58057962371,19811.722224357334,0.8626163459209227,0.11178699341653103,low-source / high-pop / lower-income,monitor
03070,Sants-Montjuic,1,52.91539516496989,77203.56154569106,20162.786129026044,0.8243801028350497,0.07226694342555766,low-source / high-pop / lower-income,monitor
02070,Eixample,0,372.1332605573871,23221.115458780954,34844.77509460146,0.8908024163330412,0.10009711574777531,high-source / low-pop / higher-income,defer (park-like)
05070,Sarria-Sant Gervasi,1,129.93793955736047,49408.90151668632,39654.58636995128,0.8697558314973878,0.0741255900961216,low-source / high-pop / lower-income,monitor
05071,Sarria-Sant Gervasi,1,15.092360011288807,29807.411022295393,37145.82264573476,0.8690255067201899,0.06925154295274558,low-source / high-pop / lower-income,monitor
06071,Gracia,1,56.7632634253834,62439.58976792174,27430.564236468264,0.8809772206740099,0.10662212718517278,low-source / high-pop / lower-income,monitor
07071,Horta-Guinardo,1,0.0,29900.854849222203,18704.349126794397,0.7317220067345156,0.10568718265270212,low-source / high-pop / lower-income,monitor
08071,Nou Barris,1,0.0,85132.14329455729,13491.401984494632,0.8481682816745661,0.07460319269014536,low-source / high-pop / lower-income,monitor
10071,Sant Marti,1,162.0007849811502,34809.91867282465,26363.546491934085,0.7866714981886066,0.12050757418525299,low-source / high-pop / lower-income,monitor
09071,Sant Andreu,1,34.87121588727815,67371.18909422138,19750.53588943424,0.8160649473681097,0.10958961728770707,low-source / high-pop / lower-income,monitor
02071,Eixample,0,410.4447833637356,31622.904900069632,35687.88287021217,0.8882124808250601,0.10464158582620332,high-source / low-pop / higher-income,defer (park-like)
03071,Sants-Montjuic,1,47.41592756323431,67425.44899491919,20199.89236102193,0.84655461325589,0.07616184686308765,low-source / high-pop / lower-income,monitor
10072,Sant Marti,1,61.912143614788995,42822.56600022905,25553.245095253278,0.7678866474162369,0.13322318593876095,low-source / high-pop / lower-income,monitor
05072,Sarria-Sant Gervasi,1,26.143833513379573,45150.40047760652,40985.899790448486,0.8672171297407205,0.07579619302468339,low-source / high-pop / lower-income,monitor
03072,Sants-Montjuic,1,0.0,54126.80168598455,20204.988615516988,0.8621623301666155,0.07511711002111869,low-source / high-pop / lower-income,monitor
02072,Eixample,0,1068.4433595418323,21101.75635095119,36561.03228767563,0.8853159624642979,0.11233113357185463,high-source / low-pop / higher-income,defer (park-like)
08072,Nou Barris,1,0.0,56524.33759557539,13987.653126539062,0.6208941379336903,0.09410994576322207,low-source / high-pop / lower-income,monitor
06072,Gracia,1,82.9699172274367,46712.063399046856,27759.044037768504,0.8866428572316606,0.1045956923788832,low-source / high-pop / lower-income,monitor
09072,Sant Andreu,1,0.0,135597.26521450726,19632.9782206019,0.8635410070419312,0.11231633047333162,low-source / high-pop / lower-income,monitor
07072,Horta-Guinardo,1,0.0,39873.186336875224,17868.824628349103,0.7066722220093227,0.11078726290350784,low-source / high-pop / lower-income,monitor
08073,Nou Barris,1,38.442341979522965,38403.89963754344,13859.827840865928,0.7947407577840925,0.08588141007318656,low-source / high-pop / lower-income,monitor
05073,Sarria-Sant Gervasi,1,118.6212185765305,38812.86271824078,41674.31590332101,0.8660561997341241,0.07709712501260634,low-source / high-pop / lower-income,monitor
09073,Sant Andreu,1,0.0,107576.90634756081,19632.9782206019,0.8635410070419312,0.11231633047333162,low-source / high-pop / lower-income,monitor
02073,Eixample,0,965.3466588752256,21720.299824692574,35753.14472557499,0.8799386133435646,0.12000694114613576,high-source / low-pop / higher-income,defer (park-like)
06073,Gracia,1,57.03560516363015,75572.17684180995,26204.576469714444,0.8598313204297381,0.1141854058793301,low-source / high-pop / lower-income,monitor
10073,Sant Marti,1,112.46629657348169,41134.54797175093,25602.823988441123,0.7719387269276903,0.1322850176143945,low-source / high-pop / lower-income,monitor
07073,Horta-Guinardo,2,0.0,32161.160801711736,18230.247726136462,0.6466629489662943,0.1300058766257911,high-source / low-pop / lower-income,defer (park-like)
03073,Sants-Montjuic,1,253.21182694054926,68831.41495667264,21026.45309933346,0.8600099406647673,0.07934651851990636,low-source / high-pop / lower-income,monitor
03074,Sants-Montjuic,1,24.460160194948944,45055.61507909596,20561.139763585146,0.8736904569031874,0.07114029900774155,low-source / high-pop / lower-income,monitor
07074,Horta-Guinardo,1,0.0,85003.74779906521,16680.909607814603,0.789191677375513,0.08878809207194005,low-source / high-pop / lower-income,monitor
09074,Sant Andreu,1,442.1545360009819,39904.44687408862,19647.003013518286,0.8635155885474127,0.11224587093490239,low-source / high-pop / lower-income,monitor
05074,Sarria-Sant Gervasi,1,0.0,42255.63162906674,41868.75291284281,0.8655812713334929,0.07755662033107831,low-source / high-pop / lower-income,monitor
02074,Eixample,0,1391.1440917314405,19460.560127665372,31727.457918397755,0.8156655992645313,0.13683711502345755,high-source / low-pop / higher-income,defer (park-like)
08074,Nou Barris,1,189.44434249747187,28571.651291209622,14189.430942506604,0.8111079474922436,0.07644989556290724,low-source / high-pop / lower-income,monitor
10074,Sant Marti,0,430.32199412603836,38815.04387016866,26631.117249484505,0.8172861816407315,0.12714555450538295,high-source / low-pop / higher-income,defer (park-like)
06074,Gracia,1,169.54040388855606,65442.59590098263,26169.650123912816,0.8592289090156555,0.1144008710693015,low-source / high-pop / lower-income,monitor
02075,Eixample,0,1334.7731979823345,23110.64451363699,29908.34732466176,0.8897032446265414,0.08775802546772238,high-source / low-pop / higher-income,defer (park-like)
07075,Horta-Guinardo,1,0.0,76978.81693066347,15586.49723269054,0.8801872212796609,0.06413951449041892,low-source / high-pop / lower-income,monitor
06075,Gracia,1,0.0,77182.3289713775,26349.791169228072,0.866708529363178,0.10391125221175422,low-source / high-pop / lower-income,monitor
10075,Sant Marti,1,388.46651646894423,59784.99688457052,27589.198420843695,0.8117113910621725,0.1357207433747225,low-source / high-pop / lower-income,monitor
09075,Sant Andreu,1,56.85704640728292,22742.81856291317,19837.093336702743,0.8057362835378656,0.11639710166046943,low-source / high-pop / lower-income,monitor
08075,Nou Barris,1,188.91928187593157,54570.6839933048,14876.448203969449,0.8132123715247915,0.08325628459891339,low-source / high-pop / lower-income,monitor
05075,Sarria-Sant Gervasi,1,0.0,34202.01080531272,38414.09836055952,0.8563948892567422,0.07276744693136425,low-source / high-pop / lower-income,monitor
03075,Sants-Montjuic,1,0.0,56113.988001470025,20038.845445323517,0.8814252751392272,0.06494160740282519,low-source / high-pop / lower-income,monitor
08076,Nou Barris,1,78.95102378908746,44028.3542663811,15999.098101989623,0.8173531066030714,0.103069673089944,low-source / high-pop / lower-income,monitor
10076,Sant Marti,1,315.4067016108885,17585.846826402223,27722.932449398544,0.8287805683079225,0.1205591277988096,low-source / high-pop / lower-income,monitor
06076,Gracia,1,174.76734747197045,36293.352491679194,26675.26367165679,0.8798209681709248,0.08582007161328531,low-source / high-pop / lower-income,monitor
05076,Sarria-Sant Gervasi,3,0.0,38361.109743000074,46936.37327934273,0.7735755783374281,0.10982784424228806,high-source / low-pop / higher-income,defer (park-like)
02076,Eixample,0,848.1686123704951,21098.19423271607,37951.265852782526,0.8912517847551253,0.10956819899875517,high-source / low-pop / higher-income,defer (park-like)
07076,Horta-Guinardo,1,0.0,49584.38899782768,15480.842737843373,0.8889719247817993,0.061759942518947356,low-source / high-pop / lower-income,monitor
03076,Sants-Montjuic,1,0.0,71850.98992332791,20055.357729235184,0.882203221321106,0.06463871211508376,low-source / high-pop / lower-income,monitor
09076,Sant Andreu,1,250.84567745428654,39257.34852159584,20057.47355358382,0.8209563283842862,0.1424084291225607,low-source / high-pop / lower-income,monitor
05077,Sarria-Sant Gervasi,3,0.0,48189.67803661407,40944.27566567947,0.7260960348312835,0.11623964272838493,high-source / low-pop / higher-income,defer (park-like)
06077,Gracia,1,0.0,42917.91201208638,26892.82689865349,0.889255867667637,0.07229026423683733,low-source / high-pop / lower-income,monitor
07077,Horta-Guinardo,1,0.0,75609.89867336147,17084.844823197964,0.7951629941015887,0.08712987276111983,low-source / high-pop / lower-income,monitor
08077,Nou Barris,1,162.71934272734885,39052.642254563725,14412.559632863782,0.7778643350130933,0.0981625645395524,low-source / high-pop / lower-income,monitor
03077,Sants-Montjuic,1,0.0,64438.80871741886,20071.486038581897,0.8822572261351442,0.06467665186155402,low-source / high-pop / lower-income,monitor
09077,Sant Andreu,1,68.06648146274739,38026.47431052154,21859.619345941257,0.854834439267803,0.10471571014460528,low-source / high-pop / lower-income,monitor
10077,Sant Marti,1,24.251835536832328,22335.940529422573,28262.218216158428,0.7748253096529054,0.12786256624311845,low-source / high-pop / lower-income,monitor
02077,Eixample,0,795.0858038239506,7011.2111791748375,32646.908531233646,0.830237051323922,0.08882891580727498,high-source / low-pop / higher-income,defer (park-like)
03078,Sants-Montjuic,1,0.0,65700.15913321589,20291.180994352417,0.8810128406983673,0.06631036628041878,low-source / high-pop / lower-income,monitor
06078,Gracia,1,0.0,53702.058988730336,26711.926665152325,0.8743186825176293,0.0749785550841066,low-source / high-pop / lower-income,monitor
09078,Sant Andreu,1,118.37904975854129,36579.126375389256,22648.76725711864,0.858097339646561,0.09712903237392781,low-source / high-pop / lower-income,monitor
05078,Sarria-Sant Gervasi,3,0.0,31679.278865855063,41561.680906049936,0.7193353537659246,0.11973893607146274,high-source / low-pop / higher-income,defer (park-like)
02078,Eixample,0,555.9246738168907,10509.260957086428,40099.72447931632,0.8842626454784885,0.09784769784369614,high-source / low-pop / higher-income,defer (park-like)
08078,Nou Barris,1,171.72030967237905,49226.48877274866,14394.447453504097,0.7287807077151578,0.11204402881568157,low-source / high-pop / lower-income,monitor
10078,Sant Marti,2,0.0,6395.045303834152,32026.061880611174,0.4976156277652302,0.061855261940517346,high-source / low-pop / lower-income,defer (park-like)
07078,Horta-Guinardo,1,0.0,53631.84950815759,17777.60742466643,0.7410649868756796,0.09795906358255459,low-source / high-pop / lower-income,monitor
08079,Nou Barris,1,114.71750218758919,58391.2086134829,14548.458346401992,0.7272837842849588,0.11340676885989208,low-source / high-pop / lower-income,monitor
02079,Eixample,0,594.3994789910026,10335.557999396493,40034.15527056034,0.8732968759266975,0.10206460779559237,high-source / low-pop / higher-income,defer (park-like)
05079,Sarria-Sant Gervasi,1,0.0,36124.75643930514,39282.326977583885,0.7767567772424269,0.09769882742716707,low-source / high-pop / lower-income,monitor
03079,Sants-Montjuic,1,38.03361779400133,70476.29377228447,20771.582622013262,0.8754164315072906,0.07025694186621732,low-source / high-pop / lower-income,monitor
10079,Sant Marti,2,0.0,21505.378542001374,31468.30176179419,0.6702624801566228,0.15057251322989704,high-source / low-pop / lower-income,defer (park-like)
06079,Gracia,1,0.0,57914.882061604716,26445.672947093477,0.8545703291893005,0.08129818416906347,low-source / high-pop / lower-income,monitor
07079,Horta-Guinardo,1,0.0,73846.74544477298,15688.548616139817,0.8740997086817458,0.0650196724999925,low-source / high-pop / lower-income,monitor
09079,Sant Andreu,1,0.0,44432.48440732251,22307.877425455343,0.8540743913287481,0.10213390072751678,low-source / high-pop / lower-income,monitor
06080,Gracia,1,0.0,60519.94648986539,26890.34318102655,0.8875520466215435,0.07074377402198363,low-source / high-pop / lower-income,monitor
03080,Sants-Montjuic,1,137.06846486352126,70224.74349841072,21096.791413482977,0.8602370351564441,0.0750466437203907,low-source / high-pop / lower-income,monitor
02080,Eixample,0,606.9346757839726,13574.012005709115,42452.78213782676,0.8902068773093098,0.09905476910342725,high-source / low-pop / higher-income,defer (park-like)
09080,Sant Andreu,1,114.91376800152122,52822.02869136592,22666.090441756536,0.8585174823647163,0.0964147995053344,low-source / high-pop / lower-income,monitor
08080,Nou Barris,1,0.0,69740.07607369727,14395.239628788451,0.7286767363548279,0.11207650072876277,low-source / high-pop / lower-income,monitor
05080,Sarria-Sant Gervasi,1,0.0,39887.932337544065,36228.391095847546,0.8519384264945984,0.06947879499781266,low-source / high-pop / lower-income,monitor
10080,Sant Marti,2,44.830008476151015,5639.615066299797,32664.95674142265,0.6143095986883212,0.10474425055425395,high-source / low-pop / lower-income,defer (park-like)
07080,Horta-Guinardo,1,0.0,69127.9730422128,16615.876591869503,0.8076086084050316,0.07962169169690529,low-source / high-pop / lower-income,monitor
09081,Sant Andreu,1,0.0,39436.218162818666,21260.49090148154,0.8523504142899339,0.1176375795495171,low-source / high-pop / lower-income,monitor
07081,Horta-Guinardo,1,0.0,31716.363960300983,17787.236257237346,0.7252275959005546,0.09692880064430462,low-source / high-pop / lower-income,monitor
06081,Gracia,1,0.0,70466.52956576535,26939.36864771184,0.8911883234977722,0.06958013669354841,low-source / high-pop / lower-income,monitor
02081,Eixample,0,642.4412698828258,15500.604256321798,39850.018685089635,0.8895339823774543,0.09726631755271117,high-source / low-pop / higher-income,defer (park-like)
03081,Sants-Montjuic,1,101.15945871050693,68720.99228400437,23516.35534504097,0.8381660048241728,0.09542548301951241,low-source / high-pop / lower-income,monitor
05081,Sarria-Sant Gervasi,1,0.0,38759.46805845722,34010.8296670164,0.8679947905153674,0.07281614221111661,low-source / high-pop / lower-income,monitor
08081,Nou Barris,1,107.62014870402817,94006.19989296861,16079.136912227043,0.7146366137559944,0.12641460942549299,low-source / high-pop / lower-income,monitor
10081,Sant Marti,2,45.594165708824065,4760.445392416767,18607.18107052626,0.52610987173956,0.06290582249297252,high-source / low-pop / lower-income,defer (park-like)
03082,Sants-Montjuic,1,93.30290026915316,58594.221369028186,23938.87257621891,0.8626001477241516,0.09216735211959531,low-source / high-pop / lower-income,monitor
05082,Sarria-Sant Gervasi,1,0.0,38615.64533476862,31529.04935263736,0.8849592115182754,0.07657288088610288,low-source / high-pop / lower-income,monitor
07082,Horta-Guinardo,1,0.0,57824.36435933303,17762.043243479126,0.7319793013216548,0.09762001315783307,low-source / high-pop / lower-income,monitor
02082,Eixample,0,1118.7393275671875,12700.233957268414,39915.78160811739,0.8857925439354509,0.11223711164100533,high-source / low-pop / higher-income,defer (park-like)
06082,Gracia,1,0.0,102767.18511810736,26517.289429898785,0.8792155719553875,0.08417277576498237,low-source / high-pop / lower-income,monitor
09082,Sant Andreu,1,34.79407410555128,38047.32003442033,22885.32784353501,0.8596988579598698,0.09438689959777354,low-source / high-pop / lower-income,monitor
10082,Sant Marti,2,157.42535804193292,39881.09070395634,12388.101242104296,0.8055313707176509,0.17941945486339947,high-source / low-pop / lower-income,defer (park-like)
08082,Nou Barris,1,502.23884586162774,79034.1311078616,17512.44250807963,0.723699036993305,0.13377727508983944,low-source / high-pop / lower-income,monitor
05083,Sarria-Sant Gervasi,1,55.07097747045132,35107.74813741272,29750.175010895673,0.848214996886532,0.09310284746080336,low-source / high-pop / lower-income,monitor
06083,Gracia,1,0.0,68669.499703184,26942.285660336496,0.8671128508662524,0.0758205739470892,low-source / high-pop / lower-income,monitor
02083,Eixample,0,642.7762331567002,15139.270809173104,41664.55477597281,0.8862305943882601,0.11231250929192568,high-source / low-pop / higher-income,defer (park-like)
08083,Nou Barris,1,129.9114200573821,45079.26275991159,18062.639966271807,0.7441733353906795,0.11780461472430523,low-source / high-pop / lower-income,monitor
09083,Sant Andreu,1,17.45419128643261,30614.651516402802,22544.64107138624,0.8426054880527493,0.1233108605236392,low-source / high-pop / lower-income,monitor
07083,Horta-Guinardo,1,0.0,63706.92758715028,18282.969111866252,0.7469074853806799,0.10641300069267672,low-source / high-pop / lower-income,monitor
03083,Sants-Montjuic,1,68.9407244119455,46845.22223791697,24216.963736700807,0.8611752123480365,0.08990053324185253,low-source / high-pop / lower-income,monitor
10083,Sant Marti,1,217.81293574581764,51883.04129465376,10216.030888239226,0.8432615779869542,0.15162031366622553,low-source / high-pop / lower-income,monitor
06084,Gracia,1,0.0,55837.9458705617,28510.871748004327,0.849778130467197,0.07072407363937179,low-source / high-pop / lower-income,monitor
02084,Eixample,0,626.1329556142587,29289.10825706699,35525.07777890087,0.8940109496909096,0.09858177294374432,high-source / low-pop / higher-income,defer (park-like)
03084,Sants-Montjuic,1,0.0,56482.4931840497,24250.124443522123,0.8610052973310874,0.08963022865507028,low-source / high-pop / lower-income,monitor
05084,Sarria-Sant Gervasi,1,29.51180706334546,41198.482660430265,33464.43738502066,0.8052744311074089,0.09248989005768025,low-source / high-pop / lower-income,monitor
07084,Horta-Guinardo,2,43.49703510814608,31296.116760311103,21090.320509076766,0.559887063986832,0.16239836156525472,high-source / low-pop / lower-income,defer (park-like)
10084,Sant Marti,2,603.9953733105102,39770.77227336898,14166.716522258906,0.7535915455504364,0.19152283419585098,high-source / low-pop / lower-income,defer (park-like)
09084,Sant Andreu,1,244.88230273678954,53292.51113309382,23096.449219069626,0.8513398514621179,0.10843461240382145,low-source / high-pop / lower-income,monitor
08084,Nou Barris,1,0.0,79591.63442127542,17647.13119484554,0.799971342086792,0.0863826121305101,low-source / high-pop / lower-income,monitor
04084,Les Corts,1,0.0,62861.988926055885,34915.723816598984,0.8556061615703248,0.10734558381849267,low-source / high-pop / lower-income,monitor
06085,Gracia,1,0.0,51577.40446897474,28523.3617933924,0.8497491478919983,0.07066012283696183,low-source / high-pop / lower-income,monitor
05085,Sarria-Sant Gervasi,1,31.853608685882577,43161.63976937089,35125.115396853136,0.8155870180991582,0.08374295284169206,low-source / high-pop / lower-income,monitor
07085,Horta-Guinardo,2,0.0,48598.644607274815,18368.64570789856,0.6683202077958784,0.11380031269211593,high-source / low-pop / lower-income,defer (park-like)
10085,Sant Marti,2,149.73662466008844,55951.58541465305,11891.807861295996,0.7724478970930049,0.1878395846558387,high-source / low-pop / lower-income,defer (park-like)
09085,Sant Andreu,1,150.18442758210313,44679.867205675684,23425.96059512734,0.8597442593615907,0.09802925106710582,low-source / high-pop / lower-income,monitor
08085,Nou Barris,1,0.0,72691.39661876031,17421.623620230264,0.8068918572209999,0.08897710373967045,low-source / high-pop / lower-income,monitor
03085,Sants-Montjuic,1,83.02304908405432,55500.90831269031,24194.53587388033,0.8591676319704413,0.09391664872980236,low-source / high-pop / lower-income,monitor
02085,Eixample,0,859.2789367877991,21813.624939156936,40026.49404484606,0.8875336686163698,0.09494305778464028,high-source / low-pop / higher-income,defer (park-like)
08086,Nou Barris,1,412.90465878559974,67491.1433178644,16967.24054204395,0.8192874623410596,0.09550737112616986,low-source / high-pop / lower-income,monitor
03086,Sants-Montjuic,1,0.0,69948.56399256823,26803.64785957007,0.8489526615109256,0.10362420033403881,low-source / high-pop / lower-income,monitor
09086,Sant Andreu,1,135.94306746043,41136.37221352612,22374.502459693733,0.8505859142923654,0.11560653626266565,low-source / high-pop / lower-income,monitor
02086,Eixample,0,868.610915012639,31009.40966595121,36729.556608586674,0.8861143593658399,0.0968079399625557,high-source / low-pop / higher-income,defer (park-like)
07086,Horta-Guinardo,2,0.0,63731.16371487009,19597.09424894034,0.5318633002489973,0.16065595313280392,high-source / low-pop / lower-income,defer (park-like)
06086,Gracia,1,0.0,46596.78284400182,28511.588942446804,0.8491236533541837,0.07091987797424337,low-source / high-pop / lower-income,monitor
10086,Sant Marti,2,282.38261748220543,33274.085093319874,12991.31903338549,0.757094191801588,0.19233399807795393,high-source / low-pop / lower-income,defer (park-like)
05086,Sarria-Sant Gervasi,1,0.0,48300.699525110125,35417.349279774375,0.8011708471229835,0.09041373275340944,low-source / high-pop / lower-income,monitor
09087,Sant Andreu,1,0.0,78572.68310104986,22090.60640883598,0.8635357618331909,0.10258578145818319,low-source / high-pop / lower-income,monitor
06087,Gracia,1,0.0,43994.99393097466,27279.628825105458,0.8269420956166851,0.08435740696577597,low-source / high-pop / lower-income,monitor
02087,Eixample,0,449.2013586620584,40680.79804383266,35100.076560675836,0.8942346180052305,0.09894757700055097,high-source / low-pop / higher-income,defer (park-like)
05087,Sarria-Sant Gervasi,3,0.0,49708.64695908241,39116.31980643975,0.7269331819913227,0.12235256836903899,high-source / low-pop / higher-income,defer (park-like)
10087,Sant Marti,2,202.74684402940773,30567.98571520301,14169.400906405253,0.8044892210868825,0.15789955203836914,high-source / low-pop / lower-income,defer (park-like)
03087,Sants-Montjuic,1,96.51924009833391,74850.67069625795,27448.538917335685,0.8482630252838135,0.11013965940388516,low-source / high-pop / lower-income,monitor
08087,Nou Barris,1,128.12713557941356,58127.01050786062,16385.17457915423,0.8386990427970886,0.10090157388211082,low-source / high-pop / lower-income,monitor
07087,Horta-Guinardo,2,0.0,38694.37332325475,20065.91922185129,0.5938128009703161,0.13317849451039016,high-source / low-pop / lower-income,defer (park-like)
07088,Horta-Guinardo,2,23.360928115318423,21457.01247391997,19121.4882095829,0.668882512869029,0.10694185187872546,high-source / low-pop / lower-income,defer (park-like)
09088,Sant Andreu,1,433.67686218112965,66786.23677589397,21974.27401807121,0.8550312792785254,0.10844918826689653,low-source / high-pop / lower-income,monitor
05088,Sarria-Sant Gervasi,1,0.0,46144.65590535569,34770.92102196999,0.7668203341446277,0.10459826356353533,low-source / high-pop / lower-income,monitor
02088,Eixample,0,931.3673518015777,32504.720577875058,35489.461664359354,0.8903042694884218,0.09721667366562298,high-source / low-pop / higher-income,defer (park-like)
03088,Sants-Montjuic,1,0.0,72446.88397638057,27436.265037944897,0.8486693583364382,0.10993544987043051,low-source / high-pop / lower-income,monitor
06088,Gracia,1,0.0,52301.349874642634,27050.810817515343,0.853166134625536,0.07819979251557187,low-source / high-pop / lower-income,monitor
10088,Sant Marti,2,122.62231339173283,51440.06046783193,16334.28919988965,0.7782934529893071,0.16778162223615947,high-source / low-pop / lower-income,defer (park-like)
08088,Nou Barris,1,36.990126447327945,49344.82868073548,16371.428276085637,0.8384651695533537,0.1007405896296801,low-source / high-pop / lower-income,monitor
07089,Horta-Guinardo,2,124.60838480484433,13735.678109641687,21729.726126991434,0.6448073771235044,0.13492858016353754,high-source / low-pop / lower-income,defer (park-like)
03089,Sants-Montjuic,1,0.0,53630.70326069109,24937.101313785246,0.8567784168111022,0.08819966717310418,low-source / high-pop / lower-income,monitor
08089,Nou Barris,1,150.12717294015533,61051.71699566317,15315.115038963475,0.8199980504604996,0.08755957754749061,low-source / high-pop / lower-income,monitor
05089,Sarria-Sant Gervasi,1,0.0,27652.822651101917,33361.19609970774,0.7905224724550618,0.09757792482659683,low-source / high-pop / lower-income,monitor
09089,Sant Andreu,1,252.40664157051896,38365.80951871888,22027.703654995643,0.8525453214088325,0.10951700594555376,low-source / high-pop / lower-income,monitor
02089,Eixample,0,896.3533829670499,34490.93121541961,34669.395602285054,0.8861953590199457,0.10208519123451273,high-source / low-pop / higher-income,defer (park-like)
10089,Sant Marti,0,573.5723328632253,55372.371134440575,16317.315451808267,0.7900333631673933,0.1334115516437507,high-source / low-pop / higher-income,defer (park-like)
07090,Horta-Guinardo,2,0.0,1189.9379201353916,23154.84950120093,0.208063915104358,0.25907907095480764,high-source / low-pop / lower-income,defer (park-like)
10090,Sant Marti,0,997.6003871258413,43865.914165333415,16537.493706858368,0.7343496869319671,0.1421129651810767,high-source / low-pop / higher-income,defer (park-like)
02090,Eixample,0,650.9182042888143,33234.02374468889,32366.1819368093,0.8852382884094655,0.11888842361616696,high-source / low-pop / higher-income,defer (park-like)
05090,Sarria-Sant Gervasi,1,0.0,36930.697875122394,32775.099163185616,0.7481030287540225,0.12258181736896334,low-source / high-pop / lower-income,monitor
08090,Nou Barris,1,133.15600494853032,59254.42220209599,16898.650590238907,0.8338979101092475,0.0847735932156693,low-source / high-pop / lower-income,monitor
03090,Sants-Montjuic,1,0.0,34159.65300259839,23828.25468223368,0.8556140543491124,0.08598936700474401,low-source / high-pop / lower-income,monitor
09090,Sant Andreu,1,260.45685360778197,53165.75524268849,21696.670968708262,0.8353049755096436,0.12173440323496834,low-source / high-pop / lower-income,monitor
03091,Sants-Montjuic,1,0.0,40654.18651382327,24909.004748565807,0.8567913510900469,0.08327539667549452,low-source / high-pop / lower-income,monitor
07091,Horta-Guinardo,2,68.4432503698166,10144.81066592615,19266.163633601438,0.470078767999965,0.16077039413818486,high-source / low-pop / lower-income,defer (park-like)
05091,Sarria-Sant Gervasi,1,24.558527968218424,38237.62804651609,31538.979732002692,0.7421976761458317,0.12846988339627097,low-source / high-pop / lower-income,monitor
10091,Sant Marti,2,596.6373645553116,58101.11478645772,15095.708915529553,0.7604968098212269,0.19207841152585256,high-source / low-pop / lower-income,defer (park-like)
09091,Sant Andreu,1,330.4627611582663,76543.43705328343,21802.136723028372,0.8477314009900431,0.10952400243611263,low-source / high-pop / lower-income,monitor
08091,Nou Barris,1,0.0,50333.550536585986,16546.703180868255,0.8370478964536571,0.09595940411566758,low-source / high-pop / lower-income,monitor
02091,Eixample,0,861.2217321657388,16659.25788158101,33377.98955323955,0.8779936653472982,0.11498181745464062,high-source / low-pop / higher-income,defer (park-like)
08092,Nou Barris,2,37.10541277889689,18292.96849999617,19300.409116033676,0.7462386221223627,0.12354675675188342,high-source / low-pop / lower-income,defer (park-like)
03092,Sants-Montjuic,1,0.0,29135.759561107916,25469.438079487485,0.8553616233022125,0.08740796641682065,low-source / high-pop / lower-income,monitor
07092,Horta-Guinardo,2,286.7608497311676,42414.53659205542,19066.19722690271,0.5608509706716156,0.1497371145301527,high-source / low-pop / lower-income,defer (park-like)
02092,Eixample,0,843.0076641967894,32321.27257197052,30600.060545973698,0.8868530970545958,0.12115764283315246,high-source / low-pop / higher-income,defer (park-like)
10092,Sant Marti,1,234.38142922815263,42950.396906058966,25558.706070364817,0.7776375979887876,0.0856751576561312,low-source / high-pop / lower-income,monitor
09092,Sant Andreu,1,169.6098225660288,53511.899019582095,21693.952750041328,0.8345941248140403,0.12151118086378024,low-source / high-pop / lower-income,monitor
05092,Sarria-Sant Gervasi,3,0.0,10130.85521967334,37353.39352625297,0.6420492992436716,0.16050328937299144,high-source / low-pop / higher-income,defer (park-like)
10093,Sant Marti,2,266.5063175293086,11473.798302051286,18700.265377009495,0.7079992465359967,0.1419956255055408,high-source / low-pop / lower-income,defer (park-like)
02093,Eixample,0,557.9362127686691,47870.92705555181,30331.967585672854,0.887839270605731,0.11928109592315046,high-source / low-pop / higher-income,defer (park-like)
07093,Horta-Guinardo,2,381.84011084090974,64287.989570669524,19237.29419626028,0.6338731007393833,0.13504294516186183,high-source / low-pop / lower-income,defer (park-like)
08093,Nou Barris,1,0.0,52596.65849900533,17059.907658553806,0.83089384888925,0.08251033646466464,low-source / high-pop / lower-income,monitor
05093,Sarria-Sant Gervasi,3,106.5109555993349,43527.47718826153,39059.570930931484,0.6329464896187201,0.1701217019443898,high-source / low-pop / higher-income,defer (park-like)
03093,Sants-Montjuic,1,0.0,49814.845190378706,25077.682747105522,0.8567667632389768,0.08290831598393289,low-source / high-pop / lower-income,monitor
09093,Sant Andreu,0,557.390183546682,72070.55073258598,21701.903907940916,0.8355282344919561,0.1216688568168988,high-source / low-pop / higher-income,defer (park-like)
07094,Horta-Guinardo,2,84.841283133457,4913.416918859335,19975.12123706486,0.6633719445930818,0.1333438106369904,high-source / low-pop / lower-income,defer (park-like)
08094,Nou Barris,1,28.167919664054068,41547.681504479755,17123.211639200348,0.8305295237996855,0.0800988303404821,low-source / high-pop / lower-income,monitor
05094,Sarria-Sant Gervasi,3,29.18264912616775,41249.67453983812,42370.6644512983,0.6233883936212371,0.16892173113129805,high-source / low-pop / higher-income,defer (park-like)
10094,Sant Marti,1,125.7170319933235,14858.942103985075,21369.033673068625,0.7678438358476806,0.10423119242814663,low-source / high-pop / lower-income,monitor
03094,Sants-Montjuic,1,0.0,38830.12765901334,25076.470448009266,0.8567711114883423,0.08289439167530872,low-source / high-pop / lower-income,monitor
02094,Eixample,0,1216.9997820331525,38690.45140380398,29852.0227009346,0.8893097043037416,0.12008251856159406,high-source / low-pop / higher-income,defer (park-like)
09094,Sant Andreu,1,297.7317926394536,75884.39064898074,21943.19908175461,0.8326092820983074,0.11293191767563401,low-source / high-pop / lower-income,monitor
07095,Horta-Guinardo,2,0.0,32684.81617461682,20840.31662301516,0.3867924742080216,0.20698809951545122,high-source / low-pop / lower-income,defer (park-like)
09095,Sant Andreu,1,167.38889556663605,63551.98401679949,22311.74329192297,0.861546522530233,0.11403016937173631,low-source / high-pop / lower-income,monitor
03095,Sants-Montjuic,1,36.6630569665843,59540.80451373291,21011.08613907809,0.8589607335888334,0.07989766746751215,low-source / high-pop / lower-income,monitor
08095,Nou Barris,1,47.90352736643579,27903.804690948848,18535.09512511518,0.7787425749281375,0.10796659587217153,low-source / high-pop / lower-income,monitor
10095,Sant Marti,1,146.40507663905743,16487.464015352314,21734.86246151248,0.7974927938254561,0.10020601299516156,low-source / high-pop / lower-income,monitor
05095,Sarria-Sant Gervasi,1,153.52577142942565,67896.77241466349,32730.199360460065,0.7063604767431528,0.14634306501063155,low-source / high-pop / lower-income,monitor
02095,Eixample,0,923.8847614914945,39938.218403903746,28965.217670569764,0.8892646004579645,0.11444562699068159,high-source / low-pop / higher-income,defer (park-like)
02096,Eixample,0,732.039380789613,37464.72973826841,29423.35435293359,0.8892969117065976,0.11272389208778902,high-source / low-pop / higher-income,defer (park-like)
07096,Horta-Guinardo,2,66.08882062250429,19945.606063871794,20919.48828602966,0.545317997186487,0.179324542245939,high-source / low-pop / lower-income,defer (park-like)
05096,Sarria-Sant Gervasi,1,54.77744024701936,63870.495328024575,33395.1247260838,0.7083688588133609,0.14297610664147764,low-source / high-pop / lower-income,monitor
10096,Sant Marti,1,34.743604658559306,19271.119383947564,26880.8778070866,0.7736007479973033,0.12509876943880668,low-source / high-pop / lower-income,monitor
08096,Nou Barris,1,0.0,52385.42704714263,17722.96634511005,0.8051928117999269,0.09241742794732186,low-source / high-pop / lower-income,monitor
03096,Sants-Montjuic,1,0.0,49710.539215514444,21102.15695896726,0.8621798861043761,0.08168770464110761,low-source / high-pop / lower-income,monitor
10097,Sant Marti,2,299.26338381393276,27708.268595478243,26827.03169998313,0.7805156752795092,0.13669923424164201,high-source / low-pop / lower-income,defer (park-like)
02097,Eixample,0,876.2768543571189,45566.39642657018,29104.867356887145,0.8893070816993712,0.10738292546066078,high-source / low-pop / higher-income,defer (park-like)
03097,Sants-Montjuic,1,0.0,72840.28924701462,20879.21713575529,0.858814938270514,0.07975725302725856,low-source / high-pop / lower-income,monitor
07097,Horta-Guinardo,2,7.8446289363810955,528.6073037130645,21611.454753960177,0.3646799226588237,0.24083006176223476,high-source / low-pop / lower-income,defer (park-like)
05097,Sarria-Sant Gervasi,3,0.0,46027.47055173392,37555.282408869105,0.6111532959738825,0.16205184667478478,high-source / low-pop / higher-income,defer (park-like)
08097,Nou Barris,1,18.03775222572989,24657.607292572757,17396.29845101905,0.785480786747231,0.09828941935328403,low-source / high-pop / lower-income,monitor
10098,Sant Marti,0,572.6884249116615,28954.453012445476,26288.174611706156,0.7791549803454197,0.14262307037713248,high-source / low-pop / higher-income,defer (park-like)
02098,Eixample,0,838.0155645508784,42710.859939943104,32013.828950126568,0.8802886056719952,0.09898786219753378,high-source / low-pop / higher-income,defer (park-like)
05098,Sarria-Sant Gervasi,3,0.0,61797.7982010243,36950.15213872379,0.621441727926356,0.159130917848352,high-source / low-pop / higher-income,defer (park-like)
08098,Nou Barris,1,0.0,92176.94455958954,15462.192669618851,0.7778252959251404,0.11432139458358506,low-source / high-pop / lower-income,monitor
07098,Horta-Guinardo,2,146.75879963371852,12099.44770313546,28619.2343934062,0.6847936327360364,0.13996055105576194,high-source / low-pop / lower-income,defer (park-like)
03098,Sants-Montjuic,1,0.0,34934.04909370366,20905.00195635034,0.8485138865805668,0.07761075895353642,low-source / high-pop / lower-income,monitor
03099,Sants-Montjuic,1,0.0,34326.54269713205,22033.85854882861,0.873583600356092,0.08206526310601257,low-source / high-pop / lower-income,monitor
10099,Sant Marti,1,327.7855337771571,28164.3416330065,20913.477021192615,0.787887296900315,0.11597797754889086,low-source / high-pop / lower-income,monitor
07099,Horta-Guinardo,2,0.0,92217.47623212244,24012.569174568216,0.5161640955525669,0.15591161720027177,high-source / low-pop / lower-income,defer (park-like)
08099,Nou Barris,1,0.0,63934.73774511425,16838.800195939446,0.8242117063463759,0.08435815432415011,low-source / high-pop / lower-income,monitor
02099,Eixample,0,928.3136091133692,45876.65965037683,31565.10760092512,0.8815446953601965,0.09933028828983889,high-source / low-pop / higher-income,defer (park-like)
02100,Eixample,0,772.7159574960317,49594.31509019985,30126.845532176092,0.8852780368597885,0.10372177530317656,high-source / low-pop / higher-income,defer (park-like)
03100,Sants-Montjuic,1,18.18632181521664,24678.83870324898,21947.712150458723,0.8757569612607687,0.08970853020497327,low-source / high-pop / lower-income,monitor
08100,Nou Barris,1,0.0,81604.26373764715,16053.503036038252,0.7977501945027133,0.10145093278662344,low-source / high-pop / lower-income,monitor
07100,Horta-Guinardo,2,35.96910283767585,11114.452776841837,22831.510270567564,0.5451862260494825,0.15611066924290745,high-source / low-pop / lower-income,defer (park-like)
10100,Sant Marti,1,399.6642342021603,14121.46960847633,21887.362639475647,0.7875828117635539,0.10820183573269317,low-source / high-pop / lower-income,monitor
03101,Sants-Montjuic,1,0.0,171841.0132670357,22256.870858615646,0.8804429277578456,0.0921700474991008,low-source / high-pop / lower-income,monitor
07101,Horta-Guinardo,2,0.0,3622.518228958965,21106.600945354072,0.519050483635306,0.13127056128532194,high-source / low-pop / lower-income,defer (park-like)
10101,Sant Marti,1,264.1367970406141,9127.958159268916,20622.126690908543,0.7727257149941561,0.10211227090802827,low-source / high-pop / lower-income,monitor
08101,Nou Barris,1,121.33754619167459,53540.192257076415,15462.192669618851,0.7778252959251404,0.11432139458358506,low-source / high-pop / lower-income,monitor
02101,Eixample,0,669.1091564193111,41782.149545294764,31352.919557375004,0.8741217886931609,0.0974133627074669,high-source / low-pop / higher-income,defer (park-like)
02102,Eixample,0,451.89837432307536,44705.66060267567,33719.29635003745,0.8878355474165436,0.09846364154298812,high-source / low-pop / higher-income,defer (park-like)
10102,Sant Marti,1,76.33191450704547,67757.29611075402,17342.32064855696,0.842612957787262,0.12503767731631069,low-source / high-pop / lower-income,monitor
03102,Sants-Montjuic,1,0.0,55076.08697781841,22182.94226786481,0.8808306654254628,0.09125413179008483,low-source / high-pop / lower-income,monitor
07102,Horta-Guinardo,2,0.0,6291.632794341502,20134.61437390779,0.5834069765953755,0.15203535633555582,high-source / low-pop / lower-income,defer (park-like)
08102,Nou Barris,1,110.02599008464098,35868.47276759296,14962.18005997781,0.7945593221556372,0.09268369345814621,low-source / high-pop / lower-income,monitor
03103,Sants-Montjuic,1,0.0,71380.87067994288,21152.0026422759,0.8812197859704708,0.07389315069385136,low-source / high-pop / lower-income,monitor
02103,Eixample,0,627.8992746568453,22225.018075874585,30282.58584364595,0.8639414960476421,0.09677620501804826,high-source / low-pop / higher-income,defer (park-like)
10103,Sant Marti,2,170.95953091607572,37217.889880429684,20698.46047308693,0.7152485039564646,0.13509540715126936,high-source / low-pop / lower-income,defer (park-like)
07103,Horta-Guinardo,2,24.292691176098092,786.8926631943931,20507.919724141087,0.3403377024763821,0.16385843670603575,high-source / low-pop / lower-income,defer (park-like)
08103,Nou Barris,2,182.55209144679466,20091.46841746781,13835.695447719072,0.6997194064109719,0.10897244846047235,high-source / low-pop / lower-income,defer (park-like)
03104,Sants-Montjuic,1,90.4281297955654,43797.35753098551,21577.04600438817,0.8810593564936986,0.0810508635138385,low-source / high-pop / lower-income,monitor
02104,Eixample,0,719.1420583823865,64778.103874290355,31248.718398342156,0.8704492272216869,0.09734036145944008,high-source / low-pop / higher-income,defer (park-like)
10104,Sant Marti,2,411.71607670005017,39267.42081526728,21046.646922865184,0.7330031016394362,0.12838017298953916,high-source / low-pop / lower-income,defer (park-like)
07104,Horta-Guinardo,2,88.47239494887519,24241.436215991802,19441.333093697383,0.6549914375978283,0.12912849181998334,high-source / low-pop / lower-income,defer (park-like)
08104,Nou Barris,1,132.03714109489965,30346.536261644436,14842.76782863406,0.7746389024420293,0.11331424070647976,low-source / high-pop / lower-income,monitor
08105,Nou Barris,1,76.14989428918408,23317.097631348162,15187.062865757614,0.7693513477988,0.10545182647902955,low-source / high-pop / lower-income,monitor
07105,Horta-Guinardo,2,67.60003705691098,25868.28084711127,20695.1924426191,0.6141968723444837,0.15787463220471826,high-source / low-pop / lower-income,defer (park-like)
10105,Sant Marti,2,54.939814023902784,58648.251470516225,20842.258730691636,0.7729561836722254,0.1567638609971483,high-source / low-pop / lower-income,defer (park-like)
03105,Sants-Montjuic,1,32.21993937104871,38148.40821532167,23691.88696100347,0.856836886750785,0.08647121795093483,low-source / high-pop / lower-income,monitor
02105,Eixample,0,472.40985745988297,60996.4492426143,33632.14723393438,0.887390374228869,0.0984901294733555,high-source / low-pop / higher-income,defer (park-like)
07106,Horta-Guinardo,2,289.8837682877497,29809.71417225693,20931.605124122478,0.629686702679985,0.15333771076870067,high-source / low-pop / lower-income,defer (park-like)
02106,Eixample,0,829.1984326284461,38250.12124705413,35003.01434909404,0.8863305063702814,0.09765834160465381,high-source / low-pop / higher-income,defer (park-like)
03106,Sants-Montjuic,1,45.39795380647981,8619.12580125881,24943.97468420711,0.7595212301530553,0.09864494262178439,low-source / high-pop / lower-income,monitor
08106,Nou Barris,2,200.76082983592855,26135.40984773179,13227.90234433477,0.7317407484349513,0.11193879660790575,high-source / low-pop / lower-income,defer (park-like)
10106,Sant Marti,2,460.44848477689396,53463.185176872685,20769.57687593457,0.7861746787940883,0.1658065170652394,high-source / low-pop / lower-income,defer (park-like)
03107,Sants-Montjuic,0,512.9007801151962,21646.74428804362,26719.509702042316,0.8679987789822198,0.08604111076180704,high-source / low-pop / higher-income,defer (park-like)
10107,Sant Marti,2,313.38055592596066,39799.330602597,20954.711809317003,0.7659091598489632,0.14146197645102357,high-source / low-pop / lower-income,defer (park-like)
07107,Horta-Guinardo,2,65.98436715105532,19316.923483471448,24350.082066438095,0.6749640395685385,0.11965435669263705,high-source / low-pop / lower-income,defer (park-like)
08107,Nou Barris,2,37.77270164304309,6027.893637202294,13118.022300116661,0.6127650379690541,0.11578948743395745,high-source / low-pop / lower-income,defer (park-like)
02107,Eixample,0,712.7814921716824,35250.2847037632,36235.60694292925,0.880904247620688,0.09708000011925362,high-source / low-pop / higher-income,defer (park-like)
02108,Eixample,0,383.54464296155214,30263.498732728185,38751.307482097356,0.8744865149666785,0.09571551317413957,high-source / low-pop / higher-income,defer (park-like)
08108,Nou Barris,2,0.0,4022.30119387141,12723.175459893439,0.39121950350586737,0.17858600323427573,high-source / low-pop / lower-income,defer (park-like)
07108,Horta-Guinardo,2,21.209379413178233,26829.864957670463,23364.174049185614,0.6664914806860065,0.12211875749977845,high-source / low-pop / lower-income,defer (park-like)
10108,Sant Marti,2,324.0158329134643,62766.49563295108,20823.596194802227,0.783632960295959,0.16508147586483155,high-source / low-pop / lower-income,defer (park-like)
03108,Sants-Montjuic,0,565.2834719300147,40552.9447254141,23806.97793908408,0.8548995256423949,0.08596811065315706,high-source / low-pop / higher-income,defer (park-like)
08109,Nou Barris,2,0.0,819.7260344599024,12977.753987883272,0.18157370721981933,0.2453952556229881,high-source / low-pop / lower-income,defer (park-like)
03109,Sants-Montjuic,1,303.9719956870359,43606.16447219479,25360.612690929876,0.877894802168596,0.08802482189833256,low-source / high-pop / lower-income,monitor
07109,Horta-Guinardo,2,0.0,34665.96205144957,21207.484084518794,0.6472635762790961,0.14113500001624382,high-source / low-pop / lower-income,defer (park-like)
10109,Sant Marti,2,420.8172695310971,35809.54574533669,20301.129911975062,0.77885309559919,0.16667135491798393,high-source / low-pop / lower-income,defer (park-like)
02109,Eixample,1,190.77614792684602,42581.23621727203,39485.97246737535,0.8722925410396207,0.09541021176820837,low-source / high-pop / lower-income,monitor
07110,Horta-Guinardo,2,336.4097062052626,16147.665897852605,24154.646847440614,0.6466925489740898,0.1357735235603144,high-source / low-pop / lower-income,defer (park-like)
08110,Nou Barris,2,0.0,20156.067430581235,10761.29204258866,0.6070785353744348,0.1363379032594014,high-source / low-pop / lower-income,defer (park-like)
02110,Eixample,0,363.01752461388713,17044.939120824143,31821.692502472062,0.8678703301533275,0.10229197425662229,high-source / low-pop / higher-income,defer (park-like)
03110,Sants-Montjuic,1,274.0495320003699,35850.661504412026,26308.022452375066,0.8860204059799317,0.09116405048746146,low-source / high-pop / lower-income,monitor
10110,Sant Marti,2,350.3436356052401,31530.92720447161,20850.226373226607,0.7383067195204809,0.1537815738318919,high-source / low-pop / lower-income,defer (park-like)
08111,Nou Barris,2,0.0,26824.40439221352,10731.674835834521,0.6033666891493706,0.13947412500186745,high-source / low-pop / lower-income,defer (park-like)
02111,Eixample,0,665.5735691581051,54771.158295302404,32483.198241027927,0.8570496987892807,0.1147429534248678,high-source / low-pop / higher-income,defer (park-like)
07111,Horta-Guinardo,2,457.22229073432777,9591.507610071232,23596.369170149726,0.6034801569599892,0.16791737230202347,high-source / low-pop / lower-income,defer (park-like)
03111,Sants-Montjuic,0,552.1877183556012,56535.52716394655,26905.408195040603,0.8791607698119758,0.08734734802241335,high-source / low-pop / higher-income,defer (park-like)
10111,Sant Marti,0,556.9443091049247,49011.09920123338,19681.842113455757,0.7329298889838518,0.13583068502282855,high-source / low-pop / higher-income,defer (park-like)
03112,Sants-Montjuic,1,236.4919882137174,64055.5442361726,27120.71720629543,0.8792283180123474,0.09144122575318184,low-source / high-pop / lower-income,monitor
02112,Eixample,0,358.88720920210153,50363.838358028246,33241.100341297235,0.8374021168666539,0.12901157212159264,high-source / low-pop / higher-income,defer (park-like)
08112,Nou Barris,2,0.0,47429.278007646186,11603.933844572124,0.6522072036550124,0.12002785904924898,high-source / low-pop / lower-income,defer (park-like)
07112,Horta-Guinardo,2,31.47106572432711,14067.566378774218,22654.657109730168,0.6511545773733065,0.1487171984867904,high-source / low-pop / lower-income,defer (park-like)
10112,Sant Marti,1,275.6561598073941,82090.40439064195,22005.176064221883,0.6980362799710709,0.11451066679120808,low-source / high-pop / lower-income,monitor
07113,Horta-Guinardo,2,0.0,64324.31349395868,22529.09343296311,0.6805567805066275,0.13763704299287627,high-source / low-pop / lower-income,defer (park-like)
08113,Nou Barris,2,0.0,50955.58697514684,11091.42985975704,0.6289509533128198,0.12973206459865827,high-source / low-pop / lower-income,defer (park-like)
03113,Sants-Montjuic,1,174.19242007158556,34729.61375177237,29497.29116754493,0.8595638559390806,0.0987541714730968,low-source / high-pop / lower-income,monitor
02113,Eixample,1,168.36857746002718,63418.830843276904,31375.92880660143,0.8666892534630664,0.10397481863487519,low-source / high-pop / lower-income,monitor
10113,Sant Marti,1,267.12702647516494,25438.712213558018,21651.949056443962,0.6954829847612946,0.09892135643791049,low-source / high-pop / lower-income,monitor
10114,Sant Marti,1,37.581953068237794,60356.6166275899,19641.55636247165,0.7335821238910732,0.1365585811207984,low-source / high-pop / lower-income,monitor
02114,Eixample,1,166.7916038168335,45144.92743308959,30120.93850202756,0.8538247046720912,0.09932286116710787,low-source / high-pop / lower-income,monitor
07114,Horta-Guinardo,1,0.0,37173.12042056499,23110.29868386726,0.7476118677639163,0.1136706725569314,low-source / high-pop / lower-income,monitor
03114,Sants-Montjuic,0,373.49318822892184,45192.67577569954,30847.952487584793,0.8672064256406963,0.12077093757181512,high-source / low-pop / higher-income,defer (park-like)
08114,Nou Barris,1,0.0,27298.768214275464,11866.120773387052,0.7090850974706373,0.08056281184262824,low-source / high-pop / lower-income,monitor
02115,Eixample,1,56.28049474997278,84814.70558820898,29627.409788482855,0.8597643604414807,0.09685896434151274,low-source / high-pop / lower-income,monitor
07115,Horta-Guinardo,1,0.0,29504.665105737946,23651.021107892644,0.7889510232845423,0.0991861854357839,low-source / high-pop / lower-income,monitor
10115,Sant Marti,2,186.19656674547647,11657.524178847221,19927.26500154872,0.6460932321510625,0.13584133431081388,high-source / low-pop / lower-income,defer (park-like)
08115,Nou Barris,1,0.0,33045.614795270056,11857.065146790801,0.7242292520004905,0.0963944295072529,low-source / high-pop / lower-income,monitor
08116,Nou Barris,2,3.2581948723553675,2345.9003080958646,12926.45670697833,0.5252542203212807,0.11721967903852991,high-source / low-pop / lower-income,defer (park-like)
02116,Eixample,1,55.91423947823256,55970.15371771079,29802.921142266972,0.867877102616429,0.09690152720283546,low-source / high-pop / lower-income,monitor
10116,Sant Marti,2,22.044508359674996,42678.168184330796,18792.957474485047,0.6086759829229202,0.17541919048476742,high-source / low-pop / lower-income,defer (park-like)
07116,Horta-Guinardo,1,0.0,61787.85256196867,22698.947589327257,0.7427619495674231,0.11523927446396033,low-source / high-pop / lower-income,monitor
10117,Sant Marti,2,335.25640327449094,71856.62243516589,18302.05710786414,0.6081786155700684,0.19377856755698303,high-source / low-pop / lower-income,defer (park-like)
07117,Horta-Guinardo,1,225.77869150248426,103406.6407081378,21755.880840532118,0.7016030283280942,0.1288644890499742,low-source / high-pop / lower-income,monitor
02117,Eixample,1,448.02752500214365,68492.20788470272,29604.806099367728,0.8588184118270874,0.09641680011851349,low-source / high-pop / lower-income,monitor
07118,Horta-Guinardo,1,0.0,29033.662033569228,22655.62220636632,0.7675704834872028,0.10337598162191756,low-source / high-pop / lower-income,monitor
10118,Sant Marti,0,1204.075941695378,57394.28655414636,18749.42327745798,0.7338662070378882,0.17261425129423288,high-source / low-pop / higher-income,defer (park-like)
02118,Eixample,1,265.26019169198986,34869.65792605612,29757.78423596661,0.8774998259094634,0.09922953999003298,low-source / high-pop / lower-income,monitor
07119,Horta-Guinardo,1,0.0,49175.91706734659,19980.01314918855,0.7409999573478906,0.09693494048336786,low-source / high-pop / lower-income,monitor
02119,Eixample,1,0.0,71883.4010153976,30078.72043148132,0.8820800426948848,0.09750848465392536,low-source / high-pop / lower-income,monitor
10119,Sant Marti,2,444.80784245798515,68444.80675822246,18828.586590396786,0.7561071515083313,0.16886913710071894,high-source / low-pop / lower-income,defer (park-like)
07120,Horta-Guinardo,1,0.0,21722.055765238096,20069.31878049919,0.7381515185409157,0.09876224756258402,low-source / high-pop / lower-income,monitor
02120,Eixample,1,111.13830964323094,65849.44846361433,30075.007150750953,0.8819073931280063,0.09750540310911489,low-source / high-pop / lower-income,monitor
10120,Sant Marti,0,1259.110270766486,30741.66153394482,19565.338737559385,0.7266250755022914,0.18127287657482016,high-source / low-pop / higher-income,defer (park-like)
07121,Horta-Guinardo,1,0.0,66519.93530981008,20087.351206592502,0.7404322330843724,0.09781472755683704,low-source / high-pop / lower-income,monitor
02121,Eixample,1,321.3346754498112,31466.080142123817,30078.349814276793,0.8820670017519838,0.09751056271966127,low-source / high-pop / lower-income,monitor
10121,Sant Marti,2,376.1157013476771,30521.789164363996,20352.857185843623,0.7141240383540458,0.16558325027597073,high-source / low-pop / lower-income,defer (park-like)
10122,Sant Marti,2,791.88188672419,24978.709079060867,20540.95794645973,0.6979987098333945,0.19012248872552848,high-source / low-pop / lower-income,defer (park-like)
02122,Eixample,1,55.83300410026897,61527.97051849641,29596.187227321527,0.8590442516479316,0.09676631456261893,low-source / high-pop / lower-income,monitor
07122,Horta-Guinardo,2,18.43958298309776,26387.043248812894,23040.246159444167,0.7243831322319099,0.12229359063115258,high-source / low-pop / lower-income,defer (park-like)
02123,Eixample,1,168.72998037934497,64229.87919773732,29313.54385813512,0.8455483317375183,0.09633003681667106,low-source / high-pop / lower-income,monitor
07123,Horta-Guinardo,2,171.6543739278864,42570.284734115834,21468.391513288065,0.6406650036342637,0.15445029213556097,high-source / low-pop / lower-income,defer (park-like)
10123,Sant Marti,2,51.02119670500186,68827.5943550475,19934.462217215456,0.7247925049603808,0.17927721471802474,high-source / low-pop / lower-income,defer (park-like)
02124,Eixample,1,55.611448178407926,63841.942508812295,29313.54385813512,0.8455483317375183,0.09633003681667106,low-source / high-pop / lower-income,monitor
10124,Sant Marti,1,148.2225585486213,51828.48797250125,17582.166867566517,0.8166068530339169,0.13943959430320935,low-source / high-pop / lower-income,monitor
10125,Sant Marti,2,164.60109021990928,45759.10308113478,17228.951380125804,0.7316285576181286,0.19481294826930717,high-source / low-pop / lower-income,defer (park-like)
02125,Eixample,1,146.20219626687214,61733.87737368676,30291.471312517955,0.8589125745119551,0.11160236145058364,low-source / high-pop / lower-income,monitor
10126,Sant Marti,2,304.47807937547424,73683.69520886477,17661.266583573048,0.6992916273521834,0.21146666211449272,high-source / low-pop / lower-income,defer (park-like)
02126,Eixample,0,534.1088282741008,49071.24859768301,30136.35184638013,0.858522666542911,0.10937629815908466,high-source / low-pop / higher-income,defer (park-like)
02127,Eixample,1,90.44846227142338,18436.411559658467,29010.818746157656,0.847935470964557,0.09464026663683407,low-source / high-pop / lower-income,monitor
10127,Sant Marti,2,168.8559125598685,28170.79474540473,20278.61247585637,0.6641237903974917,0.213553230999986,high-source / low-pop / lower-income,defer (park-like)
02128,Eixample,1,277.9380705312213,62165.48177548317,29198.275551382252,0.8454209932723145,0.09951479465435313,low-source / high-pop / lower-income,monitor
10128,Sant Marti,2,222.64294634857507,43804.999694082144,20504.318450548224,0.6220116153586235,0.23700253092264692,high-source / low-pop / lower-income,defer (park-like)
10129,Sant Marti,2,272.68607295314627,61299.82919986728,19955.97934279731,0.6334855236416087,0.23412039043484964,high-source / low-pop / lower-income,defer (park-like)
02129,Eixample,1,97.93672785753826,51482.07327711261,28899.49321246217,0.8442290553403515,0.10556680954340182,low-source / high-pop / lower-income,monitor
10130,Sant Marti,2,703.8234790317722,35022.25631662098,19950.018131378434,0.6352298053117822,0.2321568667002892,high-source / low-pop / lower-income,defer (park-like)
02130,Eixample,1,149.2832919598208,31946.624479401653,28678.15720763695,0.8420655467061652,0.10239591748160687,low-source / high-pop / lower-income,monitor
02131,Eixample,1,54.90960658853679,64738.42616788488,26001.375921480496,0.7793822634244213,0.09818828991747731,low-source / high-pop / lower-income,monitor
10131,Sant Marti,2,315.29176895343835,39647.939945894876,19880.39553424929,0.6150772294857056,0.22658110960614525,high-source / low-pop / lower-income,defer (park-like)
10132,Sant Marti,2,988.5579306651941,35192.66233168091,20112.144211754752,0.6176125742944658,0.23171422238551734,high-source / low-pop / lower-income,defer (park-like)
02132,Eixample,1,342.01431595462407,59111.47427415753,28643.218765579644,0.8375811243213217,0.10691333234011445,low-source / high-pop / lower-income,monitor
10133,Sant Marti,2,537.4313630608613,41335.48179368103,17997.108950608203,0.6733004936146357,0.14286684416049394,high-source / low-pop / lower-income,defer (park-like)
02133,Eixample,1,39.7824174392031,34769.832841863514,28906.326398303736,0.8433772921562195,0.10778228079492692,low-source / high-pop / lower-income,monitor
02134,Eixample,1,154.90317724495588,78226.10450870273,28906.326398303736,0.8433772921562195,0.10778228079492694,low-source / high-pop / lower-income,monitor
10134,Sant Marti,2,0.0,55589.364295725725,18031.41519023145,0.6629082732031885,0.14685670176479593,high-source / low-pop / lower-income,defer (park-like)
10135,Sant Marti,2,315.3505446627344,6627.893903613261,17798.016195011736,0.7368963329495968,0.1005282349863462,high-source / low-pop / lower-income,defer (park-like)
02135,Eixample,1,281.15817067018855,58452.78368233219,26829.324344740966,0.8740923398872982,0.10612168305241276,low-source / high-pop / lower-income,monitor
10136,Sant Marti,0,1481.1038962946766,79926.71383218773,16313.482716698094,0.7507836518466285,0.17933829610944985,high-source / low-pop / higher-income,defer (park-like)
02136,Eixample,1,210.4638629506627,62577.92191733038,27567.31780371318,0.8631948436470769,0.10670851999491714,low-source / high-pop / lower-income,monitor
10137,Sant Marti,1,93.67749346288021,5876.461224536832,17002.10086449138,0.7743179733566994,0.07595206270300192,low-source / high-pop / lower-income,monitor
02137,Eixample,0,478.23719328842463,55291.577039423246,26800.947267876105,0.8881258808970653,0.10338751747229108,high-source / low-pop / higher-income,defer (park-like)
02138,Eixample,1,228.67385619341476,50384.472981282386,29570.237866291307,0.8836342931910084,0.09914621241260145,low-source / high-pop / lower-income,monitor
10138,Sant Marti,2,239.04827583372045,29411.79156739331,15505.314202686486,0.7701524675590188,0.13258084942697987,high-source / low-pop / lower-income,defer (park-like)
10139,Sant Marti,0,1565.76861410692,96909.89315168902,17228.800400825734,0.7209886996222317,0.19594462041267102,high-source / low-pop / higher-income,defer (park-like)
02139,Eixample,1,267.04149725396326,58181.66621420724,29113.079266481804,0.889247796058892,0.10730002489572465,low-source / high-pop / lower-income,monitor
10140,Sant Marti,2,454.3823568220736,49385.68240709912,16707.667736354015,0.7280622098354428,0.1790226550635602,high-source / low-pop / lower-income,defer (park-like)
02140,Eixample,1,307.0621904494661,53149.67369234395,27515.065672210203,0.8846388462612145,0.11314848102574993,low-source / high-pop / lower-income,monitor
10141,Sant Marti,2,602.8151226493986,28985.36048072525,17227.41798304208,0.7117332220077515,0.2071836474804877,high-source / low-pop / lower-income,defer (park-like)
02141,Eixample,1,167.78730681309727,68848.72489564092,25753.54658657405,0.890001118183136,0.10526158081342146,low-source / high-pop / lower-income,monitor
02142,Eixample,0,811.6346209692434,55359.078630247015,26603.389512487265,0.8779610740612056,0.1251907021906873,high-source / low-pop / higher-income,defer (park-like)
10142,Sant Marti,2,457.9041949717378,27411.092498997823,16486.102836244267,0.7440627601816533,0.18116430329211677,high-source / low-pop / lower-income,defer (park-like)
10143,Sant Marti,1,41.66686736033178,38271.01767046474,15485.683254742082,0.7666047962554273,0.126222345174984,low-source / high-pop / lower-income,monitor
02143,Eixample,0,391.4530801010182,44541.768328637285,28038.762952237466,0.8763883749107485,0.1281839221041224,high-source / low-pop / higher-income,defer (park-like)
02144,Eixample,0,1166.3849417695305,39733.15660332292,27328.358844747152,0.8692952601173558,0.14058753635422086,high-source / low-pop / higher-income,defer (park-like)
02145,Eixample,0,1320.3203050619547,33693.558554177194,27133.477268274048,0.869936062382301,0.13926169915221578,high-source / low-pop / higher-income,defer (park-like)
02146,Eixample,0,1481.1407383021535,64761.60193679761,25887.51847249499,0.7878409963278799,0.1153745623447362,high-source / low-pop / higher-income,defer (park-like)
02147,Eixample,1,391.9316723574469,59713.58979560245,25765.44051384283,0.8826571183365767,0.10572493172382345,low-source / high-pop / lower-income,monitor
02148,Eixample,1,366.94049242005633,14686.793209112753,25773.25320731243,0.7789288977877682,0.10554670023307401,low-source / high-pop / lower-income,monitor
02149,Eixample,0,782.5727163470405,31169.704787269355,25911.39128344824,0.740878104296391,0.11209019953667108,high-source / low-pop / higher-income,defer (park-like)
02150,Eixample,1,403.03791692162383,31882.42048069477,24267.586194843698,0.7800694808423028,0.06996587966841972,low-source / high-pop / lower-income,monitor
02151,Eixample,0,744.4183529320372,49940.76167713624,25787.184570070447,0.8118657030628846,0.1194869472515479,high-source / low-pop / higher-income,defer (park-like)
02152,Eixample,0,999.8146363616275,62388.43330896556,25598.465286145543,0.8771582545103771,0.12366949734791831,high-source / low-pop / higher-income,defer (park-like)
02153,Eixample,1,56.00124197517576,78793.7474590723,25575.012838394752,0.8852722644805908,0.12418926954904236,low-source / high-pop / lower-income,monitor
02154,Eixample,1,390.1560487560087,50476.438807808634,22321.1217541136,0.8784341223525246,0.09086440154948731,low-source / high-pop / lower-income,monitor
02155,Eixample,1,313.08751670644597,56856.69303389059,23258.109549268826,0.8816596675070618,0.10277777346135968,low-source / high-pop / lower-income,monitor
02156,Eixample,1,223.7506040379051,73613.94872847079,24529.550603401898,0.8781269182381931,0.1184451733854087,low-source / high-pop / lower-income,monitor
09156,Sant Andreu,1,0.0,121143.30278806668,22355.33106296078,0.6426338603613212,0.15378912873691214,low-source / high-pop / lower-income,monitor
02157,Eixample,1,225.5060400665067,72387.43886134865,25521.998451786538,0.8839293733467326,0.12383211734668534,low-source / high-pop / lower-income,monitor
02158,Eixample,1,251.91415614756448,46912.01396703534,25582.238102980547,0.8841465512614864,0.12436769695617285,low-source / high-pop / lower-income,monitor
02159,Eixample,0,1269.7724473654723,48948.48297099056,26329.296883768937,0.8777145915929555,0.1319143644118316,high-source / low-pop / higher-income,defer (park-like)
02160,Eixample,0,1123.3993346520501,52000.90697956045,27039.37542473847,0.8795518107425088,0.13299507106526215,high-source / low-pop / higher-income,defer (park-like)
02161,Eixample,1,335.4314542369997,64291.028728758276,26404.72747431743,0.884926433363744,0.12506238654107318,low-source / high-pop / lower-income,monitor
02162,Eixample,1,337.5254908654474,78305.91388078379,26759.295990715847,0.8911380171775818,0.1240539583093596,low-source / high-pop / lower-income,monitor
02163,Eixample,0,854.0973274233969,45669.086507521635,27672.871192564333,0.8905979431719343,0.122880815898423,high-source / low-pop / higher-income,defer (park-like)
02164,Eixample,0,721.0092045923676,25470.43385788255,23896.621355643194,0.8810146145935089,0.09876954882936254,high-source / low-pop / higher-income,defer (park-like)
02165,Eixample,0,560.7796980865169,48731.75576371831,26376.655409380754,0.8909376242051991,0.12255139954056384,high-source / low-pop / higher-income,defer (park-like)
02166,Eixample,0,700.9836407078116,43275.43123075578,24117.92674703543,0.8882316070758501,0.11406946701749916,high-source / low-pop / higher-income,defer (park-like)
02167,Eixample,1,196.89847266962636,63120.02466723451,25226.95161657099,0.875989891285967,0.12168783258882969,low-source / high-pop / lower-income,monitor
02168,Eixample,0,467.581261948188,37406.50095585504,24395.945309484676,0.877094564131065,0.11826423823848523,high-source / low-pop / higher-income,defer (park-like)
02169,Eixample,0,1581.5522427960186,42341.20565801271,17009.389707030532,0.8886982015837981,0.09613709568869473,high-source / low-pop / higher-income,defer (park-like)
02170,Eixample,0,1249.1388301983698,48653.957436226505,17434.10231866762,0.8868644273401807,0.09157040407577735,high-source / low-pop / higher-income,defer (park-like)
02171,Eixample,0,1141.8977912201092,58058.36582234743,19523.535912783907,0.8856159243666999,0.09436192146062848,high-source / low-pop / higher-income,defer (park-like)
02172,Eixample,0,925.768246875975,42136.482024476194,21756.227282426957,0.8807271885166404,0.11006861901789516,high-source / low-pop / higher-income,defer (park-like)
02173,Eixample,0,572.2262626080832,47749.102579852275,22650.147425303443,0.8815614034542528,0.1092128148825028,high-source / low-pop / higher-income,defer (park-like)
03211,Sants-Montjuic,2,209.790315104518,64825.20736729606,17529.977393702484,0.7318287256077415,0.14431827963447938,high-source / low-pop / lower-income,defer (park-like)
03212,Sants-Montjuic,2,0.0,63858.72887775051,18732.67642289873,0.7066254019737244,0.1602022237953861,high-source / low-pop / lower-income,defer (park-like)
03213,Sants-Montjuic,1,0.0,154635.82318582185,19154.60763096804,0.7242723907933601,0.1406460372782435,low-source / high-pop / lower-income,monitor
08215,Nou Barris,2,305.71208314014444,19306.89386600451,18373.01501405814,0.6859280997219174,0.13993209369690823,high-source / low-pop / lower-income,defer (park-like)
10234,Sant Marti,1,0.0,53405.40050350641,22359.029322657694,0.7575767065581325,0.0896592877661777,low-source / high-pop / lower-income,monitor
10235,Sant Marti,2,193.42559176791332,18323.851060146986,23064.982635939512,0.6320725178711929,0.16427299458252034,high-source / low-pop / lower-income,defer (park-like)
10236,Sant Marti,2,312.3036820200861,49968.58912321378,22481.090882922297,0.6800435851439915,0.14461400043314152,high-source / low-pop / lower-income,defer (park-like)
10237,Sant Marti,1,318.84188000487734,19321.817928295564,17268.551313559587,0.8432689961815991,0.12370498754712098,low-source / high-pop / lower-income,monitor
