{
"type": "FeatureCollection",
"name": "grid_trees",
"crs": { "type": "name", "properties": { "name": "urn:ogc:def:crs:EPSG::25831" } },
"features": [
{ "type": "Feature", "properties": { "cell_id": "C007_031", "tree_count": 11, "species_list": [ "Cupressus sempervirens", "Ficus carica", "Quercus ilex", "Quercus robur", "Robinia pseudoacacia" ], "district_name": "SARRIÀ - SANT GERVASI", "barri_name": "VALLVIDRERA, EL TIBIDABO I LES PLANES", "dominant_myco_type": "EM", "am_pct": 9.09, "em_pct": 45.45, "nm_pct": 45.45, "am_blindness_flag": false, "trees_young_pct": 9.09, "cell_x0": 423600, "cell_y0": 4586400 }, "geometry": { "type": "Polygon", "coordinates": [ [ [ 424000.0, 4586400.0 ], [ 424000.0, 4586800.0 ], [ 423600.0, 4586800.0 ], [ 423600.0, 4586400.0 ], [ 424000.0, 4586400.0 ] ] ] } },
{ "type": "Feature", "properties": { "cell_id": "C008_031", "tree_count": 21, "species_list": [ "Celtis australis", "Platanus × acerifolia", "Platycladus orientalis", "Prunus cerasifera", "Robinia pseudoacacia" ], "district_name": "SARRIÀ - SANT GERVASI", "barri_name": "VALLVIDRERA, EL TIBIDABO I LES PLANES", "dominant_myco_type": "AM", "am_pct": 80.95, "em_pct": 0.0, "nm_pct": 19.05, "am_blindness_flag": true, "trees_young_pct": 0.0, "cell_x0": 424000, "cell_y0": 4586400 }, "geometry": { "type": "Polygon", "coordinates": [ [ [ 424400.0, 4586400.0 ], [ 424400.0, 4586800.0 ], [ 424000.0, 4586800.0 ], [ 424000.0, 4586400.0 ], [ 424400.0, 4586400.0 ] ] ] } },
{ "type": "Feature", "properties": { "cell_id": "C009_027", "tree_count": 3, "species_list": [ "Ficus carica", "Quercus ilex" ], "district_name": "SARRIÀ - SANT GERVASI", "barri_name": "VALLVIDRERA, EL TIBIDABO I LES PLANES", "dominant_myco_type": "EM", "am_pct": 33.33, "em_pct": 66.67, "nm_pct": 0.0, "am_blindness_flag": false, "trees_young_pct": 0.0, "cell_x0": 424400, "cell_y0": 4584800 }, "geometry": { "type": "Polygon", "coordinates": [ [ [ 424800.0, 4584800.0 ], [ 424800.0, 4585200.0 ], [ 424400.0, 4585200.0 ], [ 424400.0, 4584800.0 ], [ 424800.0, 4584800.0 ] ] ] } },
{ "type": "Feature", "properties": { "cell_id": "C009_028", "tree_count": 63, "species_list": [ "Acer campestre 'Pyramidale'", "Acer platanoides", "Acer saccharinum", "Celtis australis", "Cupressus cashmeriana", "Cupressus sempervirens", "Cupressus sempervirens 'Stricta'", "Hesperocyparis macrocarpa", "Platanus × acerifolia", "Prunus cerasifera", "Quercus ilex", "Robinia pseudoacacia" ], "district_name": "SARRIÀ - SANT GERVASI", "barri_name": "VALLVIDRERA, EL TIBIDABO I LES PLANES", "dominant_myco_type": "AM", "am_pct": 73.02, "em_pct": 11.11, "nm_pct": 15.87, "am_blindness_flag": false, "trees_young_pct": 1.59, "cell_x0": 424400, "cell_y0": 4585200 }, "geometry": { "type": "Polygon", "coordinates": [ [ [ 424800.0, 4585200.0 ], [ 424800.0, 4585600.0 ], [ 424400.0, 4585600.0 ], [ 424400.0, 4585200.0 ], [ 424800.0, 4585200.0 ] ] ] } },
{ "type": "Feature", "properties": { "cell_id": "C009_029", "tree_count": 55, "species_list": [ "Acer campestre 'Pyramidale'", "Acer saccharinum", "Aesculus hippocastanum", "Celtis australis", "Fraxinus angustifolia", "Populus x canadensis", "Quercus ilex", "Quercus robur", "Robinia pseudoacacia", "Robinia pseudoacacia 'Bessoniana'", "Styphnolobium japonicum", "Tipuana tipu" ], "district_name": "SARRIÀ - SANT GERVASI", "barri_name": "VALLVIDRERA, EL TIBIDABO I LES PLANES", "dominant_myco_type": "NM", "am_pct": 40.0, "em_pct": 7.27, "nm_pct": 52.73, "am_blindness_flag": false, "trees_young_pct": 1.82, "cell_x0": 424400, "cell_y0": 4585600 }, "geometry": { "type": "Polygon", "coordinates": [ [ [ 424800.0, 4585600.0 ], [ 424800.0, 4586000.0 ], [ 424400.0, 4586000.0 ], [ 424400.0, 4585600.0 ], [ 424800.0, 4585600.0 ] ] ] } },
{ "type": "Feature", "properties": { "cell_id": "C010_018", "tree_count": 6, "species_list": [ "Celtis australis", "Pinus pinea", "Platanus × acerifolia" ], "district_name": "LES CORTS", "barri_name": "PEDRALBES", "dominant_myco_type": "AM", "am_pct": 50.0, "em_pct": 50.0, "nm_pct": 0.0, "am_blindness_flag": false, "trees_young_pct": 0.0, "cell_x0": 424800, "cell_y0": 4581200 }, "geometry": { "type": "Polygon", "coordinates": [ [ [ 425200.0, 4581200.0 ], [ 425200.0, 4581600.0 ], [ 424800.0, 4581600.0 ], [ 424800.0, 4581200.0 ], [ 425200.0, 4581200.0 ] ] ] } },
{ "type": "Feature", "properties": { "cell_id": "C010_019", "tree_count": 204, "species_list": [ "Brachychiton populneus", "Celtis australis", "Cupressus sempervirens", "Ligustrum lucidum", "Liquidambar styraciflua", "Olea europaea", "Phoenix canariensis", "Pinus halepensis", "Pinus pinea", "Platanus × acerifolia", "Populus alba", "Populus alba 'Pyramidalis'", "Populus nigra 'Italica'", "Prunus amygdalus", "Quercus robur", "Ulmus pumila", "Washingtonia filifera" ], "district_name": "LES CORTS", "barri_name": "PEDRALBES", "dominant_myco_type": "AM", "am_pct": 57.35, "em_pct": 28.43, "nm_pct": 14.22, "am_blindness_flag": false, "trees_young_pct": 2.94, "cell_x0": 424800, "cell_y0": 4581600 }, "geometry": { "type": "Polygon", "coordinates": [ [ [ 425200.0, 4581600.0 ], [ 425200.0, 4582000.0 ], [ 424800.0, 4582000.0 ], [ 424800.0, 4581600.0 ], [ 425200.0, 4581600.0 ] ] ] } },
{ "type": "Feature", "properties": { "cell_id": "C010_020", "tree_count": 47, "species_list": [ "Brachychiton populneus", "Celtis australis", "Cercis siliquastrum", "Olea europaea", "Phytolacca dioica", "Pinus halepensis", "Populus alba 'Pyramidalis'", "Prunus amygdalus", "Prunus armeniaca", "Pyrus calleryana 'Chanticleer'", "Schinus molle", "Styphnolobium japonicum", "Tipuana tipu", "Ulmus pumila" ], "district_name": "LES CORTS", "barri_name": "PEDRALBES", "dominant_myco_type": "AM", "am_pct": 78.72, "em_pct": 2.13, "nm_pct": 19.15, "am_blindness_flag": false, "trees_young_pct": 4.26, "cell_x0": 424800, "cell_y0": 4582000 }, "geometry": { "type": "Polygon", "coordinates": [ [ [ 425200.0, 4582000.0 ], [ 425200.0, 4582400.0 ], [ 424800.0, 4582400.0 ], [ 424800.0, 4582000.0 ], [ 425200.0, 4582000.0 ] ] ] } },
{ "type": "Feature", "properties": { "cell_id": "C010_021", "tree_count": 91, "species_list": [ "Aesculus hippocastanum", "Casuarina cunninghamiana", "Celtis australis", "Grevillea robusta", "Pyrus calleryana 'Chanticleer'", "Tilia x europaea", "Tipuana tipu", "Ulmus pumila" ], "district_name": "LES CORTS", "barri_name": "PEDRALBES", "dominant_myco_type": "AM", "am_pct": 92.31, "em_pct": 0.0, "nm_pct": 7.69, "am_blindness_flag": true, "trees_young_pct": 5.49, "cell_x0": 424800, "cell_y0": 4582400 }, "geometry": { "type": "Polygon", "coordinates": [ [ [ 425200.0, 4582400.0 ], [ 425200.0, 4582800.0 ], [ 424800.0, 4582800.0 ], [ 424800.0, 4582400.0 ], [ 425200.0, 4582400.0 ] ] ] } },
{ "type": "Feature", "properties": { "cell_id": "C010_022", "tree_count": 138, "species_list": [ "Celtis australis", "Cupressus sempervirens", "Ginkgo biloba", "Grevillea robusta", "Nerium oleander", "Populus nigra 'Italica'", "Prunus amygdalus", "Prunus cerasifera 'Pissardii'", "Tilia x euchlora", "Tilia x europaea", "Ulmus pumila", "X hesperotropsis leylandii" ], "district_name": "LES CORTS", "barri_name": "PEDRALBES", "dominant_myco_type": "AM", "am_pct": 72.46, "em_pct": 0.0, "nm_pct": 27.54, "am_blindness_flag": false, "trees_young_pct": 9.42, "cell_x0": 424800, "cell_y0": 4582800 }, "geometry": { "type": "Polygon", "coordinates": [ [ [ 425200.0, 4582800.0 ], [ 425200.0, 4583200.0 ], [ 424800.0, 4583200.0 ], [ 424800.0, 4582800.0 ], [ 425200.0, 4582800.0 ] ] ] } },
{ "type": "Feature", "properties": { "cell_id": "C010_026", "tree_count": 19, "species_list": [ "Celtis australis", "Pinus halepensis", "Pinus pinea", "Prunus cerasifera", "Styphnolobium japonicum" ], "district_name": "SARRIÀ - SANT GERVASI", "barri_name": "VALLVIDRERA, EL TIBIDABO I LES PLANES", "dominant_myco_type": "EM", "am_pct": 42.11, "em_pct": 57.89, "nm_pct": 0.0, "am_blindness_flag": false, "trees_young_pct": 0.0, "cell_x0": 424800, "cell_y0": 4584400 }, "geometry": { "type": "Polygon", "coordinates": [ [ [ 425200.0, 4584400.0 ], [ 425200.0, 4584800.0 ], [ 424800.0, 4584800.0 ], [ 424800.0, 4584400.0 ], [ 425200.0, 4584400.0 ] ] ] } },
{ "type": "Feature", "properties": { "cell_id": "C010_027", "tree_count": 63, "species_list": [ "Acer saccharinum", "Celtis australis", "Liquidambar styraciflua", "Pinus pinea", "Quercus ilex", "Quercus robur 'Fastigiata'", "Styphnolobium japonicum", "Tilia x europaea" ], "district_name": "SARRIÀ - SANT GERVASI", "barri_name": "VALLVIDRERA, EL TIBIDABO I LES PLANES", "dominant_myco_type": "AM", "am_pct": 90.48, "em_pct": 4.76, "nm_pct": 4.76, "am_blindness_flag": true, "trees_young_pct": 3.17, "cell_x0": 424800, "cell_y0": 4584800 }, "geometry": { "type": "Polygon", "coordinates": [ [ [ 425200.0, 4584800.0 ], [ 425200.0, 4585200.0 ], [ 424800.0, 4585200.0 ], [ 424800.0, 4584800.0 ], [ 425200.0, 4584800.0 ] ] ] } },
{ "type": "Feature", "properties": { "cell_id": "C010_028", "tree_count": 47, "species_list": [ "Cupressus sempervirens", "Pinus halepensis", "Pinus pinea", "Platanus × acerifolia", "Quercus ilex", "Robinia pseudoacacia", "Tipuana tipu" ], "district_name": "SARRIÀ - SANT GERVASI", "barri_name": "VALLVIDRERA, EL TIBIDABO I LES PLANES", "dominant_myco_type": "EM", "am_pct": 21.28, "em_pct": 65.96, "nm_pct": 12.77, "am_blindness_flag": false, "trees_young_pct": 2.13, "cell_x0": 424800, "cell_y0": 4585200 }, "geometry": { "type": "Polygon", "coordinates": [ [ [ 425200.0, 4585200.0 ], [ 425200.0, 4585600.0 ], [ 424800.0, 4585600.0 ], [ 424800.0, 4585200.0 ], [ 425200.0, 4585200.0 ] ] ] } },
{ "type": "Feature", "properties": { "cell_id": "C010_029", "tree_count": 8, "species_list": [ "Pinus pinea", "Populus nigra" ], "district_name": "SARRIÀ - SANT GERVASI", "barri_name": "VALLVIDRERA, EL TIBIDABO I LES PLANES", "dominant_myco_type": "EM", "am_pct": 0.0, "em_pct": 100.0, "nm_pct": 0.0, "am_blindness_flag": false, "trees_young_pct": 0.0, "cell_x0": 424800, "cell_y0": 4585600 }, "geometry": { "type": "Polygon", "coordinates": [ [ [ 425200.0, 4585600.0 ], [ 425200.0, 4586000.0 ], [ 424800.0, 4586000.0 ], [ 424800.0, 4585600.0 ], [ 425200.0, 4585600.0 ] ] ] } },
{ "type": "Feature", "properties": { "cell_id": "C011_017", "tree_count": 227, "species_list": [ "Acer × freemanii AUTUMN BLAZE® 'Jeffersred'", "Celtis australis", "Cercis siliquastrum", "Cupressus sempervirens", "Eucalyptus globulus", "Ficus carica", "Fraxinus angustifolia", "Grevillea robusta", "Hibiscus syriacus", "Jacaranda mimosifolia", "Lagunaria patersonia", "Ligustrum lucidum", "Melia azedarach", "Phoenix dactylifera", "Platanus × acerifolia", "Populus alba", "Populus nigra 'Italica'", "Quercus ilex", "Quercus robur", "Robinia pseudoacacia", "Robinia pseudoacacia 'Bessoniana'", "Schinus molle", "Tilia platyphyllos", "Ulmus pumila" ], "district_name": "LES CORTS", "barri_name": "LA MATERNITAT I SANT RAMON", "dominant_myco_type": "AM", "am_pct": 77.97, "em_pct": 4.85, "nm_pct": 17.18, "am_blindness_flag": false, "trees_young_pct": 3.52, "cell_x0": 425200, "cell_y0": 4580800 }, "geometry": { "type": "Polygon", "coordinates": [ [ [ 425600.0, 4580800.0 ], [ 425600.0, 4581200.0 ], [ 425200.0, 4581200.0 ], [ 425200.0, 4580800.0 ], [ 425600.0, 4580800.0 ] ] ] } },
{ "type": "Feature", "properties": { "cell_id": "C011_018", "tree_count": 228, "species_list": [ "Catalpa bignonioides", "Celtis australis", "Cercis siliquastrum", "Eucalyptus globulus", "Jacaranda mimosifolia", "Koelreuteria paniculata 'Fastigiata'", "Melia azedarach", "Olea europaea", "Pinus halepensis", "Platanus × acerifolia", "Populus nigra 'Italica'", "Quercus ilex", "Tipuana tipu" ], "district_name": "LES CORTS", "barri_name": "LA MATERNITAT I SANT RAMON", "dominant_myco_type": "AM", "am_pct": 75.88, "em_pct": 15.79, "nm_pct": 8.33, "am_blindness_flag": false, "trees_young_pct": 0.88, "cell_x0": 425200, "cell_y0": 4581200 }, "geometry": { "type": "Polygon", "coordinates": [ [ [ 425600.0, 4581200.0 ], [ 425600.0, 4581600.0 ], [ 425200.0, 4581600.0 ], [ 425200.0, 4581200.0 ], [ 425600.0, 4581200.0 ] ] ] } },
{ "type": "Feature", "properties": { "cell_id": "C011_019", "tree_count": 377, "species_list": [ "Acer buergerianum", "Cedrus deodara", "Cedrus libani", "Celtis australis", "Cupressus sempervirens", "Ginkgo biloba", "Grevillea robusta", "Jacaranda mimosifolia", "Ligustrum japonicum", "Magnolia grandiflora", "Olea europaea", "Phoenix canariensis", "Phoenix dactylifera", "Pinus halepensis", "Pinus pinea", "Platanus × acerifolia", "Populus nigra 'Italica'", "Prunus serrulata 'Kanzan'", "Quercus ilex", "Quercus pubescens", "Quercus robur", "Robinia pseudoacacia", "Schinus molle", "Styphnolobium japonicum", "Tilia tomentosa", "Tipuana tipu", "Ulmus pumila", "Washingtonia filifera", "Washingtonia filifera var. robusta", "X hesperotropsis leylandii" ], "district_name": "LES CORTS", "barri_name": "PEDRALBES", "dominant_myco_type": "AM", "am_pct": 64.19, "em_pct": 26.26, "nm_pct": 9.55, "am_blindness_flag": false, "trees_young_pct": 13.26, "cell_x0": 425200, "cell_y0": 4581600 }, "geometry": { "type": "Polygon", "coordinates": [ [ [ 425600.0, 4581600.0 ], [ 425600.0, 4582000.0 ], [ 425200.0, 4582000.0 ], [ 425200.0, 4581600.0 ], [ 425600.0, 4581600.0 ] ] ] } },
{ "type": "Feature", "properties": { "cell_id": "C011_020", "tree_count": 452, "species_list": [ "Acer buergerianum", "Aesculus hippocastanum", "Brachychiton populneus", "Celtis australis", "Ginkgo biloba", "Handroanthus heptaphyllus", "Jacaranda mimosifolia", "Koelreuteria paniculata", "Koelreuteria paniculata 'Fastigiata'", "Melia azedarach", "Olea europaea", "Phoenix canariensis", "Pinus halepensis", "Pinus pinea", "Platanus × acerifolia", "Populus nigra 'Italica'", "Pyrus calleryana 'Chanticleer'", "Quercus ilex", "Robinia pseudoacacia", "Styphnolobium japonicum", "Tamarix gallica", "Tipuana tipu", "Ulmus pumila", "Washingtonia filifera" ], "district_name": "LES CORTS", "barri_name": "PEDRALBES", "dominant_myco_type": "AM", "am_pct": 92.48, "em_pct": 3.98, "nm_pct": 3.54, "am_blindness_flag": true, "trees_young_pct": 7.3, "cell_x0": 425200, "cell_y0": 4582000 }, "geometry": { "type": "Polygon", "coordinates": [ [ [ 425600.0, 4582000.0 ], [ 425600.0, 4582400.0 ], [ 425200.0, 4582400.0 ], [ 425200.0, 4582000.0 ], [ 425600.0, 4582000.0 ] ] ] } },
{ "type": "Feature", "properties": { "cell_id": "C011_021", "tree_count": 192, "species_list": [ "Aesculus hippocastanum", "Brachychiton populneus", "Casuarina cunninghamiana", "Celtis australis", "Celtis sinensis", "Cercis siliquastrum", "Cupressus sempervirens", "Grevillea robusta", "Ligustrum lucidum", "Parkinsonia aculeata", "Pinus halepensis", "Platanus × acerifolia", "Pyrus calleryana 'Chanticleer'", "Quercus pubescens", "Schinus molle", "Tilia x europaea", "Ulmus pumila" ], "district_name": "LES CORTS", "barri_name": "PEDRALBES", "dominant_myco_type": "AM", "am_pct": 83.85, "em_pct": 10.42, "nm_pct": 5.73, "am_blindness_flag": true, "trees_young_pct": 3.65, "cell_x0": 425200, "cell_y0": 4582400 }, "geometry": { "type": "Polygon", "coordinates": [ [ [ 425600.0, 4582400.0 ], [ 425600.0, 4582800.0 ], [ 425200.0, 4582800.0 ], [ 425200.0, 4582400.0 ], [ 425600.0, 4582400.0 ] ] ] } },
{ "type": "Feature", "properties": { "cell_id": "C011_022", "tree_count": 325, "species_list": [ "Aesculus hippocastanum", "Brachychiton populneus", "Celtis australis", "Cupressus sempervirens", "Fraxinus ornus OBELISK® 'Paus Johannes-Paulus II'", "Ginkgo biloba", "Gleditsia triacanthos 'sunburst'", "Gleditsia triacanthos f. inermis", "Grevillea robusta", "Laurus nobilis", "Liquidambar styraciflua", "Melia azedarach", "Olea europaea", "Ostrya carpinifolia", "Pinus halepensis", "Pinus pinea", "Platanus × acerifolia", "Prunus cerasifera 'Pissardii'", "Pyrus calleryana 'Chanticleer'", "Pyrus communis", "Quercus ilex", "Robinia pseudoacacia", "Robinia pseudoacacia 'Bessoniana'", "Styphnolobium japonicum", "Tilia x euchlora", "Tilia x europaea", "Tipuana tipu", "Ulmus pumila" ], "district_name": "LES CORTS", "barri_name": "PEDRALBES", "dominant_myco_type": "AM", "am_pct": 70.77, "em_pct": 8.0, "nm_pct": 21.23, "am_blindness_flag": false, "trees_young_pct": 5.54, "cell_x0": 425200, "cell_y0": 4582800 }, "geometry": { "type": "Polygon", "coordinates": [ [ [ 425600.0, 4582800.0 ], [ 425600.0, 4583200.0 ], [ 425200.0, 4583200.0 ], [ 425200.0, 4582800.0 ], [ 425600.0, 4582800.0 ] ] ] } },
{ "type": "Feature", "properties": { "cell_id": "C011_023", "tree_count": 10, "species_list": [ "Cedrus deodara", "Ceratonia siliqua", "Cercis siliquastrum", "Morus alba", "Pinus canariensis", "Populus alba 'Pyramidalis'" ], "district_name": "LES CORTS", "barri_name": "PEDRALBES", "dominant_myco_type": "AM", "am_pct": 60.0, "em_pct": 30.0, "nm_pct": 10.0, "am_blindness_flag": false, "trees_young_pct": 0.0, "cell_x0": 425200, "cell_y0": 4583200 }, "geometry": { "type": "Polygon", "coordinates": [ [ [ 425600.0, 4583200.0 ], [ 425600.0, 4583600.0 ], [ 425200.0, 4583600.0 ], [ 425200.0, 4583200.0 ], [ 425600.0, 4583200.0 ] ] ] } },
{ "type": "Feature", "properties": { "cell_id": "C011_024", "tree_count": 110, "species_list": [ "Ailanthus altissima", "Celtis australis", "Pinus halepensis", "Pinus pinea", "Quercus ilex", "Robinia pseudoacacia", "Tilia platyphyllos", "Tilia tomentosa", "Tilia x euchlora", "Tilia x europaea", "Tipuana tipu" ], "district_name": "SARRIÀ - SANT GERVASI", "barri_name": "SARRIÀ", "dominant_myco_type": "EM", "am_pct": 11.82, "em_pct": 55.45, "nm_pct": 32.73, "am_blindness_flag": false, "trees_young_pct": 11.82, "cell_x0": 425200, "cell_y0": 4583600 }, "geometry": { "type": "Polygon", "coordinates": [ [ [ 425600.0, 4583600.0 ], [ 425600.0, 4584000.0 ], [ 425200.0, 4584000.0 ], [ 425200.0, 4583600.0 ], [ 425600.0, 4583600.0 ] ] ] } },
{ "type": "Feature", "properties": { "cell_id": "C011_025", "tree_count": 7, "species_list": [ "Tilia x euchlora", "Tilia x europaea" ], "district_name": "SARRIÀ - SANT GERVASI", "barri_name": "SARRIÀ", "dominant_myco_type": "NM", "am_pct": 0.0, "em_pct": 0.0, "nm_pct": 100.0, "am_blindness_flag": false, "trees_young_pct": 14.29, "cell_x0": 425200, "cell_y0": 4584000 }, "geometry": { "type": "Polygon", "coordinates": [ [ [ 425600.0, 4584000.0 ], [ 425600.0, 4584400.0 ], [ 425200.0, 4584400.0 ], [ 425200.0, 4584000.0 ], [ 425600.0, 4584000.0 ] ] ] } },
{ "type": "Feature", "properties": { "cell_id": "C011_026", "tree_count": 2, "species_list": [ "Tilia x euchlora", "Tilia x europaea" ], "district_name": "SARRIÀ - SANT GERVASI", "barri_name": "SARRIÀ", "dominant_myco_type": "NM", "am_pct": 0.0, "em_pct": 0.0, "nm_pct": 100.0, "am_blindness_flag": false, "trees_young_pct": 0.0, "cell_x0": 425200, "cell_y0": 4584400 }, "geometry": { "type": "Polygon", "coordinates": [ [ [ 425600.0, 4584400.0 ], [ 425600.0, 4584800.0 ], [ 425200.0, 4584800.0 ], [ 425200.0, 4584400.0 ], [ 425600.0, 4584400.0 ] ] ] } },
{ "type": "Feature", "properties": { "cell_id": "C011_027", "tree_count": 59, "species_list": [ "Brachychiton populneus", "Celtis australis", "Crataegus x media 'Paul's Scarlet'", "Magnolia grandiflora", "Quercus ilex", "Robinia pseudoacacia", "Tilia x euchlora", "Tilia x europaea" ], "district_name": "SARRIÀ - SANT GERVASI", "barri_name": "VALLVIDRERA, EL TIBIDABO I LES PLANES", "dominant_myco_type": "AM", "am_pct": 77.97, "em_pct": 1.69, "nm_pct": 20.34, "am_blindness_flag": false, "trees_young_pct": 1.69, "cell_x0": 425200, "cell_y0": 4584800 }, "geometry": { "type": "Polygon", "coordinates": [ [ [ 425600.0, 4584800.0 ], [ 425600.0, 4585200.0 ], [ 425200.0, 4585200.0 ], [ 425200.0, 4584800.0 ], [ 425600.0, 4584800.0 ] ] ] } },
{ "type": "Feature", "properties": { "cell_id": "C011_028", "tree_count": 23, "species_list": [ "Cercis siliquastrum", "Populus nigra", "Populus nigra 'Italica'", "Pyrus calleryana 'Chanticleer'", "Quercus cerrioides", "Quercus ilex", "Robinia pseudoacacia", "Schinus molle" ], "district_name": "SARRIÀ - SANT GERVASI", "barri_name": "VALLVIDRERA, EL TIBIDABO I LES PLANES", "dominant_myco_type": "NM", "am_pct": 13.04, "em_pct": 21.74, "nm_pct": 65.22, "am_blindness_flag": false, "trees_young_pct": 4.35, "cell_x0": 425200, "cell_y0": 4585200 }, "geometry": { "type": "Polygon", "coordinates": [ [ [ 425600.0, 4585200.0 ], [ 425600.0, 4585600.0 ], [ 425200.0, 4585600.0 ], [ 425200.0, 4585200.0 ], [ 425600.0, 4585200.0 ] ] ] } },
{ "type": "Feature", "properties": { "cell_id": "C012_017", "tree_count": 402, "species_list": [ "Acer negundo", "Acer saccharinum", "Acer × freemanii AUTUMN BLAZE® 'Jeffersred'", "Brachychiton populneus", "Cedrus deodara", "Celtis australis", "Celtis sinensis", "Cupressus sempervirens", "Ginkgo biloba", "Gleditsia triacanthos f. inermis", "Grevillea robusta", "Hibiscus syriacus", "Jacaranda mimosifolia", "Melia azedarach", "Nerium oleander (vermell)", "Olea europaea", "Paulownia tomentosa", "Phoenix canariensis", "Phytolacca dioica", "Pinus halepensis", "Pinus pinea", "Platanus × acerifolia", "Prunus cerasifera", "Quercus robur", "Styphnolobium japonicum", "Tipuana tipu", "Ulmus RESISTA® 'Sapporo Autumn Gold'", "Ulmus pumila" ], "district_name": "LES CORTS", "barri_name": "LA MATERNITAT I SANT RAMON", "dominant_myco_type": "AM", "am_pct": 82.84, "em_pct": 1.49, "nm_pct": 15.67, "am_blindness_flag": true, "trees_young_pct": 5.97, "cell_x0": 425600, "cell_y0": 4580800 }, "geometry": { "type": "Polygon", "coordinates": [ [ [ 426000.0, 4580800.0 ], [ 426000.0, 4581200.0 ], [ 425600.0, 4581200.0 ], [ 425600.0, 4580800.0 ], [ 426000.0, 4580800.0 ] ] ] } },
{ "type": "Feature", "properties": { "cell_id": "C012_018", "tree_count": 106, "species_list": [ "Celtis australis", "Ginkgo biloba", "Paulownia tomentosa", "Phoenix canariensis", "Phoenix dactylifera", "Platanus × acerifolia", "Tipuana tipu" ], "district_name": "LES CORTS", "barri_name": "LA MATERNITAT I SANT RAMON", "dominant_myco_type": "AM", "am_pct": 100.0, "em_pct": 0.0, "nm_pct": 0.0, "am_blindness_flag": true, "trees_young_pct": 0.0, "cell_x0": 425600, "cell_y0": 4581200 }, "geometry": { "type": "Polygon", "coordinates": [ [ [ 426000.0, 4581200.0 ], [ 426000.0, 4581600.0 ], [ 425600.0, 4581600.0 ], [ 425600.0, 4581200.0 ], [ 426000.0, 4581200.0 ] ] ] } },
{ "type": "Feature", "properties": { "cell_id": "C012_019", "tree_count": 456, "species_list": [ "Acer campestre 'Elsrijk'", "Aesculus hippocastanum", "Bauhinia forficata subsp. pruinosa", "Brachychiton populneus", "Casuarina cunninghamiana", "Cedrus deodara", "Celtis australis", "Cupressus sempervirens", "Ginkgo biloba", "Grevillea robusta", "Hesperocyparis arizonica", "Hesperocyparis macrocarpa", "Jacaranda mimosifolia", "Koelreuteria paniculata", "Laurus nobilis", "Ligustrum lucidum", "Liriodendron tulipifera", "Magnolia grandiflora", "Melia azedarach", "Olea europaea", "Phoenix canariensis", "Phoenix dactylifera", "Photinia x fraseri 'Red Robin'", "Pinus halepensis", "Pinus pinea", "Platanus orientalis", "Platanus × acerifolia", "Platycladus orientalis", "Populus alba 'Pyramidalis'", "Populus x canadensis", "Prunus cerasifera 'Pissardii'", "Pyrus calleryana 'Chanticleer'", "Quercus ilex", "Quercus pubescens", "Robinia pseudoacacia", "Schinus molle", "Syagrus romanzoffiana", "Tipuana tipu", "Ulmus pumila", "Washingtonia filifera", "Washingtonia filifera var. robusta", "X hesperotropsis leylandii" ], "district_name": "LES CORTS", "barri_name": "PEDRALBES", "dominant_myco_type": "AM", "am_pct": 80.04, "em_pct": 8.33, "nm_pct": 11.62, "am_blindness_flag": true, "trees_young_pct": 9.21, "cell_x0": 425600, "cell_y0": 4581600 }, "geometry": { "type": "Polygon", "coordinates": [ [ [ 426000.0, 4581600.0 ], [ 426000.0, 4582000.0 ], [ 425600.0, 4582000.0 ], [ 425600.0, 4581600.0 ], [ 426000.0, 4581600.0 ] ] ] } },
{ "type": "Feature", "properties": { "cell_id": "C012_020", "tree_count": 375, "species_list": [ "Acacia retinodes", "Acer campestre 'Elsrijk'", "Aesculus hippocastanum", "Celtis australis", "Cupressus sempervirens", "Eriobotrya japonica", "Ficus elastica", "Laurus nobilis", "Liquidambar styraciflua", "Liriodendron tulipifera", "Melia azedarach", "Olea europaea", "Platanus × acerifolia", "Populus alba", "Prunus amygdalus", "Robinia pseudoacacia", "Schinus molle", "Styphnolobium japonicum", "Tipuana tipu", "Ulmus pumila" ], "district_name": "LES CORTS", "barri_name": "PEDRALBES", "dominant_myco_type": "AM", "am_pct": 88.53, "em_pct": 1.07, "nm_pct": 10.4, "am_blindness_flag": true, "trees_young_pct": 6.4, "cell_x0": 425600, "cell_y0": 4582000 }, "geometry": { "type": "Polygon", "coordinates": [ [ [ 426000.0, 4582000.0 ], [ 426000.0, 4582400.0 ], [ 425600.0, 4582400.0 ], [ 425600.0, 4582000.0 ], [ 426000.0, 4582000.0 ] ] ] } },
{ "type": "Feature", "properties": { "cell_id": "C012_021", "tree_count": 488, "species_list": [ "Acer × freemanii AUTUMN BLAZE® 'Jeffersred'", "Casuarina cunninghamiana", "Celtis australis", "Ceratonia siliqua", "Cercis siliquastrum", "Citrus × aurantium", "Cupressus sempervirens", "Grevillea robusta", "Jacaranda mimosifolia", "Laurus nobilis", "Ligustrum japonicum", "Ligustrum lucidum", "Liriodendron tulipifera", "Magnolia grandiflora", "Melia azedarach", "Morus alba", "Olea europaea", "Phoenix canariensis", "Pinus halepensis", "Pinus pinea", "Platanus × acerifolia", "Podocarpus neriifolius", "Populus alba", "Populus alba 'Pyramidalis'", "Populus x canadensis", "Prunus cerasifera 'Pissardii'", "Prunus domestica", "Pyrus calleryana 'Chanticleer'", "Robinia pseudoacacia", "Tilia x euchlora", "Tilia x europaea", "Tipuana tipu", "Ulmus pumila" ], "district_name": "LES CORTS", "barri_name": "PEDRALBES", "dominant_myco_type": "AM", "am_pct": 87.3, "em_pct": 5.33, "nm_pct": 7.38, "am_blindness_flag": true, "trees_young_pct": 4.1, "cell_x0": 425600, "cell_y0": 4582400 }, "geometry": { "type": "Polygon", "coordinates": [ [ [ 426000.0, 4582400.0 ], [ 426000.0, 4582800.0 ], [ 425600.0, 4582800.0 ], [ 425600.0, 4582400.0 ], [ 426000.0, 4582400.0 ] ] ] } },
{ "type": "Feature", "properties": { "cell_id": "C012_022", "tree_count": 464, "species_list": [ "Acer buergerianum", "Acer campestre", "Acer × freemanii AUTUMN BLAZE® 'Jeffersred'", "Aesculus hippocastanum", "Ailanthus altissima", "Celtis australis", "Ceratonia siliqua", "Cercis siliquastrum", "Cercis siliquastrum 'Rosea'", "Chamaecyparis lawsoniana", "Citrus x limon", "Citrus × aurantium", "Cupressus sempervirens", "Cupressus sempervirens 'Stricta'", "Eriobotrya japonica", "Eucalyptus camaldulensis", "Ficus carica", "Fraxinus excelsior", "Fraxinus ornus OBELISK® 'Paus Johannes-Paulus II'", "Ginkgo biloba", "Gleditsia triacanthos", "Grevillea robusta", "Hesperocyparis macrocarpa", "Jacaranda mimosifolia", "Koelreuteria paniculata", "Laurus nobilis", "Ligustrum lucidum", "Liquidambar styraciflua", "Maclura pomifera", "Magnolia grandiflora", "Malus sylvestris", "Melia azedarach", "Olea europaea", "Parrotia persica 'Vanessa'", "Phoenix canariensis", "Pinus halepensis", "Pinus pinea", "Platanus × acerifolia", "Podocarpus neriifolius", "Prunus amygdalus", "Prunus armeniaca", "Prunus avium", "Prunus cerasifera", "Prunus cerasifera 'Pissardii'", "Prunus domestica", "Prunus serrulata", "Prunus serrulata 'Kanzan'", "Punica granatum", "Pyrus calleryana 'Chanticleer'", "Pyrus communis", "Quercus ilex", "Quercus pubescens", "Robinia pseudoacacia", "Tilia cordata", "Tilia x euchlora", "Tilia x europaea", "Tipuana tipu", "Ulmus pumila" ], "district_name": "LES CORTS", "barri_name": "PEDRALBES", "dominant_myco_type": "AM", "am_pct": 67.67, "em_pct": 10.13, "nm_pct": 22.2, "am_blindness_flag": false, "trees_young_pct": 4.74, "cell_x0": 425600, "cell_y0": 4582800 }, "geometry": { "type": "Polygon", "coordinates": [ [ [ 426000.0, 4582800.0 ], [ 426000.0, 4583200.0 ], [ 425600.0, 4583200.0 ], [ 425600.0, 4582800.0 ], [ 426000.0, 4582800.0 ] ] ] } },
{ "type": "Feature", "properties": { "cell_id": "C012_023", "tree_count": 133, "species_list": [ "Brachychiton populneus", "Celtis australis", "Celtis sinensis", "Cercis siliquastrum", "Crataegus x media 'Paul's Scarlet'", "Fraxinus angustifolia", "Fraxinus ornus OBELISK® 'Paus Johannes-Paulus II'", "Jacaranda mimosifolia", "Ligustrum japonicum 'Texanum'", "Magnolia grandiflora", "Parkinsonia aculeata", "Parrotia persica 'Vanessa'", "Photinia x fraseri 'Red Robin'", "Pinus halepensis", "Pinus pinea", "Pyrus calleryana 'Chanticleer'", "Quercus ilex", "Robinia pseudoacacia", "Styphnolobium japonicum", "Styphnolobium japonicum 'Dot'", "Tipuana tipu" ], "district_name": "SARRIÀ - SANT GERVASI", "barri_name": "SARRIÀ", "dominant_myco_type": "AM", "am_pct": 51.13, "em_pct": 27.07, "nm_pct": 21.8, "am_blindness_flag": false, "trees_young_pct": 11.28, "cell_x0": 425600, "cell_y0": 4583200 }, "geometry": { "type": "Polygon", "coordinates": [ [ [ 426000.0, 4583200.0 ], [ 426000.0, 4583600.0 ], [ 425600.0, 4583600.0 ], [ 425600.0, 4583200.0 ], [ 426000.0, 4583200.0 ] ] ] } },
{ "type": "Feature", "properties": { "cell_id": "C012_024", "tree_count": 212, "species_list": [ "Brachychiton populneus", "Celtis australis", "Celtis sinensis", "Cupressus sempervirens 'Stricta'", "Olea europaea", "Ostrya carpinifolia", "Pinus halepensis", "Pinus pinea", "Platanus × acerifolia", "Populus nigra", "Populus nigra 'Italica'", "Populus simonii", "Quercus ilex", "Robinia hispida", "Robinia pseudoacacia", "Robinia pseudoacacia 'Bessoniana'", "Sophora davidii", "Styphnolobium japonicum", "Tilia tomentosa", "Tilia x euchlora", "Tilia x europaea", "Tipuana tipu", "Ulmus pumila" ], "district_name": "SARRIÀ - SANT GERVASI", "barri_name": "SARRIÀ", "dominant_myco_type": "AM", "am_pct": 51.89, "em_pct": 21.23, "nm_pct": 26.89, "am_blindness_flag": false, "trees_young_pct": 0.94, "cell_x0": 425600, "cell_y0": 4583600 }, "geometry": { "type": "Polygon", "coordinates": [ [ [ 426000.0, 4583600.0 ], [ 426000.0, 4584000.0 ], [ 425600.0, 4584000.0 ], [ 425600.0, 4583600.0 ], [ 426000.0, 4583600.0 ] ] ] } },
{ "type": "Feature", "properties": { "cell_id": "C012_025", "tree_count": 27, "species_list": [ "Hibiscus syriacus", "Magnolia grandiflora", "Platanus × acerifolia", "Styphnolobium japonicum" ], "district_name": "SARRIÀ - SANT GERVASI", "barri_name": "SARRIÀ", "dominant_myco_type": "AM", "am_pct": 100.0, "em_pct": 0.0, "nm_pct": 0.0, "am_blindness_flag": true, "trees_young_pct": 0.0, "cell_x0": 425600, "cell_y0": 4584000 }, "geometry": { "type": "Polygon", "coordinates": [ [ [ 426000.0, 4584000.0 ], [ 426000.0, 4584400.0 ], [ 425600.0, 4584400.0 ], [ 425600.0, 4584000.0 ], [ 426000.0, 4584000.0 ] ] ] } },
{ "type": "Feature", "properties": { "cell_id": "C012_026", "tree_count": 33, "species_list": [ "Pinus pinea", "Tilia x euchlora", "Tilia x europaea" ], "district_name": "SARRIÀ - SANT GERVASI", "barri_name": "SARRIÀ", "dominant_myco_type": "NM", "am_pct": 0.0, "em_pct": 12.12, "nm_pct": 87.88, "am_blindness_flag": false, "trees_young_pct": 0.0, "cell_x0": 425600, "cell_y0": 4584400 }, "geometry": { "type": "Polygon", "coordinates": [ [ [ 426000.0, 4584400.0 ], [ 426000.0, 4584800.0 ], [ 425600.0, 4584800.0 ], [ 425600.0, 4584400.0 ], [ 426000.0, 4584400.0 ] ] ] } },
{ "type": "Feature", "properties": { "cell_id": "C012_027", "tree_count": 2, "species_list": [ "Prunus cerasifera 'Pissardii'" ], "district_name": "SARRIÀ - SANT GERVASI", "barri_name": "VALLVIDRERA, EL TIBIDABO I LES PLANES", "dominant_myco_type": "AM", "am_pct": 100.0, "em_pct": 0.0, "nm_pct": 0.0, "am_blindness_flag": true, "trees_young_pct": 0.0, "cell_x0": 425600, "cell_y0": 4584800 }, "geometry": { "type": "Polygon", "coordinates": [ [ [ 426000.0, 4584800.0 ], [ 426000.0, 4585200.0 ], [ 425600.0, 4585200.0 ], [ 425600.0, 4584800.0 ], [ 426000.0, 4584800.0 ] ] ] } },
{ "type": "Feature", "properties": { "cell_id": "C012_028", "tree_count": 1, "species_list": [ "Pinus halepensis" ], "district_name": "SARRIÀ - SANT GERVASI", "barri_name": "VALLVIDRERA, EL TIBIDABO I LES PLANES", "dominant_myco_type": "EM", "am_pct": 0.0, "em_pct": 100.0, "nm_pct": 0.0, "am_blindness_flag": false, "trees_young_pct": 0.0, "cell_x0": 425600, "cell_y0": 4585200 }, "geometry": { "type": "Polygon", "coordinates": [ [ [ 426000.0, 4585200.0 ], [ 426000.0, 4585600.0 ], [ 425600.0, 4585600.0 ], [ 425600.0, 4585200.0 ], [ 426000.0, 4585200.0 ] ] ] } },
{ "type": "Feature", "properties": { "cell_id": "C013_017", "tree_count": 518, "species_list": [ "Acer negundo", "Acer saccharinum", "Acer × freemanii AUTUMN BLAZE® 'Jeffersred'", "Albizia julibrissin", "Brachychiton populneus", "Casuarina cunninghamiana", "Cedrus deodara", "Cedrus deodara 'Pendula'", "Celtis australis", "Cercis siliquastrum", "Eriobotrya japonica", "Ficus carica", "Ficus elastica", "Gleditsia triacanthos", "Gleditsia triacanthos f. inermis", "Grevillea robusta", "Jacaranda mimosifolia", "Laurus nobilis", "Ligustrum japonicum", "Ligustrum lucidum", "Melia azedarach", "Morus alba", "Morus alba 'Fruitless'", "Morus kagayamae", "Nerium oleander", "Nerium oleander (vermell)", "Olea europaea", "Phoenix canariensis", "Phytolacca dioica", "Pinus halepensis", "Platanus × acerifolia", "Populus x canadensis", "Prunus cerasifera 'Pissardii'", "Pyrus calleryana 'Chanticleer'", "Robinia pseudoacacia", "Styphnolobium japonicum", "Tipuana tipu", "Trachycarpus fortunei", "Ulmus pumila", "Washingtonia filifera var. robusta" ], "district_name": "LES CORTS", "barri_name": "LA MATERNITAT I SANT RAMON", "dominant_myco_type": "AM", "am_pct": 86.49, "em_pct": 0.58, "nm_pct": 12.93, "am_blindness_flag": true, "trees_young_pct": 6.95, "cell_x0": 426000, "cell_y0": 4580800 }, "geometry": { "type": "Polygon", "coordinates": [ [ [ 426400.0, 4580800.0 ], [ 426400.0, 4581200.0 ], [ 426000.0, 4581200.0 ], [ 426000.0, 4580800.0 ], [ 426400.0, 4580800.0 ] ] ] } },
{ "type": "Feature", "properties": { "cell_id": "C013_018", "tree_count": 275, "species_list": [ "Brachychiton populneus", "Casuarina cunninghamiana", "Celtis australis", "Gleditsia triacanthos", "Gleditsia triacanthos f. inermis", "Jacaranda mimosifolia", "Liquidambar styraciflua", "Magnolia grandiflora", "Melia azedarach", "Pinus halepensis", "Platanus × acerifolia", "Populus nigra 'Italica'", "Prunus cerasifera 'Pissardii'", "Styphnolobium japonicum", "Tipuana tipu", "Washingtonia filifera", "Washingtonia filifera var. robusta" ], "district_name": "LES CORTS", "barri_name": "LA MATERNITAT I SANT RAMON", "dominant_myco_type": "AM", "am_pct": 97.45, "em_pct": 0.36, "nm_pct": 2.18, "am_blindness_flag": true, "trees_young_pct": 0.36, "cell_x0": 426000, "cell_y0": 4581200 }, "geometry": { "type": "Polygon", "coordinates": [ [ [ 426400.0, 4581200.0 ], [ 426400.0, 4581600.0 ], [ 426000.0, 4581600.0 ], [ 426000.0, 4581200.0 ], [ 426400.0, 4581200.0 ] ] ] } },
{ "type": "Feature", "properties": { "cell_id": "C013_019", "tree_count": 378, "species_list": [ "Cedrus atlantica", "Cedrus deodara", "Celtis australis", "Cercis siliquastrum", "Cupressus sempervirens", "Gleditsia triacanthos", "Gleditsia triacanthos f. inermis", "Hesperocyparis arizonica", "Hesperocyparis macrocarpa", "Laurus nobilis", "Ligustrum lucidum", "Liquidambar styraciflua", "Melia azedarach", "Morus alba 'Fruitless'", "Morus kagayamae", "Parkinsonia aculeata", "Phoenix canariensis", "Phoenix dactylifera", "Pinus halepensis", "Pinus pinea", "Pinus sylvestris", "Platanus × acerifolia", "Populus nigra 'Italica'", "Pyrus calleryana 'Chanticleer'", "Schinus molle", "Tipuana tipu", "Ulmus pumila", "Washingtonia filifera", "Washingtonia filifera var. robusta" ], "district_name": "LES CORTS", "barri_name": "LA MATERNITAT I SANT RAMON", "dominant_myco_type": "AM", "am_pct": 82.8, "em_pct": 6.08, "nm_pct": 11.11, "am_blindness_flag": true, "trees_young_pct": 5.56, "cell_x0": 426000, "cell_y0": 4581600 }, "geometry": { "type": "Polygon", "coordinates": [ [ [ 426400.0, 4581600.0 ], [ 426400.0, 4582000.0 ], [ 426000.0, 4582000.0 ], [ 426000.0, 4581600.0 ], [ 426400.0, 4581600.0 ] ] ] } },
{ "type": "Feature", "properties": { "cell_id": "C013_020", "tree_count": 252, "species_list": [ "Acer campestre 'Elsrijk'", "Acer saccharinum", "Cedrus deodara", "Celtis australis", "Ceratonia siliqua", "Cupressus sempervirens", "Ligustrum japonicum", "Ligustrum lucidum", "Liriodendron tulipifera", "Melia azedarach", "Olea europaea", "Phoenix canariensis", "Photinia x fraseri 'Red Robin'", "Pinus halepensis", "Pinus pinea", "Pyrus calleryana 'Chanticleer'", "Quercus ilex", "Tilia cordata", "Tilia x euchlora", "Tilia x europaea", "Trachycarpus fortunei", "Ulmus pumila" ], "district_name": "LES CORTS", "barri_name": "PEDRALBES", "dominant_myco_type": "AM", "am_pct": 66.67, "em_pct": 19.05, "nm_pct": 14.29, "am_blindness_flag": false, "trees_young_pct": 12.3, "cell_x0": 426000, "cell_y0": 4582000 }, "geometry": { "type": "Polygon", "coordinates": [ [ [ 426400.0, 4582000.0 ], [ 426400.0, 4582400.0 ], [ 426000.0, 4582400.0 ], [ 426000.0, 4582000.0 ], [ 426400.0, 4582000.0 ] ] ] } },
{ "type": "Feature", "properties": { "cell_id": "C013_021", "tree_count": 596, "species_list": [ "Acer × freemanii AUTUMN BLAZE® 'Jeffersred'", "Albizia julibrissin", "Bauhinia forficata", "Brachychiton populneus", "Casuarina cunninghamiana", "Celtis australis", "Cercis siliquastrum", "Cupressus sempervirens", "Jacaranda mimosifolia", "Lagerstroemia indica", "Ligustrum lucidum", "Liriodendron tulipifera", "Magnolia grandiflora", "Melia azedarach", "Olea europaea", "Phoenix canariensis", "Phoenix dactylifera", "Phytolacca dioica", "Pinus halepensis", "Pinus pinea", "Platanus × acerifolia", "Populus alba", "Populus alba 'Pyramidalis'", "Populus nigra", "Prunus cerasifera 'Pissardii'", "Pyrus calleryana 'Chanticleer'", "Quercus ilex", "Robinia pseudoacacia", "Schinus molle", "Tilia cordata", "Tilia platyphyllos", "Tilia tomentosa", "Tilia x euchlora", "Tilia x europaea", "Tipuana tipu", "Ulmus pumila", "Washingtonia filifera", "Washingtonia filifera var. robusta" ], "district_name": "LES CORTS", "barri_name": "PEDRALBES", "dominant_myco_type": "AM", "am_pct": 60.57, "em_pct": 24.16, "nm_pct": 15.27, "am_blindness_flag": false, "trees_young_pct": 4.53, "cell_x0": 426000, "cell_y0": 4582400 }, "geometry": { "type": "Polygon", "coordinates": [ [ [ 426400.0, 4582400.0 ], [ 426400.0, 4582800.0 ], [ 426000.0, 4582800.0 ], [ 426000.0, 4582400.0 ], [ 426400.0, 4582400.0 ] ] ] } },
{ "type": "Feature", "properties": { "cell_id": "C013_022", "tree_count": 348, "species_list": [ "Casuarina cunninghamiana", "Cedrus atlantica", "Cedrus deodara", "Celtica gigantea", "Celtis australis", "Cercis siliquastrum", "Cocculus laurifolius", "Cupressus sempervirens", "Cupressus sempervirens 'Stricta'", "Koelreuteria paniculata", "Laurus nobilis", "Ligustrum japonicum", "Ligustrum lucidum", "Melia azedarach", "Olea europaea", "Phoenix canariensis", "Phoenix dactylifera", "Photinia x fraseri", "Pinus halepensis", "Pinus pinea", "Platanus × acerifolia", "Prunus cerasifera 'Pissardii'", "Styphnolobium japonicum 'Dot'", "Ulmus RESISTA® 'New Horizon'", "Ulmus pumila", "X hesperotropsis leylandii" ], "district_name": "LES CORTS", "barri_name": "PEDRALBES", "dominant_myco_type": "AM", "am_pct": 88.51, "em_pct": 3.16, "nm_pct": 8.33, "am_blindness_flag": true, "trees_young_pct": 0.86, "cell_x0": 426000, "cell_y0": 4582800 }, "geometry": { "type": "Polygon", "coordinates": [ [ [ 426400.0, 4582800.0 ], [ 426400.0, 4583200.0 ], [ 426000.0, 4583200.0 ], [ 426000.0, 4582800.0 ], [ 426400.0, 4582800.0 ] ] ] } },
{ "type": "Feature", "properties": { "cell_id": "C013_023", "tree_count": 250, "species_list": [ "Bauhinia variegata", "Brachychiton populneus", "Catalpa bignonioides", "Cedrus atlantica", "Celtis australis", "Cercis siliquastrum", "Cupressus sempervirens", "Cupressus sempervirens 'Stricta'", "Fraxinus angustifolia 'Raywood'", "Jacaranda mimosifolia", "Laurus nobilis", "Ligustrum japonicum 'Texanum'", "Ligustrum lucidum", "Magnolia grandiflora", "Olea europaea", "Parkinsonia aculeata", "Phillyrea angustifolia", "Phoenix canariensis", "Photinia x fraseri 'Red Robin'", "Phytolacca dioica", "Pinus halepensis", "Pinus sylvestris", "Pittosporum tobira", "Platanus × acerifolia", "Populus alba", "Prunus cerasifera 'Pissardii'", "Quercus ilex", "Robinia pseudoacacia", "Schinus molle", "Tilia x euchlora", "Ulmus pumila" ], "district_name": "SARRIÀ - SANT GERVASI", "barri_name": "SARRIÀ", "dominant_myco_type": "AM", "am_pct": 68.8, "em_pct": 10.8, "nm_pct": 20.4, "am_blindness_flag": false, "trees_young_pct": 3.2, "cell_x0": 426000, "cell_y0": 4583200 }, "geometry": { "type": "Polygon", "coordinates": [ [ [ 426400.0, 4583200.0 ], [ 426400.0, 4583600.0 ], [ 426000.0, 4583600.0 ], [ 426000.0, 4583200.0 ], [ 426400.0, 4583200.0 ] ] ] } },
{ "type": "Feature", "properties": { "cell_id": "C013_024", "tree_count": 270, "species_list": [ "Albizia julibrissin", "Brachychiton populneus", "Celtis australis", "Celtis sinensis", "Cercis siliquastrum", "Cupressus sempervirens", "Jacaranda mimosifolia", "Koelreuteria paniculata", "Magnolia grandiflora", "Morus alba", "Photinia x fraseri 'Red Robin'", "Pinus pinea", "Platanus × acerifolia", "Populus x canadensis", "Quercus ilex", "Robinia pseudoacacia", "Styphnolobium japonicum", "Tilia americana", "Tilia x euchlora", "Tipuana tipu", "Ulmus pumila", "Washingtonia filifera", "Washingtonia filifera var. robusta" ], "district_name": "SARRIÀ - SANT GERVASI", "barri_name": "SARRIÀ", "dominant_myco_type": "AM", "am_pct": 60.0, "em_pct": 21.48, "nm_pct": 18.52, "am_blindness_flag": false, "trees_young_pct": 3.33, "cell_x0": 426000, "cell_y0": 4583600 }, "geometry": { "type": "Polygon", "coordinates": [ [ [ 426400.0, 4583600.0 ], [ 426400.0, 4584000.0 ], [ 426000.0, 4584000.0 ], [ 426000.0, 4583600.0 ], [ 426400.0, 4583600.0 ] ] ] } },
{ "type": "Feature", "properties": { "cell_id": "C013_025", "tree_count": 106, "species_list": [ "Celtis australis", "Hibiscus syriacus", "Magnolia grandiflora", "Pinus halepensis", "Pinus pinea", "Platanus × acerifolia", "Prunus amygdalus", "Quercus ilex", "Robinia pseudoacacia", "Styphnolobium japonicum", "Tilia tomentosa", "Tilia x euchlora", "Washingtonia filifera var. robusta" ], "district_name": "SARRIÀ - SANT GERVASI", "barri_name": "SARRIÀ", "dominant_myco_type": "AM", "am_pct": 61.32, "em_pct": 10.38, "nm_pct": 28.3, "am_blindness_flag": false, "trees_young_pct": 1.89, "cell_x0": 426000, "cell_y0": 4584000 }, "geometry": { "type": "Polygon", "coordinates": [ [ [ 426400.0, 4584000.0 ], [ 426400.0, 4584400.0 ], [ 426000.0, 4584400.0 ], [ 426000.0, 4584000.0 ], [ 426400.0, 4584000.0 ] ] ] } },
{ "type": "Feature", "properties": { "cell_id": "C013_026", "tree_count": 51, "species_list": [ "Brachychiton populneus", "Citrus × aurantium", "Jacaranda mimosifolia", "Pinus pinea", "Populus alba", "Prunus amygdalus" ], "district_name": "SARRIÀ - SANT GERVASI", "barri_name": "SARRIÀ", "dominant_myco_type": "AM", "am_pct": 60.78, "em_pct": 35.29, "nm_pct": 3.92, "am_blindness_flag": false, "trees_young_pct": 0.0, "cell_x0": 426000, "cell_y0": 4584400 }, "geometry": { "type": "Polygon", "coordinates": [ [ [ 426400.0, 4584400.0 ], [ 426400.0, 4584800.0 ], [ 426000.0, 4584800.0 ], [ 426000.0, 4584400.0 ], [ 426400.0, 4584400.0 ] ] ] } },
{ "type": "Feature", "properties": { "cell_id": "C013_029", "tree_count": 16, "species_list": [ "Acer negundo", "Celtis australis", "Laurus nobilis", "Ligustrum lucidum", "Robinia pseudoacacia" ], "district_name": "SARRIÀ - SANT GERVASI", "barri_name": "VALLVIDRERA, EL TIBIDABO I LES PLANES", "dominant_myco_type": "NM", "am_pct": 43.75, "em_pct": 0.0, "nm_pct": 56.25, "am_blindness_flag": false, "trees_young_pct": 0.0, "cell_x0": 426000, "cell_y0": 4585600 }, "geometry": { "type": "Polygon", "coordinates": [ [ [ 426400.0, 4585600.0 ], [ 426400.0, 4586000.0 ], [ 426000.0, 4586000.0 ], [ 426000.0, 4585600.0 ], [ 426400.0, 4585600.0 ] ] ] } },
{ "type": "Feature", "properties": { "cell_id": "C014_016", "tree_count": 37, "species_list": [ "Prunus cerasifera 'Pissardii'", "Styphnolobium japonicum" ], "district_name": "SANTS - MONTJUÏC", "barri_name": "SANTS - BADAL", "dominant_myco_type": "AM", "am_pct": 100.0, "em_pct": 0.0, "nm_pct": 0.0, "am_blindness_flag": true, "trees_young_pct": 16.22, "cell_x0": 426400, "cell_y0": 4580400 }, "geometry": { "type": "Polygon", "coordinates": [ [ [ 426800.0, 4580400.0 ], [ 426800.0, 4580800.0 ], [ 426400.0, 4580800.0 ], [ 426400.0, 4580400.0 ], [ 426800.0, 4580400.0 ] ] ] } },
{ "type": "Feature", "properties": { "cell_id": "C014_017", "tree_count": 364, "species_list": [ "Acer campestre", "Acer × freemanii AUTUMN BLAZE® 'Jeffersred'", "Celtis australis", "Celtis sinensis", "Cercis siliquastrum", "Eriobotrya japonica", "Jacaranda mimosifolia", "Liquidambar styraciflua", "Melia azedarach", "Olea europaea", "Phoenix canariensis", "Phytolacca dioica", "Platanus × acerifolia", "Populus x canadensis", "Prunus cerasifera 'Pissardii'", "Pyrus calleryana 'Chanticleer'", "Styphnolobium japonicum", "Styphnolobium japonicum 'Columnare'", "Tipuana tipu", "Washingtonia filifera", "Washingtonia filifera var. robusta" ], "district_name": "LES CORTS", "barri_name": "LA MATERNITAT I SANT RAMON", "dominant_myco_type": "AM", "am_pct": 98.08, "em_pct": 0.0, "nm_pct": 1.92, "am_blindness_flag": true, "trees_young_pct": 2.75, "cell_x0": 426400, "cell_y0": 4580800 }, "geometry": { "type": "Polygon", "coordinates": [ [ [ 426800.0, 4580800.0 ], [ 426800.0, 4581200.0 ], [ 426400.0, 4581200.0 ], [ 426400.0, 4580800.0 ], [ 426800.0, 4580800.0 ] ] ] } },
{ "type": "Feature", "properties": { "cell_id": "C014_018", "tree_count": 146, "species_list": [ "Acer × freemanii AUTUMN BLAZE® 'Jeffersred'", "Celtis australis", "Gleditsia triacanthos", "Jacaranda mimosifolia", "Liriodendron tulipifera", "Phoenix canariensis", "Pinus halepensis", "Pinus pinea", "Platanus × acerifolia", "Quercus ilex", "Styphnolobium japonicum", "Tipuana tipu", "Washingtonia filifera" ], "district_name": "LES CORTS", "barri_name": "LA MATERNITAT I SANT RAMON", "dominant_myco_type": "AM", "am_pct": 71.23, "em_pct": 23.97, "nm_pct": 4.79, "am_blindness_flag": false, "trees_young_pct": 3.42, "cell_x0": 426400, "cell_y0": 4581200 }, "geometry": { "type": "Polygon", "coordinates": [ [ [ 426800.0, 4581200.0 ], [ 426800.0, 4581600.0 ], [ 426400.0, 4581600.0 ], [ 426400.0, 4581200.0 ], [ 426800.0, 4581200.0 ] ] ] } },
{ "type": "Feature", "properties": { "cell_id": "C014_019", "tree_count": 345, "species_list": [ "Acer saccharinum", "Aesculus hippocastanum", "Ailanthus altissima", "Casuarina cunninghamiana", "Celtis australis", "Cercis siliquastrum", "Grevillea robusta", "Jacaranda mimosifolia", "Melia azedarach", "Morus alba 'Fruitless'", "Morus kagayamae", "Olea europaea", "Parkinsonia aculeata", "Phoenix canariensis", "Pinus halepensis", "Pinus pinea", "Platanus × acerifolia", "Platycladus orientalis", "Populus nigra 'Italica'", "Quercus ilex", "Styphnolobium japonicum", "Taxus baccata", "Tipuana tipu", "Ulmus pumila", "Washingtonia filifera", "Washingtonia filifera var. robusta" ], "district_name": "LES CORTS", "barri_name": "LA MATERNITAT I SANT RAMON", "dominant_myco_type": "AM", "am_pct": 60.0, "em_pct": 35.07, "nm_pct": 4.93, "am_blindness_flag": false, "trees_young_pct": 13.04, "cell_x0": 426400, "cell_y0": 4581600 }, "geometry": { "type": "Polygon", "coordinates": [ [ [ 426800.0, 4581600.0 ], [ 426800.0, 4582000.0 ], [ 426400.0, 4582000.0 ], [ 426400.0, 4581600.0 ], [ 426800.0, 4581600.0 ] ] ] } },
{ "type": "Feature", "properties": { "cell_id": "C014_020", "tree_count": 652, "species_list": [ "Aesculus hippocastanum", "Brachychiton acerifolius", "Brachychiton discolor", "Brahea armata", "Casuarina cunninghamiana", "Cedrus atlantica", "Celtis australis", "Cercis siliquastrum", "Crataegus x media 'Paul's Scarlet'", "Cupressus sempervirens", "Cupressus sempervirens 'Stricta'", "Eriobotrya japonica", "Erythrina caffra", "Firmiana simplex", "Hesperocyparis glabra", "Hesperocyparis macrocarpa", "Koelreuteria paniculata 'Fastigiata'", "Laurus nobilis", "Ligustrum japonicum", "Ligustrum lucidum", "Liquidambar styraciflua", "Livistona chinensis", "Melia azedarach", "Olea europaea", "Phoenix canariensis", "Phoenix dactylifera", "Photinia davidiana", "Phytolacca dioica", "Pinus halepensis", "Pinus pinea", "Platanus × acerifolia", "Podocarpus neriifolius", "Pyrus calleryana 'Chanticleer'", "Quercus ilex", "Quercus pubescens", "Robinia pseudoacacia", "Styphnolobium japonicum", "Tipuana tipu", "Ulmus pumila", "Washingtonia filifera", "Washingtonia filifera var. robusta" ], "district_name": "LES CORTS", "barri_name": "PEDRALBES", "dominant_myco_type": "AM", "am_pct": 72.24, "em_pct": 17.18, "nm_pct": 10.58, "am_blindness_flag": false, "trees_young_pct": 1.69, "cell_x0": 426400, "cell_y0": 4582000 }, "geometry": { "type": "Polygon", "coordinates": [ [ [ 426800.0, 4582000.0 ], [ 426800.0, 4582400.0 ], [ 426400.0, 4582400.0 ], [ 426400.0, 4582000.0 ], [ 426800.0, 4582000.0 ] ] ] } },
{ "type": "Feature", "properties": { "cell_id": "C014_021", "tree_count": 357, "species_list": [ "Celtis australis", "Cercis siliquastrum", "Citrus × aurantium", "Cupressus sempervirens", "Eriobotrya japonica", "Handroanthus heptaphyllus", "Hesperocyparis macrocarpa", "Koelreuteria paniculata 'Fastigiata'", "Ligustrum lucidum", "Magnolia grandiflora", "Melia azedarach", "Morus alba", "Nerium oleander", "Olea europaea", "Phoenix canariensis", "Phoenix dactylifera", "Photinia x fraseri 'Red Robin'", "Phytolacca dioica", "Pinus halepensis", "Pinus pinea", "Platanus × acerifolia", "Platycladus orientalis", "Populus alba 'Pyramidalis'", "Prunus cerasifera 'Pissardii'", "Robinia pseudoacacia 'Pyramidalis'", "Schinus molle", "Styphnolobium japonicum", "Styphnolobium japonicum 'Dot'", "Tipuana tipu", "Ulmus pumila", "Washingtonia filifera", "Washingtonia filifera var. robusta" ], "district_name": "SARRIÀ - SANT GERVASI", "barri_name": "SARRIÀ", "dominant_myco_type": "AM", "am_pct": 73.39, "em_pct": 15.13, "nm_pct": 11.48, "am_blindness_flag": false, "trees_young_pct": 4.2, "cell_x0": 426400, "cell_y0": 4582400 }, "geometry": { "type": "Polygon", "coordinates": [ [ [ 426800.0, 4582400.0 ], [ 426800.0, 4582800.0 ], [ 426400.0, 4582800.0 ], [ 426400.0, 4582400.0 ], [ 426800.0, 4582400.0 ] ] ] } },
{ "type": "Feature", "properties": { "cell_id": "C014_022", "tree_count": 410, "species_list": [ "Acer negundo", "Albizia julibrissin", "Butia odorata", "Celtis australis", "Ceratonia siliqua", "Cercis siliquastrum", "Citrus × aurantium", "Crataegus monogyna", "Crataegus x media 'Paul's Scarlet'", "Cupressus sempervirens", "Cupressus sempervirens 'Stricta'", "Fraxinus ornus", "Ginkgo biloba 'Fastigiata'", "Handroanthus heptaphyllus", "Hibiscus syriacus", "Jacaranda mimosifolia", "Koelreuteria paniculata 'Fastigiata'", "Laurus nobilis", "Ligustrum lucidum", "Olea europaea", "Phoenix canariensis", "Pinus halepensis", "Platanus × acerifolia", "Prunus cerasifera 'Pissardii'", "Robinia pseudoacacia", "Robinia × margaretta 'Pink Cascade'", "Schinus molle", "Styphnolobium japonicum", "Tilia x euchlora", "Tilia x europaea", "Tipuana tipu", "Trachycarpus fortunei", "Ulmus RESISTA® 'New Horizon'", "Ulmus pumila", "Washingtonia filifera var. robusta", "X hesperotropsis leylandii" ], "district_name": "SARRIÀ - SANT GERVASI", "barri_name": "SARRIÀ", "dominant_myco_type": "AM", "am_pct": 83.66, "em_pct": 0.49, "nm_pct": 15.85, "am_blindness_flag": true, "trees_young_pct": 3.17, "cell_x0": 426400, "cell_y0": 4582800 }, "geometry": { "type": "Polygon", "coordinates": [ [ [ 426800.0, 4582800.0 ], [ 426800.0, 4583200.0 ], [ 426400.0, 4583200.0 ], [ 426400.0, 4582800.0 ], [ 426800.0, 4582800.0 ] ] ] } },
{ "type": "Feature", "properties": { "cell_id": "C014_023", "tree_count": 258, "species_list": [ "Aesculus hippocastanum", "Albizia julibrissin", "Brachychiton populneus", "Celtis australis", "Ceratonia siliqua", "Cercis siliquastrum", "Citrus × aurantium", "Cormus domestica", "Cupressus sempervirens", "Hibiscus syriacus", "Koelreuteria paniculata", "Ligustrum japonicum 'Texanum'", "Ligustrum lucidum", "Liquidambar styraciflua", "Magnolia grandiflora", "Melia azedarach", "Morus alba", "Olea europaea", "Phoenix canariensis", "Phytolacca dioica", "Pinus pinea", "Platanus × acerifolia", "Prunus cerasifera 'Pissardii'", "Pyrus calleryana 'Chanticleer'", "Quercus ilex", "Styphnolobium japonicum", "Tamarix ramosissima", "Tilia x euchlora", "Tilia x europaea", "Tipuana tipu", "Washingtonia filifera", "Washingtonia filifera var. robusta" ], "district_name": "SARRIÀ - SANT GERVASI", "barri_name": "SARRIÀ", "dominant_myco_type": "AM", "am_pct": 78.68, "em_pct": 5.43, "nm_pct": 15.89, "am_blindness_flag": false, "trees_young_pct": 11.63, "cell_x0": 426400, "cell_y0": 4583200 }, "geometry": { "type": "Polygon", "coordinates": [ [ [ 426800.0, 4583200.0 ], [ 426800.0, 4583600.0 ], [ 426400.0, 4583600.0 ], [ 426400.0, 4583200.0 ], [ 426800.0, 4583200.0 ] ] ] } },
{ "type": "Feature", "properties": { "cell_id": "C014_024", "tree_count": 308, "species_list": [ "Brachychiton populneus", "Celtis australis", "Cercis siliquastrum", "Cormus domestica", "Cupressus sempervirens", "Hibiscus syriacus", "Koelreuteria paniculata", "Magnolia grandiflora", "Magnolia liliiflora", "Morus alba", "Morus alba 'Fruitless'", "Phoenix canariensis", "Phoenix dactylifera", "Photinia x fraseri 'Red Robin'", "Pinus pinea", "Platanus × acerifolia", "Pyrus calleryana 'Chanticleer'", "Robinia pseudoacacia", "Styphnolobium japonicum", "Styphnolobium japonicum 'Columnare'", "Styphnolobium japonicum 'Dot'", "Tilia tomentosa", "Tilia x euchlora", "Tilia x europaea", "Tipuana tipu", "Washingtonia filifera var. robusta" ], "district_name": "SARRIÀ - SANT GERVASI", "barri_name": "SARRIÀ", "dominant_myco_type": "AM", "am_pct": 78.57, "em_pct": 1.95, "nm_pct": 19.48, "am_blindness_flag": false, "trees_young_pct": 5.52, "cell_x0": 426400, "cell_y0": 4583600 }, "geometry": { "type": "Polygon", "coordinates": [ [ [ 426800.0, 4583600.0 ], [ 426800.0, 4584000.0 ], [ 426400.0, 4584000.0 ], [ 426400.0, 4583600.0 ], [ 426800.0, 4583600.0 ] ] ] } },
{ "type": "Feature", "properties": { "cell_id": "C014_025", "tree_count": 310, "species_list": [ "Brachychiton acerifolius", "Brachychiton populneus", "Casuarina cunninghamiana", "Cedrus deodara", "Celtis australis", "Cercis siliquastrum", "Cupressus sempervirens", "Hibiscus syriacus", "Ligustrum lucidum", "Liquidambar styraciflua", "Magnolia grandiflora", "Olea europaea", "Phoenix canariensis", "Pinus halepensis", "Platanus × acerifolia", "Populus x canadensis", "Prunus cerasifera", "Prunus cerasifera 'Pissardii'", "Robinia pseudoacacia", "Styphnolobium japonicum", "Tilia cordata", "Tilia x euchlora", "Tilia x europaea", "Washingtonia filifera", "X hesperotropsis leylandii" ], "district_name": "SARRIÀ - SANT GERVASI", "barri_name": "SARRIÀ", "dominant_myco_type": "AM", "am_pct": 62.9, "em_pct": 8.06, "nm_pct": 29.03, "am_blindness_flag": false, "trees_young_pct": 8.06, "cell_x0": 426400, "cell_y0": 4584000 }, "geometry": { "type": "Polygon", "coordinates": [ [ [ 426800.0, 4584000.0 ], [ 426800.0, 4584400.0 ], [ 426400.0, 4584400.0 ], [ 426400.0, 4584000.0 ], [ 426800.0, 4584000.0 ] ] ] } },
{ "type": "Feature", "properties": { "cell_id": "C014_026", "tree_count": 89, "species_list": [ "Acer campestre 'Elsrijk'", "Brachychiton populneus", "Jacaranda mimosifolia", "Platanus × acerifolia", "Populus alba" ], "district_name": "SARRIÀ - SANT GERVASI", "barri_name": "SANT GERVASI - LA BONANOVA", "dominant_myco_type": "AM", "am_pct": 88.76, "em_pct": 4.49, "nm_pct": 6.74, "am_blindness_flag": true, "trees_young_pct": 16.85, "cell_x0": 426400, "cell_y0": 4584400 }, "geometry": { "type": "Polygon", "coordinates": [ [ [ 426800.0, 4584400.0 ], [ 426800.0, 4584800.0 ], [ 426400.0, 4584800.0 ], [ 426400.0, 4584400.0 ], [ 426800.0, 4584400.0 ] ] ] } },
{ "type": "Feature", "properties": { "cell_id": "C014_027", "tree_count": 23, "species_list": [ "Albizia julibrissin", "Celtis australis", "Ginkgo biloba", "Magnolia grandiflora", "Populus alba", "Populus nigra", "Pyrus calleryana 'Chanticleer'" ], "district_name": "SARRIÀ - SANT GERVASI", "barri_name": "SANT GERVASI - LA BONANOVA", "dominant_myco_type": "EM", "am_pct": 47.83, "em_pct": 52.17, "nm_pct": 0.0, "am_blindness_flag": false, "trees_young_pct": 8.7, "cell_x0": 426400, "cell_y0": 4584800 }, "geometry": { "type": "Polygon", "coordinates": [ [ [ 426800.0, 4584800.0 ], [ 426800.0, 4585200.0 ], [ 426400.0, 4585200.0 ], [ 426400.0, 4584800.0 ], [ 426800.0, 4584800.0 ] ] ] } },
{ "type": "Feature", "properties": { "cell_id": "C015_008", "tree_count": 62, "species_list": [ "Ailanthus altissima", "Casuarina cunninghamiana", "Catalpa bignonioides", "Jacaranda mimosifolia", "Melia azedarach", "Morus alba", "Parkinsonia aculeata", "Pinus halepensis", "Platanus × acerifolia", "Populus nigra", "Quercus ilex", "Robinia pseudoacacia", "Robinia pseudoacacia 'Bessoniana'", "Styphnolobium japonicum", "Styphnolobium japonicum 'Dot'", "Tipuana tipu", "Ulmus pumila" ], "district_name": "SANTS - MONTJUÏC", "barri_name": "LA MARINA DEL PRAT VERMELL", "dominant_myco_type": "AM", "am_pct": 74.19, "em_pct": 8.06, "nm_pct": 17.74, "am_blindness_flag": false, "trees_young_pct": 3.23, "cell_x0": 426800, "cell_y0": 4577200 }, "geometry": { "type": "Polygon", "coordinates": [ [ [ 427200.0, 4577200.0 ], [ 427200.0, 4577600.0 ], [ 426800.0, 4577600.0 ], [ 426800.0, 4577200.0 ], [ 427200.0, 4577200.0 ] ] ] } },
{ "type": "Feature", "properties": { "cell_id": "C015_015", "tree_count": 38, "species_list": [ "Lophostemon confertus", "Melia azedarach", "Prunus cerasifera 'Pissardii'", "Pyrus calleryana 'Chanticleer'", "Styphnolobium japonicum" ], "district_name": "SANTS - MONTJUÏC", "barri_name": "SANTS - BADAL", "dominant_myco_type": "AM", "am_pct": 97.37, "em_pct": 2.63, "nm_pct": 0.0, "am_blindness_flag": true, "trees_young_pct": 13.16, "cell_x0": 426800, "cell_y0": 4580000 }, "geometry": { "type": "Polygon", "coordinates": [ [ [ 427200.0, 4580000.0 ], [ 427200.0, 4580400.0 ], [ 426800.0, 4580400.0 ], [ 426800.0, 4580000.0 ], [ 427200.0, 4580000.0 ] ] ] } },
{ "type": "Feature", "properties": { "cell_id": "C015_016", "tree_count": 295, "species_list": [ "Brachychiton populneus", "Celtis australis", "Jacaranda mimosifolia", "Ligustrum lucidum", "Melia azedarach", "Nerium oleander (vermell)", "Olea europaea", "Prunus cerasifera 'Pissardii'", "Pyrus calleryana 'Chanticleer'", "Styphnolobium japonicum", "Tipuana tipu" ], "district_name": "SANTS - MONTJUÏC", "barri_name": "SANTS - BADAL", "dominant_myco_type": "AM", "am_pct": 84.41, "em_pct": 0.0, "nm_pct": 15.59, "am_blindness_flag": true, "trees_young_pct": 22.03, "cell_x0": 426800, "cell_y0": 4580400 }, "geometry": { "type": "Polygon", "coordinates": [ [ [ 427200.0, 4580400.0 ], [ 427200.0, 4580800.0 ], [ 426800.0, 4580800.0 ], [ 426800.0, 4580400.0 ], [ 427200.0, 4580400.0 ] ] ] } },
{ "type": "Feature", "properties": { "cell_id": "C015_017", "tree_count": 503, "species_list": [ "Acer negundo", "Acer × freemanii AUTUMN BLAZE® 'Jeffersred'", "Bauhinia purpurea", "Broussonetia papyrifera", "Catalpa bignonioides", "Celtis australis", "Cercis siliquastrum", "Cupressus sempervirens", "Ginkgo biloba", "Hibiscus syriacus", "Jacaranda mimosifolia", "Koelreuteria paniculata 'Fastigiata'", "Liriodendron tulipifera", "Magnolia grandiflora", "Magnolia grandiflora 'Gallisoniensis'", "Nerium oleander (vermell)", "Phoenix dactylifera", "Photinia x fraseri 'Red Robin'", "Platanus × acerifolia", "Populus alba 'Pyramidalis'", "Populus nigra 'Italica'", "Prunus amygdalus", "Prunus cerasifera 'Pissardii'", "Styphnolobium japonicum", "Tipuana tipu", "Ulmus pumila" ], "district_name": "SANTS - MONTJUÏC", "barri_name": "SANTS - BADAL", "dominant_myco_type": "AM", "am_pct": 56.26, "em_pct": 0.2, "nm_pct": 43.54, "am_blindness_flag": false, "trees_young_pct": 3.18, "cell_x0": 426800, "cell_y0": 4580800 }, "geometry": { "type": "Polygon", "coordinates": [ [ [ 427200.0, 4580800.0 ], [ 427200.0, 4581200.0 ], [ 426800.0, 4581200.0 ], [ 426800.0, 4580800.0 ], [ 427200.0, 4580800.0 ] ] ] } },
{ "type": "Feature", "properties": { "cell_id": "C015_018", "tree_count": 600, "species_list": [ "Ailanthus altissima", "Brachychiton acerifolius", "Casuarina cunninghamiana", "Celtis australis", "Cercis siliquastrum", "Cupressus sempervirens", "Cupressus sempervirens 'Stricta'", "Fraxinus ornus", "Ginkgo biloba", "Hesperocyparis arizonica", "Hesperocyparis macrocarpa", "Jacaranda mimosifolia", "Koelreuteria paniculata 'Fastigiata'", "Lagerstroemia indica", "Lagunaria patersonia", "Laurus nobilis", "Liriodendron tulipifera", "Magnolia grandiflora", "Melia azedarach", "Morus kagayamae", "Nerium oleander", "Nerium oleander (vermell)", "Olea europaea", "Phoenix canariensis", "Phoenix dactylifera", "Pinus halepensis", "Pinus pinea", "Pinus sylvestris", "Platanus × acerifolia", "Podocarpus neriifolius", "Populus nigra 'Italica'", "Quercus ilex", "Robinia pseudoacacia", "Schinus molle", "Styphnolobium japonicum", "Syagrus romanzoffiana", "Tipuana tipu", "Ulmus pumila", "Washingtonia filifera", "Washingtonia filifera var. robusta" ], "district_name": "LES CORTS", "barri_name": "LA MATERNITAT I SANT RAMON", "dominant_myco_type": "AM", "am_pct": 74.5, "em_pct": 7.33, "nm_pct": 18.17, "am_blindness_flag": false, "trees_young_pct": 4.67, "cell_x0": 426800, "cell_y0": 4581200 }, "geometry": { "type": "Polygon", "coordinates": [ [ [ 427200.0, 4581200.0 ], [ 427200.0, 4581600.0 ], [ 426800.0, 4581600.0 ], [ 426800.0, 4581200.0 ], [ 427200.0, 4581200.0 ] ] ] } },
{ "type": "Feature", "properties": { "cell_id": "C015_019", "tree_count": 399, "species_list": [ "Acacia dealbata", "Ailanthus altissima", "Albizia julibrissin", "Brachychiton acerifolius", "Brachychiton populneus", "Celtis australis", "Cercis siliquastrum", "Cupressus sempervirens", "Grevillea robusta", "Jacaranda mimosifolia", "Koelreuteria paniculata 'Fastigiata'", "Liriodendron tulipifera", "Melia azedarach", "Pinus halepensis", "Pinus sylvestris", "Populus nigra 'Italica'", "Robinia pseudoacacia", "Tilia x euchlora", "Tipuana tipu", "Ulmus pumila", "Washingtonia filifera", "Washingtonia filifera var. robusta" ], "district_name": "LES CORTS", "barri_name": "LES CORTS", "dominant_myco_type": "AM", "am_pct": 66.92, "em_pct": 1.5, "nm_pct": 31.58, "am_blindness_flag": false, "trees_young_pct": 6.02, "cell_x0": 426800, "cell_y0": 4581600 }, "geometry": { "type": "Polygon", "coordinates": [ [ [ 427200.0, 4581600.0 ], [ 427200.0, 4582000.0 ], [ 426800.0, 4582000.0 ], [ 426800.0, 4581600.0 ], [ 427200.0, 4581600.0 ] ] ] } },
{ "type": "Feature", "properties": { "cell_id": "C015_020", "tree_count": 581, "species_list": [ "Arbutus unedo", "Calocedrus decurrens", "Casuarina cunninghamiana", "Cedrus atlantica", "Cedrus deodara", "Cedrus libani", "Celtis australis", "Cercis siliquastrum", "Citrus × aurantium", "Cotoneaster lacteus", "Cupressus sempervirens", "Grevillea robusta", "Hesperocyparis glabra", "Jacaranda mimosifolia", "Juniperus x pfitzeriana", "Koelreuteria paniculata", "Koelreuteria paniculata 'Fastigiata'", "Laurus nobilis", "Ligustrum japonicum", "Ligustrum lucidum", "Liquidambar styraciflua", "Magnolia grandiflora", "Melia azedarach", "Morus alba", "Olea europaea", "Phoenix canariensis", "Phoenix dactylifera", "Pinus halepensis", "Pinus pinea", "Platanus × acerifolia", "Platycladus orientalis", "Populus alba", "Populus nigra", "Populus nigra 'Italica'", "Populus x canadensis", "Prunus cerasifera 'Pissardii'", "Pyrus calleryana 'Chanticleer'", "Quercus ilex", "Quercus pubescens", "Quercus robur", "Quercus suber", "Schinus molle", "Styphnolobium japonicum", "Tilia platyphyllos", "Tipuana tipu", "Trachycarpus fortunei", "Ulmus pumila", "Washingtonia filifera", "Washingtonia filifera var. robusta", "X hesperotropsis leylandii", "Zelkova serrata GREEN VASE® 'Flekova'" ], "district_name": "LES CORTS", "barri_name": "LES CORTS", "dominant_myco_type": "AM", "am_pct": 75.73, "em_pct": 13.25, "nm_pct": 11.02, "am_blindness_flag": false, "trees_young_pct": 2.41, "cell_x0": 426800, "cell_y0": 4582000 }, "geometry": { "type": "Polygon", "coordinates": [ [ [ 427200.0, 4582000.0 ], [ 427200.0, 4582400.0 ], [ 426800.0, 4582400.0 ], [ 426800.0, 4582000.0 ], [ 427200.0, 4582000.0 ] ] ] } },
{ "type": "Feature", "properties": { "cell_id": "C015_021", "tree_count": 435, "species_list": [ "Acer saccharinum", "Callistemon glaucus", "Callistemon viminalis", "Cedrus libani", "Celtis australis", "Cercis siliquastrum", "Cupressus sempervirens", "Grevillea robusta", "Handroanthus heptaphyllus", "Jacaranda mimosifolia", "Ligustrum japonicum", "Liquidambar styraciflua", "Magnolia grandiflora", "Melia azedarach", "Parrotia persica 'Vanessa'", "Phoenix dactylifera", "Photinia x fraseri 'Red Robin'", "Pinus halepensis", "Pinus pinea", "Platanus × acerifolia", "Prunus cerasifera", "Prunus cerasifera 'Pissardii'", "Prunus serrulata 'Kanzan'", "Pyrus calleryana 'Chanticleer'", "Robinia pseudoacacia", "Styphnolobium japonicum", "Tamarix ramosissima", "Tipuana tipu", "Trachycarpus fortunei", "Ulmus pumila" ], "district_name": "LES CORTS", "barri_name": "PEDRALBES", "dominant_myco_type": "AM", "am_pct": 83.22, "em_pct": 11.95, "nm_pct": 4.83, "am_blindness_flag": true, "trees_young_pct": 4.37, "cell_x0": 426800, "cell_y0": 4582400 }, "geometry": { "type": "Polygon", "coordinates": [ [ [ 427200.0, 4582400.0 ], [ 427200.0, 4582800.0 ], [ 426800.0, 4582800.0 ], [ 426800.0, 4582400.0 ], [ 427200.0, 4582400.0 ] ] ] } },
{ "type": "Feature", "properties": { "cell_id": "C015_022", "tree_count": 424, "species_list": [ "Bauhinia purpurea", "Brachychiton populneus", "Casuarina cunninghamiana", "Celtis australis", "Ceratonia siliqua", "Cercis siliquastrum", "Ginkgo biloba", "Grevillea robusta", "Jacaranda mimosifolia", "Koelreuteria paniculata", "Ligustrum lucidum", "Magnolia grandiflora", "Melia azedarach", "Phoenix canariensis", "Pinus halepensis", "Platanus × acerifolia", "Populus alba 'Pyramidalis'", "Pyrus calleryana 'Chanticleer'", "Robinia pseudoacacia", "Styphnolobium japonicum", "Tilia x euchlora", "Tipuana tipu", "Ulmus pumila", "Washingtonia filifera", "Washingtonia filifera var. robusta" ], "district_name": "SARRIÀ - SANT GERVASI", "barri_name": "SARRIÀ", "dominant_myco_type": "AM", "am_pct": 94.1, "em_pct": 0.47, "nm_pct": 5.42, "am_blindness_flag": true, "trees_young_pct": 6.13, "cell_x0": 426800, "cell_y0": 4582800 }, "geometry": { "type": "Polygon", "coordinates": [ [ [ 427200.0, 4582800.0 ], [ 427200.0, 4583200.0 ], [ 426800.0, 4583200.0 ], [ 426800.0, 4582800.0 ], [ 427200.0, 4582800.0 ] ] ] } },
{ "type": "Feature", "properties": { "cell_id": "C015_023", "tree_count": 333, "species_list": [ "Acer negundo", "Aesculus hippocastanum", "Albizia julibrissin", "Bauhinia purpurea", "Brachychiton populneus", "Casuarina cunninghamiana", "Celtis australis", "Cercis siliquastrum", "Cupressus sempervirens", "Jacaranda mimosifolia", "Koelreuteria paniculata", "Koelreuteria paniculata 'Fastigiata'", "Ligustrum lucidum", "Magnolia grandiflora", "Magnolia grandiflora 'Goliath'", "Morus alba 'Fruitless'", "Olea europaea", "Photinia x fraseri 'Red Robin'", "Pinus halepensis", "Pinus pinea", "Platanus × acerifolia", "Quercus ilex", "Styphnolobium japonicum", "Styphnolobium japonicum 'Columnare'", "Tipuana tipu", "Ulmus pumila", "Washingtonia filifera var. robusta" ], "district_name": "SARRIÀ - SANT GERVASI", "barri_name": "LES TRES TORRES", "dominant_myco_type": "AM", "am_pct": 91.59, "em_pct": 2.4, "nm_pct": 6.01, "am_blindness_flag": true, "trees_young_pct": 3.3, "cell_x0": 426800, "cell_y0": 4583200 }, "geometry": { "type": "Polygon", "coordinates": [ [ [ 427200.0, 4583200.0 ], [ 427200.0, 4583600.0 ], [ 426800.0, 4583600.0 ], [ 426800.0, 4583200.0 ], [ 427200.0, 4583200.0 ] ] ] } },
{ "type": "Feature", "properties": { "cell_id": "C015_024", "tree_count": 273, "species_list": [ "Acer negundo", "Aesculus hippocastanum", "Celtis australis", "Cupressus sempervirens", "Ficus carica", "Ginkgo biloba 'Fastigiata'", "Ligustrum lucidum", "Magnolia grandiflora", "Magnolia grandiflora 'Goliath'", "Photinia x fraseri 'Red Robin'", "Pinus halepensis", "Platanus × acerifolia", "Prunus spinosa", "Quercus robur 'Fastigiata'", "Robinia pseudoacacia", "Styphnolobium japonicum", "Styphnolobium japonicum 'Dot'" ], "district_name": "SARRIÀ - SANT GERVASI", "barri_name": "LES TRES TORRES", "dominant_myco_type": "AM", "am_pct": 82.78, "em_pct": 0.37, "nm_pct": 16.85, "am_blindness_flag": true, "trees_young_pct": 2.2, "cell_x0": 426800, "cell_y0": 4583600 }, "geometry": { "type": "Polygon", "coordinates": [ [ [ 427200.0, 4583600.0 ], [ 427200.0, 4584000.0 ], [ 426800.0, 4584000.0 ], [ 426800.0, 4583600.0 ], [ 427200.0, 4583600.0 ] ] ] } },
{ "type": "Feature", "properties": { "cell_id": "C015_025", "tree_count": 245, "species_list": [ "Acer monspessulanum", "Corylus colurna", "Cupressus sempervirens", "Gleditsia triacanthos", "Hibiscus syriacus", "Liquidambar styraciflua", "Magnolia grandiflora", "Magnolia grandiflora 'Goliath'", "Photinia x fraseri 'Red Robin'", "Pinus halepensis", "Platanus × acerifolia", "Prunus cerasifera 'Pissardii'", "Pyrus calleryana 'Chanticleer'", "Robinia pseudoacacia", "Styphnolobium japonicum", "Styphnolobium japonicum 'Columnare'" ], "district_name": "SARRIÀ - SANT GERVASI", "barri_name": "SANT GERVASI - LA BONANOVA", "dominant_myco_type": "AM", "am_pct": 79.59, "em_pct": 1.22, "nm_pct": 19.18, "am_blindness_flag": false, "trees_young_pct": 9.39, "cell_x0": 426800, "cell_y0": 4584000 }, "geometry": { "type": "Polygon", "coordinates": [ [ [ 427200.0, 4584000.0 ], [ 427200.0, 4584400.0 ], [ 426800.0, 4584400.0 ], [ 426800.0, 4584000.0 ], [ 427200.0, 4584000.0 ] ] ] } },
{ "type": "Feature", "properties": { "cell_id": "C015_026", "tree_count": 365, "species_list": [ "Acer monspessulanum", "Ailanthus altissima", "Albizia julibrissin", "Brachychiton acerifolius", "Brachychiton populneus", "Casuarina cunninghamiana", "Celtis australis", "Cupressus sempervirens", "Ginkgo biloba", "Hibiscus syriacus", "Jacaranda mimosifolia", "Koelreuteria paniculata", "Koelreuteria paniculata 'Fastigiata'", "Ligustrum lucidum", "Liquidambar styraciflua", "Magnolia grandiflora", "Pinus halepensis", "Platanus × acerifolia", "Populus alba", "Populus alba 'Pyramidalis'", "Prunus cerasifera 'Pissardii'", "Pyrus calleryana 'Chanticleer'", "Robinia pseudoacacia", "Styphnolobium japonicum", "Tilia x euchlora", "Tipuana tipu", "Washingtonia filifera", "Washingtonia filifera var. robusta" ], "district_name": "SARRIÀ - SANT GERVASI", "barri_name": "SANT GERVASI - LA BONANOVA", "dominant_myco_type": "AM", "am_pct": 72.05, "em_pct": 6.85, "nm_pct": 21.1, "am_blindness_flag": false, "trees_young_pct": 7.4, "cell_x0": 426800, "cell_y0": 4584400 }, "geometry": { "type": "Polygon", "coordinates": [ [ [ 427200.0, 4584400.0 ], [ 427200.0, 4584800.0 ], [ 426800.0, 4584800.0 ], [ 426800.0, 4584400.0 ], [ 427200.0, 4584400.0 ] ] ] } },
{ "type": "Feature", "properties": { "cell_id": "C015_027", "tree_count": 87, "species_list": [ "Acer campestre 'Elsrijk'", "Brachychiton populneus", "Koelreuteria paniculata 'Fastigiata'", "Platanus × acerifolia", "Populus alba", "Populus alba 'Pyramidalis'", "Populus nigra", "Populus nigra 'Italica'", "Robinia pseudoacacia", "Schinus molle", "Washingtonia filifera var. robusta" ], "district_name": "SARRIÀ - SANT GERVASI", "barri_name": "SANT GERVASI - LA BONANOVA", "dominant_myco_type": "EM", "am_pct": 9.2, "em_pct": 52.87, "nm_pct": 37.93, "am_blindness_flag": false, "trees_young_pct": 3.45, "cell_x0": 426800, "cell_y0": 4584800 }, "geometry": { "type": "Polygon", "coordinates": [ [ [ 427200.0, 4584800.0 ], [ 427200.0, 4585200.0 ], [ 426800.0, 4585200.0 ], [ 426800.0, 4584800.0 ], [ 427200.0, 4584800.0 ] ] ] } },
{ "type": "Feature", "properties": { "cell_id": "C016_008", "tree_count": 50, "species_list": [ "Acer monspessulanum", "Casuarina cunninghamiana", "Jacaranda mimosifolia", "Melia azedarach", "Morus alba", "Prunus cerasifera 'Pissardii'", "Quercus ilex", "Tipuana tipu", "Ulmus pumila", "Washingtonia filifera var. robusta" ], "district_name": "SANTS - MONTJUÏC", "barri_name": "LA MARINA DEL PRAT VERMELL", "dominant_myco_type": "AM", "am_pct": 82.0, "em_pct": 2.0, "nm_pct": 16.0, "am_blindness_flag": true, "trees_young_pct": 0.0, "cell_x0": 427200, "cell_y0": 4577200 }, "geometry": { "type": "Polygon", "coordinates": [ [ [ 427600.0, 4577200.0 ], [ 427600.0, 4577600.0 ], [ 427200.0, 4577600.0 ], [ 427200.0, 4577200.0 ], [ 427600.0, 4577200.0 ] ] ] } },
{ "type": "Feature", "properties": { "cell_id": "C016_010", "tree_count": 8, "species_list": [ "Platanus × acerifolia", "Styphnolobium japonicum" ], "district_name": "SANTS - MONTJUÏC", "barri_name": "LA MARINA DEL PRAT VERMELL", "dominant_myco_type": "AM", "am_pct": 100.0, "em_pct": 0.0, "nm_pct": 0.0, "am_blindness_flag": true, "trees_young_pct": 0.0, "cell_x0": 427200, "cell_y0": 4578000 }, "geometry": { "type": "Polygon", "coordinates": [ [ [ 427600.0, 4578000.0 ], [ 427600.0, 4578400.0 ], [ 427200.0, 4578400.0 ], [ 427200.0, 4578000.0 ], [ 427600.0, 4578000.0 ] ] ] } },
{ "type": "Feature", "properties": { "cell_id": "C016_011", "tree_count": 18, "species_list": [ "Celtis sinensis", "Melia azedarach", "Platanus × acerifolia", "Prunus cerasifera 'Pissardii'", "Styphnolobium japonicum", "Ulmus pumila" ], "district_name": "SANTS - MONTJUÏC", "barri_name": "LA MARINA DEL PORT", "dominant_myco_type": "AM", "am_pct": 100.0, "em_pct": 0.0, "nm_pct": 0.0, "am_blindness_flag": true, "trees_young_pct": 0.0, "cell_x0": 427200, "cell_y0": 4578400 }, "geometry": { "type": "Polygon", "coordinates": [ [ [ 427600.0, 4578400.0 ], [ 427600.0, 4578800.0 ], [ 427200.0, 4578800.0 ], [ 427200.0, 4578400.0 ], [ 427600.0, 4578400.0 ] ] ] } },
{ "type": "Feature", "properties": { "cell_id": "C016_012", "tree_count": 235, "species_list": [ "Celtis australis", "Cercis siliquastrum", "Fraxinus angustifolia 'Raywood'", "Jacaranda mimosifolia", "Koelreuteria paniculata 'Fastigiata'", "Melia azedarach", "Morus alba 'Fruitless'", "Platanus × acerifolia", "Populus alba 'Pyramidalis'", "Populus nigra 'Italica'", "Prunus cerasifera 'Pissardii'", "Quercus robur 'Fastigiata'", "Robinia pseudoacacia", "Styphnolobium japonicum", "Styphnolobium japonicum 'Dot'", "Tipuana tipu", "Ulmus pumila", "Washingtonia filifera" ], "district_name": "SANTS - MONTJUÏC", "barri_name": "LA MARINA DEL PORT", "dominant_myco_type": "AM", "am_pct": 91.91, "em_pct": 0.0, "nm_pct": 8.09, "am_blindness_flag": true, "trees_young_pct": 2.98, "cell_x0": 427200, "cell_y0": 4578800 }, "geometry": { "type": "Polygon", "coordinates": [ [ [ 427600.0, 4578800.0 ], [ 427600.0, 4579200.0 ], [ 427200.0, 4579200.0 ], [ 427200.0, 4578800.0 ], [ 427600.0, 4578800.0 ] ] ] } },
{ "type": "Feature", "properties": { "cell_id": "C016_013", "tree_count": 59, "species_list": [ "Brachychiton populneus", "Celtis australis", "Gleditsia triacanthos", "Koelreuteria paniculata 'Fastigiata'", "Styphnolobium japonicum", "Tipuana tipu" ], "district_name": "SANTS - MONTJUÏC", "barri_name": "LA BORDETA", "dominant_myco_type": "AM", "am_pct": 98.31, "em_pct": 0.0, "nm_pct": 1.69, "am_blindness_flag": true, "trees_young_pct": 1.69, "cell_x0": 427200, "cell_y0": 4579200 }, "geometry": { "type": "Polygon", "coordinates": [ [ [ 427600.0, 4579200.0 ], [ 427600.0, 4579600.0 ], [ 427200.0, 4579600.0 ], [ 427200.0, 4579200.0 ], [ 427600.0, 4579200.0 ] ] ] } },
{ "type": "Feature", "properties": { "cell_id": "C016_014", "tree_count": 381, "species_list": [ "Acer negundo", "Ailanthus altissima", "Brachychiton populneus", "Casuarina cunninghamiana", "Celtis australis", "Chamaerops humilis", "Citrus × aurantium", "Cupressus sempervirens", "Gleditsia triacanthos", "Jacaranda mimosifolia", "Koelreuteria paniculata", "Koelreuteria paniculata 'Fastigiata'", "Ligustrum lucidum", "Magnolia grandiflora", "Melia azedarach", "Phytolacca dioica", "Pinus pinea", "Platanus × acerifolia", "Populus alba 'Pyramidalis'", "Populus nigra", "Populus nigra 'Italica'", "Pyrus calleryana 'Chanticleer'", "Robinia pseudoacacia", "Schinus molle", "Styphnolobium japonicum", "Tipuana tipu", "Washingtonia filifera", "Washingtonia filifera var. robusta" ], "district_name": "SANTS - MONTJUÏC", "barri_name": "LA BORDETA", "dominant_myco_type": "AM", "am_pct": 78.74, "em_pct": 0.79, "nm_pct": 20.47, "am_blindness_flag": false, "trees_young_pct": 11.02, "cell_x0": 427200, "cell_y0": 4579600 }, "geometry": { "type": "Polygon", "coordinates": [ [ [ 427600.0, 4579600.0 ], [ 427600.0, 4580000.0 ], [ 427200.0, 4580000.0 ], [ 427200.0, 4579600.0 ], [ 427600.0, 4579600.0 ] ] ] } },
{ "type": "Feature", "properties": { "cell_id": "C016_015", "tree_count": 296, "species_list": [ "Brachychiton populneus", "Cercis siliquastrum", "Cupressus sempervirens", "Erythrina crista-galli", "Jacaranda mimosifolia", "Koelreuteria paniculata", "Koelreuteria paniculata 'Fastigiata'", "Lophostemon confertus", "Malus x purpurea", "Melia azedarach", "Nerium oleander (vermell)", "Parkinsonia aculeata", "Platanus × acerifolia", "Populus nigra", "Prunus cerasifera 'Pissardii'", "Pyrus calleryana 'Chanticleer'", "Robinia pseudoacacia", "Schinus molle", "Styphnolobium japonicum", "Tipuana tipu", "Ulmus pumila", "Washingtonia filifera", "Washingtonia filifera var. robusta" ], "district_name": "SANTS - MONTJUÏC", "barri_name": "LA BORDETA", "dominant_myco_type": "AM", "am_pct": 78.72, "em_pct": 5.07, "nm_pct": 16.22, "am_blindness_flag": false, "trees_young_pct": 11.82, "cell_x0": 427200, "cell_y0": 4580000 }, "geometry": { "type": "Polygon", "coordinates": [ [ [ 427600.0, 4580000.0 ], [ 427600.0, 4580400.0 ], [ 427200.0, 4580400.0 ], [ 427200.0, 4580000.0 ], [ 427600.0, 4580000.0 ] ] ] } },
{ "type": "Feature", "properties": { "cell_id": "C016_016", "tree_count": 487, "species_list": [ "Acer buergerianum", "Brachychiton populneus", "Crataegus x media 'Paul's Scarlet'", "Fraxinus ornus 'Mecsek'", "Ginkgo biloba 'Fastigiata'", "Koelreuteria paniculata", "Nerium oleander", "Nerium oleander (blanc)", "Nerium oleander (vermell)", "Platanus × acerifolia", "Populus nigra 'Italica'", "Prunus cerasifera 'Pissardii'", "Pyrus calleryana 'Chanticleer'", "Robinia pseudoacacia", "Styphnolobium japonicum", "Tipuana tipu", "Washingtonia filifera" ], "district_name": "SANTS - MONTJUÏC", "barri_name": "SANTS", "dominant_myco_type": "AM", "am_pct": 87.06, "em_pct": 0.0, "nm_pct": 12.94, "am_blindness_flag": true, "trees_young_pct": 14.99, "cell_x0": 427200, "cell_y0": 4580400 }, "geometry": { "type": "Polygon", "coordinates": [ [ [ 427600.0, 4580400.0 ], [ 427600.0, 4580800.0 ], [ 427200.0, 4580800.0 ], [ 427200.0, 4580400.0 ], [ 427600.0, 4580400.0 ] ] ] } },
{ "type": "Feature", "properties": { "cell_id": "C016_017", "tree_count": 402, "species_list": [ "Acer negundo", "Casuarina cunninghamiana", "Celtis australis", "Cercis siliquastrum", "Cupressus sempervirens", "Ekebergia capensis", "Fraxinus ornus", "Fraxinus ornus OBELISK® 'Paus Johannes-Paulus II'", "Grevillea robusta", "Hibiscus syriacus", "Jacaranda mimosifolia", "Koelreuteria paniculata", "Koelreuteria paniculata 'Fastigiata'", "Melia azedarach", "Phoenix dactylifera", "Pinus halepensis", "Pinus pinea", "Platanus × acerifolia", "Populus alba 'Pyramidalis'", "Populus nigra", "Populus nigra 'Italica'", "Populus x canadensis", "Pterocarya fraxinifolia", "Pyrus calleryana 'Chanticleer'", "Styphnolobium japonicum", "Styphnolobium japonicum 'Dot'", "Tipuana tipu", "Washingtonia filifera", "Washingtonia filifera var. robusta" ], "district_name": "SANTS - MONTJUÏC", "barri_name": "SANTS", "dominant_myco_type": "AM", "am_pct": 62.94, "em_pct": 3.48, "nm_pct": 33.58, "am_blindness_flag": false, "trees_young_pct": 11.69, "cell_x0": 427200, "cell_y0": 4580800 }, "geometry": { "type": "Polygon", "coordinates": [ [ [ 427600.0, 4580800.0 ], [ 427600.0, 4581200.0 ], [ 427200.0, 4581200.0 ], [ 427200.0, 4580800.0 ], [ 427600.0, 4580800.0 ] ] ] } },
{ "type": "Feature", "properties": { "cell_id": "C016_018", "tree_count": 584, "species_list": [ "Acer buergerianum", "Acer negundo", "Acer saccharinum", "Bauhinia variegata", "Brachychiton acerifolius", "Brachychiton populneus", "Casuarina cunninghamiana", "Celtis australis", "Cercis siliquastrum", "Corylus colurna", "Cupressus sempervirens", "Ficus elastica", "Firmiana simplex", "Fraxinus ornus OBELISK® 'Paus Johannes-Paulus II'", "Grevillea robusta", "Jacaranda mimosifolia", "Koelreuteria paniculata 'Fastigiata'", "Ligustrum japonicum", "Ligustrum lucidum", "Liriodendron tulipifera", "Maclura pomifera", "Melia azedarach", "Olea europaea", "Phoenix canariensis", "Pinus halepensis", "Pinus pinea", "Platanus × acerifolia", "Platanus × acerifolia PLATANOR® 'Vallis Clausa'", "Populus nigra 'Italica'", "Prunus cerasifera 'Pissardii'", "Pyrus calleryana 'Chanticleer'", "Quercus ilex", "Ruprechtia laxiflora", "Styphnolobium japonicum", "Styphnolobium japonicum 'Dot'", "Tamarix ramosissima", "Tipuana tipu", "Ulmus pumila", "X chitalpa tashkentensis 'minsum' SUMMER BELLS®" ], "district_name": "LES CORTS", "barri_name": "LES CORTS", "dominant_myco_type": "AM", "am_pct": 89.21, "em_pct": 7.36, "nm_pct": 3.42, "am_blindness_flag": true, "trees_young_pct": 9.42, "cell_x0": 427200, "cell_y0": 4581200 }, "geometry": { "type": "Polygon", "coordinates": [ [ [ 427600.0, 4581200.0 ], [ 427600.0, 4581600.0 ], [ 427200.0, 4581600.0 ], [ 427200.0, 4581200.0 ], [ 427600.0, 4581200.0 ] ] ] } },
{ "type": "Feature", "properties": { "cell_id": "C016_019", "tree_count": 626, "species_list": [ "Acer negundo", "Acer saccharinum", "Albizia julibrissin", "Brachychiton acerifolius", "Brachychiton populneus", "Celtis australis", "Celtis sinensis", "Cercis siliquastrum", "Corylus colurna", "Eucalyptus globulus", "Firmiana simplex", "Gleditsia triacanthos", "Grevillea robusta", "Jacaranda mimosifolia", "Ligustrum japonicum", "Ligustrum lucidum", "Liriodendron tulipifera", "Melia azedarach", "Parrotia persica 'Vanessa'", "Persea americana", "Phoenix canariensis", "Phoenix dactylifera", "Pinus halepensis", "Pinus pinaster", "Pinus pinea", "Platanus × acerifolia", "Prunus cerasifera 'Pissardii'", "Pyrus calleryana 'Chanticleer'", "Robinia pseudoacacia", "Styphnolobium japonicum", "Tipuana tipu", "Ulmus pumila", "Washingtonia filifera", "Washingtonia filifera var. robusta" ], "district_name": "LES CORTS", "barri_name": "LES CORTS", "dominant_myco_type": "AM", "am_pct": 94.57, "em_pct": 3.67, "nm_pct": 1.76, "am_blindness_flag": true, "trees_young_pct": 7.03, "cell_x0": 427200, "cell_y0": 4581600 }, "geometry": { "type": "Polygon", "coordinates": [ [ [ 427600.0, 4581600.0 ], [ 427600.0, 4582000.0 ], [ 427200.0, 4582000.0 ], [ 427200.0, 4581600.0 ], [ 427600.0, 4581600.0 ] ] ] } },
{ "type": "Feature", "properties": { "cell_id": "C016_020", "tree_count": 796, "species_list": [ "Acacia saligna", "Acer campestre", "Ailanthus altissima", "Albizia julibrissin", "Albizia julibrissin 'OMBRELLA'®", "Brachychiton populneus", "Ceiba speciosa", "Celtis australis", "Celtis occidentalis", "Celtis sinensis", "Ceratonia siliqua", "Cercis siliquastrum", "Ginkgo biloba", "Grevillea robusta", "Handroanthus heptaphyllus", "Heptapleurum actinophyllum", "Jacaranda mimosifolia", "Koelreuteria paniculata", "Laurus nobilis", "Laurus nobilis 'Crispa'", "Ligustrum japonicum", "Ligustrum lucidum", "Liquidambar styraciflua", "Livistona chinensis", "Magnolia grandiflora", "Malus PERPETU® 'Evereste'", "Melia azedarach", "Olea europaea", "Phoenix canariensis", "Phoenix dactylifera", "Photinia glabra", "Photinia x fraseri", "Phytolacca dioica", "Pinus halepensis", "Pinus pinea", "Pinus roxburghii", "Platanus × acerifolia", "Platycladus orientalis", "Populus alba 'Pyramidalis'", "Prunus amygdalus", "Prunus avium", "Prunus cerasifera", "Prunus cerasifera 'Pissardii'", "Prunus serrulata 'Kanzan'", "Punica granatum 'Nana'", "Pyrus calleryana 'Chanticleer'", "Quercus pubescens", "Schinus molle", "Styphnolobium japonicum 'Columnare'", "Taxus baccata", "Tilia tomentosa", "Tilia x europaea", "Tipuana tipu", "Ulmus minor", "Ulmus pumila", "Washingtonia filifera", "Washingtonia filifera var. robusta" ], "district_name": "LES CORTS", "barri_name": "LES CORTS", "dominant_myco_type": "AM", "am_pct": 92.71, "em_pct": 1.88, "nm_pct": 5.4, "am_blindness_flag": true, "trees_young_pct": 8.42, "cell_x0": 427200, "cell_y0": 4582000 }, "geometry": { "type": "Polygon", "coordinates": [ [ [ 427600.0, 4582000.0 ], [ 427600.0, 4582400.0 ], [ 427200.0, 4582400.0 ], [ 427200.0, 4582000.0 ], [ 427600.0, 4582000.0 ] ] ] } },
{ "type": "Feature", "properties": { "cell_id": "C016_021", "tree_count": 985, "species_list": [ "Acer buergerianum", "Acer negundo", "Acer saccharinum", "Ailanthus altissima", "Albizia julibrissin", "Bauhinia variegata", "Brachychiton populneus", "Casuarina cunninghamiana", "Celtis australis", "Celtis sinensis", "Ceratonia siliqua", "Cercis siliquastrum", "Citrus x limon", "Cupressus sempervirens", "Eriobotrya japonica", "Ficus carica", "Ficus cyathistipula", "Ficus elastica", "Ficus microcarpa", "Firmiana simplex", "Ginkgo biloba 'Fastigiata Blagon'", "Handroanthus heptaphyllus", "Hesperocyparis glabra", "Hesperocyparis macrocarpa", "Jacaranda mimosifolia", "Koelreuteria paniculata", "Koelreuteria paniculata 'Fastigiata'", "Laurus nobilis", "Ligustrum japonicum", "Ligustrum lucidum", "Livistona chinensis", "Magnolia grandiflora", "Melia azedarach", "Olea europaea", "Parkinsonia aculeata", "Phoenix canariensis", "Photinia x fraseri 'Red Robin'", "Phytolacca dioica", "Pinus halepensis", "Pinus pinea", "Platanus × acerifolia", "Platycladus orientalis", "Populus alba", "Populus alba 'Pyramidalis'", "Populus nigra 'Italica'", "Prunus amygdalus", "Prunus cerasifera 'Pissardii'", "Punica granatum", "Quercus ilex", "Robinia pseudoacacia", "Robinia pseudoacacia 'Bessoniana'", "Schinus molle", "Styphnolobium japonicum", "Styphnolobium japonicum 'Columnare'", "Tilia tomentosa", "Tilia x europaea", "Tipuana tipu", "Trachycarpus fortunei", "Ulmus minor", "Ulmus pumila", "Washingtonia filifera", "Washingtonia filifera var. robusta", "X chitalpa tashkentensis 'minsum' SUMMER BELLS®" ], "district_name": "LES CORTS", "barri_name": "LES CORTS", "dominant_myco_type": "AM", "am_pct": 72.99, "em_pct": 13.71, "nm_pct": 13.3, "am_blindness_flag": false, "trees_young_pct": 6.09, "cell_x0": 427200, "cell_y0": 4582400 }, "geometry": { "type": "Polygon", "coordinates": [ [ [ 427600.0, 4582400.0 ], [ 427600.0, 4582800.0 ], [ 427200.0, 4582800.0 ], [ 427200.0, 4582400.0 ], [ 427600.0, 4582400.0 ] ] ] } },
{ "type": "Feature", "properties": { "cell_id": "C016_022", "tree_count": 595, "species_list": [ "Acer negundo", "Ailanthus altissima", "Albizia julibrissin", "Bauhinia variegata", "Brachychiton acerifolius", "Brachychiton populneus", "Celtis australis", "Cocculus laurifolius", "Crataegus x media 'Paul's Scarlet'", "Gleditsia triacanthos 'sunburst'", "Gleditsia triacanthos f. inermis", "Grevillea robusta", "Jacaranda mimosifolia", "Ligustrum lucidum", "Magnolia grandiflora", "Magnolia grandiflora 'Goliath'", "Melia azedarach", "Phoenix dactylifera", "Photinia x fraseri 'Red Robin'", "Phytolacca dioica", "Pistacia chinensis", "Platanus × acerifolia", "Populus alba", "Populus alba 'Pyramidalis'", "Populus nigra", "Populus nigra 'Italica'", "Prunus cerasifera 'Pissardii'", "Quercus ilex", "Robinia pseudoacacia", "Styphnolobium japonicum", "Styphnolobium japonicum 'Columnare'", "Tilia x europaea", "Tipuana tipu", "Ulmus pumila", "Washingtonia filifera var. robusta", "Zelkova serrata" ], "district_name": "SARRIÀ - SANT GERVASI", "barri_name": "LES TRES TORRES", "dominant_myco_type": "AM", "am_pct": 83.7, "em_pct": 0.67, "nm_pct": 15.63, "am_blindness_flag": true, "trees_young_pct": 11.76, "cell_x0": 427200, "cell_y0": 4582800 }, "geometry": { "type": "Polygon", "coordinates": [ [ [ 427600.0, 4582800.0 ], [ 427600.0, 4583200.0 ], [ 427200.0, 4583200.0 ], [ 427200.0, 4582800.0 ], [ 427600.0, 4582800.0 ] ] ] } },
{ "type": "Feature", "properties": { "cell_id": "C016_023", "tree_count": 497, "species_list": [ "Acer negundo", "Acer saccharinum", "Brachychiton acerifolius", "Brachychiton populneus", "Casuarina cunninghamiana", "Celtis australis", "Citrus × aurantium", "Cupressus sempervirens", "Eucalyptus globulus", "Firmiana simplex", "Gleditsia triacanthos 'sunburst'", "Gleditsia triacanthos f. inermis", "Handroanthus heptaphyllus", "Jacaranda mimosifolia", "Koelreuteria paniculata", "Koelreuteria paniculata 'Fastigiata'", "Lagerstroemia indica", "Ligustrum japonicum", "Ligustrum lucidum", "Magnolia grandiflora", "Magnolia grandiflora 'Goliath'", "Olea europaea", "Parkinsonia aculeata", "Phoenix canariensis", "Photinia x fraseri 'Red Robin'", "Pinus halepensis", "Pinus pinea", "Pinus roxburghii", "Platanus × acerifolia", "Populus alba 'Pyramidalis'", "Populus nigra 'Italica'", "Prunus cerasifera 'Pissardii'", "Pyrus calleryana 'Chanticleer'", "Quercus ilex", "Robinia pseudoacacia", "Styphnolobium japonicum", "Styphnolobium japonicum 'Dot'", "Thuja occidentalis", "Tilia x euchlora", "Washingtonia filifera var. robusta" ], "district_name": "SARRIÀ - SANT GERVASI", "barri_name": "LES TRES TORRES", "dominant_myco_type": "AM", "am_pct": 75.45, "em_pct": 6.84, "nm_pct": 17.71, "am_blindness_flag": false, "trees_young_pct": 6.44, "cell_x0": 427200, "cell_y0": 4583200 }, "geometry": { "type": "Polygon", "coordinates": [ [ [ 427600.0, 4583200.0 ], [ 427600.0, 4583600.0 ], [ 427200.0, 4583600.0 ], [ 427200.0, 4583200.0 ], [ 427600.0, 4583200.0 ] ] ] } },
{ "type": "Feature", "properties": { "cell_id": "C016_024", "tree_count": 536, "species_list": [ "Acer campestre", "Bauhinia variegata", "Brachychiton populneus", "Catalpa bignonioides", "Celtis australis", "Cercis siliquastrum", "Crataegus x lavalleei 'Carrierei'", "Cupressus sempervirens", "Erythrina crista-galli", "Ficus carica", "Firmiana simplex", "Ginkgo biloba 'Fastigiata'", "Grevillea robusta", "Hesperocyparis glabra", "Jacaranda mimosifolia", "Koelreuteria paniculata", "Koelreuteria paniculata 'Fastigiata'", "Lagunaria patersonia", "Ligustrum lucidum", "Magnolia grandiflora", "Melia azedarach", "Olea europaea", "Pinus halepensis", "Platanus × acerifolia", "Populus alba", "Populus x canadensis", "Prunus avium", "Prunus cerasifera 'Pissardii'", "Pyrus calleryana 'Chanticleer'", "Schinus molle", "Styphnolobium japonicum", "Styphnolobium japonicum 'Dot'", "Tipuana tipu", "Ulmus pumila" ], "district_name": "SARRIÀ - SANT GERVASI", "barri_name": "LES TRES TORRES", "dominant_myco_type": "AM", "am_pct": 94.59, "em_pct": 0.93, "nm_pct": 4.48, "am_blindness_flag": true, "trees_young_pct": 4.1, "cell_x0": 427200, "cell_y0": 4583600 }, "geometry": { "type": "Polygon", "coordinates": [ [ [ 427600.0, 4583600.0 ], [ 427600.0, 4584000.0 ], [ 427200.0, 4584000.0 ], [ 427200.0, 4583600.0 ], [ 427600.0, 4583600.0 ] ] ] } },
{ "type": "Feature", "properties": { "cell_id": "C016_025", "tree_count": 182, "species_list": [ "Casuarina cunninghamiana", "Celtis australis", "Cupressus sempervirens", "Gleditsia triacanthos", "Koelreuteria paniculata", "Ligustrum lucidum", "Magnolia grandiflora", "Melia azedarach", "Olea europaea", "Phillyrea latifolia", "Pinus halepensis", "Platanus × acerifolia", "Populus alba", "Populus nigra", "Quercus robur 'Fastigiata'", "Styphnolobium japonicum", "Ulmus pumila" ], "district_name": "SARRIÀ - SANT GERVASI", "barri_name": "SANT GERVASI - LA BONANOVA", "dominant_myco_type": "AM", "am_pct": 93.41, "em_pct": 3.3, "nm_pct": 3.3, "am_blindness_flag": true, "trees_young_pct": 9.34, "cell_x0": 427200, "cell_y0": 4584000 }, "geometry": { "type": "Polygon", "coordinates": [ [ [ 427600.0, 4584000.0 ], [ 427600.0, 4584400.0 ], [ 427200.0, 4584400.0 ], [ 427200.0, 4584000.0 ], [ 427600.0, 4584000.0 ] ] ] } },
{ "type": "Feature", "properties": { "cell_id": "C016_026", "tree_count": 220, "species_list": [ "Ailanthus altissima", "Celtis australis", "Ceratonia siliqua", "Cupressus sempervirens", "Eucalyptus globulus", "Grevillea robusta", "Ligustrum lucidum", "Magnolia grandiflora", "Magnolia grandiflora 'Goliath'", "Morus alba", "Olea europaea", "Pinus halepensis", "Platanus orientalis 'cuneata'", "Quercus ilex", "Robinia pseudoacacia", "Schinus molle", "Styphnolobium japonicum", "Styphnolobium japonicum 'Dot'", "Tilia x euchlora", "Tipuana tipu", "Washingtonia filifera var. robusta" ], "district_name": "SARRIÀ - SANT GERVASI", "barri_name": "SANT GERVASI - LA BONANOVA", "dominant_myco_type": "AM", "am_pct": 72.73, "em_pct": 7.73, "nm_pct": 19.55, "am_blindness_flag": false, "trees_young_pct": 5.0, "cell_x0": 427200, "cell_y0": 4584400 }, "geometry": { "type": "Polygon", "coordinates": [ [ [ 427600.0, 4584400.0 ], [ 427600.0, 4584800.0 ], [ 427200.0, 4584800.0 ], [ 427200.0, 4584400.0 ], [ 427600.0, 4584400.0 ] ] ] } },
{ "type": "Feature", "properties": { "cell_id": "C016_027", "tree_count": 225, "species_list": [ "Acer campestre 'Elsrijk'", "Brachychiton populneus", "Koelreuteria paniculata", "Koelreuteria paniculata 'Fastigiata'", "Liquidambar styraciflua", "Magnolia grandiflora", "Morus alba", "Platanus × acerifolia", "Populus nigra", "Populus nigra 'Italica'", "Prunus cerasifera", "Prunus cerasifera 'Pissardii'", "Quercus ilex", "Quercus robur 'Fastigiata'", "Robinia pseudoacacia", "Robinia × margaretta 'Pink Cascade'", "Styphnolobium japonicum", "Styphnolobium japonicum 'Columnare'", "Tilia cordata", "Tilia x euchlora", "Washingtonia filifera var. robusta" ], "district_name": "SARRIÀ - SANT GERVASI", "barri_name": "SANT GERVASI - LA BONANOVA", "dominant_myco_type": "AM", "am_pct": 37.78, "em_pct": 32.44, "nm_pct": 29.78, "am_blindness_flag": false, "trees_young_pct": 7.11, "cell_x0": 427200, "cell_y0": 4584800 }, "geometry": { "type": "Polygon", "coordinates": [ [ [ 427600.0, 4584800.0 ], [ 427600.0, 4585200.0 ], [ 427200.0, 4585200.0 ], [ 427200.0, 4584800.0 ], [ 427600.0, 4584800.0 ] ] ] } },
{ "type": "Feature", "properties": { "cell_id": "C016_028", "tree_count": 76, "species_list": [ "Cercis siliquastrum", "Pinus pinea", "Platanus × acerifolia", "Quercus ilex", "Quercus robur 'Fastigiata'", "Robinia pseudoacacia" ], "district_name": "SARRIÀ - SANT GERVASI", "barri_name": "SANT GERVASI - LA BONANOVA", "dominant_myco_type": "AM", "am_pct": 67.11, "em_pct": 26.32, "nm_pct": 6.58, "am_blindness_flag": false, "trees_young_pct": 2.63, "cell_x0": 427200, "cell_y0": 4585200 }, "geometry": { "type": "Polygon", "coordinates": [ [ [ 427600.0, 4585200.0 ], [ 427600.0, 4585600.0 ], [ 427200.0, 4585600.0 ], [ 427200.0, 4585200.0 ], [ 427600.0, 4585200.0 ] ] ] } },
{ "type": "Feature", "properties": { "cell_id": "C016_029", "tree_count": 18, "species_list": [ "Celtis australis", "Cupressus sempervirens", "Cupressus sempervirens 'Stricta'", "Jacaranda mimosifolia", "Magnolia grandiflora", "Morus alba", "Pinus halepensis", "Pinus pinea", "Washingtonia filifera var. robusta" ], "district_name": "GRÀCIA", "barri_name": "VALLCARCA I ELS PENITENTS", "dominant_myco_type": "NM", "am_pct": 33.33, "em_pct": 22.22, "nm_pct": 44.44, "am_blindness_flag": false, "trees_young_pct": 0.0, "cell_x0": 427200, "cell_y0": 4585600 }, "geometry": { "type": "Polygon", "coordinates": [ [ [ 427600.0, 4585600.0 ], [ 427600.0, 4586000.0 ], [ 427200.0, 4586000.0 ], [ 427200.0, 4585600.0 ], [ 427600.0, 4585600.0 ] ] ] } },
{ "type": "Feature", "properties": { "cell_id": "C016_030", "tree_count": 7, "species_list": [ "Diospyros kaki", "Eriobotrya japonica", "Magnolia grandiflora", "Prunus amygdalus", "Prunus domestica", "Washingtonia filifera var. robusta" ], "district_name": "HORTA - GUINARDÓ", "barri_name": "SANT GENÍS DELS AGUDELLS", "dominant_myco_type": "AM", "am_pct": 57.14, "em_pct": 0.0, "nm_pct": 42.86, "am_blindness_flag": false, "trees_young_pct": 0.0, "cell_x0": 427200, "cell_y0": 4586000 }, "geometry": { "type": "Polygon", "coordinates": [ [ [ 427600.0, 4586000.0 ], [ 427600.0, 4586400.0 ], [ 427200.0, 4586400.0 ], [ 427200.0, 4586000.0 ], [ 427600.0, 4586000.0 ] ] ] } },
{ "type": "Feature", "properties": { "cell_id": "C016_031", "tree_count": 44, "species_list": [ "Aesculus hippocastanum", "Celtis australis", "Ceratonia siliqua", "Pinus pinea", "Populus nigra 'Italica'", "Prunus serrulata 'Kanzan'", "Quercus ilex", "Quercus robur", "Quercus suber", "Tipuana tipu" ], "district_name": "HORTA - GUINARDÓ", "barri_name": "SANT GENÍS DELS AGUDELLS", "dominant_myco_type": "AM", "am_pct": 50.0, "em_pct": 40.91, "nm_pct": 9.09, "am_blindness_flag": false, "trees_young_pct": 0.0, "cell_x0": 427200, "cell_y0": 4586400 }, "geometry": { "type": "Polygon", "coordinates": [ [ [ 427600.0, 4586400.0 ], [ 427600.0, 4586800.0 ], [ 427200.0, 4586800.0 ], [ 427200.0, 4586400.0 ], [ 427600.0, 4586400.0 ] ] ] } },
{ "type": "Feature", "properties": { "cell_id": "C017_009", "tree_count": 121, "species_list": [ "Brachychiton populneus", "Casuarina cunninghamiana", "Catalpa bignonioides", "Eucalyptus globulus", "Firmiana simplex", "Ginkgo biloba", "Grevillea robusta", "Jacaranda mimosifolia", "Koelreuteria paniculata", "Ligustrum lucidum", "Melia azedarach", "Morus nigra", "Paulownia tomentosa", "Pinus halepensis", "Pinus pinea", "Platanus × acerifolia", "Populus nigra", "Prunus cerasifera 'Pissardii'", "Styphnolobium japonicum", "Styphnolobium japonicum 'Dot'", "Tipuana tipu", "Ulmus pumila" ], "district_name": "SANTS - MONTJUÏC", "barri_name": "LA MARINA DEL PRAT VERMELL", "dominant_myco_type": "AM", "am_pct": 86.78, "em_pct": 8.26, "nm_pct": 4.96, "am_blindness_flag": true, "trees_young_pct": 0.83, "cell_x0": 427600, "cell_y0": 4577600 }, "geometry": { "type": "Polygon", "coordinates": [ [ [ 428000.0, 4577600.0 ], [ 428000.0, 4578000.0 ], [ 427600.0, 4578000.0 ], [ 427600.0, 4577600.0 ], [ 428000.0, 4577600.0 ] ] ] } },
{ "type": "Feature", "properties": { "cell_id": "C017_010", "tree_count": 263, "species_list": [ "Fraxinus angustifolia 'Raywood'", "Gleditsia triacanthos", "Gleditsia triacanthos f. inermis", "Grevillea robusta", "Jacaranda mimosifolia", "Malus PERPETU® 'Evereste'", "Melia azedarach", "Morus alba", "Platanus × acerifolia", "Quercus petraea", "Schinus molle", "Styphnolobium japonicum", "Tipuana tipu", "Ulmus pumila" ], "district_name": "SANTS - MONTJUÏC", "barri_name": "LA MARINA DEL PRAT VERMELL", "dominant_myco_type": "AM", "am_pct": 83.27, "em_pct": 4.56, "nm_pct": 12.17, "am_blindness_flag": true, "trees_young_pct": 47.91, "cell_x0": 427600, "cell_y0": 4578000 }, "geometry": { "type": "Polygon", "coordinates": [ [ [ 428000.0, 4578000.0 ], [ 428000.0, 4578400.0 ], [ 427600.0, 4578400.0 ], [ 427600.0, 4578000.0 ], [ 428000.0, 4578000.0 ] ] ] } },
{ "type": "Feature", "properties": { "cell_id": "C017_011", "tree_count": 362, "species_list": [ "Acer negundo", "Cercis siliquastrum", "Cupressus sempervirens 'Stricta'", "Eriobotrya japonica", "Firmiana simplex", "Fraxinus angustifolia 'Raywood'", "Fraxinus excelsior", "Gleditsia triacanthos f. inermis", "Grevillea robusta", "Jacaranda mimosifolia", "Koelreuteria paniculata", "Koelreuteria paniculata 'Fastigiata'", "Laurus nobilis", "Ligustrum japonicum", "Ligustrum lucidum", "Melia azedarach", "Phoenix canariensis", "Pinus halepensis", "Platanus × acerifolia", "Prunus avium", "Prunus cerasifera 'Pissardii'", "Prunus serrulata", "Quercus petraea", "Styphnolobium japonicum", "Styphnolobium japonicum 'Dot'", "Tipuana tipu", "Ulmus pumila", "Washingtonia filifera" ], "district_name": "SANTS - MONTJUÏC", "barri_name": "LA MARINA DEL PORT", "dominant_myco_type": "AM", "am_pct": 94.75, "em_pct": 2.49, "nm_pct": 2.76, "am_blindness_flag": true, "trees_young_pct": 13.26, "cell_x0": 427600, "cell_y0": 4578400 }, "geometry": { "type": "Polygon", "coordinates": [ [ [ 428000.0, 4578400.0 ], [ 428000.0, 4578800.0 ], [ 427600.0, 4578800.0 ], [ 427600.0, 4578400.0 ], [ 428000.0, 4578400.0 ] ] ] } },
{ "type": "Feature", "properties": { "cell_id": "C017_012", "tree_count": 735, "species_list": [ "Acer buergerianum", "Albizia julibrissin", "Casuarina cunninghamiana", "Cedrus deodara", "Celtis australis", "Cercis siliquastrum", "Chamaerops humilis", "Citrus × aurantium", "Cupressus sempervirens", "Firmiana simplex", "Fraxinus excelsior", "Gleditsia triacanthos f. inermis", "Jacaranda mimosifolia", "Juglans regia", "Koelreuteria paniculata 'Fastigiata'", "Lagunaria patersonia", "Ligustrum japonicum", "Ligustrum lucidum", "Melia azedarach", "Morus alba", "Olea europaea", "Parkinsonia aculeata", "Phytolacca dioica", "Pinus pinea", "Platanus × acerifolia", "Populus alba", "Populus nigra", "Populus x canadensis", "Prunus cerasifera 'Pissardii'", "Pyrus calleryana 'Chanticleer'", "Robinia pseudoacacia", "Robinia pseudoacacia 'Pyramidalis'", "Schinus molle", "Styphnolobium japonicum", "Styphnolobium japonicum 'Columnare'", "Styphnolobium japonicum 'Dot'", "Taxodium distichum", "Tipuana tipu", "Ulmus pumila", "Washingtonia filifera", "Washingtonia filifera var. robusta", "Yucca gigantea" ], "district_name": "SANTS - MONTJUÏC", "barri_name": "LA MARINA DEL PORT", "dominant_myco_type": "AM", "am_pct": 93.33, "em_pct": 1.09, "nm_pct": 5.58, "am_blindness_flag": true, "trees_young_pct": 3.81, "cell_x0": 427600, "cell_y0": 4578800 }, "geometry": { "type": "Polygon", "coordinates": [ [ [ 428000.0, 4578800.0 ], [ 428000.0, 4579200.0 ], [ 427600.0, 4579200.0 ], [ 427600.0, 4578800.0 ], [ 428000.0, 4578800.0 ] ] ] } },
{ "type": "Feature", "properties": { "cell_id": "C017_013", "tree_count": 530, "species_list": [ "Brachychiton populneus", "Ceiba speciosa", "Cercis siliquastrum", "Chamaerops humilis", "Gleditsia triacanthos f. inermis", "Jacaranda mimosifolia", "Koelreuteria paniculata", "Koelreuteria paniculata 'Fastigiata'", "Melia azedarach", "Phoenix dactylifera", "Platanus × acerifolia", "Prunus cerasifera 'Pissardii'", "Schinus molle", "Styphnolobium japonicum", "Tipuana tipu", "Ulmus pumila", "Washingtonia filifera", "Washingtonia filifera var. robusta", "Washingtonia sp" ], "district_name": "SANTS - MONTJUÏC", "barri_name": "LA MARINA DEL PORT", "dominant_myco_type": "AM", "am_pct": 94.91, "em_pct": 0.0, "nm_pct": 5.09, "am_blindness_flag": true, "trees_young_pct": 3.77, "cell_x0": 427600, "cell_y0": 4579200 }, "geometry": { "type": "Polygon", "coordinates": [ [ [ 428000.0, 4579200.0 ], [ 428000.0, 4579600.0 ], [ 427600.0, 4579600.0 ], [ 427600.0, 4579200.0 ], [ 428000.0, 4579200.0 ] ] ] } },
{ "type": "Feature", "properties": { "cell_id": "C017_014", "tree_count": 435, "species_list": [ "Acer negundo", "Acer saccharinum", "Ailanthus altissima", "Brachychiton populneus", "Broussonetia papyrifera", "Cercis siliquastrum", "Chamaerops humilis", "Erythrina crista-galli", "Ficus elastica", "Handroanthus heptaphyllus", "Jacaranda mimosifolia", "Koelreuteria paniculata", "Koelreuteria paniculata 'Fastigiata'", "Ligustrum lucidum", "Magnolia grandiflora", "Melia azedarach", "Olea europaea", "Phoenix dactylifera", "Phytolacca dioica", "Pinus pinea", "Platanus × acerifolia", "Prunus amygdalus", "Prunus cerasifera 'Pissardii'", "Prunus serrulata", "Pyrus calleryana 'Chanticleer'", "Quercus ilex", "Robinia pseudoacacia", "Robinia pseudoacacia 'Bessoniana'", "Styphnolobium japonicum", "Styphnolobium japonicum 'Columnare'", "Tipuana tipu", "Ulmus pumila", "Washingtonia filifera", "Washingtonia filifera var. robusta", "Yucca gigantea" ], "district_name": "SANTS - MONTJUÏC", "barri_name": "LA BORDETA", "dominant_myco_type": "AM", "am_pct": 82.53, "em_pct": 2.76, "nm_pct": 14.71, "am_blindness_flag": true, "trees_young_pct": 5.52, "cell_x0": 427600, "cell_y0": 4579600 }, "geometry": { "type": "Polygon", "coordinates": [ [ [ 428000.0, 4579600.0 ], [ 428000.0, 4580000.0 ], [ 427600.0, 4580000.0 ], [ 427600.0, 4579600.0 ], [ 428000.0, 4579600.0 ] ] ] } },
{ "type": "Feature", "properties": { "cell_id": "C017_015", "tree_count": 241, "species_list": [ "Aesculus hippocastanum", "Bauhinia purpurea", "Brachychiton populneus", "Castanea sativa", "Catalpa bignonioides", "Celtis australis", "Cupressus sempervirens", "Ficus carica", "Ficus macrophylla", "Firmiana simplex", "Harpephyllum caffrum", "Hibiscus syriacus", "Jacaranda mimosifolia", "Koelreuteria paniculata", "Koelreuteria paniculata 'Fastigiata'", "Ligustrum japonicum", "Ligustrum japonicum 'Texanum'", "Ligustrum lucidum", "Melia azedarach", "Morus alba", "Nerium oleander", "Nerium oleander (blanc)", "Olea europaea", "Phoenix canariensis", "Platanus × acerifolia", "Prunus cerasifera", "Prunus cerasifera 'Nigra'", "Prunus cerasifera 'Pissardii'", "Pyrus calleryana 'Chanticleer'", "Styphnolobium japonicum", "Tipuana tipu", "Ulmus pumila", "Washingtonia filifera" ], "district_name": "SANTS - MONTJUÏC", "barri_name": "LA BORDETA", "dominant_myco_type": "AM", "am_pct": 82.16, "em_pct": 0.41, "nm_pct": 17.43, "am_blindness_flag": true, "trees_young_pct": 20.75, "cell_x0": 427600, "cell_y0": 4580000 }, "geometry": { "type": "Polygon", "coordinates": [ [ [ 428000.0, 4580000.0 ], [ 428000.0, 4580400.0 ], [ 427600.0, 4580400.0 ], [ 427600.0, 4580000.0 ], [ 428000.0, 4580000.0 ] ] ] } },
{ "type": "Feature", "properties": { "cell_id": "C017_016", "tree_count": 360, "species_list": [ "Acer buergerianum", "Acer monspessulanum", "Archontophoenix cunninghamiana", "Brachychiton acerifolius", "Brachychiton populneus", "Celtis australis", "Cercis siliquastrum", "Citrus × aurantium", "Cupressus sempervirens", "Ficus carica", "Firmiana simplex", "Fraxinus angustifolia", "Koelreuteria paniculata 'Fastigiata'", "Laurus nobilis", "Ligustrum japonicum", "Ligustrum japonicum 'Texanum'", "Magnolia grandiflora", "Nerium oleander", "Olea europaea", "Phoenix dactylifera", "Photinia x fraseri 'Red Robin'", "Pinus halepensis", "Pinus pinea", "Platanus × acerifolia", "Populus nigra 'Italica'", "Prunus cerasifera 'Pissardii'", "Pyrus calleryana 'Chanticleer'", "Quercus robur", "Quercus robur 'Fastigiata'", "Quercus suber", "Schinus molle", "Styphnolobium japonicum", "Styphnolobium japonicum 'Columnare'", "Styphnolobium japonicum 'Dot'", "Tipuana tipu", "Ulmus pumila", "Washingtonia filifera var. robusta" ], "district_name": "SANTS - MONTJUÏC", "barri_name": "SANTS", "dominant_myco_type": "AM", "am_pct": 88.61, "em_pct": 1.94, "nm_pct": 9.44, "am_blindness_flag": true, "trees_young_pct": 10.28, "cell_x0": 427600, "cell_y0": 4580400 }, "geometry": { "type": "Polygon", "coordinates": [ [ [ 428000.0, 4580400.0 ], [ 428000.0, 4580800.0 ], [ 427600.0, 4580800.0 ], [ 427600.0, 4580400.0 ], [ 428000.0, 4580400.0 ] ] ] } },
{ "type": "Feature", "properties": { "cell_id": "C017_017", "tree_count": 369, "species_list": [ "Archontophoenix cunninghamiana", "Brachychiton acerifolius", "Brachychiton populneus", "Celtis australis", "Cercis siliquastrum", "Firmiana simplex", "Fraxinus ornus OBELISK® 'Paus Johannes-Paulus II'", "Hibiscus syriacus", "Jacaranda mimosifolia", "Koelreuteria paniculata 'Fastigiata'", "Ligustrum japonicum", "Olea europaea", "Phoenix canariensis", "Pinus halepensis", "Pinus pinea", "Platanus × acerifolia", "Populus nigra", "Populus nigra 'Italica'", "Prunus cerasifera 'Pissardii'", "Pyrus calleryana 'Chanticleer'", "Quercus ilex", "Quercus robur 'Fastigiata'", "Robinia pseudoacacia", "Styphnolobium japonicum", "Tipuana tipu" ], "district_name": "SANTS - MONTJUÏC", "barri_name": "SANTS", "dominant_myco_type": "AM", "am_pct": 75.61, "em_pct": 12.74, "nm_pct": 11.65, "am_blindness_flag": false, "trees_young_pct": 2.98, "cell_x0": 427600, "cell_y0": 4580800 }, "geometry": { "type": "Polygon", "coordinates": [ [ [ 428000.0, 4580800.0 ], [ 428000.0, 4581200.0 ], [ 427600.0, 4581200.0 ], [ 427600.0, 4580800.0 ], [ 428000.0, 4580800.0 ] ] ] } },
{ "type": "Feature", "properties": { "cell_id": "C017_018", "tree_count": 400, "species_list": [ "Acer buergerianum", "Acer campestre 'Pyramidale'", "Bauhinia variegata", "Brachychiton discolor", "Brachychiton populneus", "Celtis australis", "Cercis siliquastrum", "Corylus colurna", "Eriobotrya japonica", "Ficus carica", "Firmiana simplex", "Fraxinus ornus OBELISK® 'Paus Johannes-Paulus II'", "Jacaranda mimosifolia", "Leucaena leucocephala", "Ligustrum lucidum", "Melia azedarach", "Parrotia persica 'Vanessa'", "Phytolacca dioica", "Pinus halepensis", "Platanus × acerifolia", "Populus x canadensis", "Prunus cerasifera 'Pissardii'", "Prunus persica", "Pyrus calleryana 'Chanticleer'", "Schinus molle", "Styphnolobium japonicum", "X chitalpa tashkentensis 'minsum' SUMMER BELLS®" ], "district_name": "SANTS - MONTJUÏC", "barri_name": "SANTS", "dominant_myco_type": "AM", "am_pct": 93.25, "em_pct": 2.25, "nm_pct": 4.5, "am_blindness_flag": true, "trees_young_pct": 7.5, "cell_x0": 427600, "cell_y0": 4581200 }, "geometry": { "type": "Polygon", "coordinates": [ [ [ 428000.0, 4581200.0 ], [ 428000.0, 4581600.0 ], [ 427600.0, 4581600.0 ], [ 427600.0, 4581200.0 ], [ 428000.0, 4581200.0 ] ] ] } },
{ "type": "Feature", "properties": { "cell_id": "C017_019", "tree_count": 596, "species_list": [ "Acer buergerianum", "Brachychiton acerifolius", "Brachychiton discolor", "Brachychiton populneus", "Casuarina cunninghamiana", "Celtis australis", "Corylus colurna", "Fraxinus angustifolia", "Grevillea robusta", "Laurus nobilis", "Ligustrum japonicum", "Liriodendron tulipifera", "Magnolia grandiflora", "Melia azedarach", "Phoenix canariensis", "Phoenix dactylifera", "Pinus halepensis", "Pinus pinea", "Platanus × acerifolia", "Platanus × acerifolia PLATANOR® 'Vallis Clausa'", "Populus x canadensis", "Prunus cerasifera", "Prunus cerasifera 'Pissardii'", "Prunus serrulata 'Kanzan'", "Pyrus calleryana 'Chanticleer'", "Quercus ilex", "Robinia pseudoacacia", "Styphnolobium japonicum", "Tipuana tipu", "Trachycarpus fortunei", "Ulmus pumila", "Washingtonia filifera", "Washingtonia filifera var. robusta", "X hesperotropsis leylandii", "Ziziphus jujuba" ], "district_name": "LES CORTS", "barri_name": "LES CORTS", "dominant_myco_type": "AM", "am_pct": 81.38, "em_pct": 9.9, "nm_pct": 8.72, "am_blindness_flag": true, "trees_young_pct": 8.05, "cell_x0": 427600, "cell_y0": 4581600 }, "geometry": { "type": "Polygon", "coordinates": [ [ [ 428000.0, 4581600.0 ], [ 428000.0, 4582000.0 ], [ 427600.0, 4582000.0 ], [ 427600.0, 4581600.0 ], [ 428000.0, 4581600.0 ] ] ] } },
{ "type": "Feature", "properties": { "cell_id": "C017_020", "tree_count": 720, "species_list": [ "Acer campestre", "Acer negundo", "Acer saccharinum", "Albizia julibrissin", "Brachychiton discolor", "Brachychiton populneus", "Celtis australis", "Cercis siliquastrum", "Citrus × aurantium", "Cupressus sempervirens", "Fraxinus americana", "Fraxinus angustifolia", "Ginkgo biloba", "Gleditsia triacanthos", "Grevillea robusta", "Jacaranda mimosifolia", "Lagerstroemia indica", "Laurus nobilis", "Ligustrum lucidum", "Liriodendron tulipifera", "Magnolia grandiflora", "Melia azedarach", "Olea europaea", "Phoenix canariensis", "Phytolacca dioica", "Pinus halepensis", "Pinus pinea", "Platanus × acerifolia", "Prunus cerasifera 'Pissardii'", "Punica granatum", "Pyrus calleryana 'Chanticleer'", "Quercus ilex", "Quercus pubescens", "Quercus robur", "Styphnolobium japonicum", "Tipuana tipu", "Ulmus pumila", "Washingtonia filifera var. robusta" ], "district_name": "LES CORTS", "barri_name": "LES CORTS", "dominant_myco_type": "AM", "am_pct": 96.25, "em_pct": 2.64, "nm_pct": 1.11, "am_blindness_flag": true, "trees_young_pct": 2.92, "cell_x0": 427600, "cell_y0": 4582000 }, "geometry": { "type": "Polygon", "coordinates": [ [ [ 428000.0, 4582000.0 ], [ 428000.0, 4582400.0 ], [ 427600.0, 4582400.0 ], [ 427600.0, 4582000.0 ], [ 428000.0, 4582000.0 ] ] ] } },
{ "type": "Feature", "properties": { "cell_id": "C017_021", "tree_count": 835, "species_list": [ "Ailanthus altissima", "Broussonetia papyrifera", "Casuarina cunninghamiana", "Cedrus atlantica 'Glauca'", "Cedrus deodara", "Celtis australis", "Ceratonia siliqua", "Cercis siliquastrum", "Cupressus sempervirens", "Eucalyptus globulus", "Fraxinus angustifolia 'Raywood'", "Hesperocyparis arizonica", "Jacaranda mimosifolia", "Koelreuteria paniculata", "Lagunaria patersonia", "Laurus nobilis", "Ligustrum japonicum", "Ligustrum lucidum", "Ligustrum ovalifolium", "Magnolia grandiflora", "Melia azedarach", "Olea europaea", "Phoenix canariensis", "Phytolacca dioica", "Picea abies", "Pinus halepensis", "Pinus pinea", "Pinus roxburghii", "Platanus × acerifolia", "Platycladus orientalis", "Prunus cerasifera", "Pyrus calleryana 'Chanticleer'", "Quercus ilex", "Sambucus nigra", "Schinus molle", "Styphnolobium japonicum", "Tilia x europaea", "Tipuana tipu", "Trachycarpus fortunei", "Washingtonia filifera", "Washingtonia filifera var. robusta" ], "district_name": "LES CORTS", "barri_name": "LES CORTS", "dominant_myco_type": "AM", "am_pct": 74.49, "em_pct": 17.49, "nm_pct": 8.02, "am_blindness_flag": false, "trees_young_pct": 1.08, "cell_x0": 427600, "cell_y0": 4582400 }, "geometry": { "type": "Polygon", "coordinates": [ [ [ 428000.0, 4582400.0 ], [ 428000.0, 4582800.0 ], [ 427600.0, 4582800.0 ], [ 427600.0, 4582400.0 ], [ 428000.0, 4582400.0 ] ] ] } },
{ "type": "Feature", "properties": { "cell_id": "C017_022", "tree_count": 471, "species_list": [ "Acer buergerianum", "Ailanthus altissima", "Celtis australis", "Cercis siliquastrum", "Chamaerops humilis", "Citrus × aurantium", "Cupressus sempervirens", "Gleditsia triacanthos 'sunburst'", "Gleditsia triacanthos f. inermis", "Hesperocyparis macrocarpa", "Jacaranda mimosifolia", "Ligustrum lucidum", "Magnolia grandiflora", "Phoenix dactylifera", "Phytolacca dioica", "Pinus halepensis", "Pinus pinea", "Platanus × acerifolia", "Populus alba 'Pyramidalis'", "Populus nigra 'Italica'", "Prunus cerasifera 'Pissardii'", "Pyrus calleryana 'Chanticleer'", "Robinia pseudoacacia", "Styphnolobium japonicum", "Tipuana tipu", "Ulmus pumila" ], "district_name": "SARRIÀ - SANT GERVASI", "barri_name": "SANT GERVASI - GALVANY", "dominant_myco_type": "AM", "am_pct": 93.63, "em_pct": 1.7, "nm_pct": 4.67, "am_blindness_flag": true, "trees_young_pct": 2.97, "cell_x0": 427600, "cell_y0": 4582800 }, "geometry": { "type": "Polygon", "coordinates": [ [ [ 428000.0, 4582800.0 ], [ 428000.0, 4583200.0 ], [ 427600.0, 4583200.0 ], [ 427600.0, 4582800.0 ], [ 428000.0, 4582800.0 ] ] ] } },
{ "type": "Feature", "properties": { "cell_id": "C017_023", "tree_count": 349, "species_list": [ "Acer saccharinum", "Ailanthus altissima", "Brachychiton populneus", "Casuarina cunninghamiana", "Celtis australis", "Cercis siliquastrum", "Cupressus sempervirens", "Eucalyptus globulus", "Fraxinus angustifolia 'Raywood'", "Gleditsia triacanthos", "Gleditsia triacanthos f. inermis", "Grevillea robusta", "Jacaranda mimosifolia", "Ligustrum japonicum", "Ligustrum lucidum", "Ligustrum ovalifolium", "Liquidambar styraciflua", "Magnolia grandiflora", "Olea europaea", "Phoenix canariensis", "Phoenix dactylifera", "Phytolacca dioica", "Pinus halepensis", "Pinus pinea", "Platanus × acerifolia", "Populus alba", "Pyrus calleryana 'Chanticleer'", "Quercus ilex", "Quercus pubescens", "Robinia pseudoacacia", "Styphnolobium japonicum", "Styphnolobium japonicum 'Dot'", "Thuja occidentalis", "Tipuana tipu", "Ulmus pumila", "Washingtonia filifera", "Washingtonia filifera var. robusta" ], "district_name": "SARRIÀ - SANT GERVASI", "barri_name": "SANT GERVASI - GALVANY", "dominant_myco_type": "AM", "am_pct": 62.46, "em_pct": 16.91, "nm_pct": 20.63, "am_blindness_flag": false, "trees_young_pct": 7.45, "cell_x0": 427600, "cell_y0": 4583200 }, "geometry": { "type": "Polygon", "coordinates": [ [ [ 428000.0, 4583200.0 ], [ 428000.0, 4583600.0 ], [ 427600.0, 4583600.0 ], [ 427600.0, 4583200.0 ], [ 428000.0, 4583200.0 ] ] ] } },
{ "type": "Feature", "properties": { "cell_id": "C017_024", "tree_count": 398, "species_list": [ "Acer monspessulanum", "Broussonetia papyrifera", "Celtis australis", "Cupressus sempervirens", "Firmiana simplex", "Gleditsia triacanthos", "Gleditsia triacanthos f. inermis", "Hibiscus syriacus", "Ligustrum lucidum", "Melia azedarach", "Olea europaea", "Pinus halepensis", "Platanus × acerifolia", "Podocarpus neriifolius", "Populus nigra", "Prunus cerasifera 'Pissardii'", "Pyrus calleryana 'Chanticleer'", "Styphnolobium japonicum", "Tipuana tipu", "Ulmus pumila", "Washingtonia filifera var. robusta" ], "district_name": "SARRIÀ - SANT GERVASI", "barri_name": "SANT GERVASI - LA BONANOVA", "dominant_myco_type": "AM", "am_pct": 75.13, "em_pct": 1.76, "nm_pct": 23.12, "am_blindness_flag": false, "trees_young_pct": 8.79, "cell_x0": 427600, "cell_y0": 4583600 }, "geometry": { "type": "Polygon", "coordinates": [ [ [ 428000.0, 4583600.0 ], [ 428000.0, 4584000.0 ], [ 427600.0, 4584000.0 ], [ 427600.0, 4583600.0 ], [ 428000.0, 4583600.0 ] ] ] } },
{ "type": "Feature", "properties": { "cell_id": "C017_025", "tree_count": 341, "species_list": [ "Aesculus hippocastanum", "Albizia julibrissin", "Bauhinia variegata", "Brachychiton acerifolius", "Brachychiton populneus", "Celtis australis", "Citrus × aurantium", "Cupressus sempervirens", "Eucalyptus globulus", "Firmiana simplex", "Ginkgo biloba", "Hibiscus syriacus", "Jacaranda mimosifolia", "Laurus nobilis", "Laurus nobilis 'Crispa'", "Ligustrum japonicum", "Ligustrum lucidum", "Magnolia grandiflora", "Magnolia liliiflora", "Olea europaea", "Parkinsonia aculeata", "Phoenix canariensis", "Pinus halepensis", "Pinus pinea", "Platanus × acerifolia", "Populus nigra", "Prunus amygdalus", "Pyrus calleryana 'Chanticleer'", "Quercus ilex", "Quercus robur", "Styphnolobium japonicum", "Tilia x euchlora", "Tilia x europaea", "Tipuana tipu", "Ulmus RESISTA® 'New Horizon'", "Ulmus pumila", "Washingtonia filifera", "Washingtonia filifera var. robusta", "Ziziphus jujuba" ], "district_name": "SARRIÀ - SANT GERVASI", "barri_name": "SANT GERVASI - LA BONANOVA", "dominant_myco_type": "AM", "am_pct": 90.62, "em_pct": 4.69, "nm_pct": 4.69, "am_blindness_flag": true, "trees_young_pct": 10.26, "cell_x0": 427600, "cell_y0": 4584000 }, "geometry": { "type": "Polygon", "coordinates": [ [ [ 428000.0, 4584000.0 ], [ 428000.0, 4584400.0 ], [ 427600.0, 4584400.0 ], [ 427600.0, 4584000.0 ], [ 428000.0, 4584000.0 ] ] ] } },
{ "type": "Feature", "properties": { "cell_id": "C017_026", "tree_count": 258, "species_list": [ "Acer monspessulanum", "Acer platanoides", "Brachychiton populneus", "Celtis australis", "Cercis siliquastrum", "Citrus × aurantium", "Cupressus sempervirens", "Firmiana simplex", "Ginkgo biloba 'Fastigiata Blagon'", "Ginkgo biloba 'Fastigiata'", "Grevillea robusta", "Hibiscus syriacus", "Ligustrum lucidum", "Magnolia grandiflora", "Olea europaea", "Platanus × acerifolia", "Populus alba", "Prunus cerasifera 'Pissardii'", "Prunus domestica", "Robinia pseudoacacia", "Styphnolobium japonicum", "Tilia x euchlora", "Tipuana tipu", "Ulmus pumila" ], "district_name": "SARRIÀ - SANT GERVASI", "barri_name": "SANT GERVASI - LA BONANOVA", "dominant_myco_type": "AM", "am_pct": 92.25, "em_pct": 0.39, "nm_pct": 7.36, "am_blindness_flag": true, "trees_young_pct": 6.2, "cell_x0": 427600, "cell_y0": 4584400 }, "geometry": { "type": "Polygon", "coordinates": [ [ [ 428000.0, 4584400.0 ], [ 428000.0, 4584800.0 ], [ 427600.0, 4584800.0 ], [ 427600.0, 4584400.0 ], [ 428000.0, 4584400.0 ] ] ] } },
{ "type": "Feature", "properties": { "cell_id": "C017_027", "tree_count": 571, "species_list": [ "Acer platanoides 'Crimson King'", "Acer × freemanii AUTUMN BLAZE® 'Jeffersred'", "Bauhinia variegata", "Brachychiton acerifolius", "Brachychiton populneus", "Celtis australis", "Citrus × aurantium", "Corylus colurna", "Cupressus sempervirens", "Ginkgo biloba 'Fastigiata'", "Koelreuteria paniculata", "Ligustrum lucidum", "Magnolia grandiflora", "Melia azedarach", "Olea europaea", "Photinia x fraseri 'Red Robin'", "Pinus pinea", "Platanus × acerifolia", "Populus nigra", "Prunus cerasifera 'Pissardii'", "Quercus ilex", "Quercus robur 'Fastigiata'", "Robinia pseudoacacia", "Styphnolobium japonicum", "Styphnolobium japonicum 'Columnare'", "Styphnolobium japonicum 'Dot'", "Tipuana tipu", "Washingtonia filifera", "Washingtonia filifera var. robusta" ], "district_name": "SARRIÀ - SANT GERVASI", "barri_name": "SANT GERVASI - LA BONANOVA", "dominant_myco_type": "AM", "am_pct": 80.91, "em_pct": 6.13, "nm_pct": 12.96, "am_blindness_flag": true, "trees_young_pct": 5.78, "cell_x0": 427600, "cell_y0": 4584800 }, "geometry": { "type": "Polygon", "coordinates": [ [ [ 428000.0, 4584800.0 ], [ 428000.0, 4585200.0 ], [ 427600.0, 4585200.0 ], [ 427600.0, 4584800.0 ], [ 428000.0, 4584800.0 ] ] ] } },
{ "type": "Feature", "properties": { "cell_id": "C017_028", "tree_count": 530, "species_list": [ "Acacia retinodes", "Brachychiton acerifolius", "Brachychiton populneus", "Cedrus deodara", "Celtis australis", "Cercis siliquastrum", "Cupressus sempervirens", "Ficus microcarpa", "Ficus rubiginosa f. glabrescens", "Grevillea robusta", "Jacaranda mimosifolia", "Koelreuteria paniculata", "Koelreuteria paniculata 'Fastigiata'", "Laurus nobilis", "Ligustrum japonicum", "Ligustrum lucidum", "Liriodendron tulipifera", "Malus sylvestris", "Melia azedarach", "Olea europaea", "Phoenix canariensis", "Phoenix dactylifera", "Photinia x fraseri 'Red Robin'", "Phytolacca dioica", "Pinus halepensis", "Pinus pinea", "Pinus radiata", "Platanus × acerifolia", "Prunus cerasifera 'Pissardii'", "Prunus domestica", "Pyrus calleryana 'Chanticleer'", "Quercus ilex", "Robinia pseudoacacia", "Tilia tomentosa", "Tipuana tipu", "Washingtonia filifera var. robusta" ], "district_name": "GRÀCIA", "barri_name": "VALLCARCA I ELS PENITENTS", "dominant_myco_type": "AM", "am_pct": 79.43, "em_pct": 9.43, "nm_pct": 11.13, "am_blindness_flag": false, "trees_young_pct": 1.32, "cell_x0": 427600, "cell_y0": 4585200 }, "geometry": { "type": "Polygon", "coordinates": [ [ [ 428000.0, 4585200.0 ], [ 428000.0, 4585600.0 ], [ 427600.0, 4585600.0 ], [ 427600.0, 4585200.0 ], [ 428000.0, 4585200.0 ] ] ] } },
{ "type": "Feature", "properties": { "cell_id": "C017_029", "tree_count": 63, "species_list": [ "Ailanthus altissima", "Brachychiton populneus", "Cupressus sempervirens", "Koelreuteria paniculata", "Ligustrum lucidum", "Melia azedarach", "Nerium oleander", "Parkinsonia aculeata", "Phytolacca dioica", "Podocarpus neriifolius", "Prunus amygdalus", "Prunus persica", "Quercus ilex", "Robinia pseudoacacia", "Styphnolobium japonicum", "Tilia platyphyllos", "Tipuana tipu" ], "district_name": "GRÀCIA", "barri_name": "VALLCARCA I ELS PENITENTS", "dominant_myco_type": "AM", "am_pct": 57.14, "em_pct": 11.11, "nm_pct": 31.75, "am_blindness_flag": false, "trees_young_pct": 3.17, "cell_x0": 427600, "cell_y0": 4585600 }, "geometry": { "type": "Polygon", "coordinates": [ [ [ 428000.0, 4585600.0 ], [ 428000.0, 4586000.0 ], [ 427600.0, 4586000.0 ], [ 427600.0, 4585600.0 ], [ 428000.0, 4585600.0 ] ] ] } },
{ "type": "Feature", "properties": { "cell_id": "C017_030", "tree_count": 90, "species_list": [ "Acer campestre 'Pyramidale'", "Aesculus hippocastanum", "Celtis sinensis", "Cupressus sempervirens", "Diospyros kaki", "Liquidambar styraciflua", "Pinus pinea", "Platanus × acerifolia", "Prunus amygdalus", "Prunus avium", "Prunus cerasifera", "Quercus ilex", "Styphnolobium japonicum", "Tilia x euchlora", "Tilia x europaea", "Ulmus pumila" ], "district_name": "HORTA - GUINARDÓ", "barri_name": "SANT GENÍS DELS AGUDELLS", "dominant_myco_type": "AM", "am_pct": 50.0, "em_pct": 7.78, "nm_pct": 42.22, "am_blindness_flag": false, "trees_young_pct": 3.33, "cell_x0": 427600, "cell_y0": 4586000 }, "geometry": { "type": "Polygon", "coordinates": [ [ [ 428000.0, 4586000.0 ], [ 428000.0, 4586400.0 ], [ 427600.0, 4586400.0 ], [ 427600.0, 4586000.0 ], [ 428000.0, 4586000.0 ] ] ] } },
{ "type": "Feature", "properties": { "cell_id": "C017_031", "tree_count": 388, "species_list": [ "Acer negundo", "Acer platanoides 'Crimson King'", "Brachychiton populneus", "Celtis australis", "Celtis sinensis", "Ceratonia siliqua", "Cercis siliquastrum", "Citrus × aurantium", "Cormus domestica", "Cupressus sempervirens", "Eriobotrya japonica", "Eucalyptus globulus", "Ficus carica", "Ginkgo biloba", "Jacaranda mimosifolia", "Juglans regia", "Lagunaria patersonia", "Ligustrum japonicum 'Texanum'", "Ligustrum lucidum", "Liquidambar styraciflua", "Liriodendron tulipifera", "Magnolia grandiflora", "Malus x purpurea", "Olea europaea", "Phoenix dactylifera", "Photinia x fraseri", "Photinia x fraseri 'Red Robin'", "Pinus halepensis", "Pinus pinaster", "Pinus pinea", "Platanus × acerifolia", "Populus alba 'Pyramidalis'", "Populus nigra 'Italica'", "Prunus amygdalus", "Prunus armeniaca", "Prunus avium", "Prunus cerasifera 'Pissardii'", "Prunus domestica", "Prunus serrulata", "Quercus pubescens", "Robinia pseudoacacia", "Styphnolobium japonicum", "Tilia tomentosa", "Tilia x europaea", "Tipuana tipu", "Ulmus pumila", "Yucca gigantea" ], "district_name": "HORTA - GUINARDÓ", "barri_name": "SANT GENÍS DELS AGUDELLS", "dominant_myco_type": "AM", "am_pct": 72.42, "em_pct": 6.44, "nm_pct": 21.13, "am_blindness_flag": false, "trees_young_pct": 6.19, "cell_x0": 427600, "cell_y0": 4586400 }, "geometry": { "type": "Polygon", "coordinates": [ [ [ 428000.0, 4586400.0 ], [ 428000.0, 4586800.0 ], [ 427600.0, 4586800.0 ], [ 427600.0, 4586400.0 ], [ 428000.0, 4586400.0 ] ] ] } },
{ "type": "Feature", "properties": { "cell_id": "C017_032", "tree_count": 3, "species_list": [ "Platanus × acerifolia" ], "district_name": "HORTA - GUINARDÓ", "barri_name": "SANT GENÍS DELS AGUDELLS", "dominant_myco_type": "AM", "am_pct": 100.0, "em_pct": 0.0, "nm_pct": 0.0, "am_blindness_flag": true, "trees_young_pct": 0.0, "cell_x0": 427600, "cell_y0": 4586800 }, "geometry": { "type": "Polygon", "coordinates": [ [ [ 428000.0, 4586800.0 ], [ 428000.0, 4587200.0 ], [ 427600.0, 4587200.0 ], [ 427600.0, 4586800.0 ], [ 428000.0, 4586800.0 ] ] ] } },
{ "type": "Feature", "properties": { "cell_id": "C018_009", "tree_count": 142, "species_list": [ "Acer buergerianum", "Acer saccharinum", "Ginkgo biloba", "Ginkgo biloba 'Fastigiata Blagon'", "Gleditsia triacanthos", "Grevillea robusta", "Jacaranda mimosifolia", "Liriodendron tulipifera", "Paulownia tomentosa", "Platanus × acerifolia", "Prunus cerasifera 'Pissardii'", "Salix alba", "Styphnolobium japonicum 'Columnare'", "Tipuana tipu" ], "district_name": "SANTS - MONTJUÏC", "barri_name": "LA MARINA DEL PRAT VERMELL", "dominant_myco_type": "AM", "am_pct": 97.18, "em_pct": 0.7, "nm_pct": 2.11, "am_blindness_flag": true, "trees_young_pct": 2.11, "cell_x0": 428000, "cell_y0": 4577600 }, "geometry": { "type": "Polygon", "coordinates": [ [ [ 428400.0, 4577600.0 ], [ 428400.0, 4578000.0 ], [ 428000.0, 4578000.0 ], [ 428000.0, 4577600.0 ], [ 428400.0, 4577600.0 ] ] ] } },
{ "type": "Feature", "properties": { "cell_id": "C018_010", "tree_count": 625, "species_list": [ "Acer pseudoplatanus", "Acer saccharinum", "Brachychiton acerifolius", "Celtis australis", "Cercis siliquastrum", "Chamaerops humilis", "Crataegus monogyna", "Cupressus sempervirens", "Eucalyptus globulus", "Fraxinus angustifolia", "Fraxinus angustifolia 'Raywood'", "Fraxinus excelsior", "Ginkgo biloba", "Gleditsia triacanthos", "Grevillea robusta", "Jacaranda mimosifolia", "Liriodendron tulipifera", "Morus alba", "Platanus orientalis", "Platanus × acerifolia", "Prunus cerasifera", "Prunus cerasifera 'Pissardii'", "Prunus serrulata", "Pyrus calleryana 'Chanticleer'", "Quercus ilex", "Robinia pseudoacacia", "Salix alba", "Styphnolobium japonicum", "Styphnolobium japonicum 'Columnare'", "Styphnolobium japonicum 'Dot'", "Tilia x europaea", "Tipuana tipu", "Ulmus RESISTA® 'New Horizon'", "Ulmus pumila", "Washingtonia filifera" ], "district_name": "SANTS - MONTJUÏC", "barri_name": "LA MARINA DEL PRAT VERMELL", "dominant_myco_type": "AM", "am_pct": 91.36, "em_pct": 4.64, "nm_pct": 4.0, "am_blindness_flag": true, "trees_young_pct": 8.48, "cell_x0": 428000, "cell_y0": 4578000 }, "geometry": { "type": "Polygon", "coordinates": [ [ [ 428400.0, 4578000.0 ], [ 428400.0, 4578400.0 ], [ 428000.0, 4578400.0 ], [ 428000.0, 4578000.0 ], [ 428400.0, 4578000.0 ] ] ] } },
{ "type": "Feature", "properties": { "cell_id": "C018_011", "tree_count": 437, "species_list": [ "Brachychiton populneus", "Celtis australis", "Celtis sinensis", "Cercis siliquastrum", "Chamaerops humilis", "Erythrina crista-galli", "Eucalyptus globulus", "Gleditsia triacanthos f. inermis", "Handroanthus heptaphyllus", "Jacaranda mimosifolia", "Melia azedarach", "Morus alba", "Pinus pinea", "Platanus × acerifolia", "Populus alba", "Populus alba 'Pyramidalis'", "Prunus cerasifera 'Pissardii'", "Quercus ilex", "Styphnolobium japonicum", "Tipuana tipu", "Ulmus pumila", "Washingtonia filifera", "Washingtonia filifera var. robusta", "Yucca gigantea" ], "district_name": "SANTS - MONTJUÏC", "barri_name": "LA MARINA DEL PORT", "dominant_myco_type": "AM", "am_pct": 87.64, "em_pct": 7.55, "nm_pct": 4.81, "am_blindness_flag": true, "trees_young_pct": 4.58, "cell_x0": 428000, "cell_y0": 4578400 }, "geometry": { "type": "Polygon", "coordinates": [ [ [ 428400.0, 4578400.0 ], [ 428400.0, 4578800.0 ], [ 428000.0, 4578800.0 ], [ 428000.0, 4578400.0 ], [ 428400.0, 4578400.0 ] ] ] } },
{ "type": "Feature", "properties": { "cell_id": "C018_012", "tree_count": 888, "species_list": [ "Acacia retinodes", "Acer monspessulanum", "Albizia julibrissin", "Brachychiton populneus", "Celtis australis", "Cercis siliquastrum", "Citrus × aurantium", "Cupressus sempervirens", "Eucalyptus camaldulensis", "Ficus carica", "Ficus elastica", "Fraxinus ornus", "Ginkgo biloba 'Fastigiata'", "Gleditsia triacanthos f. inermis", "Jacaranda mimosifolia", "Lagunaria patersonia", "Ligustrum japonicum", "Magnolia grandiflora", "Melia azedarach", "Morus alba", "Olea europaea", "Paulownia tomentosa", "Phoenix dactylifera", "Pinus pinea", "Platanus orientalis 'cuneata'", "Platanus × acerifolia", "Populus alba", "Populus nigra", "Populus nigra 'Italica'", "Populus simonii", "Prunus amygdalus", "Prunus cerasifera 'Pissardii'", "Punica granatum", "Pyrus calleryana 'Chanticleer'", "Quercus ilex", "Robinia pseudoacacia", "Salix babylonica", "Schinus molle", "Styphnolobium japonicum", "Styphnolobium japonicum 'Columnare'", "Styphnolobium japonicum 'Dot'", "Tilia x europaea", "Tipuana tipu", "Ulmus pumila", "Washingtonia filifera", "Washingtonia filifera var. robusta" ], "district_name": "SANTS - MONTJUÏC", "barri_name": "LA MARINA DEL PORT", "dominant_myco_type": "AM", "am_pct": 73.99, "em_pct": 17.0, "nm_pct": 9.01, "am_blindness_flag": false, "trees_young_pct": 10.14, "cell_x0": 428000, "cell_y0": 4578800 }, "geometry": { "type": "Polygon", "coordinates": [ [ [ 428400.0, 4578800.0 ], [ 428400.0, 4579200.0 ], [ 428000.0, 4579200.0 ], [ 428000.0, 4578800.0 ], [ 428400.0, 4578800.0 ] ] ] } },
{ "type": "Feature", "properties": { "cell_id": "C018_013", "tree_count": 570, "species_list": [ "Acer platanoides 'Columnare'", "Ailanthus altissima", "Albizia julibrissin", "Casuarina cunninghamiana", "Celtis australis", "Celtis sinensis", "Cercis siliquastrum", "Citrus × aurantium", "Ficus carica", "Grevillea robusta", "Jacaranda mimosifolia", "Lagunaria patersonia", "Ligustrum lucidum", "Melia azedarach", "Morus alba", "Olea europaea", "Phoenix dactylifera", "Phytolacca dioica", "Pinus halepensis", "Pinus pinea", "Platanus × acerifolia", "Prunus amygdalus", "Punica granatum", "Quercus suber", "Robinia pseudoacacia", "Styphnolobium japonicum", "Styphnolobium japonicum 'Columnare'", "Styphnolobium japonicum 'Dot'", "Tilia x euchlora", "Tipuana tipu", "Ulmus pumila", "Ulmus pumila 'Latifolia'", "Washingtonia filifera" ], "district_name": "SANTS - MONTJUÏC", "barri_name": "LA MARINA DEL PORT", "dominant_myco_type": "AM", "am_pct": 72.11, "em_pct": 22.63, "nm_pct": 5.26, "am_blindness_flag": false, "trees_young_pct": 8.6, "cell_x0": 428000, "cell_y0": 4579200 }, "geometry": { "type": "Polygon", "coordinates": [ [ [ 428400.0, 4579200.0 ], [ 428400.0, 4579600.0 ], [ 428000.0, 4579600.0 ], [ 428000.0, 4579200.0 ], [ 428400.0, 4579200.0 ] ] ] } },
{ "type": "Feature", "properties": { "cell_id": "C018_014", "tree_count": 550, "species_list": [ "Acer negundo", "Brachychiton populneus", "Broussonetia papyrifera", "Celtis australis", "Cercis siliquastrum", "Cupressus sempervirens", "Gleditsia triacanthos", "Gleditsia triacanthos f. inermis", "Jacaranda mimosifolia", "Lagerstroemia indica", "Laurus nobilis", "Ligustrum japonicum", "Ligustrum lucidum", "Melia azedarach", "Morus alba", "Pinus halepensis", "Pinus pinaster", "Pinus pinea", "Platanus × acerifolia", "Prunus amygdalus", "Prunus cerasifera 'Pissardii'", "Quercus ilex", "Robinia pseudoacacia", "Schinus molle", "Styphnolobium japonicum", "Tipuana tipu", "Ulmus pumila", "Washingtonia filifera" ], "district_name": "SANTS - MONTJUÏC", "barri_name": "LA MARINA DEL PORT", "dominant_myco_type": "AM", "am_pct": 77.09, "em_pct": 20.91, "nm_pct": 2.0, "am_blindness_flag": false, "trees_young_pct": 4.36, "cell_x0": 428000, "cell_y0": 4579600 }, "geometry": { "type": "Polygon", "coordinates": [ [ [ 428400.0, 4579600.0 ], [ 428400.0, 4580000.0 ], [ 428000.0, 4580000.0 ], [ 428000.0, 4579600.0 ], [ 428400.0, 4579600.0 ] ] ] } },
{ "type": "Feature", "properties": { "cell_id": "C018_015", "tree_count": 488, "species_list": [ "Acer buergerianum", "Acer negundo", "Acer saccharinum", "Bauhinia purpurea", "Brachychiton populneus", "Broussonetia papyrifera", "Celtis australis", "Celtis sinensis", "Cupressus sempervirens", "Grevillea robusta", "Hibiscus syriacus", "Koelreuteria paniculata", "Koelreuteria paniculata 'Fastigiata'", "Ligustrum japonicum", "Ligustrum lucidum", "Melia azedarach", "Morus alba", "Nerium oleander", "Olea europaea", "Pinus halepensis", "Pinus pinea", "Platanus × acerifolia", "Prunus amygdalus", "Prunus cerasifera 'Pissardii'", "Pyrus calleryana 'Chanticleer'", "Quercus robur 'Fastigiata'", "Robinia pseudoacacia", "Styphnolobium japonicum", "Tipuana tipu", "Ulmus pumila", "X hesperotropsis leylandii", "Zelkova serrata", "Zelkova serrata GREEN VASE® 'Flekova'" ], "district_name": "SANTS - MONTJUÏC", "barri_name": "LA BORDETA", "dominant_myco_type": "AM", "am_pct": 82.79, "em_pct": 1.43, "nm_pct": 15.78, "am_blindness_flag": true, "trees_young_pct": 5.53, "cell_x0": 428000, "cell_y0": 4580000 }, "geometry": { "type": "Polygon", "coordinates": [ [ [ 428400.0, 4580000.0 ], [ 428400.0, 4580400.0 ], [ 428000.0, 4580400.0 ], [ 428000.0, 4580000.0 ], [ 428400.0, 4580000.0 ] ] ] } },
{ "type": "Feature", "properties": { "cell_id": "C018_016", "tree_count": 428, "species_list": [ "Archontophoenix cunninghamiana", "Brachychiton acerifolius", "Brachychiton discolor", "Brachychiton populneus", "Celtis australis", "Cercis siliquastrum", "Corylus colurna", "Cupressus sempervirens", "Fraxinus angustifolia", "Fraxinus excelsior", "Ginkgo biloba 'Fastigiata Blagon'", "Hesperocyparis macrocarpa", "Hibiscus syriacus", "Jacaranda mimosifolia", "Koelreuteria paniculata 'Fastigiata'", "Ligustrum japonicum 'Texanum'", "Ligustrum lucidum", "Magnolia grandiflora", "Melia azedarach", "Morus alba", "Nerium oleander", "Phoenix canariensis", "Pinus pinaster", "Platanus × acerifolia", "Populus alba 'Pyramidalis'", "Prunus avium", "Prunus cerasifera 'Pissardii'", "Pyrus calleryana 'Chanticleer'", "Quercus ilex", "Robinia pseudoacacia", "Styphnolobium japonicum", "Tipuana tipu", "Ulmus pumila", "Washingtonia filifera var. robusta" ], "district_name": "SANTS - MONTJUÏC", "barri_name": "HOSTAFRANCS", "dominant_myco_type": "AM", "am_pct": 88.79, "em_pct": 1.87, "nm_pct": 9.35, "am_blindness_flag": true, "trees_young_pct": 10.28, "cell_x0": 428000, "cell_y0": 4580400 }, "geometry": { "type": "Polygon", "coordinates": [ [ [ 428400.0, 4580400.0 ], [ 428400.0, 4580800.0 ], [ 428000.0, 4580800.0 ], [ 428000.0, 4580400.0 ], [ 428400.0, 4580400.0 ] ] ] } },
{ "type": "Feature", "properties": { "cell_id": "C018_017", "tree_count": 273, "species_list": [ "Acer buergerianum", "Acer monspessulanum", "Acer saccharinum", "Archontophoenix cunninghamiana", "Brachychiton populneus", "Celtis australis", "Cercis siliquastrum", "Citrus × aurantium", "Corylus colurna", "Cupressus sempervirens 'Stricta'", "Firmiana simplex", "Gleditsia triacanthos f. inermis", "Jacaranda mimosifolia", "Koelreuteria paniculata", "Magnolia grandiflora", "Nerium oleander", "Nerium oleander (vermell)", "Platanus × acerifolia", "Prunus cerasifera 'Pissardii'", "Pyrus calleryana 'Chanticleer'", "Quercus ilex", "Styphnolobium japonicum", "Tilia tomentosa", "Tilia x europaea", "Tipuana tipu" ], "district_name": "SANTS - MONTJUÏC", "barri_name": "HOSTAFRANCS", "dominant_myco_type": "AM", "am_pct": 67.77, "em_pct": 10.62, "nm_pct": 21.61, "am_blindness_flag": false, "trees_young_pct": 6.96, "cell_x0": 428000, "cell_y0": 4580800 }, "geometry": { "type": "Polygon", "coordinates": [ [ [ 428400.0, 4580800.0 ], [ 428400.0, 4581200.0 ], [ 428000.0, 4581200.0 ], [ 428000.0, 4580800.0 ], [ 428400.0, 4580800.0 ] ] ] } },
{ "type": "Feature", "properties": { "cell_id": "C018_018", "tree_count": 343, "species_list": [ "Albizia julibrissin", "Brachychiton discolor", "Casuarina cunninghamiana", "Catalpa bignonioides", "Celtis australis", "Chamaerops humilis", "Cupressus sempervirens", "Ficus carica", "Firmiana simplex", "Ginkgo biloba 'Fastigiata'", "Gleditsia triacanthos f. inermis", "Handroanthus heptaphyllus", "Koelreuteria paniculata 'Fastigiata'", "Leucaena leucocephala", "Magnolia grandiflora", "Pinus halepensis", "Pinus pinea", "Pittosporum tobira", "Platanus × acerifolia", "Populus alba 'Pyramidalis'", "Populus nigra 'Italica'", "Prunus cerasifera 'Pissardii'", "Pyrus calleryana 'Chanticleer'", "Quercus ilex", "Quercus robur", "Quercus suber", "Schinus molle", "Styphnolobium japonicum", "Tamarix gallica", "Tipuana tipu", "Washingtonia filifera", "Washingtonia filifera var. robusta" ], "district_name": "SANTS - MONTJUÏC", "barri_name": "SANTS", "dominant_myco_type": "AM", "am_pct": 84.26, "em_pct": 9.04, "nm_pct": 6.71, "am_blindness_flag": true, "trees_young_pct": 5.83, "cell_x0": 428000, "cell_y0": 4581200 }, "geometry": { "type": "Polygon", "coordinates": [ [ [ 428400.0, 4581200.0 ], [ 428400.0, 4581600.0 ], [ 428000.0, 4581600.0 ], [ 428000.0, 4581200.0 ], [ 428400.0, 4581200.0 ] ] ] } },
{ "type": "Feature", "properties": { "cell_id": "C018_019", "tree_count": 590, "species_list": [ "Acer buergerianum", "Acer monspessulanum", "Acer negundo", "Ailanthus altissima", "Albizia julibrissin", "Betula pendula", "Brachychiton populneus", "Catalpa bignonioides", "Celtis australis", "Corylus colurna", "Eriobotrya japonica", "Ficus carica", "Ficus drupacea", "Grevillea robusta", "Handroanthus heptaphyllus", "Jacaranda mimosifolia", "Koelreuteria paniculata 'Fastigiata'", "Lagunaria patersonia", "Melia azedarach", "Pinus halepensis", "Pinus pinea", "Platanus × acerifolia", "Populus alba 'Pyramidalis'", "Populus nigra 'Italica'", "Prunus cerasifera 'Pissardii'", "Pyrus calleryana 'Chanticleer'", "Quercus ilex", "Styphnolobium japonicum", "Styphnolobium japonicum 'Columnare'", "Tipuana tipu", "Washingtonia filifera var. robusta" ], "district_name": "LES CORTS", "barri_name": "LES CORTS", "dominant_myco_type": "AM", "am_pct": 91.02, "em_pct": 4.07, "nm_pct": 4.92, "am_blindness_flag": true, "trees_young_pct": 8.47, "cell_x0": 428000, "cell_y0": 4581600 }, "geometry": { "type": "Polygon", "coordinates": [ [ [ 428400.0, 4581600.0 ], [ 428400.0, 4582000.0 ], [ 428000.0, 4582000.0 ], [ 428000.0, 4581600.0 ], [ 428400.0, 4581600.0 ] ] ] } },
{ "type": "Feature", "properties": { "cell_id": "C018_020", "tree_count": 740, "species_list": [ "Acer negundo", "Albizia julibrissin", "Casuarina cunninghamiana", "Catalpa bignonioides", "Celtis australis", "Cercis siliquastrum", "Cupressus sempervirens", "Firmiana simplex", "Fraxinus angustifolia 'Raywood'", "Ginkgo biloba", "Gleditsia triacanthos", "Grevillea robusta", "Handroanthus heptaphyllus", "Jacaranda mimosifolia", "Koelreuteria paniculata 'Fastigiata'", "Ligustrum lucidum", "Liriodendron tulipifera", "Melia azedarach", "Morus nigra", "Olea europaea", "Paulownia tomentosa", "Photinia x fraseri 'Red Robin'", "Pinus halepensis", "Pinus pinea", "Platanus × acerifolia", "Populus alba 'Pyramidalis'", "Populus nigra 'Italica'", "Prunus avium", "Prunus cerasifera 'Pissardii'", "Prunus serrulata 'Kanzan'", "Pyrus calleryana 'Chanticleer'", "Quercus ilex", "Quercus suber", "Robinia pseudoacacia", "Robinia pseudoacacia 'Bessoniana'", "Styphnolobium japonicum", "Tipuana tipu", "Ulmus RESISTA® 'New Horizon'", "Ulmus pumila", "Washingtonia filifera var. robusta" ], "district_name": "LES CORTS", "barri_name": "LES CORTS", "dominant_myco_type": "AM", "am_pct": 87.7, "em_pct": 2.03, "nm_pct": 10.27, "am_blindness_flag": true, "trees_young_pct": 6.35, "cell_x0": 428000, "cell_y0": 4582000 }, "geometry": { "type": "Polygon", "coordinates": [ [ [ 428400.0, 4582000.0 ], [ 428400.0, 4582400.0 ], [ 428000.0, 4582400.0 ], [ 428000.0, 4582000.0 ], [ 428400.0, 4582000.0 ] ] ] } },
{ "type": "Feature", "properties": { "cell_id": "C018_021", "tree_count": 658, "species_list": [ "Acer campestre 'Elsrijk'", "Acer platanoides", "Acer pseudoplatanus", "Acer saccharinum 'Pyramidale'", "Acer × freemanii AUTUMN BLAZE® 'Jeffersred'", "Ailanthus altissima", "Albizia julibrissin", "Bauhinia variegata", "Casuarina cunninghamiana", "Catalpa bignonioides", "Cedrus atlantica", "Celtis australis", "Cercis siliquastrum", "Citrus × aurantium", "Cupressus sempervirens", "Eugenia uniflora", "Fraxinus excelsior", "Gleditsia triacanthos 'skyline'", "Grevillea robusta", "Hesperocyparis macrocarpa", "Indeterminat Arbre", "Jacaranda mimosifolia", "Magnolia grandiflora", "Magnolia grandiflora 'Goliath'", "Melia azedarach", "Olea europaea", "Phytolacca dioica", "Pinus halepensis", "Pinus pinea", "Platanus × acerifolia", "Populus alba", "Populus alba 'Pyramidalis'", "Pyrus calleryana 'Chanticleer'", "Quercus ilex", "Robinia pseudoacacia", "Schinus molle", "Styphnolobium japonicum", "Tilia x europaea", "Tipuana tipu", "Trachycarpus fortunei", "Ulmus pumila", "Washingtonia filifera var. robusta" ], "district_name": "SARRIÀ - SANT GERVASI", "barri_name": "SANT GERVASI - GALVANY", "dominant_myco_type": "AM", "am_pct": 71.43, "em_pct": 11.09, "nm_pct": 17.48, "am_blindness_flag": false, "trees_young_pct": 6.53, "cell_x0": 428000, "cell_y0": 4582400 }, "geometry": { "type": "Polygon", "coordinates": [ [ [ 428400.0, 4582400.0 ], [ 428400.0, 4582800.0 ], [ 428000.0, 4582800.0 ], [ 428000.0, 4582400.0 ], [ 428400.0, 4582400.0 ] ] ] } },
{ "type": "Feature", "properties": { "cell_id": "C018_022", "tree_count": 360, "species_list": [ "Acer campestre 'Elsrijk'", "Casuarina cunninghamiana", "Cedrus deodara", "Cercis siliquastrum", "Citrus × aurantium", "Cupressus sempervirens", "Hibiscus syriacus", "Jacaranda mimosifolia", "Koelreuteria paniculata", "Laurus nobilis", "Ligustrum japonicum", "Ligustrum lucidum", "Magnolia grandiflora", "Melia azedarach", "Olea europaea", "Phoenix canariensis", "Pinus halepensis", "Pinus pinea", "Platanus × acerifolia", "Prunus cerasifera 'Pissardii'", "Pyrus calleryana 'Chanticleer'", "Robinia pseudoacacia", "Robinia pseudoacacia 'Pyramidalis'", "Styphnolobium japonicum", "Tilia x euchlora", "Tipuana tipu", "Ulmus RESISTA® 'New Horizon'", "Ulmus minor 'Umbraculifera'", "Ulmus pumila" ], "district_name": "SARRIÀ - SANT GERVASI", "barri_name": "SANT GERVASI - GALVANY", "dominant_myco_type": "AM", "am_pct": 88.89, "em_pct": 3.89, "nm_pct": 7.22, "am_blindness_flag": true, "trees_young_pct": 7.22, "cell_x0": 428000, "cell_y0": 4582800 }, "geometry": { "type": "Polygon", "coordinates": [ [ [ 428400.0, 4582800.0 ], [ 428400.0, 4583200.0 ], [ 428000.0, 4583200.0 ], [ 428000.0, 4582800.0 ], [ 428400.0, 4582800.0 ] ] ] } },
{ "type": "Feature", "properties": { "cell_id": "C018_023", "tree_count": 373, "species_list": [ "Acer buergerianum", "Cupressus sempervirens", "Ginkgo biloba 'Fastigiata'", "Ligustrum lucidum", "Magnolia grandiflora", "Melia azedarach", "Olea europaea", "Phoenix dactylifera", "Pinus halepensis", "Pinus pinea", "Platanus orientalis", "Platanus × acerifolia", "Populus alba", "Populus alba 'Pyramidalis'", "Pyrus calleryana 'Chanticleer'", "Robinia pseudoacacia", "Robinia pseudoacacia 'Bessoniana'", "Salix eleagnos", "Styphnolobium japonicum", "Tamarix ramosissima", "Tipuana tipu", "Ulmus pumila" ], "district_name": "SARRIÀ - SANT GERVASI", "barri_name": "SANT GERVASI - GALVANY", "dominant_myco_type": "AM", "am_pct": 86.33, "em_pct": 4.83, "nm_pct": 8.85, "am_blindness_flag": true, "trees_young_pct": 10.72, "cell_x0": 428000, "cell_y0": 4583200 }, "geometry": { "type": "Polygon", "coordinates": [ [ [ 428400.0, 4583200.0 ], [ 428400.0, 4583600.0 ], [ 428000.0, 4583600.0 ], [ 428000.0, 4583200.0 ], [ 428400.0, 4583200.0 ] ] ] } },
{ "type": "Feature", "properties": { "cell_id": "C018_024", "tree_count": 260, "species_list": [ "Bauhinia forficata", "Bauhinia variegata", "Celtis australis", "Ceratonia siliqua", "Cercis siliquastrum", "Cupressus sempervirens", "Cupressus sempervirens 'Stricta'", "Gleditsia triacanthos f. inermis", "Hesperocyparis macrocarpa", "Ligustrum japonicum", "Ligustrum lucidum", "Magnolia grandiflora", "Morus alba", "Morus alba 'Fruitless'", "Olea europaea", "Platanus × acerifolia", "Prunus cerasifera 'Pissardii'", "Pyrus calleryana 'Chanticleer'", "Quercus ilex", "Robinia pseudoacacia", "Styphnolobium japonicum", "Tamarix ramosissima", "Tipuana tipu", "Ulmus pumila", "Washingtonia filifera var. robusta" ], "district_name": "SARRIÀ - SANT GERVASI", "barri_name": "SANT GERVASI - GALVANY", "dominant_myco_type": "AM", "am_pct": 61.92, "em_pct": 0.38, "nm_pct": 37.69, "am_blindness_flag": false, "trees_young_pct": 13.08, "cell_x0": 428000, "cell_y0": 4583600 }, "geometry": { "type": "Polygon", "coordinates": [ [ [ 428400.0, 4583600.0 ], [ 428400.0, 4584000.0 ], [ 428000.0, 4584000.0 ], [ 428000.0, 4583600.0 ], [ 428400.0, 4583600.0 ] ] ] } },
{ "type": "Feature", "properties": { "cell_id": "C018_025", "tree_count": 310, "species_list": [ "Acer buergerianum", "Acer monspessulanum", "Albizia julibrissin", "Brachychiton populneus", "Celtis australis", "Ceratonia siliqua", "Cercis siliquastrum", "Cupressus sempervirens", "Gleditsia triacanthos f. inermis", "Hibiscus syriacus", "Jacaranda mimosifolia", "Koelreuteria paniculata", "Ligustrum lucidum", "Maclura pomifera", "Magnolia grandiflora", "Olea europaea", "Parkinsonia aculeata", "Pinus halepensis", "Platanus × acerifolia", "Prunus cerasifera 'Pissardii'", "Pyrus calleryana 'Chanticleer'", "Quercus ilex", "Quercus suber", "Schinus molle", "Styphnolobium japonicum", "Tamarix gallica", "Tamarix ramosissima", "Tilia cordata", "Tilia tomentosa", "Tipuana tipu", "Ulmus pumila", "Washingtonia filifera", "Washingtonia filifera var. robusta" ], "district_name": "SARRIÀ - SANT GERVASI", "barri_name": "EL PUTXET I EL FARRÓ", "dominant_myco_type": "AM", "am_pct": 73.23, "em_pct": 9.03, "nm_pct": 17.74, "am_blindness_flag": false, "trees_young_pct": 10.32, "cell_x0": 428000, "cell_y0": 4584000 }, "geometry": { "type": "Polygon", "coordinates": [ [ [ 428400.0, 4584000.0 ], [ 428400.0, 4584400.0 ], [ 428000.0, 4584400.0 ], [ 428000.0, 4584000.0 ], [ 428400.0, 4584000.0 ] ] ] } },
{ "type": "Feature", "properties": { "cell_id": "C018_026", "tree_count": 150, "species_list": [ "Acer monspessulanum", "Acer negundo", "Broussonetia papyrifera", "Cercis siliquastrum", "Citrus × aurantium", "Cupressus sempervirens", "Eriobotrya japonica", "Jacaranda mimosifolia", "Laurus nobilis", "Ligustrum japonicum", "Ligustrum lucidum", "Magnolia grandiflora", "Olea europaea", "Photinia x fraseri 'Red Robin'", "Pinus pinaster", "Platanus × acerifolia", "Populus alba", "Prunus cerasifera 'Pissardii'", "Prunus persica", "Pyrus calleryana 'Chanticleer'", "Quercus ilex", "Robinia pseudoacacia", "Styphnolobium japonicum", "Tamarix ramosissima", "Tipuana tipu" ], "district_name": "SARRIÀ - SANT GERVASI", "barri_name": "EL PUTXET I EL FARRÓ", "dominant_myco_type": "AM", "am_pct": 69.33, "em_pct": 14.67, "nm_pct": 16.0, "am_blindness_flag": false, "trees_young_pct": 8.0, "cell_x0": 428000, "cell_y0": 4584400 }, "geometry": { "type": "Polygon", "coordinates": [ [ [ 428400.0, 4584400.0 ], [ 428400.0, 4584800.0 ], [ 428000.0, 4584800.0 ], [ 428000.0, 4584400.0 ], [ 428400.0, 4584400.0 ] ] ] } },
{ "type": "Feature", "properties": { "cell_id": "C018_027", "tree_count": 543, "species_list": [ "Acer campestre", "Acer saccharinum", "Acer × freemanii AUTUMN BLAZE® 'Jeffersred'", "Aesculus hippocastanum", "Ailanthus altissima", "Brachychiton acerifolius", "Brachychiton populneus", "Cercis siliquastrum", "Citrus × aurantium", "Cupressus sempervirens", "Eriobotrya japonica", "Grevillea robusta", "Handroanthus heptaphyllus", "Hesperocyparis macrocarpa", "Jacaranda mimosifolia", "Juglans nigra", "Juglans regia", "Lagunaria patersonia", "Ligustrum japonicum", "Ligustrum lucidum", "Liriodendron tulipifera", "Magnolia grandiflora", "Melia azedarach", "Olea europaea", "Parkinsonia aculeata", "Phoenix canariensis", "Phoenix dactylifera", "Phytolacca dioica", "Pinus halepensis", "Pinus pinea", "Platanus × acerifolia", "Populus nigra", "Prunus amygdalus", "Prunus cerasifera 'Pissardii'", "Pyrus calleryana 'Chanticleer'", "Quercus ilex", "Quercus pubescens", "Quercus robur 'Fastigiata'", "Robinia pseudoacacia", "Sambucus nigra", "Schinus molle", "Styphnolobium japonicum", "Syagrus romanzoffiana", "Tilia platyphyllos", "Tilia x euchlora", "Tipuana tipu", "Ulmus pumila", "Washingtonia filifera var. robusta" ], "district_name": "GRÀCIA", "barri_name": "VALLCARCA I ELS PENITENTS", "dominant_myco_type": "AM", "am_pct": 78.08, "em_pct": 2.58, "nm_pct": 19.34, "am_blindness_flag": false, "trees_young_pct": 8.29, "cell_x0": 428000, "cell_y0": 4584800 }, "geometry": { "type": "Polygon", "coordinates": [ [ [ 428400.0, 4584800.0 ], [ 428400.0, 4585200.0 ], [ 428000.0, 4585200.0 ], [ 428000.0, 4584800.0 ], [ 428400.0, 4584800.0 ] ] ] } },
{ "type": "Feature", "properties": { "cell_id": "C018_028", "tree_count": 471, "species_list": [ "Acer × freemanii AUTUMN BLAZE® 'Jeffersred'", "Albizia julibrissin", "Bauhinia variegata", "Brachychiton populneus", "Butia capitata", "Cedrus atlantica", "Celtis australis", "Chamaerops humilis", "Citrus × aurantium", "Crataegus x media 'Paul's Scarlet'", "Cupressus sempervirens", "Ficus carica", "Firmiana simplex", "Gleditsia triacanthos f. inermis", "Jacaranda mimosifolia", "Juglans nigra", "Juglans regia", "Koelreuteria paniculata", "Ligustrum lucidum", "Magnolia grandiflora", "Olea europaea", "Paulownia tomentosa", "Phoenix canariensis", "Phoenix dactylifera", "Pinus halepensis", "Pinus pinea", "Platanus × acerifolia", "Pyrus calleryana 'Chanticleer'", "Quercus ilex", "Quercus pubescens", "Robinia pseudoacacia", "Schinus molle", "Styphnolobium japonicum", "Tilia cordata", "Tilia tomentosa", "Tipuana tipu", "Trachycarpus fortunei", "Ulmus pumila", "Washingtonia filifera", "Washingtonia filifera var. robusta" ], "district_name": "GRÀCIA", "barri_name": "VALLCARCA I ELS PENITENTS", "dominant_myco_type": "AM", "am_pct": 73.25, "em_pct": 13.59, "nm_pct": 13.16, "am_blindness_flag": false, "trees_young_pct": 4.03, "cell_x0": 428000, "cell_y0": 4585200 }, "geometry": { "type": "Polygon", "coordinates": [ [ [ 428400.0, 4585200.0 ], [ 428400.0, 4585600.0 ], [ 428000.0, 4585600.0 ], [ 428000.0, 4585200.0 ], [ 428400.0, 4585200.0 ] ] ] } },
{ "type": "Feature", "properties": { "cell_id": "C018_029", "tree_count": 444, "species_list": [ "Acer negundo", "Acer saccharinum", "Albizia julibrissin", "Brachychiton populneus", "Catalpa bignonioides", "Cedrus atlantica", "Celtis australis", "Ceratonia siliqua", "Cercis siliquastrum", "Cupressus sempervirens", "Elaeagnus angustifolia", "Eriobotrya japonica", "Eucalyptus camaldulensis", "Fraxinus angustifolia", "Hesperocyparis macrocarpa", "Jacaranda mimosifolia", "Koelreuteria paniculata", "Koelreuteria paniculata 'Fastigiata'", "Laurus nobilis", "Ligustrum japonicum", "Ligustrum lucidum", "Magnolia grandiflora", "Melia azedarach", "Nerium oleander", "Olea europaea", "Phoenix canariensis", "Photinia x fraseri 'Red Robin'", "Pinus halepensis", "Pinus nigra subsp. salzmannii", "Pinus pinea", "Platanus × acerifolia", "Populus alba 'Pyramidalis'", "Populus nigra 'Italica'", "Prunus cerasifera 'Pissardii'", "Prunus serrulata 'Kanzan'", "Pyrus calleryana 'Chanticleer'", "Quercus ilex", "Quercus suber", "Robinia pseudoacacia", "Schinus molle", "Styphnolobium japonicum", "Tilia x europaea", "Tipuana tipu", "Ulmus pumila", "Washingtonia filifera", "Washingtonia filifera var. robusta" ], "district_name": "GRÀCIA", "barri_name": "VALLCARCA I ELS PENITENTS", "dominant_myco_type": "AM", "am_pct": 70.05, "em_pct": 11.71, "nm_pct": 18.24, "am_blindness_flag": false, "trees_young_pct": 3.83, "cell_x0": 428000, "cell_y0": 4585600 }, "geometry": { "type": "Polygon", "coordinates": [ [ [ 428400.0, 4585600.0 ], [ 428400.0, 4586000.0 ], [ 428000.0, 4586000.0 ], [ 428000.0, 4585600.0 ], [ 428400.0, 4585600.0 ] ] ] } },
{ "type": "Feature", "properties": { "cell_id": "C018_030", "tree_count": 423, "species_list": [ "Acer campestre 'Pyramidale'", "Acer negundo", "Aesculus hippocastanum", "Bauhinia variegata", "Brachychiton populneus", "Cedrus deodara", "Celtis australis", "Celtis sinensis", "Cercis siliquastrum", "Cupressus sempervirens", "Fraxinus americana", "Fraxinus angustifolia", "Fraxinus angustifolia 'Raywood'", "Ginkgo biloba", "Hesperocyparis arizonica", "Jacaranda mimosifolia", "Koelreuteria paniculata", "Ligustrum japonicum", "Liquidambar styraciflua", "Liriodendron tulipifera", "Morus alba", "Olea europaea", "Phoenix canariensis", "Pinus halepensis", "Pinus pinea", "Platanus × acerifolia", "Populus alba", "Populus nigra 'Italica'", "Prunus cerasifera", "Prunus cerasifera 'Pissardii'", "Pyrus communis", "Quercus cerrioides", "Quercus ilex", "Quercus robur", "Quercus rubra", "Quercus suber", "Robinia pseudoacacia", "Schinus molle", "Styphnolobium japonicum", "Tilia x europaea", "Tipuana tipu", "Ulmus pumila", "Washingtonia filifera", "Washingtonia filifera var. robusta" ], "district_name": "HORTA - GUINARDÓ", "barri_name": "SANT GENÍS DELS AGUDELLS", "dominant_myco_type": "AM", "am_pct": 77.07, "em_pct": 13.0, "nm_pct": 9.93, "am_blindness_flag": false, "trees_young_pct": 3.07, "cell_x0": 428000, "cell_y0": 4586000 }, "geometry": { "type": "Polygon", "coordinates": [ [ [ 428400.0, 4586000.0 ], [ 428400.0, 4586400.0 ], [ 428000.0, 4586400.0 ], [ 428000.0, 4586000.0 ], [ 428400.0, 4586000.0 ] ] ] } },
{ "type": "Feature", "properties": { "cell_id": "C018_031", "tree_count": 178, "species_list": [ "Acer negundo", "Aesculus hippocastanum", "Brachychiton populneus", "Celtis australis", "Cercis siliquastrum", "Cupressus sempervirens", "Eriobotrya japonica", "Hesperocyparis arizonica", "Laurus nobilis", "Ligustrum japonicum 'Texanum'", "Ligustrum lucidum", "Melia azedarach", "Photinia x fraseri 'Red Robin'", "Pinus halepensis", "Pinus pinea", "Pittosporum tobira", "Platanus × acerifolia", "Prunus armeniaca", "Prunus cerasifera", "Prunus cerasifera 'Pissardii'", "Robinia pseudoacacia", "Styphnolobium japonicum", "Tipuana tipu", "Ulmus pumila" ], "district_name": "HORTA - GUINARDÓ", "barri_name": "MONTBAU", "dominant_myco_type": "AM", "am_pct": 88.76, "em_pct": 6.18, "nm_pct": 5.06, "am_blindness_flag": true, "trees_young_pct": 1.12, "cell_x0": 428000, "cell_y0": 4586400 }, "geometry": { "type": "Polygon", "coordinates": [ [ [ 428400.0, 4586400.0 ], [ 428400.0, 4586800.0 ], [ 428000.0, 4586800.0 ], [ 428000.0, 4586400.0 ], [ 428400.0, 4586400.0 ] ] ] } },
{ "type": "Feature", "properties": { "cell_id": "C018_032", "tree_count": 534, "species_list": [ "Acacia saligna", "Acer platanoides 'Crimson King'", "Ailanthus altissima", "Brachychiton populneus", "Catalpa bignonioides", "Cedrus deodara", "Celtis australis", "Ceratonia siliqua", "Cercis siliquastrum", "Citrus × aurantium", "Cupressus sempervirens", "Eriobotrya japonica", "Fraxinus excelsior", "Fraxinus ornus OBELISK® 'Paus Johannes-Paulus II'", "Gleditsia triacanthos", "Gleditsia triacanthos f. inermis", "Jacaranda mimosifolia", "Koelreuteria paniculata", "Koelreuteria paniculata 'Fastigiata'", "Laurus nobilis", "Ligustrum lucidum", "Magnolia grandiflora", "Malus sylvestris", "Melia azedarach", "Morus alba", "Morus alba 'Fruitless'", "Olea europaea", "Phoenix canariensis", "Pinus canariensis", "Pinus halepensis", "Pinus pinea", "Pittosporum tobira", "Platanus × acerifolia", "Populus nigra 'Italica'", "Prunus amygdalus", "Prunus armeniaca", "Prunus cerasifera", "Prunus cerasifera 'Pissardii'", "Prunus domestica", "Prunus serrulata 'Kanzan'", "Pyrus communis", "Quercus cerris", "Quercus ilex", "Quercus pubescens", "Robinia pseudoacacia", "Styphnolobium japonicum", "Styphnolobium japonicum 'Dot'", "Tilia x europaea", "Tipuana tipu", "Ulmus pumila", "X hesperotropsis leylandii" ], "district_name": "HORTA - GUINARDÓ", "barri_name": "MONTBAU", "dominant_myco_type": "AM", "am_pct": 61.24, "em_pct": 28.09, "nm_pct": 10.67, "am_blindness_flag": false, "trees_young_pct": 1.69, "cell_x0": 428000, "cell_y0": 4586800 }, "geometry": { "type": "Polygon", "coordinates": [ [ [ 428400.0, 4586800.0 ], [ 428400.0, 4587200.0 ], [ 428000.0, 4587200.0 ], [ 428000.0, 4586800.0 ], [ 428400.0, 4586800.0 ] ] ] } },
{ "type": "Feature", "properties": { "cell_id": "C018_033", "tree_count": 168, "species_list": [ "Abies alba", "Albizia julibrissin", "Celtis australis", "Cercis siliquastrum", "Cupressus sempervirens", "Firmiana simplex", "Koelreuteria paniculata", "Koelreuteria paniculata 'Fastigiata'", "Laurus nobilis", "Melia azedarach", "Olea europaea", "Paulownia tomentosa", "Phoenix canariensis", "Pinus halepensis", "Pinus pinea", "Platanus × acerifolia", "Prunus cerasifera", "Pyrus calleryana 'Chanticleer'", "Styphnolobium japonicum", "Ulmus pumila" ], "district_name": "HORTA - GUINARDÓ", "barri_name": "MONTBAU", "dominant_myco_type": "AM", "am_pct": 56.55, "em_pct": 41.67, "nm_pct": 1.79, "am_blindness_flag": false, "trees_young_pct": 4.76, "cell_x0": 428000, "cell_y0": 4587200 }, "geometry": { "type": "Polygon", "coordinates": [ [ [ 428400.0, 4587200.0 ], [ 428400.0, 4587600.0 ], [ 428000.0, 4587600.0 ], [ 428000.0, 4587200.0 ], [ 428400.0, 4587200.0 ] ] ] } },
{ "type": "Feature", "properties": { "cell_id": "C019_010", "tree_count": 175, "species_list": [ "Acer saccharinum", "Acer × freemanii AUTUMN BLAZE® 'Jeffersred'", "Cercis siliquastrum", "Fraxinus angustifolia", "Ginkgo biloba", "Ginkgo biloba 'Fastigiata'", "Grevillea robusta", "Jacaranda mimosifolia", "Lagunaria patersonia", "Liriodendron tulipifera", "Morus alba", "Platanus × acerifolia", "Populus alba 'Pyramidalis'", "Populus nigra 'Italica'", "Prunus cerasifera", "Prunus cerasifera 'Nigra'", "Prunus cerasifera 'Pissardii'", "Robinia pseudoacacia", "Salix babylonica 'Tortuosa'", "Styphnolobium japonicum", "Styphnolobium japonicum 'Dot'", "Tipuana tipu", "Ulmus pumila", "Washingtonia filifera", "Washingtonia filifera var. robusta" ], "district_name": "SANTS - MONTJUÏC", "barri_name": "LA MARINA DEL PRAT VERMELL", "dominant_myco_type": "AM", "am_pct": 70.86, "em_pct": 0.0, "nm_pct": 29.14, "am_blindness_flag": false, "trees_young_pct": 6.86, "cell_x0": 428400, "cell_y0": 4578000 }, "geometry": { "type": "Polygon", "coordinates": [ [ [ 428800.0, 4578000.0 ], [ 428800.0, 4578400.0 ], [ 428400.0, 4578400.0 ], [ 428400.0, 4578000.0 ], [ 428800.0, 4578000.0 ] ] ] } },
{ "type": "Feature", "properties": { "cell_id": "C019_011", "tree_count": 471, "species_list": [ "Acer × freemanii AUTUMN BLAZE® 'Jeffersred'", "Cercis siliquastrum", "Cupressus sempervirens", "Fraxinus angustifolia", "Ginkgo biloba 'Fastigiata'", "Lagunaria patersonia", "Pinus pinea", "Platanus × acerifolia", "Populus alba 'Pyramidalis'", "Populus nigra", "Populus nigra 'Italica'", "Prunus cerasifera 'Nigra'", "Prunus cerasifera 'Pissardii'", "Quercus ilex", "Styphnolobium japonicum" ], "district_name": "SANTS - MONTJUÏC", "barri_name": "EL POBLE SEC", "dominant_myco_type": "NM", "am_pct": 29.09, "em_pct": 9.34, "nm_pct": 61.57, "am_blindness_flag": false, "trees_young_pct": 1.27, "cell_x0": 428400, "cell_y0": 4578400 }, "geometry": { "type": "Polygon", "coordinates": [ [ [ 428800.0, 4578400.0 ], [ 428800.0, 4578800.0 ], [ 428400.0, 4578800.0 ], [ 428400.0, 4578400.0 ], [ 428800.0, 4578400.0 ] ] ] } },
{ "type": "Feature", "properties": { "cell_id": "C019_012", "tree_count": 594, "species_list": [ "Acer monspessulanum", "Albizia julibrissin", "Arbutus unedo", "Ceiba speciosa", "Celtis australis", "Ceratonia siliqua", "Cercis siliquastrum", "Citrus x limon", "Citrus × aurantium", "Crataegus monogyna", "Eriobotrya japonica", "Eucalyptus camaldulensis", "Ficus carica", "Ginkgo biloba 'Fastigiata'", "Jacaranda mimosifolia", "Koelreuteria paniculata 'Fastigiata'", "Laurus nobilis", "Malus sylvestris", "Melia azedarach", "Morus alba", "Olea europaea", "Phoenix dactylifera", "Phytolacca dioica", "Pinus halepensis", "Pinus pinea", "Platanus × acerifolia", "Populus alba", "Populus alba 'Pyramidalis'", "Populus nigra", "Populus nigra 'Italica'", "Prunus amygdalus", "Prunus avium", "Prunus cerasifera 'Pissardii'", "Prunus persica", "Punica granatum", "Pyrus communis", "Quercus ilex", "Quercus suber", "Styphnolobium japonicum", "Tipuana tipu", "Washingtonia filifera", "Washingtonia filifera var. robusta" ], "district_name": "SANTS - MONTJUÏC", "barri_name": "LA MARINA DEL PORT", "dominant_myco_type": "AM", "am_pct": 60.44, "em_pct": 32.66, "nm_pct": 6.9, "am_blindness_flag": false, "trees_young_pct": 23.06, "cell_x0": 428400, "cell_y0": 4578800 }, "geometry": { "type": "Polygon", "coordinates": [ [ [ 428800.0, 4578800.0 ], [ 428800.0, 4579200.0 ], [ 428400.0, 4579200.0 ], [ 428400.0, 4578800.0 ], [ 428800.0, 4578800.0 ] ] ] } },
{ "type": "Feature", "properties": { "cell_id": "C019_013", "tree_count": 359, "species_list": [ "Acer negundo", "Albizia julibrissin", "Brachychiton populneus", "Celtis australis", "Ceratonia siliqua", "Cercis siliquastrum", "Cupressus sempervirens", "Cupressus sempervirens 'Stricta'", "Firmiana simplex", "Jacaranda mimosifolia", "Olea europaea", "Pinus pinea", "Platanus × acerifolia", "Populus alba", "Prunus amygdalus", "Quercus ilex", "Robinia pseudoacacia", "Styphnolobium japonicum", "Styphnolobium japonicum 'Columnare'", "Ulmus pumila" ], "district_name": "SANTS - MONTJUÏC", "barri_name": "EL POBLE SEC", "dominant_myco_type": "AM", "am_pct": 55.15, "em_pct": 31.75, "nm_pct": 13.09, "am_blindness_flag": false, "trees_young_pct": 9.19, "cell_x0": 428400, "cell_y0": 4579200 }, "geometry": { "type": "Polygon", "coordinates": [ [ [ 428800.0, 4579200.0 ], [ 428800.0, 4579600.0 ], [ 428400.0, 4579600.0 ], [ 428400.0, 4579200.0 ], [ 428800.0, 4579200.0 ] ] ] } },
{ "type": "Feature", "properties": { "cell_id": "C019_014", "tree_count": 573, "species_list": [ "Ailanthus altissima", "Arbutus unedo", "Brachychiton populneus", "Casuarina cunninghamiana", "Cedrus atlantica", "Celtis australis", "Ceratonia siliqua", "Citrus × aurantium", "Cupressus sempervirens", "Firmiana simplex", "Ginkgo biloba", "Jacaranda mimosifolia", "Lagunaria patersonia", "Laurus nobilis", "Ligustrum japonicum", "Ligustrum lucidum", "Olea europaea", "Photinia serratifolia", "Phytolacca dioica", "Pinus halepensis", "Pinus pinea", "Platanus orientalis 'cuneata'", "Platanus × acerifolia", "Podocarpus neriifolius", "Prunus amygdalus", "Prunus cerasifera 'Pissardii'", "Prunus laurocerasus", "Quercus ilex", "Schinus molle", "Styphnolobium japonicum", "Styphnolobium japonicum 'Dot'", "Tipuana tipu", "Trachycarpus fortunei", "Ulmus RESISTA® 'New Horizon'", "Ulmus pumila", "Washingtonia filifera", "Washingtonia filifera var. robusta" ], "district_name": "SANTS - MONTJUÏC", "barri_name": "EL POBLE SEC", "dominant_myco_type": "AM", "am_pct": 69.11, "em_pct": 20.59, "nm_pct": 10.3, "am_blindness_flag": false, "trees_young_pct": 3.66, "cell_x0": 428400, "cell_y0": 4579600 }, "geometry": { "type": "Polygon", "coordinates": [ [ [ 428800.0, 4579600.0 ], [ 428800.0, 4580000.0 ], [ 428400.0, 4580000.0 ], [ 428400.0, 4579600.0 ], [ 428800.0, 4579600.0 ] ] ] } },
{ "type": "Feature", "properties": { "cell_id": "C019_015", "tree_count": 664, "species_list": [ "Brachychiton acerifolius", "Brachychiton populneus", "Broussonetia papyrifera", "Casuarina cunninghamiana", "Cedrus deodara", "Celtis australis", "Celtis sinensis", "Ceratonia siliqua", "Cercis siliquastrum", "Cupressus sempervirens", "Elaeagnus angustifolia", "Eucalyptus camaldulensis", "Ficus carica", "Firmiana simplex", "Fraxinus angustifolia", "Ginkgo biloba 'Fastigiata Blagon'", "Hibiscus syriacus", "Koelreuteria paniculata 'Fastigiata'", "Lagunaria patersonia", "Laurus nobilis", "Ligustrum japonicum", "Ligustrum lucidum", "Olea europaea", "Paulownia tomentosa", "Phoenix canariensis", "Phoenix dactylifera", "Photinia serratifolia", "Phytolacca dioica", "Pinus halepensis", "Pinus pinea", "Platanus × acerifolia", "Platycladus orientalis", "Prunus cerasifera 'Pissardii'", "Pyrus calleryana 'Chanticleer'", "Quercus ilex", "Quercus robur 'Fastigiata'", "Robinia pseudoacacia", "Schinus lentiscifolia", "Schinus molle", "Styphnolobium japonicum", "Styphnolobium japonicum 'Columnare'", "Tipuana tipu", "Ulmus minor 'Umbraculifera'", "Ulmus pumila", "Washingtonia filifera" ], "district_name": "SANTS - MONTJUÏC", "barri_name": "LA FONT DE LA GUATLLA", "dominant_myco_type": "AM", "am_pct": 76.81, "em_pct": 5.87, "nm_pct": 17.32, "am_blindness_flag": false, "trees_young_pct": 7.68, "cell_x0": 428400, "cell_y0": 4580000 }, "geometry": { "type": "Polygon", "coordinates": [ [ [ 428800.0, 4580000.0 ], [ 428800.0, 4580400.0 ], [ 428400.0, 4580400.0 ], [ 428400.0, 4580000.0 ], [ 428800.0, 4580000.0 ] ] ] } },
{ "type": "Feature", "properties": { "cell_id": "C019_016", "tree_count": 414, "species_list": [ "Acer platanoides 'Crimson King'", "Brachychiton discolor", "Brachychiton populneus", "Celtis australis", "Cercis siliquastrum", "Fraxinus angustifolia 'Raywood'", "Fraxinus excelsior", "Ginkgo biloba 'Fastigiata'", "Jacaranda mimosifolia", "Magnolia grandiflora", "Melia azedarach", "Phoenix canariensis", "Phoenix dactylifera", "Photinia x fraseri 'Red Robin'", "Platanus × acerifolia", "Prunus cerasifera 'Pissardii'", "Prunus serrulata 'Kanzan'", "Pyrus calleryana 'Chanticleer'", "Quercus ilex", "Styphnolobium japonicum", "Tipuana tipu", "Ulmus pumila", "Washingtonia filifera", "Washingtonia filifera var. robusta" ], "district_name": "SANTS - MONTJUÏC", "barri_name": "HOSTAFRANCS", "dominant_myco_type": "AM", "am_pct": 94.44, "em_pct": 0.97, "nm_pct": 4.59, "am_blindness_flag": true, "trees_young_pct": 5.31, "cell_x0": 428400, "cell_y0": 4580400 }, "geometry": { "type": "Polygon", "coordinates": [ [ [ 428800.0, 4580400.0 ], [ 428800.0, 4580800.0 ], [ 428400.0, 4580800.0 ], [ 428400.0, 4580400.0 ], [ 428800.0, 4580400.0 ] ] ] } },
{ "type": "Feature", "properties": { "cell_id": "C019_017", "tree_count": 490, "species_list": [ "Acer buergerianum", "Brachychiton populneus", "Celtis australis", "Cercis siliquastrum", "Corylus colurna", "Crataegus x media 'Paul's Scarlet'", "Eucalyptus camaldulensis", "Eucalyptus globulus", "Eucalyptus gomphocephala", "Ficus carica", "Ginkgo biloba 'Fastigiata'", "Handroanthus heptaphyllus", "Jacaranda mimosifolia", "Koelreuteria paniculata", "Magnolia grandiflora", "Melia azedarach", "Parkinsonia aculeata", "Platanus × acerifolia", "Populus alba 'Pyramidalis'", "Prunus cerasifera 'Pissardii'", "Pyrus calleryana 'Chanticleer'", "Styphnolobium japonicum", "Tipuana tipu" ], "district_name": "SANTS - MONTJUÏC", "barri_name": "HOSTAFRANCS", "dominant_myco_type": "AM", "am_pct": 86.33, "em_pct": 2.04, "nm_pct": 11.63, "am_blindness_flag": true, "trees_young_pct": 4.49, "cell_x0": 428400, "cell_y0": 4580800 }, "geometry": { "type": "Polygon", "coordinates": [ [ [ 428800.0, 4580800.0 ], [ 428800.0, 4581200.0 ], [ 428400.0, 4581200.0 ], [ 428400.0, 4580800.0 ], [ 428800.0, 4580800.0 ] ] ] } },
{ "type": "Feature", "properties": { "cell_id": "C019_018", "tree_count": 494, "species_list": [ "Albizia julibrissin", "Celtis australis", "Cercis siliquastrum", "Eriobotrya japonica", "Eucalyptus globulus", "Ficus carica", "Ficus elastica", "Fraxinus ornus OBELISK® 'Paus Johannes-Paulus II'", "Ginkgo biloba 'Fastigiata'", "Jacaranda mimosifolia", "Koelreuteria paniculata", "Ligustrum lucidum", "Magnolia grandiflora", "Melia azedarach", "Morus alba", "Olea europaea", "Phoenix canariensis", "Phoenix dactylifera", "Pinus halepensis", "Pinus pinaster", "Pinus pinea", "Platanus × acerifolia", "Populus alba 'Pyramidalis'", "Prunus cerasifera 'Pissardii'", "Robinia pseudoacacia", "Robinia pseudoacacia 'Pyramidalis'", "Schinus molle", "Styphnolobium japonicum", "Tilia cordata", "Tipuana tipu", "Trachycarpus fortunei", "Washingtonia filifera", "Washingtonia filifera var. robusta" ], "district_name": "EIXAMPLE", "barri_name": "LA NOVA ESQUERRA DE LEIXAMPLE", "dominant_myco_type": "AM", "am_pct": 84.82, "em_pct": 7.29, "nm_pct": 7.89, "am_blindness_flag": true, "trees_young_pct": 6.07, "cell_x0": 428400, "cell_y0": 4581200 }, "geometry": { "type": "Polygon", "coordinates": [ [ [ 428800.0, 4581200.0 ], [ 428800.0, 4581600.0 ], [ 428400.0, 4581600.0 ], [ 428400.0, 4581200.0 ], [ 428800.0, 4581200.0 ] ] ] } },
{ "type": "Feature", "properties": { "cell_id": "C019_019", "tree_count": 418, "species_list": [ "Bauhinia purpurea", "Bauhinia variegata", "Brachychiton acerifolius", "Catalpa bignonioides", "Celtis australis", "Celtis sinensis", "Cercis siliquastrum", "Ficus rubiginosa f. glabrescens", "Firmiana simplex", "Jacaranda mimosifolia", "Koelreuteria paniculata", "Magnolia grandiflora", "Melia azedarach", "Olea europaea", "Phoenix canariensis", "Pinus halepensis", "Pinus pinea", "Platanus × acerifolia", "Podocarpus neriifolius", "Prunus cerasifera 'Pissardii'", "Pyrus calleryana 'Chanticleer'", "Quercus ilex", "Tamarix ramosissima", "Tilia x europaea", "Tipuana tipu", "Washingtonia filifera", "Washingtonia filifera var. robusta" ], "district_name": "EIXAMPLE", "barri_name": "LA NOVA ESQUERRA DE LEIXAMPLE", "dominant_myco_type": "AM", "am_pct": 93.78, "em_pct": 3.35, "nm_pct": 2.87, "am_blindness_flag": true, "trees_young_pct": 3.83, "cell_x0": 428400, "cell_y0": 4581600 }, "geometry": { "type": "Polygon", "coordinates": [ [ [ 428800.0, 4581600.0 ], [ 428800.0, 4582000.0 ], [ 428400.0, 4582000.0 ], [ 428400.0, 4581600.0 ], [ 428800.0, 4581600.0 ] ] ] } },
{ "type": "Feature", "properties": { "cell_id": "C019_020", "tree_count": 379, "species_list": [ "Brachychiton acerifolius", "Casuarina cunninghamiana", "Catalpa bignonioides", "Celtis australis", "Cercis siliquastrum", "Cupressus sempervirens", "Firmiana simplex", "Grevillea robusta", "Ligustrum lucidum", "Magnolia grandiflora", "Melia azedarach", "Platanus × acerifolia", "Prunus cerasifera 'Pissardii'", "Pyrus calleryana 'Chanticleer'", "Quercus ilex", "Robinia pseudoacacia", "Styphnolobium japonicum", "Trachycarpus fortunei", "Washingtonia filifera var. robusta" ], "district_name": "EIXAMPLE", "barri_name": "LA NOVA ESQUERRA DE LEIXAMPLE", "dominant_myco_type": "AM", "am_pct": 97.1, "em_pct": 0.26, "nm_pct": 2.64, "am_blindness_flag": true, "trees_young_pct": 3.17, "cell_x0": 428400, "cell_y0": 4582000 }, "geometry": { "type": "Polygon", "coordinates": [ [ [ 428800.0, 4582000.0 ], [ 428800.0, 4582400.0 ], [ 428400.0, 4582400.0 ], [ 428400.0, 4582000.0 ], [ 428800.0, 4582000.0 ] ] ] } },
{ "type": "Feature", "properties": { "cell_id": "C019_021", "tree_count": 468, "species_list": [ "Acer campestre 'Elsrijk'", "Acer × freemanii AUTUMN BLAZE® 'Jeffersred'", "Brachychiton acerifolius", "Casuarina cunninghamiana", "Celtis australis", "Cercis siliquastrum", "Citrus × aurantium", "Cupressus sempervirens", "Hesperocyparis macrocarpa", "Melia azedarach", "Phoenix canariensis", "Phoenix dactylifera", "Phytolacca dioica", "Pinus pinea", "Platanus orientalis", "Platanus × acerifolia", "Populus nigra 'Italica'", "Prunus cerasifera 'Pissardii'", "Robinia pseudoacacia", "Robinia pseudoacacia 'Bessoniana'", "Salix alba", "Schinus molle", "Tipuana tipu", "Washingtonia filifera", "Washingtonia filifera var. robusta" ], "district_name": "EIXAMPLE", "barri_name": "LANTIGA ESQUERRA DE LEIXAMPLE", "dominant_myco_type": "AM", "am_pct": 78.63, "em_pct": 0.64, "nm_pct": 20.73, "am_blindness_flag": false, "trees_young_pct": 1.92, "cell_x0": 428400, "cell_y0": 4582400 }, "geometry": { "type": "Polygon", "coordinates": [ [ [ 428800.0, 4582400.0 ], [ 428800.0, 4582800.0 ], [ 428400.0, 4582800.0 ], [ 428400.0, 4582400.0 ], [ 428800.0, 4582400.0 ] ] ] } },
{ "type": "Feature", "properties": { "cell_id": "C019_022", "tree_count": 393, "species_list": [ "Acer × freemanii AUTUMN BLAZE® 'Jeffersred'", "Brachychiton populneus", "Celtis australis", "Ligustrum japonicum", "Ligustrum japonicum 'Texanum'", "Ligustrum lucidum", "Melia azedarach", "Phoenix dactylifera", "Photinia x fraseri", "Platanus × acerifolia", "Pyrus calleryana 'Chanticleer'", "Robinia pseudoacacia", "Robinia pseudoacacia 'Bessoniana'", "Robinia pseudoacacia 'Umbraculifera'", "Styphnolobium japonicum", "Styphnolobium japonicum 'Dot'", "Tipuana tipu", "Ulmus pumila", "Washingtonia filifera var. robusta" ], "district_name": "SARRIÀ - SANT GERVASI", "barri_name": "SANT GERVASI - GALVANY", "dominant_myco_type": "AM", "am_pct": 79.39, "em_pct": 0.0, "nm_pct": 20.61, "am_blindness_flag": false, "trees_young_pct": 11.96, "cell_x0": 428400, "cell_y0": 4582800 }, "geometry": { "type": "Polygon", "coordinates": [ [ [ 428800.0, 4582800.0 ], [ 428800.0, 4583200.0 ], [ 428400.0, 4583200.0 ], [ 428400.0, 4582800.0 ], [ 428800.0, 4582800.0 ] ] ] } },
{ "type": "Feature", "properties": { "cell_id": "C019_023", "tree_count": 350, "species_list": [ "Acer monspessulanum", "Acer × freemanii AUTUMN BLAZE® 'Jeffersred'", "Brachychiton populneus", "Catalpa bignonioides", "Cercis siliquastrum", "Feijoa sellowiana", "Ficus elastica", "Ginkgo biloba", "Ginkgo biloba 'Fastigiata Blagon'", "Ginkgo biloba 'Fastigiata'", "Hibiscus syriacus", "Jacaranda mimosifolia", "Ligustrum japonicum", "Ligustrum lucidum", "Magnolia grandiflora", "Pinus halepensis", "Pinus pinea", "Platanus × acerifolia", "Prunus cerasifera 'Pissardii'", "Pyrus calleryana 'Chanticleer'", "Robinia pseudoacacia", "Styphnolobium japonicum", "Tilia x euchlora", "Ulmus pumila" ], "district_name": "SARRIÀ - SANT GERVASI", "barri_name": "SANT GERVASI - GALVANY", "dominant_myco_type": "AM", "am_pct": 76.57, "em_pct": 1.14, "nm_pct": 22.29, "am_blindness_flag": false, "trees_young_pct": 12.86, "cell_x0": 428400, "cell_y0": 4583200 }, "geometry": { "type": "Polygon", "coordinates": [ [ [ 428800.0, 4583200.0 ], [ 428800.0, 4583600.0 ], [ 428400.0, 4583600.0 ], [ 428400.0, 4583200.0 ], [ 428800.0, 4583200.0 ] ] ] } },
{ "type": "Feature", "properties": { "cell_id": "C019_024", "tree_count": 281, "species_list": [ "Acacia saligna", "Acer campestre 'Pyramidale'", "Acer × freemanii AUTUMN BLAZE® 'Jeffersred'", "Aesculus hippocastanum", "Ailanthus altissima", "Brachychiton acerifolius", "Brachychiton populneus", "Casuarina cunninghamiana", "Catalpa bignonioides", "Celtis australis", "Cercis siliquastrum", "Cupressus sempervirens", "Eriobotrya japonica", "Ginkgo biloba 'Fastigiata Blagon'", "Ginkgo biloba 'Fastigiata'", "Gleditsia triacanthos", "Grevillea robusta", "Hibiscus syriacus", "Jacaranda mimosifolia", "Laurus nobilis", "Ligustrum japonicum", "Ligustrum lucidum", "Liquidambar styraciflua", "Parasenegalia visco", "Parkinsonia aculeata", "Phoenix canariensis", "Phoenix dactylifera", "Pinus halepensis", "Pittosporum tobira", "Populus alba 'Pyramidalis'", "Prunus cerasifera 'Pissardii'", "Prunus serrulata", "Pyrus calleryana 'Chanticleer'", "Quercus ilex", "Robinia pseudoacacia", "Styphnolobium japonicum", "Tamarix africana", "Tamarix gallica", "Tamarix ramosissima", "Tilia x euchlora", "Tipuana tipu", "Trachycarpus fortunei", "Ulmus pumila" ], "district_name": "SARRIÀ - SANT GERVASI", "barri_name": "SANT GERVASI - GALVANY", "dominant_myco_type": "AM", "am_pct": 82.92, "em_pct": 2.14, "nm_pct": 14.95, "am_blindness_flag": true, "trees_young_pct": 15.3, "cell_x0": 428400, "cell_y0": 4583600 }, "geometry": { "type": "Polygon", "coordinates": [ [ [ 428800.0, 4583600.0 ], [ 428800.0, 4584000.0 ], [ 428400.0, 4584000.0 ], [ 428400.0, 4583600.0 ], [ 428800.0, 4583600.0 ] ] ] } },
{ "type": "Feature", "properties": { "cell_id": "C019_025", "tree_count": 264, "species_list": [ "Acer buergerianum", "Acer campestre 'Pyramidale'", "Albizia julibrissin", "Cercis siliquastrum", "Cocculus laurifolius", "Corylus colurna", "Cupressus sempervirens", "Ginkgo biloba", "Gleditsia triacanthos f. inermis", "Grevillea robusta", "Hibiscus syriacus", "Jacaranda mimosifolia", "Ligustrum japonicum", "Ligustrum japonicum 'Texanum'", "Ligustrum lucidum", "Olea europaea", "Phoenix canariensis", "Phytolacca dioica", "Platanus × acerifolia", "Populus alba", "Populus alba 'Pyramidalis'", "Pyrus calleryana 'Chanticleer'", "Radermachera sinica", "Styphnolobium japonicum", "Tamarix ramosissima", "Tilia x euchlora", "Tipuana tipu", "Washingtonia filifera", "Washingtonia filifera var. robusta" ], "district_name": "SARRIÀ - SANT GERVASI", "barri_name": "EL PUTXET I EL FARRÓ", "dominant_myco_type": "AM", "am_pct": 58.33, "em_pct": 3.03, "nm_pct": 38.64, "am_blindness_flag": false, "trees_young_pct": 19.7, "cell_x0": 428400, "cell_y0": 4584000 }, "geometry": { "type": "Polygon", "coordinates": [ [ [ 428800.0, 4584000.0 ], [ 428800.0, 4584400.0 ], [ 428400.0, 4584400.0 ], [ 428400.0, 4584000.0 ], [ 428800.0, 4584000.0 ] ] ] } },
{ "type": "Feature", "properties": { "cell_id": "C019_026", "tree_count": 381, "species_list": [ "Acacia dealbata", "Brachychiton populneus", "Casuarina cunninghamiana", "Cedrus atlantica", "Cedrus deodara", "Celtis australis", "Ceratonia siliqua", "Cercis siliquastrum", "Citrus x limon", "Cormus domestica", "Corylus colurna", "Crataegus monogyna", "Cupressus sempervirens", "Fraxinus ornus", "Gleditsia triacanthos", "Grevillea robusta", "Handroanthus heptaphyllus", "Koelreuteria paniculata", "Laurus nobilis", "Leucaena leucocephala", "Ligustrum japonicum 'Texanum'", "Ligustrum lucidum", "Liriodendron tulipifera", "Melia azedarach", "Olea europaea", "Phoenix canariensis", "Phytolacca dioica", "Pinus halepensis", "Pinus pinaster", "Pinus pinea", "Pittosporum tobira", "Platanus × acerifolia", "Populus x canadensis", "Prunus amygdalus", "Prunus armeniaca", "Prunus cerasifera", "Prunus cerasus", "Pyrus calleryana 'Chanticleer'", "Quercus ilex", "Quercus suber", "Robinia pseudoacacia", "Styphnolobium japonicum", "Tamarix ramosissima", "Tipuana tipu", "Ulmus minor", "Ulmus pumila", "Washingtonia filifera var. robusta" ], "district_name": "SARRIÀ - SANT GERVASI", "barri_name": "EL PUTXET I EL FARRÓ", "dominant_myco_type": "AM", "am_pct": 69.55, "em_pct": 25.72, "nm_pct": 4.72, "am_blindness_flag": false, "trees_young_pct": 6.82, "cell_x0": 428400, "cell_y0": 4584400 }, "geometry": { "type": "Polygon", "coordinates": [ [ [ 428800.0, 4584400.0 ], [ 428800.0, 4584800.0 ], [ 428400.0, 4584800.0 ], [ 428400.0, 4584400.0 ], [ 428800.0, 4584400.0 ] ] ] } },
{ "type": "Feature", "properties": { "cell_id": "C019_027", "tree_count": 259, "species_list": [ "Acacia decurrens", "Acacia saligna", "Brachychiton populneus", "Casuarina cunninghamiana", "Celtis australis", "Celtis sinensis", "Ceratonia siliqua", "Cercis siliquastrum", "Citrus × aurantium", "Cupressus sempervirens", "Eriobotrya japonica", "Erythrina caffra", "Erythrina crista-galli", "Ficus carica", "Fraxinus americana", "Fraxinus angustifolia 'Raywood'", "Grevillea robusta", "Jacaranda mimosifolia", "Koelreuteria paniculata", "Laurus nobilis", "Ligustrum lucidum", "Liriodendron tulipifera", "Magnolia grandiflora", "Melia azedarach", "Phoenix canariensis", "Phoenix dactylifera", "Pinus halepensis", "Pinus pinea", "Platanus × acerifolia", "Prunus avium", "Prunus cerasifera 'Pissardii'", "Pyrus calleryana 'Chanticleer'", "Quercus ilex", "Robinia pseudoacacia", "Styphnolobium japonicum", "Tilia tomentosa", "Tipuana tipu", "Washingtonia filifera", "Washingtonia filifera var. robusta" ], "district_name": "GRÀCIA", "barri_name": "VALLCARCA I ELS PENITENTS", "dominant_myco_type": "AM", "am_pct": 75.68, "em_pct": 6.95, "nm_pct": 17.37, "am_blindness_flag": false, "trees_young_pct": 1.93, "cell_x0": 428400, "cell_y0": 4584800 }, "geometry": { "type": "Polygon", "coordinates": [ [ [ 428800.0, 4584800.0 ], [ 428800.0, 4585200.0 ], [ 428400.0, 4585200.0 ], [ 428400.0, 4584800.0 ], [ 428800.0, 4584800.0 ] ] ] } },
{ "type": "Feature", "properties": { "cell_id": "C019_028", "tree_count": 223, "species_list": [ "Brachychiton populneus", "Cedrus deodara", "Celtis australis", "Citrus × aurantium", "Cupressus sempervirens", "Fraxinus angustifolia 'Raywood'", "Magnolia grandiflora", "Olea europaea", "Platanus × acerifolia", "Prunus cerasifera 'Pissardii'", "Quercus ilex", "Quercus robur 'Fastigiata'", "Quercus suber", "Robinia pseudoacacia", "Styphnolobium japonicum", "Ulmus pumila" ], "district_name": "GRÀCIA", "barri_name": "VALLCARCA I ELS PENITENTS", "dominant_myco_type": "AM", "am_pct": 76.23, "em_pct": 3.59, "nm_pct": 20.18, "am_blindness_flag": false, "trees_young_pct": 13.45, "cell_x0": 428400, "cell_y0": 4585200 }, "geometry": { "type": "Polygon", "coordinates": [ [ [ 428800.0, 4585200.0 ], [ 428800.0, 4585600.0 ], [ 428400.0, 4585600.0 ], [ 428400.0, 4585200.0 ], [ 428800.0, 4585200.0 ] ] ] } },
{ "type": "Feature", "properties": { "cell_id": "C019_029", "tree_count": 241, "species_list": [ "Ailanthus altissima", "Broussonetia papyrifera", "Cedrus deodara", "Cedrus libani", "Celtis australis", "Cercis siliquastrum", "Citrus × aurantium", "Cupressus sempervirens", "Eucalyptus camaldulensis", "Eucalyptus globulus", "Eugenia uniflora", "Ligustrum japonicum", "Ligustrum lucidum", "Magnolia grandiflora", "Magnolia x soulangeana", "Melia azedarach", "Olea europaea", "Photinia x fraseri 'Red Robin'", "Pinus halepensis", "Pinus pinea", "Platanus × acerifolia", "Populus nigra", "Prunus amygdalus", "Prunus cerasifera 'Nigra'", "Prunus cerasifera 'Pissardii'", "Prunus serrulata", "Prunus serrulata 'Kanzan'", "Pyrus calleryana 'Chanticleer'", "Quercus ilex", "Quercus robur 'Fastigiata'", "Robinia pseudoacacia", "Styphnolobium japonicum", "Styphnolobium japonicum 'Columnare'", "Syagrus romanzoffiana", "Tilia tomentosa", "Tilia x europaea", "Tipuana tipu", "Ulmus pumila" ], "district_name": "GRÀCIA", "barri_name": "LA TEIXONERA", "dominant_myco_type": "AM", "am_pct": 65.56, "em_pct": 17.01, "nm_pct": 17.43, "am_blindness_flag": false, "trees_young_pct": 12.45, "cell_x0": 428400, "cell_y0": 4585600 }, "geometry": { "type": "Polygon", "coordinates": [ [ [ 428800.0, 4585600.0 ], [ 428800.0, 4586000.0 ], [ 428400.0, 4586000.0 ], [ 428400.0, 4585600.0 ], [ 428800.0, 4585600.0 ] ] ] } },
{ "type": "Feature", "properties": { "cell_id": "C019_030", "tree_count": 311, "species_list": [ "Acer × freemanii AUTUMN BLAZE® 'Jeffersred'", "Ailanthus altissima", "Casuarina cunninghamiana", "Cedrus deodara", "Celtis sinensis", "Cercis siliquastrum", "Cupressus sempervirens", "Ficus carica", "Hibiscus syriacus", "Jacaranda mimosifolia", "Koelreuteria paniculata", "Koelreuteria paniculata 'Fastigiata'", "Laurus nobilis", "Ligustrum lucidum", "Melia azedarach", "Olea europaea", "Pinus halepensis", "Pinus nigra", "Pinus pinaster", "Pinus pinea", "Platanus × acerifolia", "Populus nigra 'Italica'", "Prunus amygdalus", "Prunus cerasifera 'Pissardii'", "Prunus domestica", "Prunus serrulata 'Kanzan'", "Punica granatum", "Pyrus calleryana 'Chanticleer'", "Quercus ilex", "Quercus robur", "Quercus rubra", "Robinia pseudoacacia", "Salix alba", "Schinus molle", "Styphnolobium japonicum", "Styphnolobium japonicum 'Columnare'", "Tamarix ramosissima 'Pink Cascade'", "Tilia x euchlora", "Tipuana tipu", "Ulmus pumila" ], "district_name": "HORTA - GUINARDÓ", "barri_name": "LA TEIXONERA", "dominant_myco_type": "AM", "am_pct": 55.31, "em_pct": 16.72, "nm_pct": 27.97, "am_blindness_flag": false, "trees_young_pct": 10.93, "cell_x0": 428400, "cell_y0": 4586000 }, "geometry": { "type": "Polygon", "coordinates": [ [ [ 428800.0, 4586000.0 ], [ 428800.0, 4586400.0 ], [ 428400.0, 4586400.0 ], [ 428400.0, 4586000.0 ], [ 428800.0, 4586000.0 ] ] ] } },
{ "type": "Feature", "properties": { "cell_id": "C019_031", "tree_count": 429, "species_list": [ "Acer × freemanii AUTUMN BLAZE® 'Jeffersred'", "Brachychiton populneus", "Casuarina cunninghamiana", "Ceratonia siliqua", "Cercis siliquastrum", "Citrus × aurantium", "Eucalyptus globulus", "Fraxinus ornus", "Ginkgo biloba 'Fastigiata'", "Koelreuteria paniculata", "Magnolia grandiflora", "Olea europaea", "Phoenix canariensis", "Phoenix dactylifera", "Picea smithiana", "Pieris japonica", "Pinus halepensis", "Pinus pinea", "Platanus × acerifolia", "Populus nigra 'Italica'", "Populus x canadensis", "Quercus cerrioides", "Quercus cerris", "Quercus ilex", "Quercus robur", "Quercus rubra", "Robinia pseudoacacia", "Styphnolobium japonicum", "Ulmus pumila", "Washingtonia filifera var. robusta" ], "district_name": "HORTA - GUINARDÓ", "barri_name": "LA VALL DHEBRON", "dominant_myco_type": "AM", "am_pct": 58.04, "em_pct": 24.94, "nm_pct": 17.02, "am_blindness_flag": false, "trees_young_pct": 3.26, "cell_x0": 428400, "cell_y0": 4586400 }, "geometry": { "type": "Polygon", "coordinates": [ [ [ 428800.0, 4586400.0 ], [ 428800.0, 4586800.0 ], [ 428400.0, 4586800.0 ], [ 428400.0, 4586400.0 ], [ 428800.0, 4586400.0 ] ] ] } },
{ "type": "Feature", "properties": { "cell_id": "C019_032", "tree_count": 946, "species_list": [ "Abies x masjoannis", "Acer negundo", "Acer platanoides 'Crimson King'", "Aesculus hippocastanum", "Albizia julibrissin", "Bauhinia variegata", "Brachychiton populneus", "Castanea sativa", "Catalpa bignonioides", "Cedrus atlantica", "Celtis australis", "Celtis sinensis", "Cercis siliquastrum", "Cercis siliquastrum 'Alba'", "Citrus reticulata", "Citrus × aurantium", "Cupressus sempervirens", "Cupressus sempervirens 'Stricta'", "Eriobotrya japonica", "Eucalyptus globulus", "Eucalyptus gomphocephala", "Firmiana simplex", "Fraxinus angustifolia", "Ginkgo biloba", "Grevillea robusta", "Handroanthus heptaphyllus", "Hesperocyparis glabra", "Jacaranda mimosifolia", "Juglans nigra", "Juglans regia", "Koelreuteria paniculata", "Lagunaria patersonia", "Ligustrum japonicum", "Ligustrum lucidum", "Magnolia grandiflora", "Melia azedarach", "Olea europaea", "Phoenix canariensis", "Pinus canariensis", "Pinus halepensis", "Pinus nigra subsp. salzmannii", "Pinus pinaster", "Pinus pinea", "Platanus × acerifolia", "Platycladus orientalis", "Populus alba", "Populus alba 'Pyramidalis'", "Populus nigra", "Populus nigra 'Italica'", "Prunus amygdalus", "Prunus cerasifera", "Prunus cerasifera 'Pissardii'", "Pyrus calleryana 'Chanticleer'", "Pyrus communis", "Quercus ilex", "Quercus pubescens", "Quercus suber", "Robinia pseudoacacia", "Styphnolobium japonicum", "Styphnolobium japonicum 'Dot'", "Tilia x europaea", "Tipuana tipu", "Ulmus pumila", "Washingtonia filifera" ], "district_name": "HORTA - GUINARDÓ", "barri_name": "LA VALL DHEBRON", "dominant_myco_type": "AM", "am_pct": 70.19, "em_pct": 16.07, "nm_pct": 13.74, "am_blindness_flag": false, "trees_young_pct": 3.59, "cell_x0": 428400, "cell_y0": 4586800 }, "geometry": { "type": "Polygon", "coordinates": [ [ [ 428800.0, 4586800.0 ], [ 428800.0, 4587200.0 ], [ 428400.0, 4587200.0 ], [ 428400.0, 4586800.0 ], [ 428800.0, 4586800.0 ] ] ] } },
{ "type": "Feature", "properties": { "cell_id": "C019_033", "tree_count": 427, "species_list": [ "Acacia dealbata", "Brachychiton populneus", "Calocedrus decurrens", "Catalpa bignonioides", "Cedrus deodara", "Celtis australis", "Cercis siliquastrum", "Cupressus sempervirens", "Cupressus sempervirens 'Stricta'", "Eucalyptus globulus", "Ficus carica", "Firmiana simplex", "Koelreuteria paniculata", "Ligustrum lucidum", "Magnolia grandiflora", "Melia azedarach", "Olea europaea", "Pinus halepensis", "Pinus pinea", "Platanus × acerifolia", "Platanus × acerifolia PLATANOR® 'Vallis Clausa'", "Populus nigra 'Italica'", "Prunus amygdalus", "Prunus cerasifera 'Pissardii'", "Pyrus calleryana 'Chanticleer'", "Quercus ilex", "Robinia pseudoacacia", "Styphnolobium japonicum", "Tipuana tipu", "Ulmus glabra", "Ulmus pumila" ], "district_name": "HORTA - GUINARDÓ", "barri_name": "MONTBAU", "dominant_myco_type": "AM", "am_pct": 76.11, "em_pct": 10.3, "nm_pct": 13.58, "am_blindness_flag": false, "trees_young_pct": 1.17, "cell_x0": 428400, "cell_y0": 4587200 }, "geometry": { "type": "Polygon", "coordinates": [ [ [ 428800.0, 4587200.0 ], [ 428800.0, 4587600.0 ], [ 428400.0, 4587600.0 ], [ 428400.0, 4587200.0 ], [ 428800.0, 4587200.0 ] ] ] } },
{ "type": "Feature", "properties": { "cell_id": "C019_034", "tree_count": 11, "species_list": [ "Aesculus hippocastanum", "Celtis australis", "Gleditsia triacanthos", "Pinus pinea", "Tilia tomentosa", "Ulmus minor" ], "district_name": "HORTA - GUINARDÓ", "barri_name": "HORTA", "dominant_myco_type": "AM", "am_pct": 63.64, "em_pct": 36.36, "nm_pct": 0.0, "am_blindness_flag": false, "trees_young_pct": 9.09, "cell_x0": 428400, "cell_y0": 4587600 }, "geometry": { "type": "Polygon", "coordinates": [ [ [ 428800.0, 4587600.0 ], [ 428800.0, 4588000.0 ], [ 428400.0, 4588000.0 ], [ 428400.0, 4587600.0 ], [ 428800.0, 4587600.0 ] ] ] } },
{ "type": "Feature", "properties": { "cell_id": "C019_035", "tree_count": 2, "species_list": [ "Ceratonia siliqua", "Quercus cerrioides" ], "district_name": "HORTA - GUINARDÓ", "barri_name": "HORTA", "dominant_myco_type": "AM", "am_pct": 50.0, "em_pct": 0.0, "nm_pct": 50.0, "am_blindness_flag": false, "trees_young_pct": 0.0, "cell_x0": 428400, "cell_y0": 4588000 }, "geometry": { "type": "Polygon", "coordinates": [ [ [ 428800.0, 4588000.0 ], [ 428800.0, 4588400.0 ], [ 428400.0, 4588400.0 ], [ 428400.0, 4588000.0 ], [ 428800.0, 4588000.0 ] ] ] } },
{ "type": "Feature", "properties": { "cell_id": "C020_010", "tree_count": 190, "species_list": [ "Acer × freemanii AUTUMN BLAZE® 'Jeffersred'", "Celtis australis", "Ginkgo biloba 'Fastigiata'", "Ligustrum lucidum", "Phytolacca dioica", "Platanus × acerifolia", "Platanus × acerifolia PLATANOR® 'Vallis Clausa'", "Populus alba 'Pyramidalis'", "Populus nigra", "Populus nigra 'Italica'", "Populus x canadensis", "Styphnolobium japonicum" ], "district_name": "SANTS - MONTJUÏC", "barri_name": "EL POBLE SEC", "dominant_myco_type": "AM", "am_pct": 52.11, "em_pct": 0.53, "nm_pct": 47.37, "am_blindness_flag": false, "trees_young_pct": 6.32, "cell_x0": 428800, "cell_y0": 4578000 }, "geometry": { "type": "Polygon", "coordinates": [ [ [ 429200.0, 4578000.0 ], [ 429200.0, 4578400.0 ], [ 428800.0, 4578400.0 ], [ 428800.0, 4578000.0 ], [ 429200.0, 4578000.0 ] ] ] } },
{ "type": "Feature", "properties": { "cell_id": "C020_011", "tree_count": 163, "species_list": [ "Albizia julibrissin", "Ceiba speciosa", "Cupressus sempervirens", "Ginkgo biloba 'Fastigiata'", "Phoenix canariensis", "Platanus × acerifolia", "Populus nigra 'Italica'", "Quercus ilex", "Quercus robur", "Schinus molle", "Tipuana tipu" ], "district_name": "SANTS - MONTJUÏC", "barri_name": "EL POBLE SEC", "dominant_myco_type": "NM", "am_pct": 28.22, "em_pct": 3.07, "nm_pct": 68.71, "am_blindness_flag": false, "trees_young_pct": 2.45, "cell_x0": 428800, "cell_y0": 4578400 }, "geometry": { "type": "Polygon", "coordinates": [ [ [ 429200.0, 4578400.0 ], [ 429200.0, 4578800.0 ], [ 428800.0, 4578800.0 ], [ 428800.0, 4578400.0 ], [ 429200.0, 4578400.0 ] ] ] } },
{ "type": "Feature", "properties": { "cell_id": "C020_012", "tree_count": 443, "species_list": [ "Acer campestre", "Acer negundo", "Brachychiton acerifolius", "Carpinus betulus", "Cedrus deodara", "Ceratonia siliqua", "Cupressus sempervirens", "Cupressus sempervirens 'Stricta'", "Eucalyptus camaldulensis", "Gleditsia triacanthos f. inermis", "Olea europaea", "Phoenix canariensis", "Phoenix dactylifera", "Pinus halepensis", "Pinus nigra subsp. salzmannii", "Pinus pinea", "Platanus orientalis 'cuneata'", "Platanus × acerifolia", "Quercus ilex", "Quercus robur", "Ulmus pumila", "Washingtonia filifera" ], "district_name": "SANTS - MONTJUÏC", "barri_name": "EL POBLE SEC", "dominant_myco_type": "AM", "am_pct": 44.7, "em_pct": 12.64, "nm_pct": 42.66, "am_blindness_flag": false, "trees_young_pct": 4.97, "cell_x0": 428800, "cell_y0": 4578800 }, "geometry": { "type": "Polygon", "coordinates": [ [ [ 429200.0, 4578800.0 ], [ 429200.0, 4579200.0 ], [ 428800.0, 4579200.0 ], [ 428800.0, 4578800.0 ], [ 429200.0, 4578800.0 ] ] ] } },
{ "type": "Feature", "properties": { "cell_id": "C020_013", "tree_count": 312, "species_list": [ "Acer negundo", "Ceratonia siliqua", "Cercis siliquastrum", "Cupressus sempervirens", "Cupressus sempervirens 'Stricta'", "Ligustrum japonicum", "Olea europaea", "Pinus halepensis", "Pinus pinea", "Platanus × acerifolia", "Quercus ilex", "Thuja occidentalis", "Tilia cordata", "Ulmus pumila", "Washingtonia filifera var. robusta", "Yucca gigantea" ], "district_name": "SANTS - MONTJUÏC", "barri_name": "EL POBLE SEC", "dominant_myco_type": "EM", "am_pct": 19.23, "em_pct": 70.19, "nm_pct": 10.58, "am_blindness_flag": false, "trees_young_pct": 1.92, "cell_x0": 428800, "cell_y0": 4579200 }, "geometry": { "type": "Polygon", "coordinates": [ [ [ 429200.0, 4579200.0 ], [ 429200.0, 4579600.0 ], [ 428800.0, 4579600.0 ], [ 428800.0, 4579200.0 ], [ 429200.0, 4579200.0 ] ] ] } },
{ "type": "Feature", "properties": { "cell_id": "C020_014", "tree_count": 632, "species_list": [ "Acacia dealbata", "Albizia julibrissin", "Brachychiton acerifolius", "Brachychiton populneus", "Casuarina cunninghamiana", "Celtis australis", "Ceratonia siliqua", "Cercis siliquastrum", "Cupressus sempervirens", "Erythrina falcata", "Eucalyptus camaldulensis", "Eucalyptus polyanthemos", "Fraxinus angustifolia 'Raywood'", "Ginkgo biloba", "Ginkgo biloba 'Fastigiata'", "Hesperocyparis macrocarpa", "Lagunaria patersonia", "Laurus nobilis", "Ligustrum japonicum", "Ligustrum lucidum", "Magnolia grandiflora", "Melia azedarach", "Olea europaea", "Phoenix canariensis", "Photinia serratifolia", "Phytolacca dioica", "Pinus halepensis", "Pinus pinea", "Platanus × acerifolia", "Platycladus orientalis", "Quercus ilex", "Robinia pseudoacacia", "Robinia pseudoacacia 'Microphylla'", "Robinia × margaretta 'Pink Cascade'", "Schinus molle", "Styphnolobium japonicum", "Styphnolobium japonicum 'Dot'", "Taxus baccata", "Tipuana tipu", "Washingtonia filifera", "X hesperotropsis leylandii" ], "district_name": "SANTS - MONTJUÏC", "barri_name": "EL POBLE SEC", "dominant_myco_type": "AM", "am_pct": 68.35, "em_pct": 14.4, "nm_pct": 17.25, "am_blindness_flag": false, "trees_young_pct": 4.59, "cell_x0": 428800, "cell_y0": 4579600 }, "geometry": { "type": "Polygon", "coordinates": [ [ [ 429200.0, 4579600.0 ], [ 429200.0, 4580000.0 ], [ 428800.0, 4580000.0 ], [ 428800.0, 4579600.0 ], [ 429200.0, 4579600.0 ] ] ] } },
{ "type": "Feature", "properties": { "cell_id": "C020_015", "tree_count": 496, "species_list": [ "Araucaria heterophylla", "Bauhinia forficata subsp. pruinosa", "Brachychiton populneus", "Calocedrus decurrens", "Casuarina cunninghamiana", "Cedrus deodara", "Cedrus libani", "Celtis australis", "Ceratonia siliqua", "Cercis siliquastrum", "Chamaerops humilis", "Citrus × aurantium", "Cupressus sempervirens", "Eucalyptus camaldulensis", "Fraxinus pennsylvanica", "Ginkgo biloba 'Fastigiata Blagon'", "Grevillea robusta", "Hesperocyparis macrocarpa", "Jacaranda mimosifolia", "Lagunaria patersonia", "Laurus nobilis", "Leucaena leucocephala", "Ligustrum japonicum", "Ligustrum lucidum", "Olea europaea", "Phytolacca dioica", "Pinus canariensis", "Pinus halepensis", "Pinus pinea", "Pittosporum coriaceum", "Platanus orientalis", "Platanus orientalis 'cuneata'", "Platanus × acerifolia", "Platycladus orientalis", "Podocarpus neriifolius", "Prunus cerasifera 'Pissardii'", "Pyrus calleryana 'Chanticleer'", "Robinia pseudoacacia", "Schinus molle", "Styphnolobium japonicum", "Taxus baccata", "Thuja occidentalis", "Tipuana tipu" ], "district_name": "SANTS - MONTJUÏC", "barri_name": "EL POBLE SEC", "dominant_myco_type": "AM", "am_pct": 81.65, "em_pct": 4.44, "nm_pct": 13.91, "am_blindness_flag": true, "trees_young_pct": 2.42, "cell_x0": 428800, "cell_y0": 4580000 }, "geometry": { "type": "Polygon", "coordinates": [ [ [ 429200.0, 4580000.0 ], [ 429200.0, 4580400.0 ], [ 428800.0, 4580400.0 ], [ 428800.0, 4580000.0 ], [ 429200.0, 4580000.0 ] ] ] } },
{ "type": "Feature", "properties": { "cell_id": "C020_016", "tree_count": 202, "species_list": [ "Celtis australis", "Citrus × aurantium", "Cupressus sempervirens", "Ginkgo biloba 'Fastigiata Blagon'", "Jacaranda mimosifolia", "Koelreuteria paniculata 'Fastigiata'", "Ligustrum japonicum", "Phoenix canariensis", "Pinus pinea", "Platanus × acerifolia", "Populus alba", "Prunus cerasifera", "Prunus cerasifera 'Pissardii'", "Quercus ilex", "Robinia pseudoacacia", "Tipuana tipu", "Washingtonia filifera" ], "district_name": "SANTS - MONTJUÏC", "barri_name": "EL POBLE SEC", "dominant_myco_type": "AM", "am_pct": 50.99, "em_pct": 4.46, "nm_pct": 44.55, "am_blindness_flag": false, "trees_young_pct": 2.97, "cell_x0": 428800, "cell_y0": 4580400 }, "geometry": { "type": "Polygon", "coordinates": [ [ [ 429200.0, 4580400.0 ], [ 429200.0, 4580800.0 ], [ 428800.0, 4580800.0 ], [ 428800.0, 4580400.0 ], [ 429200.0, 4580400.0 ] ] ] } },
{ "type": "Feature", "properties": { "cell_id": "C020_017", "tree_count": 432, "species_list": [ "Bauhinia variegata", "Celtis australis", "Cercis siliquastrum", "Cupressus sempervirens", "Handroanthus heptaphyllus", "Handroanthus impetiginosus", "Jacaranda mimosifolia", "Koelreuteria paniculata 'Fastigiata'", "Lagerstroemia indica", "Magnolia grandiflora", "Malus PERPETU® 'Evereste'", "Pinus halepensis", "Platanus × acerifolia", "Populus alba", "Prunus cerasifera 'Pissardii'", "Schinus molle", "Styphnolobium japonicum", "Tilia x europaea", "Tipuana tipu" ], "district_name": "EIXAMPLE", "barri_name": "LA NOVA ESQUERRA DE LEIXAMPLE", "dominant_myco_type": "AM", "am_pct": 96.06, "em_pct": 1.39, "nm_pct": 2.55, "am_blindness_flag": true, "trees_young_pct": 5.32, "cell_x0": 428800, "cell_y0": 4580800 }, "geometry": { "type": "Polygon", "coordinates": [ [ [ 429200.0, 4580800.0 ], [ 429200.0, 4581200.0 ], [ 428800.0, 4581200.0 ], [ 428800.0, 4580800.0 ], [ 429200.0, 4580800.0 ] ] ] } },
{ "type": "Feature", "properties": { "cell_id": "C020_018", "tree_count": 514, "species_list": [ "Acer × freemanii AUTUMN BLAZE® 'Jeffersred'", "Bauhinia purpurea", "Bauhinia variegata", "Brachychiton acerifolius", "Celtis australis", "Cercis siliquastrum", "Corylus avellana", "Ginkgo biloba 'Autumn Gold'", "Ginkgo biloba 'Fastigiata'", "Gleditsia triacanthos 'skyline'", "Gleditsia triacanthos 'sunburst'", "Gleditsia triacanthos f. inermis", "Handroanthus chrysanthus", "Handroanthus heptaphyllus", "Jacaranda mimosifolia", "Lagerstroemia indica", "Liquidambar styraciflua", "Magnolia grandiflora", "Magnolia x soulangeana", "Malus PERPETU® 'Evereste'", "Malus domestica", "Melia azedarach", "Phytolacca dioica", "Pistacia chinensis", "Platanus × acerifolia", "Prunus amygdalus", "Prunus avium", "Punica granatum", "Pyrus calleryana 'Chanticleer'", "Robinia pseudoacacia 'Bessoniana'", "Sambucus nigra", "Schinus molle", "Tilia x euchlora", "Tipuana tipu", "Zelkova serrata GREEN VASE® 'Flekova'" ], "district_name": "EIXAMPLE", "barri_name": "LA NOVA ESQUERRA DE LEIXAMPLE", "dominant_myco_type": "AM", "am_pct": 91.63, "em_pct": 0.39, "nm_pct": 7.98, "am_blindness_flag": true, "trees_young_pct": 24.51, "cell_x0": 428800, "cell_y0": 4581200 }, "geometry": { "type": "Polygon", "coordinates": [ [ [ 429200.0, 4581200.0 ], [ 429200.0, 4581600.0 ], [ 428800.0, 4581600.0 ], [ 428800.0, 4581200.0 ], [ 429200.0, 4581200.0 ] ] ] } },
{ "type": "Feature", "properties": { "cell_id": "C020_019", "tree_count": 489, "species_list": [ "Bauhinia variegata", "Casuarina cunninghamiana", "Celtis australis", "Cercis siliquastrum", "Gleditsia triacanthos", "Gleditsia triacanthos f. inermis", "Handroanthus heptaphyllus", "Koelreuteria paniculata", "Koelreuteria paniculata 'Fastigiata'", "Ligustrum lucidum", "Magnolia grandiflora", "Melia azedarach", "Pinus halepensis", "Platanus × acerifolia", "Populus alba 'Pyramidalis'", "Prunus cerasifera 'Pissardii'", "Robinia pseudoacacia", "Robinia pseudoacacia 'Pyramidalis'", "Tipuana tipu", "Washingtonia filifera", "Washingtonia filifera var. robusta" ], "district_name": "EIXAMPLE", "barri_name": "LA NOVA ESQUERRA DE LEIXAMPLE", "dominant_myco_type": "AM", "am_pct": 91.0, "em_pct": 3.48, "nm_pct": 5.52, "am_blindness_flag": true, "trees_young_pct": 3.68, "cell_x0": 428800, "cell_y0": 4581600 }, "geometry": { "type": "Polygon", "coordinates": [ [ [ 429200.0, 4581600.0 ], [ 429200.0, 4582000.0 ], [ 428800.0, 4582000.0 ], [ 428800.0, 4581600.0 ], [ 429200.0, 4581600.0 ] ] ] } },
{ "type": "Feature", "properties": { "cell_id": "C020_020", "tree_count": 373, "species_list": [ "Ailanthus altissima", "Albizia julibrissin", "Brachychiton acerifolius", "Celtis australis", "Cercis siliquastrum", "Gleditsia triacanthos", "Jacaranda mimosifolia", "Koelreuteria paniculata", "Koelreuteria paniculata 'Fastigiata'", "Magnolia grandiflora", "Melia azedarach", "Olea europaea", "Platanus × acerifolia", "Populus alba 'Pyramidalis'", "Prunus cerasifera 'Pissardii'", "Quercus ilex", "Radermachera sinica", "Robinia pseudoacacia", "Tamarix africana", "Trachycarpus fortunei" ], "district_name": "EIXAMPLE", "barri_name": "LANTIGA ESQUERRA DE LEIXAMPLE", "dominant_myco_type": "AM", "am_pct": 92.76, "em_pct": 0.27, "nm_pct": 6.97, "am_blindness_flag": true, "trees_young_pct": 4.56, "cell_x0": 428800, "cell_y0": 4582000 }, "geometry": { "type": "Polygon", "coordinates": [ [ [ 429200.0, 4582000.0 ], [ 429200.0, 4582400.0 ], [ 428800.0, 4582400.0 ], [ 428800.0, 4582000.0 ], [ 429200.0, 4582000.0 ] ] ] } },
{ "type": "Feature", "properties": { "cell_id": "C020_021", "tree_count": 454, "species_list": [ "Brachychiton populneus", "Catalpa bignonioides", "Celtis australis", "Cercis siliquastrum", "Grevillea robusta", "Jacaranda mimosifolia", "Melia azedarach", "Phoenix dactylifera", "Pinus halepensis", "Platanus orientalis", "Platanus × acerifolia", "Prunus cerasifera 'Pissardii'", "Pyrus calleryana 'Chanticleer'", "Styphnolobium japonicum", "Tipuana tipu" ], "district_name": "EIXAMPLE", "barri_name": "LANTIGA ESQUERRA DE LEIXAMPLE", "dominant_myco_type": "AM", "am_pct": 94.71, "em_pct": 1.54, "nm_pct": 3.74, "am_blindness_flag": true, "trees_young_pct": 4.85, "cell_x0": 428800, "cell_y0": 4582400 }, "geometry": { "type": "Polygon", "coordinates": [ [ [ 429200.0, 4582400.0 ], [ 429200.0, 4582800.0 ], [ 428800.0, 4582800.0 ], [ 428800.0, 4582400.0 ], [ 429200.0, 4582400.0 ] ] ] } },
{ "type": "Feature", "properties": { "cell_id": "C020_022", "tree_count": 443, "species_list": [ "Acer × freemanii AUTUMN BLAZE® 'Jeffersred'", "Celtis australis", "Hibiscus syriacus", "Jacaranda mimosifolia", "Koelreuteria paniculata 'Fastigiata'", "Ligustrum japonicum", "Ligustrum lucidum", "Magnolia grandiflora", "Phoenix dactylifera", "Platanus × acerifolia", "Pyrus calleryana 'Chanticleer'", "Robinia pseudoacacia", "Robinia pseudoacacia 'Bessoniana'", "Schinus molle", "Styphnolobium japonicum", "Styphnolobium japonicum 'Dot'", "Tilia x euchlora", "Washingtonia filifera", "Washingtonia filifera var. robusta" ], "district_name": "SARRIÀ - SANT GERVASI", "barri_name": "SANT GERVASI - GALVANY", "dominant_myco_type": "AM", "am_pct": 77.65, "em_pct": 0.0, "nm_pct": 22.35, "am_blindness_flag": false, "trees_young_pct": 4.06, "cell_x0": 428800, "cell_y0": 4582800 }, "geometry": { "type": "Polygon", "coordinates": [ [ [ 429200.0, 4582800.0 ], [ 429200.0, 4583200.0 ], [ 428800.0, 4583200.0 ], [ 428800.0, 4582800.0 ], [ 429200.0, 4582800.0 ] ] ] } },
{ "type": "Feature", "properties": { "cell_id": "C020_023", "tree_count": 399, "species_list": [ "Acer monspessulanum", "Albizia julibrissin", "Brachychiton populneus", "Casuarina cunninghamiana", "Catalpa bignonioides", "Celtis australis", "Ceratonia siliqua", "Citrus × aurantium", "Cocculus laurifolius", "Cupressus sempervirens", "Fraxinus angustifolia 'Raywood'", "Ginkgo biloba", "Hibiscus syriacus", "Jacaranda mimosifolia", "Koelreuteria paniculata 'Fastigiata'", "Ligustrum japonicum 'Texanum'", "Ligustrum lucidum", "Magnolia grandiflora", "Olea europaea", "Phoenix canariensis", "Phytolacca dioica", "Platanus × acerifolia", "Prunus 'accolade'", "Prunus cerasifera 'Pissardii'", "Punica granatum", "Pyrus calleryana 'Chanticleer'", "Quercus ilex", "Robinia pseudoacacia", "Robinia pseudoacacia 'Bessoniana'", "Schinus molle", "Tilia x euchlora", "Tipuana tipu", "Washingtonia filifera var. robusta" ], "district_name": "SARRIÀ - SANT GERVASI", "barri_name": "SANT GERVASI - GALVANY", "dominant_myco_type": "AM", "am_pct": 57.14, "em_pct": 0.5, "nm_pct": 42.36, "am_blindness_flag": false, "trees_young_pct": 13.53, "cell_x0": 428800, "cell_y0": 4583200 }, "geometry": { "type": "Polygon", "coordinates": [ [ [ 429200.0, 4583200.0 ], [ 429200.0, 4583600.0 ], [ 428800.0, 4583600.0 ], [ 428800.0, 4583200.0 ], [ 429200.0, 4583200.0 ] ] ] } },
{ "type": "Feature", "properties": { "cell_id": "C020_024", "tree_count": 324, "species_list": [ "Casuarina cunninghamiana", "Celtis australis", "Ceratonia siliqua", "Citrus × aurantium", "Crataegus monogyna", "Firmiana simplex", "Fraxinus angustifolia 'Raywood'", "Hibiscus syriacus", "Koelreuteria paniculata", "Ligustrum japonicum 'Texanum'", "Ligustrum lucidum", "Magnolia grandiflora", "Melia azedarach", "Olea europaea", "Parkinsonia aculeata", "Phoenix dactylifera", "Platanus × acerifolia", "Prunus cerasifera 'Pissardii'", "Quercus ilex", "Styphnolobium japonicum", "Syagrus romanzoffiana", "Washingtonia filifera var. robusta" ], "district_name": "SARRIÀ - SANT GERVASI", "barri_name": "LA VILA DE GRÀCIA", "dominant_myco_type": "AM", "am_pct": 70.37, "em_pct": 2.78, "nm_pct": 26.85, "am_blindness_flag": false, "trees_young_pct": 10.49, "cell_x0": 428800, "cell_y0": 4583600 }, "geometry": { "type": "Polygon", "coordinates": [ [ [ 429200.0, 4583600.0 ], [ 429200.0, 4584000.0 ], [ 428800.0, 4584000.0 ], [ 428800.0, 4583600.0 ], [ 429200.0, 4583600.0 ] ] ] } },
{ "type": "Feature", "properties": { "cell_id": "C020_025", "tree_count": 403, "species_list": [ "Acer pseudoplatanus", "Acer saccharinum", "Acer × freemanii AUTUMN BLAZE® 'Jeffersred'", "Brachychiton populneus", "Celtis australis", "Cercis siliquastrum", "Citrus × aurantium", "Cupressus sempervirens", "Fraxinus angustifolia 'Raywood'", "Ginkgo biloba", "Gleditsia triacanthos", "Grevillea robusta", "Hibiscus syriacus", "Jacaranda mimosifolia", "Ligustrum japonicum", "Ligustrum lucidum", "Magnolia grandiflora", "Melia azedarach", "Nerium oleander (blanc)", "Nerium oleander (vermell)", "Olea europaea", "Parkinsonia aculeata", "Phytolacca dioica", "Platanus × acerifolia", "Prunus cerasifera 'Pissardii'", "Pyrus calleryana 'Chanticleer'", "Quercus ilex", "Robinia pseudoacacia", "Robinia pseudoacacia 'Bessoniana'", "Styphnolobium japonicum", "Styphnolobium japonicum 'Columnare'", "Tipuana tipu", "Ulmus pumila", "Washingtonia filifera", "Washingtonia filifera var. robusta" ], "district_name": "GRÀCIA", "barri_name": "LA VILA DE GRÀCIA", "dominant_myco_type": "AM", "am_pct": 69.48, "em_pct": 8.19, "nm_pct": 22.33, "am_blindness_flag": false, "trees_young_pct": 5.71, "cell_x0": 428800, "cell_y0": 4584000 }, "geometry": { "type": "Polygon", "coordinates": [ [ [ 429200.0, 4584000.0 ], [ 429200.0, 4584400.0 ], [ 428800.0, 4584400.0 ], [ 428800.0, 4584000.0 ], [ 429200.0, 4584000.0 ] ] ] } },
{ "type": "Feature", "properties": { "cell_id": "C020_026", "tree_count": 191, "species_list": [ "Acer monspessulanum", "Acer negundo", "Celtis australis", "Celtis sinensis", "Corylus colurna", "Gleditsia triacanthos", "Grevillea robusta", "Jacaranda mimosifolia", "Koelreuteria paniculata", "Ligustrum lucidum", "Magnolia grandiflora", "Platanus × acerifolia", "Populus alba 'Pyramidalis'", "Prunus cerasifera 'Pissardii'", "Pyrus calleryana 'Chanticleer'", "Robinia pseudoacacia", "Styphnolobium japonicum", "Tipuana tipu", "Ulmus pumila", "Washingtonia filifera var. robusta" ], "district_name": "GRÀCIA", "barri_name": "LA SALUT", "dominant_myco_type": "AM", "am_pct": 73.3, "em_pct": 12.04, "nm_pct": 14.66, "am_blindness_flag": false, "trees_young_pct": 21.47, "cell_x0": 428800, "cell_y0": 4584400 }, "geometry": { "type": "Polygon", "coordinates": [ [ [ 429200.0, 4584400.0 ], [ 429200.0, 4584800.0 ], [ 428800.0, 4584800.0 ], [ 428800.0, 4584400.0 ], [ 429200.0, 4584400.0 ] ] ] } },
{ "type": "Feature", "properties": { "cell_id": "C020_027", "tree_count": 52, "species_list": [ "Acacia dealbata", "Brachychiton populneus", "Casuarina cunninghamiana", "Cedrus atlantica", "Ceratonia siliqua", "Citrus x limon", "Cupressus sempervirens", "Cupressus sempervirens 'Stricta'", "Ficus carica", "Ligustrum lucidum", "Olea europaea", "Pinus halepensis", "Pinus pinea", "Prunus cerasifera 'Pissardii'", "Prunus domestica", "Quercus ilex", "Robinia pseudoacacia", "Robinia pseudoacacia 'Bessoniana'", "Tipuana tipu" ], "district_name": "GRÀCIA", "barri_name": "LA SALUT", "dominant_myco_type": "AM", "am_pct": 55.77, "em_pct": 15.38, "nm_pct": 28.85, "am_blindness_flag": false, "trees_young_pct": 15.38, "cell_x0": 428800, "cell_y0": 4584800 }, "geometry": { "type": "Polygon", "coordinates": [ [ [ 429200.0, 4584800.0 ], [ 429200.0, 4585200.0 ], [ 428800.0, 4585200.0 ], [ 428800.0, 4584800.0 ], [ 429200.0, 4584800.0 ] ] ] } },
{ "type": "Feature", "properties": { "cell_id": "C020_028", "tree_count": 103, "species_list": [ "Acacia dealbata", "Acacia retinodes", "Acer monspessulanum", "Acer × freemanii AUTUMN BLAZE® 'Jeffersred'", "Brachychiton populneus", "Celtis australis", "Ceratonia siliqua", "Cercis siliquastrum", "Citrus × aurantium", "Cupressus sempervirens", "Cupressus sempervirens 'Stricta'", "Eriobotrya japonica", "Fraxinus americana", "Hesperocyparis macrocarpa", "Jacaranda mimosifolia", "Olea europaea", "Paulownia tomentosa", "Pinus halepensis", "Pinus pinea", "Pistacia lentiscus", "Populus nigra 'Italica'", "Pyrus calleryana 'Chanticleer'", "Robinia pseudoacacia", "Tilia x euchlora", "Tipuana tipu", "Ulmus pumila" ], "district_name": "GRÀCIA", "barri_name": "EL COLL", "dominant_myco_type": "AM", "am_pct": 66.99, "em_pct": 3.88, "nm_pct": 29.13, "am_blindness_flag": false, "trees_young_pct": 6.8, "cell_x0": 428800, "cell_y0": 4585200 }, "geometry": { "type": "Polygon", "coordinates": [ [ [ 429200.0, 4585200.0 ], [ 429200.0, 4585600.0 ], [ 428800.0, 4585600.0 ], [ 428800.0, 4585200.0 ], [ 429200.0, 4585200.0 ] ] ] } },
{ "type": "Feature", "properties": { "cell_id": "C020_029", "tree_count": 313, "species_list": [ "Acacia saligna", "Acer buergerianum", "Aesculus hippocastanum", "Ailanthus altissima", "Brachychiton acerifolius", "Brachychiton populneus", "Celtis australis", "Cercis siliquastrum", "Citrus × aurantium", "Cupressus sempervirens", "Ginkgo biloba", "Ginkgo biloba 'Fastigiata'", "Gleditsia triacanthos", "Hibiscus syriacus", "Jacaranda mimosifolia", "Ligustrum japonicum 'Texanum'", "Ligustrum japonicum 'Variegatum'", "Ligustrum lucidum", "Liriodendron tulipifera", "Melia azedarach", "Olea europaea", "Parrotia persica 'Vanessa'", "Phoenix canariensis", "Pinus halepensis", "Pinus nigra subsp. salzmannii", "Platanus × acerifolia", "Populus alba 'Pyramidalis'", "Prunus cerasifera 'Pissardii'", "Robinia pseudoacacia", "Styphnolobium japonicum", "Tilia x euchlora", "Tipuana tipu", "Ulmus pumila", "Washingtonia filifera var. robusta" ], "district_name": "HORTA - GUINARDÓ", "barri_name": "EL CARMEL", "dominant_myco_type": "AM", "am_pct": 86.58, "em_pct": 2.24, "nm_pct": 11.18, "am_blindness_flag": true, "trees_young_pct": 10.54, "cell_x0": 428800, "cell_y0": 4585600 }, "geometry": { "type": "Polygon", "coordinates": [ [ [ 429200.0, 4585600.0 ], [ 429200.0, 4586000.0 ], [ 428800.0, 4586000.0 ], [ 428800.0, 4585600.0 ], [ 429200.0, 4585600.0 ] ] ] } },
{ "type": "Feature", "properties": { "cell_id": "C020_030", "tree_count": 458, "species_list": [ "Brachychiton populneus", "Casuarina cunninghamiana", "Celtis australis", "Ceratonia siliqua", "Cercis siliquastrum", "Ficus elastica", "Fraxinus angustifolia", "Jacaranda mimosifolia", "Koelreuteria paniculata", "Koelreuteria paniculata 'Fastigiata'", "Laurus nobilis", "Ligustrum lucidum", "Magnolia grandiflora", "Melia azedarach", "Olea europaea", "Phoenix dactylifera", "Pinus halepensis", "Platanus × acerifolia", "Populus nigra 'Italica'", "Populus simonii", "Prunus amygdalus", "Prunus cerasifera", "Prunus cerasifera 'Pissardii'", "Pyrus calleryana 'Chanticleer'", "Quercus ilex", "Robinia pseudoacacia", "Styphnolobium japonicum", "Tilia x europaea", "Tipuana tipu", "Ulmus parvifolia", "Ulmus pumila", "Washingtonia filifera var. robusta", "Yucca gigantea" ], "district_name": "HORTA - GUINARDÓ", "barri_name": "LA TEIXONERA", "dominant_myco_type": "AM", "am_pct": 83.84, "em_pct": 1.09, "nm_pct": 15.07, "am_blindness_flag": true, "trees_young_pct": 10.26, "cell_x0": 428800, "cell_y0": 4586000 }, "geometry": { "type": "Polygon", "coordinates": [ [ [ 429200.0, 4586000.0 ], [ 429200.0, 4586400.0 ], [ 428800.0, 4586400.0 ], [ 428800.0, 4586000.0 ], [ 429200.0, 4586000.0 ] ] ] } },
{ "type": "Feature", "properties": { "cell_id": "C020_031", "tree_count": 414, "species_list": [ "Ailanthus altissima", "Bauhinia variegata", "Brachychiton populneus", "Casuarina cunninghamiana", "Celtis australis", "Ceratonia siliqua", "Citrus × aurantium", "Cupressus sempervirens", "Eucalyptus camaldulensis", "Eucalyptus globulus", "Fraxinus angustifolia 'Raywood'", "Handroanthus heptaphyllus", "Jacaranda mimosifolia", "Phoenix canariensis", "Phoenix dactylifera", "Pinus halepensis", "Pinus pinea", "Platanus × acerifolia", "Populus nigra 'Italica'", "Prunus cerasifera 'Pissardii'", "Pyrus communis", "Quercus ilex", "Robinia pseudoacacia", "Styphnolobium japonicum", "Syagrus romanzoffiana", "Taxus baccata", "Tipuana tipu", "Ulmus pumila", "Washingtonia filifera", "Washingtonia filifera var. robusta", "Washingtonia sp" ], "district_name": "HORTA - GUINARDÓ", "barri_name": "LA VALL DHEBRON", "dominant_myco_type": "AM", "am_pct": 58.7, "em_pct": 3.62, "nm_pct": 37.68, "am_blindness_flag": false, "trees_young_pct": 9.66, "cell_x0": 428800, "cell_y0": 4586400 }, "geometry": { "type": "Polygon", "coordinates": [ [ [ 429200.0, 4586400.0 ], [ 429200.0, 4586800.0 ], [ 428800.0, 4586800.0 ], [ 428800.0, 4586400.0 ], [ 429200.0, 4586400.0 ] ] ] } },
{ "type": "Feature", "properties": { "cell_id": "C020_032", "tree_count": 934, "species_list": [ "Acer buergerianum", "Acer saccharinum", "Bauhinia variegata", "Brachychiton populneus", "Broussonetia papyrifera", "Casuarina cunninghamiana", "Catalpa bignonioides", "Celtis australis", "Celtis sinensis", "Ceratonia siliqua", "Cercis siliquastrum", "Cupressus pendula", "Cupressus sempervirens", "Cupressus sempervirens 'Stricta'", "Eucalyptus camaldulensis", "Eucalyptus globulus", "Ficus carica", "Fraxinus angustifolia", "Fraxinus ornus", "Ginkgo biloba", "Gleditsia triacanthos f. inermis", "Grevillea robusta", "Handroanthus heptaphyllus", "Jacaranda mimosifolia", "Koelreuteria paniculata", "Lagunaria patersonia", "Ligustrum lucidum", "Ligustrum lucidum 'Aureovariegatum'", "Melia azedarach", "Morus alba", "Olea europaea", "Phoenix canariensis", "Pinus halepensis", "Pinus pinea", "Platanus × acerifolia", "Platycladus orientalis", "Populus alba", "Populus alba 'Pyramidalis'", "Populus nigra", "Populus nigra 'Italica'", "Prunus armeniaca", "Prunus cerasifera", "Prunus cerasifera 'Pissardii'", "Pyrus communis", "Quercus cerrioides", "Quercus ilex", "Quercus pyrenaica", "Quercus robur 'Fastigiata'", "Quercus suber", "Robinia pseudoacacia", "Robinia pseudoacacia 'Pyramidalis'", "Schinus molle", "Styphnolobium japonicum", "Tilia x europaea", "Tipuana tipu", "Ulmus americana", "Ulmus pumila", "Ulmus pumila 'Pinnatoramosa'", "Washingtonia filifera", "Washingtonia filifera var. robusta", "X hesperotropsis leylandii" ], "district_name": "HORTA - GUINARDÓ", "barri_name": "LA VALL DHEBRON", "dominant_myco_type": "AM", "am_pct": 67.77, "em_pct": 17.88, "nm_pct": 14.35, "am_blindness_flag": false, "trees_young_pct": 4.18, "cell_x0": 428800, "cell_y0": 4586800 }, "geometry": { "type": "Polygon", "coordinates": [ [ [ 429200.0, 4586800.0 ], [ 429200.0, 4587200.0 ], [ 428800.0, 4587200.0 ], [ 428800.0, 4586800.0 ], [ 429200.0, 4586800.0 ] ] ] } },
{ "type": "Feature", "properties": { "cell_id": "C020_033", "tree_count": 553, "species_list": [ "Acer monspessulanum", "Acer × freemanii AUTUMN BLAZE® 'Jeffersred'", "Albizia julibrissin", "Bauhinia variegata", "Brachychiton acerifolius", "Brachychiton populneus", "Casuarina cunninghamiana", "Catalpa bignonioides", "Ceiba speciosa", "Celtis australis", "Celtis sinensis", "Ceratonia siliqua", "Cercis siliquastrum", "Cinnamomum camphora", "Cupressus sempervirens", "Erythrina crista-galli", "Eucalyptus polyanthemos", "Ficus carica", "Fraxinus angustifolia", "Ginkgo biloba", "Grevillea robusta", "Jacaranda mimosifolia", "Lagunaria patersonia", "Ligustrum lucidum", "Liquidambar orientalis", "Liquidambar styraciflua", "Magnolia grandiflora", "Melia azedarach", "Pinus canariensis", "Pinus halepensis", "Pinus pinea", "Platanus × acerifolia", "Platycladus orientalis", "Populus nigra", "Populus nigra 'Italica'", "Prunus cerasifera 'Pissardii'", "Pyrus calleryana 'Chanticleer'", "Quercus cerrioides", "Quercus ilex", "Quercus robur", "Quercus suber", "Robinia pseudoacacia", "Schinus molle", "Styphnolobium japonicum", "Tamarix gallica", "Tipuana tipu", "Ulmus pumila", "Washingtonia filifera var. robusta", "X hesperotropsis leylandii" ], "district_name": "HORTA - GUINARDÓ", "barri_name": "LA VALL DHEBRON", "dominant_myco_type": "AM", "am_pct": 74.68, "em_pct": 13.56, "nm_pct": 11.75, "am_blindness_flag": false, "trees_young_pct": 8.86, "cell_x0": 428800, "cell_y0": 4587200 }, "geometry": { "type": "Polygon", "coordinates": [ [ [ 429200.0, 4587200.0 ], [ 429200.0, 4587600.0 ], [ 428800.0, 4587600.0 ], [ 428800.0, 4587200.0 ], [ 429200.0, 4587200.0 ] ] ] } },
{ "type": "Feature", "properties": { "cell_id": "C020_034", "tree_count": 902, "species_list": [ "Acer negundo", "Aesculus hippocastanum", "Bauhinia variegata", "Brachychiton acerifolius", "Brachychiton populneus", "Carpinus betulus", "Catalpa bignonioides", "Celtis australis", "Celtis sinensis", "Ceratonia siliqua", "Cercis siliquastrum", "Citrus × aurantium", "Cupressus sempervirens", "Cupressus sempervirens 'Stricta'", "Eucalyptus camaldulensis", "Ficus carica", "Ginkgo biloba", "Gleditsia triacanthos", "Gleditsia triacanthos f. inermis", "Handroanthus heptaphyllus", "Hesperocyparis arizonica", "Hesperocyparis glabra", "Jacaranda mimosifolia", "Koelreuteria paniculata", "Koelreuteria paniculata 'Fastigiata'", "Laurus nobilis", "Ligustrum lucidum", "Liquidambar styraciflua", "Melia azedarach", "Morus alba", "Olea europaea", "Phoenix canariensis", "Phytolacca dioica", "Pinus canariensis", "Pinus halepensis", "Pinus pinea", "Pinus radiata", "Platanus × acerifolia", "Populus alba", "Populus nigra 'Italica'", "Populus x canadensis", "Prunus amygdalus", "Prunus domestica", "Quercus ilex", "Quercus pubescens", "Quercus robur", "Robinia pseudoacacia", "Styphnolobium japonicum", "Tamarix gallica", "Tilia tomentosa", "Tipuana tipu", "Ulmus pumila", "Ulmus pumila 'Pinnatoramosa'" ], "district_name": "HORTA - GUINARDÓ", "barri_name": "HORTA", "dominant_myco_type": "AM", "am_pct": 56.98, "em_pct": 21.62, "nm_pct": 21.4, "am_blindness_flag": false, "trees_young_pct": 2.33, "cell_x0": 428800, "cell_y0": 4587600 }, "geometry": { "type": "Polygon", "coordinates": [ [ [ 429200.0, 4587600.0 ], [ 429200.0, 4588000.0 ], [ 428800.0, 4588000.0 ], [ 428800.0, 4587600.0 ], [ 429200.0, 4587600.0 ] ] ] } },
{ "type": "Feature", "properties": { "cell_id": "C020_035", "tree_count": 39, "species_list": [ "Citrus × aurantiifolia", "Cupressus sempervirens", "Eriobotrya japonica", "Ficus carica", "Laurus nobilis", "Morus alba", "Olea europaea", "Pinus halepensis", "Pinus pinea", "Platycladus orientalis", "Prunus amygdalus", "Ulmus pumila", "Ulmus pumila 'Pinnatoramosa'" ], "district_name": "HORTA - GUINARDÓ", "barri_name": "HORTA", "dominant_myco_type": "AM", "am_pct": 76.92, "em_pct": 5.13, "nm_pct": 17.95, "am_blindness_flag": false, "trees_young_pct": 0.0, "cell_x0": 428800, "cell_y0": 4588000 }, "geometry": { "type": "Polygon", "coordinates": [ [ [ 429200.0, 4588000.0 ], [ 429200.0, 4588400.0 ], [ 428800.0, 4588400.0 ], [ 428800.0, 4588000.0 ], [ 429200.0, 4588000.0 ] ] ] } },
{ "type": "Feature", "properties": { "cell_id": "C021_010", "tree_count": 22, "species_list": [ "Phoenix canariensis", "Platanus × acerifolia", "Populus nigra" ], "district_name": "SANTS - MONTJUÏC", "barri_name": "EL POBLE SEC", "dominant_myco_type": "AM", "am_pct": 90.91, "em_pct": 9.09, "nm_pct": 0.0, "am_blindness_flag": true, "trees_young_pct": 0.0, "cell_x0": 429200, "cell_y0": 4578000 }, "geometry": { "type": "Polygon", "coordinates": [ [ [ 429600.0, 4578000.0 ], [ 429600.0, 4578400.0 ], [ 429200.0, 4578400.0 ], [ 429200.0, 4578000.0 ], [ 429600.0, 4578000.0 ] ] ] } },
{ "type": "Feature", "properties": { "cell_id": "C021_012", "tree_count": 221, "species_list": [ "Acer campestre", "Crataegus x media 'Paul's Scarlet'", "Cupressus sempervirens", "Hesperocyparis macrocarpa", "Platanus × acerifolia", "Populus nigra 'Italica'", "Quercus ilex", "Quercus rubra", "Ulmus pumila" ], "district_name": "SANTS - MONTJUÏC", "barri_name": "EL POBLE SEC", "dominant_myco_type": "AM", "am_pct": 64.71, "em_pct": 3.62, "nm_pct": 31.67, "am_blindness_flag": false, "trees_young_pct": 0.9, "cell_x0": 429200, "cell_y0": 4578800 }, "geometry": { "type": "Polygon", "coordinates": [ [ [ 429600.0, 4578800.0 ], [ 429600.0, 4579200.0 ], [ 429200.0, 4579200.0 ], [ 429200.0, 4578800.0 ], [ 429600.0, 4578800.0 ] ] ] } },
{ "type": "Feature", "properties": { "cell_id": "C021_013", "tree_count": 444, "species_list": [ "Ailanthus altissima", "Casuarina cunninghamiana", "Ceiba speciosa", "Cupressus sempervirens", "Grevillea robusta", "Ligustrum japonicum", "Olea europaea", "Phoenix canariensis", "Phoenix dactylifera", "Pinus halepensis", "Pinus pinaster", "Pinus pinea", "Platanus × acerifolia", "Populus nigra", "Populus nigra 'Italica'", "Prunus amygdalus", "Quercus ilex", "Robinia pseudoacacia", "Styphnolobium japonicum", "Tilia tomentosa", "Ulmus pumila" ], "district_name": "SANTS - MONTJUÏC", "barri_name": "EL POBLE SEC", "dominant_myco_type": "AM", "am_pct": 59.46, "em_pct": 31.53, "nm_pct": 9.01, "am_blindness_flag": false, "trees_young_pct": 2.7, "cell_x0": 429200, "cell_y0": 4579200 }, "geometry": { "type": "Polygon", "coordinates": [ [ [ 429600.0, 4579200.0 ], [ 429600.0, 4579600.0 ], [ 429200.0, 4579600.0 ], [ 429200.0, 4579200.0 ], [ 429600.0, 4579200.0 ] ] ] } },
{ "type": "Feature", "properties": { "cell_id": "C021_014", "tree_count": 367, "species_list": [ "Ailanthus altissima", "Brachychiton populneus", "Calocedrus decurrens", "Casuarina cunninghamiana", "Cedrus atlantica", "Cedrus deodara", "Celtis australis", "Ceratonia siliqua", "Cupressus sempervirens", "Fraxinus angustifolia", "Fraxinus excelsior", "Gleditsia triacanthos", "Gleditsia triacanthos f. inermis", "Hesperocyparis glabra", "Jacaranda mimosifolia", "Laurus nobilis", "Ligustrum japonicum", "Ligustrum lucidum", "Magnolia grandiflora", "Morus alba", "Olea europaea", "Parkinsonia aculeata", "Phoenix canariensis", "Phytolacca dioica", "Pinus halepensis", "Pinus pinea", "Platanus × acerifolia", "Quercus ilex", "Robinia pseudoacacia", "Schinus molle", "Styphnolobium japonicum", "Thuja occidentalis", "Tipuana tipu", "Ulmus pumila" ], "district_name": "SANTS - MONTJUÏC", "barri_name": "EL POBLE SEC", "dominant_myco_type": "AM", "am_pct": 66.21, "em_pct": 22.07, "nm_pct": 11.72, "am_blindness_flag": false, "trees_young_pct": 1.36, "cell_x0": 429200, "cell_y0": 4579600 }, "geometry": { "type": "Polygon", "coordinates": [ [ [ 429600.0, 4579600.0 ], [ 429600.0, 4580000.0 ], [ 429200.0, 4580000.0 ], [ 429200.0, 4579600.0 ], [ 429600.0, 4579600.0 ] ] ] } },
{ "type": "Feature", "properties": { "cell_id": "C021_015", "tree_count": 368, "species_list": [ "Aesculus hippocastanum", "Ailanthus altissima", "Brachychiton populneus", "Casuarina cunninghamiana", "Cedrus atlantica", "Cedrus deodara", "Ceratonia siliqua", "Citrus × aurantium", "Cupressus sempervirens", "Eucalyptus camaldulensis", "Ficus carica", "Ficus macrophylla", "Firmiana simplex", "Fraxinus angustifolia", "Ginkgo biloba", "Hesperocyparis macrocarpa", "Koelreuteria paniculata", "Koelreuteria paniculata 'Fastigiata'", "Laurus nobilis", "Ligustrum japonicum", "Ligustrum lucidum", "Maclura pomifera", "Morus alba", "Olea europaea", "Persea americana", "Phoenix canariensis", "Phoenix dactylifera", "Phytolacca dioica", "Pinus pinea", "Platanus × acerifolia", "Podocarpus neriifolius", "Populus nigra 'Italica'", "Populus x canadensis", "Prunus avium", "Prunus cerasifera 'Pissardii'", "Quercus ilex", "Quercus robur", "Quercus robur 'Fastigiata'", "Robinia pseudoacacia", "Schinus molle", "Styphnolobium japonicum", "Tipuana tipu", "Ulmus pumila" ], "district_name": "SANTS - MONTJUÏC", "barri_name": "EL POBLE SEC", "dominant_myco_type": "AM", "am_pct": 73.37, "em_pct": 10.6, "nm_pct": 16.03, "am_blindness_flag": false, "trees_young_pct": 1.09, "cell_x0": 429200, "cell_y0": 4580000 }, "geometry": { "type": "Polygon", "coordinates": [ [ [ 429600.0, 4580000.0 ], [ 429600.0, 4580400.0 ], [ 429200.0, 4580400.0 ], [ 429200.0, 4580000.0 ], [ 429600.0, 4580000.0 ] ] ] } },
{ "type": "Feature", "properties": { "cell_id": "C021_016", "tree_count": 354, "species_list": [ "Brachychiton populneus", "Celtis australis", "Ficus macrophylla", "Ficus microcarpa", "Ginkgo biloba", "Ginkgo biloba 'Fastigiata Blagon'", "Ginkgo biloba 'Fastigiata'", "Koelreuteria paniculata 'Fastigiata'", "Laurus nobilis", "Ligustrum lucidum", "Melia azedarach", "Olea europaea", "Parkinsonia aculeata", "Phoenix canariensis", "Pistacia chinensis", "Platanus × acerifolia", "Populus alba", "Prunus cerasifera 'Pissardii'", "Quercus ilex", "Quercus robur 'Fastigiata'", "Schinus longifolia", "Styphnolobium japonicum", "Taxus baccata", "Tecoma stans", "Tilia x euchlora", "Tipuana tipu", "Ulmus pumila" ], "district_name": "SANTS - MONTJUÏC", "barri_name": "EL POBLE SEC", "dominant_myco_type": "AM", "am_pct": 94.63, "em_pct": 0.85, "nm_pct": 4.52, "am_blindness_flag": true, "trees_young_pct": 8.76, "cell_x0": 429200, "cell_y0": 4580400 }, "geometry": { "type": "Polygon", "coordinates": [ [ [ 429600.0, 4580400.0 ], [ 429600.0, 4580800.0 ], [ 429200.0, 4580800.0 ], [ 429200.0, 4580400.0 ], [ 429600.0, 4580400.0 ] ] ] } },
{ "type": "Feature", "properties": { "cell_id": "C021_017", "tree_count": 597, "species_list": [ "Bauhinia variegata", "Celtis australis", "Cercis siliquastrum", "Citrus × aurantium", "Erythrina crista-galli", "Ficus benjamina", "Ginkgo biloba", "Ginkgo biloba 'Fastigiata Blagon'", "Ginkgo biloba 'Fastigiata'", "Grevillea robusta", "Handroanthus heptaphyllus", "Jacaranda mimosifolia", "Koelreuteria paniculata", "Koelreuteria paniculata 'Fastigiata'", "Magnolia grandiflora", "Melia azedarach", "Olea europaea", "Platanus × acerifolia", "Populus alba", "Populus alba 'Pyramidalis'", "Prunus cerasifera 'Pissardii'", "Pyrus calleryana 'Chanticleer'", "Robinia pseudoacacia", "Styphnolobium japonicum", "Styphnolobium japonicum 'Columnare'", "Tilia cordata", "Tipuana tipu", "Ulmus pumila", "Washingtonia filifera", "Washingtonia filifera var. robusta" ], "district_name": "EIXAMPLE", "barri_name": "SANT ANTONI", "dominant_myco_type": "AM", "am_pct": 85.43, "em_pct": 4.69, "nm_pct": 9.88, "am_blindness_flag": true, "trees_young_pct": 8.54, "cell_x0": 429200, "cell_y0": 4580800 }, "geometry": { "type": "Polygon", "coordinates": [ [ [ 429600.0, 4580800.0 ], [ 429600.0, 4581200.0 ], [ 429200.0, 4581200.0 ], [ 429200.0, 4580800.0 ], [ 429600.0, 4580800.0 ] ] ] } },
{ "type": "Feature", "properties": { "cell_id": "C021_018", "tree_count": 596, "species_list": [ "Acer monspessulanum", "Ailanthus altissima", "Albizia julibrissin", "Bauhinia purpurea", "Bauhinia variegata", "Brachychiton acerifolius", "Brachychiton populneus", "Celtis australis", "Cercis siliquastrum", "Citrus × aurantium", "Erythrina crista-galli", "Eucalyptus globulus", "Gleditsia triacanthos f. inermis", "Jacaranda mimosifolia", "Lagerstroemia indica", "Magnolia grandiflora", "Melia azedarach", "Morus kagayamae", "Phoenix canariensis", "Pistacia chinensis", "Pistacia lentiscus", "Platanus × acerifolia", "Pyrus calleryana 'Chanticleer'", "Pyrus communis", "Robinia pseudoacacia", "Rosa 'Jacarque'", "Schinus molle", "Styphnolobium japonicum", "Tipuana tipu", "Washingtonia filifera", "Zelkova serrata" ], "district_name": "EIXAMPLE", "barri_name": "LA NOVA ESQUERRA DE LEIXAMPLE", "dominant_myco_type": "AM", "am_pct": 88.59, "em_pct": 0.17, "nm_pct": 11.24, "am_blindness_flag": true, "trees_young_pct": 11.91, "cell_x0": 429200, "cell_y0": 4581200 }, "geometry": { "type": "Polygon", "coordinates": [ [ [ 429600.0, 4581200.0 ], [ 429600.0, 4581600.0 ], [ 429200.0, 4581600.0 ], [ 429200.0, 4581200.0 ], [ 429600.0, 4581200.0 ] ] ] } },
{ "type": "Feature", "properties": { "cell_id": "C021_019", "tree_count": 587, "species_list": [ "Acer monspessulanum", "Acer saccharinum", "Ailanthus altissima", "Albizia julibrissin", "Bauhinia purpurea", "Brachychiton acerifolius", "Brachychiton discolor", "Catalpa bignonioides", "Celtis australis", "Cercis siliquastrum", "Cercis siliquastrum 'Alba'", "Erythrina caffra", "Firmiana simplex", "Ginkgo biloba 'Fastigiata Blagon'", "Gleditsia triacanthos 'sunburst'", "Gleditsia triacanthos f. inermis", "Hibiscus syriacus", "Jacaranda mimosifolia", "Koelreuteria paniculata 'Fastigiata'", "Magnolia grandiflora", "Malus PERPETU® 'Evereste'", "Melia azedarach", "Nerium oleander", "Pinus halepensis", "Pistacia chinensis", "Platanus × acerifolia", "Prunus amygdalus", "Prunus cerasifera 'Nigra'", "Prunus cerasifera 'Pissardii'", "Pyrus calleryana 'Chanticleer'", "Robinia pseudoacacia 'Bessoniana'", "Tipuana tipu", "Washingtonia filifera", "Zelkova serrata" ], "district_name": "EIXAMPLE", "barri_name": "LANTIGA ESQUERRA DE LEIXAMPLE", "dominant_myco_type": "AM", "am_pct": 90.63, "em_pct": 0.85, "nm_pct": 8.52, "am_blindness_flag": true, "trees_young_pct": 15.16, "cell_x0": 429200, "cell_y0": 4581600 }, "geometry": { "type": "Polygon", "coordinates": [ [ [ 429600.0, 4581600.0 ], [ 429600.0, 4582000.0 ], [ 429200.0, 4582000.0 ], [ 429200.0, 4581600.0 ], [ 429600.0, 4581600.0 ] ] ] } },
{ "type": "Feature", "properties": { "cell_id": "C021_020", "tree_count": 457, "species_list": [ "Albizia julibrissin", "Brachychiton populneus", "Catalpa bignonioides", "Celtis australis", "Cercis siliquastrum", "Gleditsia triacanthos", "Gleditsia triacanthos f. inermis", "Grevillea robusta", "Koelreuteria paniculata", "Melia azedarach", "Paulownia tomentosa", "Pinus halepensis", "Pinus pinea", "Platanus orientalis", "Platanus × acerifolia", "Prunus cerasifera 'Pissardii'", "Tipuana tipu", "Ulmus 'Dodoens'", "Washingtonia filifera" ], "district_name": "EIXAMPLE", "barri_name": "LANTIGA ESQUERRA DE LEIXAMPLE", "dominant_myco_type": "AM", "am_pct": 94.31, "em_pct": 2.41, "nm_pct": 3.28, "am_blindness_flag": true, "trees_young_pct": 4.16, "cell_x0": 429200, "cell_y0": 4582000 }, "geometry": { "type": "Polygon", "coordinates": [ [ [ 429600.0, 4582000.0 ], [ 429600.0, 4582400.0 ], [ 429200.0, 4582400.0 ], [ 429200.0, 4582000.0 ], [ 429600.0, 4582000.0 ] ] ] } },
{ "type": "Feature", "properties": { "cell_id": "C021_021", "tree_count": 436, "species_list": [ "Brachychiton acerifolius", "Celtis australis", "Cercis siliquastrum", "Ginkgo biloba", "Grevillea robusta", "Koelreuteria paniculata", "Platanus orientalis", "Platanus × acerifolia", "Populus nigra 'Italica'", "Tilia tomentosa", "Tilia x euchlora", "Tilia x europaea" ], "district_name": "EIXAMPLE", "barri_name": "LANTIGA ESQUERRA DE LEIXAMPLE", "dominant_myco_type": "AM", "am_pct": 85.78, "em_pct": 0.46, "nm_pct": 13.76, "am_blindness_flag": true, "trees_young_pct": 2.06, "cell_x0": 429200, "cell_y0": 4582400 }, "geometry": { "type": "Polygon", "coordinates": [ [ [ 429600.0, 4582400.0 ], [ 429600.0, 4582800.0 ], [ 429200.0, 4582800.0 ], [ 429200.0, 4582400.0 ], [ 429600.0, 4582400.0 ] ] ] } },
{ "type": "Feature", "properties": { "cell_id": "C021_022", "tree_count": 448, "species_list": [ "Acacia saligna", "Acer campestre", "Acer campestre 'Pyramidale'", "Brachychiton populneus", "Catalpa bignonioides", "Celtis australis", "Cercis siliquastrum", "Jacaranda mimosifolia", "Ligustrum lucidum", "Phoenix dactylifera", "Platanus orientalis", "Platanus × acerifolia", "Prunus cerasifera 'Pissardii'", "Quercus pubescens", "Schinus molle", "Tilia americana", "Tilia tomentosa", "Tilia x euchlora", "Tilia x europaea", "Tipuana tipu", "Ulmus pumila", "Washingtonia filifera", "Washingtonia filifera var. robusta" ], "district_name": "EIXAMPLE", "barri_name": "LANTIGA ESQUERRA DE LEIXAMPLE", "dominant_myco_type": "AM", "am_pct": 64.51, "em_pct": 1.34, "nm_pct": 34.15, "am_blindness_flag": false, "trees_young_pct": 3.12, "cell_x0": 429200, "cell_y0": 4582800 }, "geometry": { "type": "Polygon", "coordinates": [ [ [ 429600.0, 4582800.0 ], [ 429600.0, 4583200.0 ], [ 429200.0, 4583200.0 ], [ 429200.0, 4582800.0 ], [ 429600.0, 4582800.0 ] ] ] } },
{ "type": "Feature", "properties": { "cell_id": "C021_023", "tree_count": 336, "species_list": [ "Acer buergerianum", "Acer campestre 'Elsrijk'", "Brachychiton populneus", "Cercis siliquastrum", "Citrus × aurantium", "Eugenia uniflora", "Firmiana simplex", "Fraxinus pennsylvanica", "Ginkgo biloba", "Ginkgo biloba 'Fastigiata'", "Handroanthus heptaphyllus", "Jacaranda mimosifolia", "Koelreuteria paniculata 'Fastigiata'", "Ligustrum japonicum 'Texanum'", "Ligustrum lucidum", "Magnolia grandiflora", "Melia azedarach", "Phoenix canariensis", "Platanus × acerifolia", "Prunus cerasifera 'Pissardii'", "Robinia pseudoacacia", "Tipuana tipu", "Ulmus pumila", "Washingtonia filifera", "Washingtonia filifera var. robusta" ], "district_name": "GRÀCIA", "barri_name": "LA VILA DE GRÀCIA", "dominant_myco_type": "AM", "am_pct": 96.43, "em_pct": 0.0, "nm_pct": 3.57, "am_blindness_flag": true, "trees_young_pct": 5.95, "cell_x0": 429200, "cell_y0": 4583200 }, "geometry": { "type": "Polygon", "coordinates": [ [ [ 429600.0, 4583200.0 ], [ 429600.0, 4583600.0 ], [ 429200.0, 4583600.0 ], [ 429200.0, 4583200.0 ], [ 429600.0, 4583200.0 ] ] ] } },
{ "type": "Feature", "properties": { "cell_id": "C021_024", "tree_count": 241, "species_list": [ "Brachychiton populneus", "Cercis siliquastrum", "Citrus × aurantium", "Ginkgo biloba 'Fastigiata'", "Grevillea robusta", "Ligustrum japonicum 'Texanum'", "Ligustrum lucidum", "Magnolia grandiflora", "Melia azedarach", "Parrotia persica 'Vanessa'", "Platanus × acerifolia", "Prunus cerasifera 'Pissardii'", "Pyrus calleryana 'Chanticleer'", "Styphnolobium japonicum", "Tipuana tipu", "Ulmus pumila" ], "district_name": "GRÀCIA", "barri_name": "LA VILA DE GRÀCIA", "dominant_myco_type": "AM", "am_pct": 94.61, "em_pct": 0.0, "nm_pct": 5.39, "am_blindness_flag": true, "trees_young_pct": 16.6, "cell_x0": 429200, "cell_y0": 4583600 }, "geometry": { "type": "Polygon", "coordinates": [ [ [ 429600.0, 4583600.0 ], [ 429600.0, 4584000.0 ], [ 429200.0, 4584000.0 ], [ 429200.0, 4583600.0 ], [ 429600.0, 4583600.0 ] ] ] } },
{ "type": "Feature", "properties": { "cell_id": "C021_025", "tree_count": 290, "species_list": [ "Casuarina cunninghamiana", "Cercis siliquastrum", "Cupressus sempervirens", "Erythrina crista-galli", "Firmiana simplex", "Ginkgo biloba 'Fastigiata'", "Jacaranda mimosifolia", "Ligustrum japonicum", "Ligustrum japonicum 'Texanum'", "Ligustrum lucidum", "Morus alba", "Parkinsonia aculeata", "Photinia x fraseri 'Red Robin'", "Phytolacca dioica", "Pinus halepensis", "Pinus pinea", "Platanus × acerifolia", "Prunus cerasifera 'Pissardii'", "Pyrus calleryana 'Chanticleer'", "Quercus ilex", "Robinia pseudoacacia", "Styphnolobium japonicum", "Styphnolobium japonicum 'Columnare'", "Tipuana tipu", "Ulmus pumila", "Washingtonia filifera var. robusta" ], "district_name": "GRÀCIA", "barri_name": "LA VILA DE GRÀCIA", "dominant_myco_type": "AM", "am_pct": 84.48, "em_pct": 2.41, "nm_pct": 13.1, "am_blindness_flag": true, "trees_young_pct": 24.14, "cell_x0": 429200, "cell_y0": 4584000 }, "geometry": { "type": "Polygon", "coordinates": [ [ [ 429600.0, 4584000.0 ], [ 429600.0, 4584400.0 ], [ 429200.0, 4584400.0 ], [ 429200.0, 4584000.0 ], [ 429600.0, 4584000.0 ] ] ] } },
{ "type": "Feature", "properties": { "cell_id": "C021_026", "tree_count": 333, "species_list": [ "Acer monspessulanum", "Albizia julibrissin", "Brachychiton populneus", "Celtis australis", "Cercis siliquastrum", "Cupressus sempervirens", "Ficus carica", "Gleditsia triacanthos", "Handroanthus heptaphyllus", "Jacaranda mimosifolia", "Koelreuteria paniculata", "Ligustrum lucidum", "Liquidambar styraciflua", "Magnolia grandiflora", "Morus alba", "Morus alba 'Fruitless'", "Prunus amygdalus", "Prunus cerasifera", "Pyrus calleryana 'Chanticleer'", "Robinia pseudoacacia", "Styphnolobium japonicum", "Tilia platyphyllos", "Tipuana tipu", "Washingtonia filifera", "Washingtonia filifera var. robusta", "Ziziphus jujuba" ], "district_name": "GRÀCIA", "barri_name": "LA SALUT", "dominant_myco_type": "AM", "am_pct": 79.88, "em_pct": 0.6, "nm_pct": 19.52, "am_blindness_flag": false, "trees_young_pct": 3.6, "cell_x0": 429200, "cell_y0": 4584400 }, "geometry": { "type": "Polygon", "coordinates": [ [ [ 429600.0, 4584400.0 ], [ 429600.0, 4584800.0 ], [ 429200.0, 4584800.0 ], [ 429200.0, 4584400.0 ], [ 429600.0, 4584400.0 ] ] ] } },
{ "type": "Feature", "properties": { "cell_id": "C021_027", "tree_count": 323, "species_list": [ "Acer buergerianum", "Acer monspessulanum", "Ailanthus altissima", "Brachychiton populneus", "Celtis australis", "Ceratonia siliqua", "Eriobotrya japonica", "Ficus carica", "Firmiana simplex", "Ginkgo biloba", "Handroanthus heptaphyllus", "Laurus nobilis", "Ligustrum japonicum", "Ligustrum lucidum", "Morus alba 'Fruitless'", "Olea europaea", "Phoenix canariensis", "Pinus halepensis", "Pinus pinea", "Platanus × acerifolia", "Prunus avium", "Prunus cerasifera", "Pyrus calleryana 'Chanticleer'", "Quercus ilex", "Robinia pseudoacacia", "Robinia pseudoacacia 'Bessoniana'", "Ulmus pumila" ], "district_name": "GRÀCIA", "barri_name": "LA SALUT", "dominant_myco_type": "AM", "am_pct": 67.49, "em_pct": 18.58, "nm_pct": 13.93, "am_blindness_flag": false, "trees_young_pct": 13.62, "cell_x0": 429200, "cell_y0": 4584800 }, "geometry": { "type": "Polygon", "coordinates": [ [ [ 429600.0, 4584800.0 ], [ 429600.0, 4585200.0 ], [ 429200.0, 4585200.0 ], [ 429200.0, 4584800.0 ], [ 429600.0, 4584800.0 ] ] ] } },
{ "type": "Feature", "properties": { "cell_id": "C021_028", "tree_count": 337, "species_list": [ "Ailanthus altissima", "Brachychiton populneus", "Casuarina cunninghamiana", "Cedrus atlantica", "Celtis australis", "Cercis siliquastrum", "Cupressus sempervirens", "Eriobotrya japonica", "Firmiana simplex", "Laurus nobilis", "Ligustrum lucidum", "Magnolia grandiflora", "Melia azedarach", "Olea europaea", "Phoenix canariensis", "Pinus halepensis", "Pinus pinea", "Platanus × acerifolia", "Prunus amygdalus", "Prunus domestica", "Quercus cerrioides", "Quercus ilex", "Quercus suber", "Robinia pseudoacacia", "Styphnolobium japonicum", "Styphnolobium japonicum 'Dot'", "Ulmus pumila", "Washingtonia filifera" ], "district_name": "HORTA - GUINARDÓ", "barri_name": "EL CARMEL", "dominant_myco_type": "EM", "am_pct": 43.32, "em_pct": 53.41, "nm_pct": 3.26, "am_blindness_flag": false, "trees_young_pct": 0.0, "cell_x0": 429200, "cell_y0": 4585200 }, "geometry": { "type": "Polygon", "coordinates": [ [ [ 429600.0, 4585200.0 ], [ 429600.0, 4585600.0 ], [ 429200.0, 4585600.0 ], [ 429200.0, 4585200.0 ], [ 429600.0, 4585200.0 ] ] ] } },
{ "type": "Feature", "properties": { "cell_id": "C021_029", "tree_count": 255, "species_list": [ "Brachychiton populneus", "Celtis australis", "Cercis siliquastrum", "Citrus × aurantium", "Jacaranda mimosifolia", "Ligustrum lucidum", "Magnolia grandiflora", "Melia azedarach", "Morus alba", "Olea europaea", "Parrotia persica 'Vanessa'", "Pinus halepensis", "Populus alba 'Pyramidalis'", "Styphnolobium japonicum", "Tilia x euchlora", "Tipuana tipu", "Ulmus pumila" ], "district_name": "HORTA - GUINARDÓ", "barri_name": "EL CARMEL", "dominant_myco_type": "AM", "am_pct": 94.51, "em_pct": 0.78, "nm_pct": 4.71, "am_blindness_flag": true, "trees_young_pct": 3.14, "cell_x0": 429200, "cell_y0": 4585600 }, "geometry": { "type": "Polygon", "coordinates": [ [ [ 429600.0, 4585600.0 ], [ 429600.0, 4586000.0 ], [ 429200.0, 4586000.0 ], [ 429200.0, 4585600.0 ], [ 429600.0, 4585600.0 ] ] ] } },
{ "type": "Feature", "properties": { "cell_id": "C021_030", "tree_count": 301, "species_list": [ "Acacia dealbata", "Acacia retinodes", "Brachychiton acerifolius", "Brachychiton populneus", "Citrus × aurantium", "Ginkgo biloba", "Ginkgo biloba 'Fastigiata'", "Grevillea robusta", "Jacaranda mimosifolia", "Ligustrum japonicum 'Texanum'", "Ligustrum lucidum", "Liquidambar styraciflua", "Magnolia grandiflora", "Melia azedarach", "Pinus pinea", "Populus nigra", "Populus nigra 'Italica'", "Prunus cerasifera 'Pissardii'", "Pyrus calleryana 'Chanticleer'", "Styphnolobium japonicum", "Tipuana tipu", "Ulmus pumila" ], "district_name": "HORTA - GUINARDÓ", "barri_name": "EL CARMEL", "dominant_myco_type": "AM", "am_pct": 88.37, "em_pct": 4.98, "nm_pct": 6.64, "am_blindness_flag": true, "trees_young_pct": 9.3, "cell_x0": 429200, "cell_y0": 4586000 }, "geometry": { "type": "Polygon", "coordinates": [ [ [ 429600.0, 4586000.0 ], [ 429600.0, 4586400.0 ], [ 429200.0, 4586400.0 ], [ 429200.0, 4586000.0 ], [ 429600.0, 4586000.0 ] ] ] } },
{ "type": "Feature", "properties": { "cell_id": "C021_031", "tree_count": 431, "species_list": [ "Ailanthus altissima", "Brachychiton acerifolius", "Brachychiton populneus", "Catalpa bignonioides", "Celtis australis", "Celtis sinensis", "Cercis siliquastrum", "Citrus × aurantium", "Cupressus sempervirens", "Ligustrum japonicum 'Texanum'", "Pinus halepensis", "Pinus pinea", "Populus alba 'Pyramidalis'", "Populus nigra", "Populus nigra 'Italica'", "Prunus cerasifera 'Pissardii'", "Pyrus calleryana 'Chanticleer'", "Quercus ilex", "Quercus robur 'Fastigiata'", "Robinia pseudoacacia", "Styphnolobium japonicum", "Styphnolobium japonicum 'Dot'", "Tilia x euchlora", "Tipuana tipu", "Ulmus pumila", "Washingtonia filifera", "Washingtonia filifera var. robusta" ], "district_name": "HORTA - GUINARDÓ", "barri_name": "EL CARMEL", "dominant_myco_type": "AM", "am_pct": 82.37, "em_pct": 3.48, "nm_pct": 14.15, "am_blindness_flag": true, "trees_young_pct": 4.87, "cell_x0": 429200, "cell_y0": 4586400 }, "geometry": { "type": "Polygon", "coordinates": [ [ [ 429600.0, 4586400.0 ], [ 429600.0, 4586800.0 ], [ 429200.0, 4586800.0 ], [ 429200.0, 4586400.0 ], [ 429600.0, 4586400.0 ] ] ] } },
{ "type": "Feature", "properties": { "cell_id": "C021_032", "tree_count": 560, "species_list": [ "Acer campestre", "Acer campestre 'Pyramidale'", "Acer monspessulanum", "Aesculus hippocastanum", "Casuarina cunninghamiana", "Catalpa bignonioides", "Celtis australis", "Ceratonia siliqua", "Cupressus sempervirens", "Cupressus sempervirens 'Stricta'", "Ficus carica", "Fraxinus angustifolia", "Fraxinus excelsior", "Ginkgo biloba", "Grevillea robusta", "Hesperocyparis macrocarpa", "Laurus nobilis", "Ligustrum lucidum", "Magnolia grandiflora", "Malus PERPETU® 'Evereste'", "Olea europaea", "Pinus halepensis", "Pinus pinea", "Platanus × acerifolia", "Populus nigra 'Italica'", "Populus x canadensis", "Prunus armeniaca", "Prunus cerasifera 'Pissardii'", "Prunus domestica", "Pyrus calleryana 'Chanticleer'", "Quercus ilex", "Quercus robur", "Quercus suber", "Robinia pseudoacacia", "Robinia pseudoacacia 'Pyramidalis'", "Schinus molle", "Styphnolobium japonicum", "Styphnolobium japonicum 'Columnare'", "Tilia x euchlora", "Tilia x europaea", "Tipuana tipu", "Ulmus pumila" ], "district_name": "HORTA - GUINARDÓ", "barri_name": "HORTA", "dominant_myco_type": "NM", "am_pct": 30.89, "em_pct": 11.61, "nm_pct": 57.5, "am_blindness_flag": false, "trees_young_pct": 3.75, "cell_x0": 429200, "cell_y0": 4586800 }, "geometry": { "type": "Polygon", "coordinates": [ [ [ 429600.0, 4586800.0 ], [ 429600.0, 4587200.0 ], [ 429200.0, 4587200.0 ], [ 429200.0, 4586800.0 ], [ 429600.0, 4586800.0 ] ] ] } },
{ "type": "Feature", "properties": { "cell_id": "C021_033", "tree_count": 616, "species_list": [ "Acer buergerianum", "Acer campestre", "Aesculus hippocastanum", "Albizia julibrissin", "Brachychiton populneus", "Catalpa bignonioides", "Celtis australis", "Cercis siliquastrum", "Citrus × aurantium", "Cupressus sempervirens", "Cupressus sempervirens 'Stricta'", "Eucalyptus polyanthemos", "Ficus carica", "Ginkgo biloba", "Ginkgo biloba 'Fastigiata'", "Jacaranda mimosifolia", "Laurus nobilis", "Ligustrum japonicum", "Ligustrum lucidum", "Ligustrum lucidum 'Excelsum Superbum'", "Malus PERPETU® 'Evereste'", "Melia azedarach", "Olea europaea", "Phytolacca dioica", "Pinus halepensis", "Pinus pinea", "Platanus × acerifolia", "Populus alba 'Pyramidalis'", "Populus nigra 'Italica'", "Prunus cerasifera 'Pissardii'", "Pyrus calleryana 'Chanticleer'", "Quercus ilex", "Quercus robur", "Robinia pseudoacacia", "Styphnolobium japonicum", "Tamarix gallica", "Tilia tomentosa", "Tilia x europaea", "Tipuana tipu", "Ulmus pumila" ], "district_name": "HORTA - GUINARDÓ", "barri_name": "HORTA", "dominant_myco_type": "AM", "am_pct": 72.4, "em_pct": 2.27, "nm_pct": 25.32, "am_blindness_flag": false, "trees_young_pct": 7.47, "cell_x0": 429200, "cell_y0": 4587200 }, "geometry": { "type": "Polygon", "coordinates": [ [ [ 429600.0, 4587200.0 ], [ 429600.0, 4587600.0 ], [ 429200.0, 4587600.0 ], [ 429200.0, 4587200.0 ], [ 429600.0, 4587200.0 ] ] ] } },
{ "type": "Feature", "properties": { "cell_id": "C021_034", "tree_count": 425, "species_list": [ "Acer buergerianum", "Acer saccharinum", "Aesculus hippocastanum", "Ailanthus altissima", "Albizia julibrissin", "Catalpa bignonioides", "Celtis australis", "Citrus × aurantium", "Crataegus x media 'Paul's Scarlet'", "Cupressus sempervirens", "Cupressus sempervirens 'Stricta'", "Fraxinus ornus OBELISK® 'Paus Johannes-Paulus II'", "Ginkgo biloba", "Gleditsia triacanthos 'sunburst'", "Ligustrum japonicum", "Ligustrum lucidum", "Liquidambar styraciflua", "Liriodendron tulipifera", "Magnolia grandiflora", "Melia azedarach", "Olea europaea", "Parkinsonia aculeata", "Pinus halepensis", "Pinus pinea", "Pistacia chinensis", "Platanus × acerifolia", "Populus alba 'Pyramidalis'", "Populus nigra 'Italica'", "Pyrus calleryana 'Chanticleer'", "Quercus robur", "Robinia pseudoacacia", "Schinus molle", "Styphnolobium japonicum", "Styphnolobium japonicum 'Columnare'", "Tipuana tipu", "Ulmus glabra", "Ulmus pumila" ], "district_name": "HORTA - GUINARDÓ", "barri_name": "HORTA", "dominant_myco_type": "AM", "am_pct": 79.29, "em_pct": 1.65, "nm_pct": 19.06, "am_blindness_flag": false, "trees_young_pct": 11.06, "cell_x0": 429200, "cell_y0": 4587600 }, "geometry": { "type": "Polygon", "coordinates": [ [ [ 429600.0, 4587600.0 ], [ 429600.0, 4588000.0 ], [ 429200.0, 4588000.0 ], [ 429200.0, 4587600.0 ], [ 429600.0, 4587600.0 ] ] ] } },
{ "type": "Feature", "properties": { "cell_id": "C021_035", "tree_count": 13, "species_list": [ "Fraxinus ornus OBELISK® 'Paus Johannes-Paulus II'", "Populus alba 'Pyramidalis'", "Populus nigra 'Italica'", "Tipuana tipu" ], "district_name": "HORTA - GUINARDÓ", "barri_name": "HORTA", "dominant_myco_type": "NM", "am_pct": 15.38, "em_pct": 0.0, "nm_pct": 84.62, "am_blindness_flag": false, "trees_young_pct": 30.77, "cell_x0": 429200, "cell_y0": 4588000 }, "geometry": { "type": "Polygon", "coordinates": [ [ [ 429600.0, 4588000.0 ], [ 429600.0, 4588400.0 ], [ 429200.0, 4588400.0 ], [ 429200.0, 4588000.0 ], [ 429600.0, 4588000.0 ] ] ] } },
{ "type": "Feature", "properties": { "cell_id": "C022_010", "tree_count": 1, "species_list": [ "Platanus × acerifolia" ], "district_name": "SANTS - MONTJUÏC", "barri_name": "LA MARINA DEL PRAT VERMELL", "dominant_myco_type": "AM", "am_pct": 100.0, "em_pct": 0.0, "nm_pct": 0.0, "am_blindness_flag": true, "trees_young_pct": 0.0, "cell_x0": 429600, "cell_y0": 4578000 }, "geometry": { "type": "Polygon", "coordinates": [ [ [ 430000.0, 4578000.0 ], [ 430000.0, 4578400.0 ], [ 429600.0, 4578400.0 ], [ 429600.0, 4578000.0 ], [ 430000.0, 4578000.0 ] ] ] } },
{ "type": "Feature", "properties": { "cell_id": "C022_012", "tree_count": 86, "species_list": [ "Pinus halepensis", "Platanus × acerifolia" ], "district_name": "SANTS - MONTJUÏC", "barri_name": "EL POBLE SEC", "dominant_myco_type": "AM", "am_pct": 52.33, "em_pct": 47.67, "nm_pct": 0.0, "am_blindness_flag": false, "trees_young_pct": 0.0, "cell_x0": 429600, "cell_y0": 4578800 }, "geometry": { "type": "Polygon", "coordinates": [ [ [ 430000.0, 4578800.0 ], [ 430000.0, 4579200.0 ], [ 429600.0, 4579200.0 ], [ 429600.0, 4578800.0 ], [ 430000.0, 4578800.0 ] ] ] } },
{ "type": "Feature", "properties": { "cell_id": "C022_013", "tree_count": 209, "species_list": [ "Ailanthus altissima", "Broussonetia papyrifera", "Casuarina cunninghamiana", "Cercis siliquastrum", "Ficus carica", "Harpephyllum caffrum", "Olea europaea", "Phoenix canariensis", "Pinus halepensis", "Pinus pinea", "Platanus × acerifolia", "Populus nigra", "Populus nigra 'Italica'", "Prunus amygdalus", "Quercus ilex", "Robinia pseudoacacia", "Styphnolobium japonicum", "Viburnum tinus" ], "district_name": "SANTS - MONTJUÏC", "barri_name": "EL POBLE SEC", "dominant_myco_type": "AM", "am_pct": 69.38, "em_pct": 22.49, "nm_pct": 8.13, "am_blindness_flag": false, "trees_young_pct": 2.87, "cell_x0": 429600, "cell_y0": 4579200 }, "geometry": { "type": "Polygon", "coordinates": [ [ [ 430000.0, 4579200.0 ], [ 430000.0, 4579600.0 ], [ 429600.0, 4579600.0 ], [ 429600.0, 4579200.0 ], [ 430000.0, 4579200.0 ] ] ] } },
{ "type": "Feature", "properties": { "cell_id": "C022_014", "tree_count": 677, "species_list": [ "Ailanthus altissima", "Albizia julibrissin", "Brachychiton populneus", "Cedrus atlantica", "Cedrus deodara", "Celtis australis", "Ceratonia siliqua", "Chamaerops humilis", "Cordyline australis", "Cupressus sempervirens", "Eriobotrya japonica", "Euonymus japonicus", "Fraxinus angustifolia", "Hesperocyparis macrocarpa", "Laurus nobilis", "Ligustrum japonicum", "Ligustrum lucidum", "Ligustrum lucidum 'Aureovariegatum'", "Nerium oleander", "Olea europaea", "Phoenix canariensis", "Phytolacca dioica", "Pinus halepensis", "Pinus pinea", "Pittosporum tobira", "Platanus × acerifolia", "Prunus amygdalus", "Prunus cerasifera", "Prunus cerasifera 'Nigra'", "Prunus domestica", "Pyrus calleryana 'Chanticleer'", "Quercus ilex", "Rhamnus alaternus", "Robinia pseudoacacia", "Schinus molle", "Styphnolobium japonicum", "Tetraclinis articulata", "Tipuana tipu", "Ulmus pumila" ], "district_name": "SANTS - MONTJUÏC", "barri_name": "EL POBLE SEC", "dominant_myco_type": "AM", "am_pct": 75.92, "em_pct": 8.71, "nm_pct": 15.36, "am_blindness_flag": false, "trees_young_pct": 0.89, "cell_x0": 429600, "cell_y0": 4579600 }, "geometry": { "type": "Polygon", "coordinates": [ [ [ 430000.0, 4579600.0 ], [ 430000.0, 4580000.0 ], [ 429600.0, 4580000.0 ], [ 429600.0, 4579600.0 ], [ 430000.0, 4579600.0 ] ] ] } },
{ "type": "Feature", "properties": { "cell_id": "C022_015", "tree_count": 535, "species_list": [ "Acer monspessulanum", "Ailanthus altissima", "Albizia julibrissin", "Brachychiton populneus", "Casuarina cunninghamiana", "Celtis australis", "Celtis sinensis", "Ceratonia siliqua", "Citrus × aurantium", "Cupressus sempervirens", "Ficus carica", "Fraxinus angustifolia", "Ginkgo biloba 'Fastigiata'", "Gleditsia triacanthos", "Gleditsia triacanthos 'skyline'", "Koelreuteria paniculata", "Koelreuteria paniculata 'Fastigiata'", "Laurus nobilis", "Ligustrum japonicum", "Ligustrum lucidum", "Melia azedarach", "Pinus halepensis", "Pinus pinea", "Pittosporum tobira", "Platanus × acerifolia", "Populus alba", "Populus nigra 'Italica'", "Prunus cerasifera", "Prunus cerasifera 'Pissardii'", "Pyrus calleryana 'Chanticleer'", "Quercus ilex", "Quercus rubra", "Robinia pseudoacacia", "Styphnolobium japonicum", "Tipuana tipu", "Ulmus minor 'Umbraculifera'", "Ulmus pumila" ], "district_name": "SANTS - MONTJUÏC", "barri_name": "EL POBLE SEC", "dominant_myco_type": "AM", "am_pct": 85.23, "em_pct": 5.98, "nm_pct": 8.79, "am_blindness_flag": true, "trees_young_pct": 3.36, "cell_x0": 429600, "cell_y0": 4580000 }, "geometry": { "type": "Polygon", "coordinates": [ [ [ 430000.0, 4580000.0 ], [ 430000.0, 4580400.0 ], [ 429600.0, 4580400.0 ], [ 429600.0, 4580000.0 ], [ 430000.0, 4580000.0 ] ] ] } },
{ "type": "Feature", "properties": { "cell_id": "C022_016", "tree_count": 616, "species_list": [ "Brachychiton populneus", "Celtis australis", "Celtis sinensis", "Cercis siliquastrum", "Crataegus monogyna", "Crataegus x media 'Paul's Scarlet'", "Eucalyptus globulus", "Ginkgo biloba 'Fastigiata Blagon'", "Ginkgo biloba 'Fastigiata'", "Gleditsia triacanthos 'sunburst'", "Jacaranda mimosifolia", "Koelreuteria paniculata", "Koelreuteria paniculata 'Fastigiata'", "Ligustrum japonicum 'Texanum'", "Ligustrum lucidum", "Melia azedarach", "Phytolacca dioica", "Pinus pinea", "Pistacia chinensis", "Platanus × acerifolia", "Prunus cerasifera 'Pissardii'", "Pyrus calleryana 'Chanticleer'", "Quercus ilex", "Quercus robur", "Robinia pseudoacacia", "Robinia pseudoacacia 'Pyramidalis'", "Robinia pseudoacacia 'Umbraculifera'", "Styphnolobium japonicum", "Styphnolobium japonicum 'Columnare'", "Tipuana tipu", "Ulmus pumila", "Washingtonia filifera" ], "district_name": "SANTS - MONTJUÏC", "barri_name": "EL POBLE SEC", "dominant_myco_type": "AM", "am_pct": 88.31, "em_pct": 0.97, "nm_pct": 10.71, "am_blindness_flag": true, "trees_young_pct": 14.77, "cell_x0": 429600, "cell_y0": 4580400 }, "geometry": { "type": "Polygon", "coordinates": [ [ [ 430000.0, 4580400.0 ], [ 430000.0, 4580800.0 ], [ 429600.0, 4580800.0 ], [ 429600.0, 4580400.0 ], [ 430000.0, 4580400.0 ] ] ] } },
{ "type": "Feature", "properties": { "cell_id": "C022_017", "tree_count": 499, "species_list": [ "Catalpa bignonioides", "Celtis australis", "Celtis sinensis", "Cercis siliquastrum", "Citrus × aurantium", "Hibiscus rosa-sinensis", "Jacaranda mimosifolia", "Koelreuteria paniculata 'Fastigiata'", "Magnolia grandiflora", "Melia azedarach", "Olea europaea", "Platanus × acerifolia", "Populus alba 'Pyramidalis'", "Prunus amygdalus", "Prunus cerasifera 'Pissardii'", "Punica granatum", "Pyrus calleryana 'Chanticleer'", "Quercus ilex", "Robinia pseudoacacia", "Styphnolobium japonicum", "Styphnolobium japonicum 'Columnare'", "Tipuana tipu", "Washingtonia filifera", "Washingtonia filifera var. robusta" ], "district_name": "EIXAMPLE", "barri_name": "SANT ANTONI", "dominant_myco_type": "AM", "am_pct": 93.59, "em_pct": 0.6, "nm_pct": 5.81, "am_blindness_flag": true, "trees_young_pct": 5.41, "cell_x0": 429600, "cell_y0": 4580800 }, "geometry": { "type": "Polygon", "coordinates": [ [ [ 430000.0, 4580800.0 ], [ 430000.0, 4581200.0 ], [ 429600.0, 4581200.0 ], [ 429600.0, 4580800.0 ], [ 430000.0, 4580800.0 ] ] ] } },
{ "type": "Feature", "properties": { "cell_id": "C022_018", "tree_count": 428, "species_list": [ "Brachychiton populneus", "Celtis australis", "Cercis siliquastrum", "Handroanthus heptaphyllus", "Melia azedarach", "Platanus × acerifolia", "Prunus amygdalus", "Styphnolobium japonicum", "Tilia x euchlora", "Ulmus pumila" ], "district_name": "EIXAMPLE", "barri_name": "SANT ANTONI", "dominant_myco_type": "AM", "am_pct": 99.3, "em_pct": 0.0, "nm_pct": 0.7, "am_blindness_flag": true, "trees_young_pct": 4.21, "cell_x0": 429600, "cell_y0": 4581200 }, "geometry": { "type": "Polygon", "coordinates": [ [ [ 430000.0, 4581200.0 ], [ 430000.0, 4581600.0 ], [ 429600.0, 4581600.0 ], [ 429600.0, 4581200.0 ], [ 430000.0, 4581200.0 ] ] ] } },
{ "type": "Feature", "properties": { "cell_id": "C022_019", "tree_count": 565, "species_list": [ "Albizia julibrissin", "Brachychiton populneus", "Celtis australis", "Cercis siliquastrum", "Citrus × aurantium", "Ginkgo biloba", "Ginkgo biloba 'Fastigiata Blagon'", "Grevillea robusta", "Handroanthus heptaphyllus", "Handroanthus impetiginosus", "Koelreuteria paniculata 'Fastigiata'", "Melia azedarach", "Phytolacca dioica", "Platanus × acerifolia", "Populus nigra 'Italica'", "Pyrus calleryana 'Chanticleer'", "Senna spectabilis", "Styphnolobium japonicum", "Tamarix africana", "Tipuana tipu" ], "district_name": "EIXAMPLE", "barri_name": "LANTIGA ESQUERRA DE LEIXAMPLE", "dominant_myco_type": "AM", "am_pct": 96.81, "em_pct": 0.0, "nm_pct": 3.19, "am_blindness_flag": true, "trees_young_pct": 6.19, "cell_x0": 429600, "cell_y0": 4581600 }, "geometry": { "type": "Polygon", "coordinates": [ [ [ 430000.0, 4581600.0 ], [ 430000.0, 4582000.0 ], [ 429600.0, 4582000.0 ], [ 429600.0, 4581600.0 ], [ 430000.0, 4581600.0 ] ] ] } },
{ "type": "Feature", "properties": { "cell_id": "C022_020", "tree_count": 572, "species_list": [ "Acer monspessulanum", "Acer × freemanii AUTUMN BLAZE® 'Jeffersred'", "Bauhinia forficata", "Brachychiton acerifolius", "Brachychiton populneus", "Celtis australis", "Ceratonia siliqua", "Cercis siliquastrum", "Cercis siliquastrum 'Alba'", "Cupressus sempervirens", "Ginkgo biloba", "Grevillea robusta", "Handroanthus heptaphyllus", "Jacaranda mimosifolia", "Ligustrum lucidum", "Liquidambar styraciflua", "Livistona chinensis", "Magnolia x soulangeana", "Malus PERPETU® 'Evereste'", "Melia azedarach", "Myrtus communis", "Olea europaea", "Phytolacca dioica", "Platanus orientalis", "Platanus × acerifolia", "Punica granatum", "Pyrus calleryana 'Chanticleer'", "Quercus ilex", "Quercus robur", "Quercus suber", "Schinus molle", "Tilia tomentosa", "Tilia x euchlora", "Tilia x europaea", "Tipuana tipu", "Washingtonia filifera", "Washingtonia filifera var. robusta" ], "district_name": "EIXAMPLE", "barri_name": "LANTIGA ESQUERRA DE LEIXAMPLE", "dominant_myco_type": "AM", "am_pct": 85.66, "em_pct": 0.7, "nm_pct": 13.64, "am_blindness_flag": true, "trees_young_pct": 11.71, "cell_x0": 429600, "cell_y0": 4582000 }, "geometry": { "type": "Polygon", "coordinates": [ [ [ 430000.0, 4582000.0 ], [ 430000.0, 4582400.0 ], [ 429600.0, 4582400.0 ], [ 429600.0, 4582000.0 ], [ 430000.0, 4582000.0 ] ] ] } },
{ "type": "Feature", "properties": { "cell_id": "C022_021", "tree_count": 468, "species_list": [ "Brachychiton populneus", "Celtis australis", "Cercis siliquastrum", "Citrus × aurantiifolia", "Citrus × aurantium", "Gleditsia triacanthos f. inermis", "Melia azedarach", "Photinia x fraseri 'Red Robin'", "Platanus orientalis", "Platanus × acerifolia", "Tilia tomentosa", "Tilia x euchlora", "Tilia x europaea" ], "district_name": "EIXAMPLE", "barri_name": "LA DRETA DE LEIXAMPLE", "dominant_myco_type": "AM", "am_pct": 59.19, "em_pct": 2.56, "nm_pct": 38.25, "am_blindness_flag": false, "trees_young_pct": 6.41, "cell_x0": 429600, "cell_y0": 4582400 }, "geometry": { "type": "Polygon", "coordinates": [ [ [ 430000.0, 4582400.0 ], [ 430000.0, 4582800.0 ], [ 429600.0, 4582800.0 ], [ 429600.0, 4582400.0 ], [ 430000.0, 4582400.0 ] ] ] } },
{ "type": "Feature", "properties": { "cell_id": "C022_022", "tree_count": 586, "species_list": [ "Celtis australis", "Celtis sinensis", "Ligustrum japonicum", "Ligustrum japonicum 'Texanum'", "Ligustrum lucidum", "Platanus × acerifolia", "Quercus ilex", "Tilia tomentosa", "Tilia x euchlora", "Tilia x europaea", "Washingtonia filifera var. robusta" ], "district_name": "EIXAMPLE", "barri_name": "LA DRETA DE LEIXAMPLE", "dominant_myco_type": "AM", "am_pct": 77.82, "em_pct": 9.73, "nm_pct": 12.46, "am_blindness_flag": false, "trees_young_pct": 7.17, "cell_x0": 429600, "cell_y0": 4582800 }, "geometry": { "type": "Polygon", "coordinates": [ [ [ 430000.0, 4582800.0 ], [ 430000.0, 4583200.0 ], [ 429600.0, 4583200.0 ], [ 429600.0, 4582800.0 ], [ 430000.0, 4582800.0 ] ] ] } },
{ "type": "Feature", "properties": { "cell_id": "C022_023", "tree_count": 287, "species_list": [ "Celtis australis", "Citrus × aurantium", "Jacaranda mimosifolia", "Ligustrum japonicum 'Texanum'", "Ligustrum lucidum", "Paulownia tomentosa", "Platanus × acerifolia", "Prunus cerasifera 'Pissardii'", "Quercus ilex", "Styphnolobium japonicum", "Tilia x euchlora", "Tipuana tipu", "Washingtonia filifera" ], "district_name": "GRÀCIA", "barri_name": "LA VILA DE GRÀCIA", "dominant_myco_type": "AM", "am_pct": 87.8, "em_pct": 2.09, "nm_pct": 10.1, "am_blindness_flag": true, "trees_young_pct": 14.63, "cell_x0": 429600, "cell_y0": 4583200 }, "geometry": { "type": "Polygon", "coordinates": [ [ [ 430000.0, 4583200.0 ], [ 430000.0, 4583600.0 ], [ 429600.0, 4583600.0 ], [ 429600.0, 4583200.0 ], [ 430000.0, 4583200.0 ] ] ] } },
{ "type": "Feature", "properties": { "cell_id": "C022_024", "tree_count": 408, "species_list": [ "Acer buergerianum", "Celtis australis", "Cercis siliquastrum", "Citrus × aurantium", "Jacaranda mimosifolia", "Koelreuteria paniculata", "Ligustrum japonicum 'Texanum'", "Ligustrum lucidum", "Ligustrum lucidum 'Excelsum Superbum'", "Magnolia grandiflora", "Melia azedarach", "Olea europaea", "Paulownia tomentosa", "Photinia x fraseri 'Red Robin'", "Platanus × acerifolia", "Prunus cerasifera", "Prunus cerasifera 'Pissardii'", "Punica granatum", "Pyrus calleryana 'Chanticleer'", "Quercus ilex", "Robinia pseudoacacia", "Robinia pseudoacacia 'Bessoniana'", "Styphnolobium japonicum", "Tilia cordata", "Tipuana tipu", "Ulmus pumila", "Washingtonia filifera", "Zelkova serrata" ], "district_name": "GRÀCIA", "barri_name": "LA VILA DE GRÀCIA", "dominant_myco_type": "AM", "am_pct": 91.91, "em_pct": 1.23, "nm_pct": 6.86, "am_blindness_flag": true, "trees_young_pct": 22.3, "cell_x0": 429600, "cell_y0": 4583600 }, "geometry": { "type": "Polygon", "coordinates": [ [ [ 430000.0, 4583600.0 ], [ 430000.0, 4584000.0 ], [ 429600.0, 4584000.0 ], [ 429600.0, 4583600.0 ], [ 430000.0, 4583600.0 ] ] ] } },
{ "type": "Feature", "properties": { "cell_id": "C022_025", "tree_count": 280, "species_list": [ "Acer monspessulanum", "Acer saccharinum", "Brachychiton populneus", "Cercis siliquastrum", "Jacaranda mimosifolia", "Koelreuteria paniculata", "Ligustrum lucidum", "Ligustrum lucidum 'Excelsum Superbum'", "Platanus × acerifolia", "Prunus cerasifera 'Pissardii'", "Pyrus calleryana 'Chanticleer'", "Quercus ilex", "Robinia pseudoacacia", "Styphnolobium japonicum", "Ulmus pumila 'Latifolia'" ], "district_name": "GRÀCIA", "barri_name": "LA VILA DE GRÀCIA", "dominant_myco_type": "AM", "am_pct": 88.21, "em_pct": 0.71, "nm_pct": 11.07, "am_blindness_flag": true, "trees_young_pct": 12.14, "cell_x0": 429600, "cell_y0": 4584000 }, "geometry": { "type": "Polygon", "coordinates": [ [ [ 430000.0, 4584000.0 ], [ 430000.0, 4584400.0 ], [ 429600.0, 4584400.0 ], [ 429600.0, 4584000.0 ], [ 430000.0, 4584000.0 ] ] ] } },
{ "type": "Feature", "properties": { "cell_id": "C022_026", "tree_count": 358, "species_list": [ "Acer monspessulanum", "Acer saccharinum", "Albizia julibrissin", "Brachychiton populneus", "Cercis siliquastrum", "Koelreuteria paniculata", "Ligustrum japonicum 'Texanum'", "Ligustrum lucidum", "Liquidambar styraciflua", "Magnolia grandiflora", "Melia azedarach", "Platanus × acerifolia", "Populus nigra", "Prunus cerasifera 'Pissardii'", "Pyrus calleryana 'Chanticleer'", "Robinia pseudoacacia", "Styphnolobium japonicum", "Tipuana tipu", "Washingtonia filifera" ], "district_name": "GRÀCIA", "barri_name": "EL CAMP DEN GRASSOT I GRÀCIA NOVA", "dominant_myco_type": "AM", "am_pct": 87.43, "em_pct": 0.84, "nm_pct": 11.73, "am_blindness_flag": true, "trees_young_pct": 13.41, "cell_x0": 429600, "cell_y0": 4584400 }, "geometry": { "type": "Polygon", "coordinates": [ [ [ 430000.0, 4584400.0 ], [ 430000.0, 4584800.0 ], [ 429600.0, 4584800.0 ], [ 429600.0, 4584400.0 ], [ 430000.0, 4584400.0 ] ] ] } },
{ "type": "Feature", "properties": { "cell_id": "C022_027", "tree_count": 418, "species_list": [ "Acer negundo", "Albizia julibrissin", "Bauhinia variegata", "Brachychiton acerifolius", "Brachychiton populneus", "Casuarina cunninghamiana", "Celtis australis", "Ceratonia siliqua", "Citrus × aurantium", "Cupressus sempervirens", "Gleditsia triacanthos", "Gleditsia triacanthos f. inermis", "Handroanthus heptaphyllus", "Hesperocyparis macrocarpa", "Jacaranda mimosifolia", "Koelreuteria paniculata", "Koelreuteria paniculata 'Fastigiata'", "Ligustrum lucidum", "Olea europaea", "Parrotia persica 'Vanessa'", "Pinus pinea", "Platanus × acerifolia", "Prunus avium", "Prunus cerasifera 'Pissardii'", "Pyrus calleryana 'Chanticleer'", "Robinia pseudoacacia", "Schinus molle", "Styphnolobium japonicum", "Tilia x euchlora", "Tipuana tipu", "Ulmus pumila" ], "district_name": "GRÀCIA", "barri_name": "LA SALUT", "dominant_myco_type": "AM", "am_pct": 89.47, "em_pct": 0.72, "nm_pct": 9.81, "am_blindness_flag": true, "trees_young_pct": 5.98, "cell_x0": 429600, "cell_y0": 4584800 }, "geometry": { "type": "Polygon", "coordinates": [ [ [ 430000.0, 4584800.0 ], [ 430000.0, 4585200.0 ], [ 429600.0, 4585200.0 ], [ 429600.0, 4584800.0 ], [ 430000.0, 4584800.0 ] ] ] } },
{ "type": "Feature", "properties": { "cell_id": "C022_028", "tree_count": 205, "species_list": [ "Acer × freemanii AUTUMN BLAZE® 'Jeffersred'", "Brachychiton populneus", "Celtis australis", "Cupressus sempervirens", "Eriobotrya japonica", "Ficus elastica", "Firmiana simplex", "Fraxinus angustifolia 'Raywood'", "Ginkgo biloba", "Laurus nobilis", "Ligustrum japonicum 'Texanum'", "Ligustrum lucidum", "Melia azedarach", "Olea europaea", "Photinia x fraseri 'Red Robin'", "Pinus halepensis", "Pinus pinea", "Prunus amygdalus", "Prunus avium", "Prunus cerasifera 'Pissardii'", "Pyrus calleryana 'Chanticleer'", "Quercus ilex", "Schinus molle", "Styphnolobium japonicum", "Tipuana tipu", "Ulmus pumila" ], "district_name": "HORTA - GUINARDÓ", "barri_name": "CAN BARÓ", "dominant_myco_type": "AM", "am_pct": 71.71, "em_pct": 10.24, "nm_pct": 18.05, "am_blindness_flag": false, "trees_young_pct": 6.83, "cell_x0": 429600, "cell_y0": 4585200 }, "geometry": { "type": "Polygon", "coordinates": [ [ [ 430000.0, 4585200.0 ], [ 430000.0, 4585600.0 ], [ 429600.0, 4585600.0 ], [ 429600.0, 4585200.0 ], [ 430000.0, 4585200.0 ] ] ] } },
{ "type": "Feature", "properties": { "cell_id": "C022_029", "tree_count": 158, "species_list": [ "Brachychiton acerifolius", "Brachychiton populneus", "Catalpa bignonioides", "Cercis siliquastrum", "Lagerstroemia indica", "Ligustrum lucidum", "Platanus × acerifolia", "Platycladus orientalis", "Prunus cerasifera 'Pissardii'", "Pyrus calleryana 'Chanticleer'", "Quercus robur", "Schinus molle", "Styphnolobium japonicum", "Tilia x euchlora", "Ulmus pumila" ], "district_name": "HORTA - GUINARDÓ", "barri_name": "EL CARMEL", "dominant_myco_type": "AM", "am_pct": 89.24, "em_pct": 2.53, "nm_pct": 8.23, "am_blindness_flag": true, "trees_young_pct": 6.33, "cell_x0": 429600, "cell_y0": 4585600 }, "geometry": { "type": "Polygon", "coordinates": [ [ [ 430000.0, 4585600.0 ], [ 430000.0, 4586000.0 ], [ 429600.0, 4586000.0 ], [ 429600.0, 4585600.0 ], [ 430000.0, 4585600.0 ] ] ] } },
{ "type": "Feature", "properties": { "cell_id": "C022_030", "tree_count": 515, "species_list": [ "Acacia retinodes", "Acer buergerianum", "Acer saccharinum", "Albizia julibrissin", "Brachychiton acerifolius", "Brachychiton populneus", "Catalpa bignonioides", "Celtis australis", "Celtis sinensis", "Citrus × aurantium", "Cupressus sempervirens", "Hibiscus syriacus", "Jacaranda mimosifolia", "Ligustrum japonicum", "Ligustrum japonicum 'Texanum'", "Ligustrum lucidum", "Ligustrum ovalifolium", "Melia azedarach", "Olea europaea", "Photinia x fraseri 'Red Robin'", "Pinus halepensis", "Pinus pinea", "Platanus × acerifolia", "Populus alba 'Pyramidalis'", "Prunus cerasifera 'Pissardii'", "Pyrus calleryana 'Chanticleer'", "Robinia pseudoacacia", "Styphnolobium japonicum", "Styphnolobium japonicum 'Columnare'", "Ulmus pumila" ], "district_name": "HORTA - GUINARDÓ", "barri_name": "LA FONT DEN FARGUES", "dominant_myco_type": "AM", "am_pct": 76.89, "em_pct": 0.58, "nm_pct": 22.52, "am_blindness_flag": false, "trees_young_pct": 8.93, "cell_x0": 429600, "cell_y0": 4586000 }, "geometry": { "type": "Polygon", "coordinates": [ [ [ 430000.0, 4586000.0 ], [ 430000.0, 4586400.0 ], [ 429600.0, 4586400.0 ], [ 429600.0, 4586000.0 ], [ 430000.0, 4586000.0 ] ] ] } },
{ "type": "Feature", "properties": { "cell_id": "C022_031", "tree_count": 377, "species_list": [ "Acer buergerianum", "Acer campestre", "Acer campestre 'Elsrijk'", "Brachychiton acerifolius", "Brachychiton populneus", "Celtis australis", "Celtis sinensis", "Cercis siliquastrum", "Citrus x limon", "Citrus × aurantium", "Erythrina crista-galli", "Ficus carica", "Firmiana simplex", "Jacaranda mimosifolia", "Ligustrum lucidum", "Liquidambar styraciflua", "Olea europaea", "Pinus pinea", "Pistacia chinensis", "Platanus × acerifolia", "Populus alba 'Pyramidalis'", "Prunus cerasifera 'Pissardii'", "Prunus serrulata 'Kanzan'", "Pyrus calleryana 'Chanticleer'", "Robinia pseudoacacia", "Robinia pseudoacacia 'Pyramidalis'", "Schinus molle", "Styphnolobium japonicum", "Tipuana tipu", "Ulmus pumila" ], "district_name": "HORTA - GUINARDÓ", "barri_name": "HORTA", "dominant_myco_type": "AM", "am_pct": 87.0, "em_pct": 2.65, "nm_pct": 10.34, "am_blindness_flag": true, "trees_young_pct": 9.55, "cell_x0": 429600, "cell_y0": 4586400 }, "geometry": { "type": "Polygon", "coordinates": [ [ [ 430000.0, 4586400.0 ], [ 430000.0, 4586800.0 ], [ 429600.0, 4586800.0 ], [ 429600.0, 4586400.0 ], [ 430000.0, 4586400.0 ] ] ] } },
{ "type": "Feature", "properties": { "cell_id": "C022_032", "tree_count": 204, "species_list": [ "Acer saccharinum", "Albizia julibrissin", "Catalpa bignonioides", "Celtis australis", "Celtis sinensis", "Cercis siliquastrum", "Citrus × aurantium", "Cupressus sempervirens", "Ginkgo biloba 'Fastigiata'", "Hibiscus syriacus", "Jacaranda mimosifolia", "Ligustrum japonicum", "Melia azedarach", "Platanus × acerifolia", "Prunus cerasifera 'Pissardii'", "Pyrus calleryana 'Chanticleer'", "Styphnolobium japonicum", "Tipuana tipu", "Ulmus pumila", "Washingtonia filifera" ], "district_name": "HORTA - GUINARDÓ", "barri_name": "HORTA", "dominant_myco_type": "AM", "am_pct": 93.14, "em_pct": 0.0, "nm_pct": 6.86, "am_blindness_flag": true, "trees_young_pct": 8.33, "cell_x0": 429600, "cell_y0": 4586800 }, "geometry": { "type": "Polygon", "coordinates": [ [ [ 430000.0, 4586800.0 ], [ 430000.0, 4587200.0 ], [ 429600.0, 4587200.0 ], [ 429600.0, 4586800.0 ], [ 430000.0, 4586800.0 ] ] ] } },
{ "type": "Feature", "properties": { "cell_id": "C022_033", "tree_count": 298, "species_list": [ "Acer buergerianum", "Brachychiton acerifolius", "Brachychiton populneus", "Ceratonia siliqua", "Citrus × aurantium", "Corylus colurna", "Crataegus x media 'Paul's Scarlet'", "Jacaranda mimosifolia", "Koelreuteria paniculata", "Koelreuteria paniculata 'Fastigiata'", "Ligustrum lucidum", "Magnolia grandiflora", "Malus PERPETU® 'Evereste'", "Melia azedarach", "Olea europaea", "Photinia x fraseri 'Red Robin'", "Platanus × acerifolia", "Prunus avium", "Prunus cerasifera 'Pissardii'", "Pyrus calleryana 'Chanticleer'", "Robinia pseudoacacia", "Robinia pseudoacacia 'Bessoniana'", "Robinia pseudoacacia 'Pyramidalis'", "Robinia × margaretta 'Pink Cascade'", "Schinus molle", "Styphnolobium japonicum", "Styphnolobium japonicum 'Columnare'" ], "district_name": "HORTA - GUINARDÓ", "barri_name": "HORTA", "dominant_myco_type": "AM", "am_pct": 66.78, "em_pct": 0.67, "nm_pct": 32.55, "am_blindness_flag": false, "trees_young_pct": 14.09, "cell_x0": 429600, "cell_y0": 4587200 }, "geometry": { "type": "Polygon", "coordinates": [ [ [ 430000.0, 4587200.0 ], [ 430000.0, 4587600.0 ], [ 429600.0, 4587600.0 ], [ 429600.0, 4587200.0 ], [ 430000.0, 4587200.0 ] ] ] } },
{ "type": "Feature", "properties": { "cell_id": "C022_034", "tree_count": 368, "species_list": [ "Acer buergerianum", "Acer negundo", "Brachychiton populneus", "Celtis australis", "Citrus × aurantium", "Crataegus x media 'Paul's Scarlet'", "Cupressus sempervirens", "Erythrina crista-galli", "Hesperocyparis arizonica", "Hesperocyparis glabra", "Koelreuteria paniculata", "Koelreuteria paniculata 'Fastigiata'", "Malus PERPETU® 'Evereste'", "Olea europaea", "Pinus halepensis", "Platanus × acerifolia", "Pyrus calleryana 'Chanticleer'", "Robinia pseudoacacia", "Robinia × margaretta 'Pink Cascade'", "Styphnolobium japonicum", "Styphnolobium japonicum 'Columnare'", "Tilia x europaea", "Ulmus pumila" ], "district_name": "HORTA - GUINARDÓ", "barri_name": "HORTA", "dominant_myco_type": "AM", "am_pct": 73.91, "em_pct": 0.27, "nm_pct": 25.82, "am_blindness_flag": false, "trees_young_pct": 11.68, "cell_x0": 429600, "cell_y0": 4587600 }, "geometry": { "type": "Polygon", "coordinates": [ [ [ 430000.0, 4587600.0 ], [ 430000.0, 4588000.0 ], [ 429600.0, 4588000.0 ], [ 429600.0, 4587600.0 ], [ 430000.0, 4587600.0 ] ] ] } },
{ "type": "Feature", "properties": { "cell_id": "C022_035", "tree_count": 63, "species_list": [ "Catalpa bignonioides", "Celtis australis", "Cercis siliquastrum", "Cupressus sempervirens", "Ligustrum lucidum", "Pinus pinea", "Platanus × acerifolia", "Populus nigra 'Italica'" ], "district_name": "HORTA - GUINARDÓ", "barri_name": "HORTA", "dominant_myco_type": "AM", "am_pct": 68.25, "em_pct": 9.52, "nm_pct": 22.22, "am_blindness_flag": false, "trees_young_pct": 3.17, "cell_x0": 429600, "cell_y0": 4588000 }, "geometry": { "type": "Polygon", "coordinates": [ [ [ 430000.0, 4588000.0 ], [ 430000.0, 4588400.0 ], [ 429600.0, 4588400.0 ], [ 429600.0, 4588000.0 ], [ 430000.0, 4588000.0 ] ] ] } },
{ "type": "Feature", "properties": { "cell_id": "C022_036", "tree_count": 1, "species_list": [ "Tilia platyphyllos" ], "district_name": "NOU BARRIS", "barri_name": "CANYELLES", "dominant_myco_type": "EM", "am_pct": 0.0, "em_pct": 100.0, "nm_pct": 0.0, "am_blindness_flag": false, "trees_young_pct": 0.0, "cell_x0": 429600, "cell_y0": 4588400 }, "geometry": { "type": "Polygon", "coordinates": [ [ [ 430000.0, 4588400.0 ], [ 430000.0, 4588800.0 ], [ 429600.0, 4588800.0 ], [ 429600.0, 4588400.0 ], [ 430000.0, 4588400.0 ] ] ] } },
{ "type": "Feature", "properties": { "cell_id": "C023_013", "tree_count": 109, "species_list": [ "Acacia baileyana", "Brachychiton acerifolius", "Broussonetia papyrifera", "Casuarina cunninghamiana", "Celtis australis", "Cercis siliquastrum", "Citrus × aurantium", "Cupressus sempervirens", "Eriobotrya japonica", "Ficus carica", "Firmiana simplex", "Jacaranda mimosifolia", "Laurus nobilis", "Pinus halepensis", "Pinus pinea", "Populus alba", "Quercus ilex", "Quercus suber", "Ulmus pumila" ], "district_name": "SANTS - MONTJUÏC", "barri_name": "EL POBLE SEC", "dominant_myco_type": "AM", "am_pct": 56.88, "em_pct": 22.02, "nm_pct": 21.1, "am_blindness_flag": false, "trees_young_pct": 8.26, "cell_x0": 430000, "cell_y0": 4579200 }, "geometry": { "type": "Polygon", "coordinates": [ [ [ 430400.0, 4579200.0 ], [ 430400.0, 4579600.0 ], [ 430000.0, 4579600.0 ], [ 430000.0, 4579200.0 ], [ 430400.0, 4579200.0 ] ] ] } },
{ "type": "Feature", "properties": { "cell_id": "C023_014", "tree_count": 299, "species_list": [ "Aesculus hippocastanum", "Brachychiton populneus", "Castanea sativa", "Casuarina cunninghamiana", "Cedrus atlantica 'Pendula'", "Cedrus deodara", "Celtis australis", "Ceratonia siliqua", "Cercis siliquastrum", "Citrus × aurantium", "Cupressus sempervirens", "Firmiana simplex", "Harpephyllum caffrum", "Hesperocyparis glabra", "Hesperocyparis macrocarpa", "Jacaranda mimosifolia", "Laurus nobilis", "Ligustrum japonicum", "Ligustrum lucidum", "Nerium oleander", "Olea europaea", "Parkinsonia aculeata", "Phytolacca dioica", "Pinus halepensis", "Pinus pinea", "Platanus × acerifolia", "Quercus ilex", "Robinia pseudoacacia", "Schinus lentiscifolia", "Schinus molle", "Styphnolobium japonicum", "Styphnolobium japonicum 'Dot'", "Tipuana tipu", "Ulmus pumila", "Washingtonia filifera" ], "district_name": "SANTS - MONTJUÏC", "barri_name": "EL POBLE SEC", "dominant_myco_type": "AM", "am_pct": 63.21, "em_pct": 15.05, "nm_pct": 21.74, "am_blindness_flag": false, "trees_young_pct": 1.67, "cell_x0": 430000, "cell_y0": 4579600 }, "geometry": { "type": "Polygon", "coordinates": [ [ [ 430400.0, 4579600.0 ], [ 430400.0, 4580000.0 ], [ 430000.0, 4580000.0 ], [ 430000.0, 4579600.0 ], [ 430400.0, 4579600.0 ] ] ] } },
{ "type": "Feature", "properties": { "cell_id": "C023_015", "tree_count": 354, "species_list": [ "Acer platanoides 'Columnare'", "Aesculus hippocastanum", "Albizia julibrissin", "Brachychiton acerifolius", "Brachychiton populneus", "Celtis australis", "Celtis occidentalis", "Celtis sinensis", "Citrus × aurantium", "Ginkgo biloba 'Fastigiata'", "Gleditsia triacanthos", "Hibiscus syriacus", "Ligustrum japonicum", "Pinus halepensis", "Pinus pinea", "Pistacia chinensis", "Platanus × acerifolia", "Populus nigra", "Prunus cerasifera 'Pissardii'", "Quercus ilex", "Robinia pseudoacacia", "Styphnolobium japonicum", "Tipuana tipu", "Ulmus pumila", "X chitalpa tashkentensis 'minsum' SUMMER BELLS®" ], "district_name": "SANTS - MONTJUÏC", "barri_name": "EL POBLE SEC", "dominant_myco_type": "AM", "am_pct": 82.77, "em_pct": 9.6, "nm_pct": 7.63, "am_blindness_flag": true, "trees_young_pct": 7.91, "cell_x0": 430000, "cell_y0": 4580000 }, "geometry": { "type": "Polygon", "coordinates": [ [ [ 430400.0, 4580000.0 ], [ 430400.0, 4580400.0 ], [ 430000.0, 4580400.0 ], [ 430000.0, 4580000.0 ], [ 430400.0, 4580000.0 ] ] ] } },
{ "type": "Feature", "properties": { "cell_id": "C023_016", "tree_count": 411, "species_list": [ "Acer buergerianum", "Acer platanoides 'Columnare'", "Albizia julibrissin", "Brachychiton acerifolius", "Brachychiton populneus", "Celtis australis", "Celtis sinensis", "Ficus carica", "Ginkgo biloba", "Ginkgo biloba 'Fastigiata Blagon'", "Ginkgo biloba 'Fastigiata'", "Gleditsia triacanthos 'sunburst'", "Hibiscus syriacus", "Jacaranda mimosifolia", "Koelreuteria paniculata 'Fastigiata'", "Melia azedarach", "Myrtus communis", "Pistacia chinensis", "Platanus × acerifolia", "Prunus cerasifera 'Pissardii'", "Pyrus calleryana 'Chanticleer'", "Robinia pseudoacacia", "Styphnolobium japonicum", "Tipuana tipu", "X chitalpa tashkentensis 'minsum' SUMMER BELLS®" ], "district_name": "SANTS - MONTJUÏC", "barri_name": "EL POBLE SEC", "dominant_myco_type": "AM", "am_pct": 86.62, "em_pct": 0.0, "nm_pct": 13.38, "am_blindness_flag": true, "trees_young_pct": 11.19, "cell_x0": 430000, "cell_y0": 4580400 }, "geometry": { "type": "Polygon", "coordinates": [ [ [ 430400.0, 4580400.0 ], [ 430400.0, 4580800.0 ], [ 430000.0, 4580800.0 ], [ 430000.0, 4580400.0 ], [ 430400.0, 4580400.0 ] ] ] } },
{ "type": "Feature", "properties": { "cell_id": "C023_017", "tree_count": 310, "species_list": [ "Acacia retinodes", "Acer monspessulanum", "Bauhinia forficata subsp. pruinosa", "Celtis australis", "Cercis siliquastrum", "Cupressus sempervirens", "Erythrina crista-galli", "Erythrina falcata", "Ginkgo biloba", "Jacaranda mimosifolia", "Ligustrum lucidum", "Liquidambar styraciflua", "Magnolia grandiflora", "Magnolia grandiflora 'Gallisoniensis'", "Melia azedarach", "Myrtus communis", "Platanus × acerifolia", "Prunus amygdalus", "Quercus robur", "Styphnolobium japonicum", "Tamarix gallica", "Tipuana tipu" ], "district_name": "EIXAMPLE", "barri_name": "SANT ANTONI", "dominant_myco_type": "AM", "am_pct": 92.26, "em_pct": 4.84, "nm_pct": 2.9, "am_blindness_flag": true, "trees_young_pct": 5.48, "cell_x0": 430000, "cell_y0": 4580800 }, "geometry": { "type": "Polygon", "coordinates": [ [ [ 430400.0, 4580800.0 ], [ 430400.0, 4581200.0 ], [ 430000.0, 4581200.0 ], [ 430000.0, 4580800.0 ], [ 430400.0, 4580800.0 ] ] ] } },
{ "type": "Feature", "properties": { "cell_id": "C023_018", "tree_count": 320, "species_list": [ "Acer monspessulanum", "Albizia julibrissin", "Brachychiton populneus", "Celtis australis", "Cercis siliquastrum", "Elaeagnus pungens", "Erythrina crista-galli", "Eugenia uniflora", "Ginkgo biloba", "Jacaranda mimosifolia", "Ligustrum japonicum", "Ligustrum lucidum", "Magnolia grandiflora", "Magnolia grandiflora 'Goliath'", "Melia azedarach", "Myrtus communis", "Parrotia persica 'Vanessa'", "Platanus × acerifolia", "Quercus ilex", "Quercus suber", "Robinia pseudoacacia", "Styphnolobium japonicum", "Tipuana tipu", "Washingtonia filifera" ], "district_name": "CIUTAT VELLA", "barri_name": "EL RAVAL", "dominant_myco_type": "AM", "am_pct": 86.88, "em_pct": 10.31, "nm_pct": 2.81, "am_blindness_flag": true, "trees_young_pct": 6.88, "cell_x0": 430000, "cell_y0": 4581200 }, "geometry": { "type": "Polygon", "coordinates": [ [ [ 430400.0, 4581200.0 ], [ 430400.0, 4581600.0 ], [ 430000.0, 4581600.0 ], [ 430000.0, 4581200.0 ], [ 430400.0, 4581200.0 ] ] ] } },
{ "type": "Feature", "properties": { "cell_id": "C023_019", "tree_count": 371, "species_list": [ "Aesculus hippocastanum", "Brachychiton populneus", "Casuarina cunninghamiana", "Celtis australis", "Celtis sinensis", "Cercis siliquastrum", "Eriobotrya japonica", "Fraxinus ornus OBELISK® 'Paus Johannes-Paulus II'", "Ginkgo biloba 'Fastigiata Blagon'", "Grevillea robusta", "Hibiscus syriacus", "Jacaranda mimosifolia", "Koelreuteria paniculata", "Ligustrum japonicum", "Ligustrum lucidum", "Olea europaea", "Parkinsonia aculeata", "Phoenix dactylifera", "Platanus orientalis", "Platanus × acerifolia", "Quercus ilex", "Robinia pseudoacacia", "Styphnolobium japonicum", "Tilia x euchlora", "Tilia x europaea", "Tipuana tipu", "Ulmus pumila", "Washingtonia filifera var. robusta" ], "district_name": "EIXAMPLE", "barri_name": "EL RAVAL", "dominant_myco_type": "AM", "am_pct": 89.76, "em_pct": 1.89, "nm_pct": 8.36, "am_blindness_flag": true, "trees_young_pct": 8.36, "cell_x0": 430000, "cell_y0": 4581600 }, "geometry": { "type": "Polygon", "coordinates": [ [ [ 430400.0, 4581600.0 ], [ 430400.0, 4582000.0 ], [ 430000.0, 4582000.0 ], [ 430000.0, 4581600.0 ], [ 430400.0, 4581600.0 ] ] ] } },
{ "type": "Feature", "properties": { "cell_id": "C023_020", "tree_count": 378, "species_list": [ "Acer monspessulanum", "Bauhinia purpurea", "Celtis australis", "Ginkgo biloba", "Magnolia x soulangeana", "Malus x moerlandsii 'Mokum'", "Platanus orientalis", "Platanus × acerifolia", "Prunus cerasifera 'Nigra'", "Pyrus calleryana 'Chanticleer'", "Tamarix africana", "Tilia tomentosa", "Tilia x euchlora", "Tilia x europaea", "Washingtonia filifera var. robusta" ], "district_name": "EIXAMPLE", "barri_name": "LA DRETA DE LEIXAMPLE", "dominant_myco_type": "AM", "am_pct": 63.23, "em_pct": 3.44, "nm_pct": 33.33, "am_blindness_flag": false, "trees_young_pct": 8.73, "cell_x0": 430000, "cell_y0": 4582000 }, "geometry": { "type": "Polygon", "coordinates": [ [ [ 430400.0, 4582000.0 ], [ 430400.0, 4582400.0 ], [ 430000.0, 4582400.0 ], [ 430000.0, 4582000.0 ], [ 430400.0, 4582000.0 ] ] ] } },
{ "type": "Feature", "properties": { "cell_id": "C023_021", "tree_count": 458, "species_list": [ "Acer monspessulanum", "Acer saccharinum", "Aesculus hippocastanum", "Brachychiton acerifolius", "Brachychiton populneus", "Celtis australis", "Citrus × aurantium", "Firmiana simplex", "Ginkgo biloba 'Autumn Gold'", "Gleditsia triacanthos", "Handroanthus impetiginosus", "Magnolia x soulangeana", "Malus PERPETU® 'Evereste'", "Malus x moerlandsii 'Liset'", "Malus x robusta 'Red Sentinel'", "Melia azedarach", "Pinus pinea", "Pistacia chinensis", "Platanus orientalis", "Platanus × acerifolia", "Pyrus calleryana 'Chanticleer'", "Tilia tomentosa", "Tilia x euchlora", "Tilia x europaea", "Ulmus pumila", "Zelkova serrata" ], "district_name": "EIXAMPLE", "barri_name": "LA DRETA DE LEIXAMPLE", "dominant_myco_type": "AM", "am_pct": 84.28, "em_pct": 1.75, "nm_pct": 13.97, "am_blindness_flag": true, "trees_young_pct": 14.63, "cell_x0": 430000, "cell_y0": 4582400 }, "geometry": { "type": "Polygon", "coordinates": [ [ [ 430400.0, 4582400.0 ], [ 430400.0, 4582800.0 ], [ 430000.0, 4582800.0 ], [ 430000.0, 4582400.0 ], [ 430400.0, 4582400.0 ] ] ] } },
{ "type": "Feature", "properties": { "cell_id": "C023_022", "tree_count": 465, "species_list": [ "Celtis australis", "Cercis siliquastrum", "Citrus × aurantium", "Cupressus sempervirens", "Eugenia uniflora 'Etna Fire'", "Gleditsia triacanthos f. inermis", "Magnolia grandiflora", "Platanus orientalis", "Platanus × acerifolia", "Populus nigra 'Italica'", "Prunus cerasifera 'Pissardii'", "Quercus ilex", "Robinia pseudoacacia", "Tilia tomentosa", "Tilia x euchlora", "Washingtonia filifera var. robusta" ], "district_name": "EIXAMPLE", "barri_name": "LA DRETA DE LEIXAMPLE", "dominant_myco_type": "AM", "am_pct": 88.17, "em_pct": 1.29, "nm_pct": 10.54, "am_blindness_flag": true, "trees_young_pct": 2.15, "cell_x0": 430000, "cell_y0": 4582800 }, "geometry": { "type": "Polygon", "coordinates": [ [ [ 430400.0, 4582800.0 ], [ 430400.0, 4583200.0 ], [ 430000.0, 4583200.0 ], [ 430000.0, 4582800.0 ], [ 430400.0, 4582800.0 ] ] ] } },
{ "type": "Feature", "properties": { "cell_id": "C023_023", "tree_count": 502, "species_list": [ "Acer monspessulanum", "Brachychiton acerifolius", "Celtis australis", "Celtis sinensis", "Cercis canadensis", "Cercis siliquastrum", "Cupressus sempervirens", "Ginkgo biloba 'Fastigiata Blagon'", "Gleditsia triacanthos", "Jacaranda mimosifolia", "Koelreuteria paniculata", "Ligustrum lucidum", "Olea europaea", "Paulownia tomentosa", "Platanus orientalis", "Platanus × acerifolia", "Prunus amygdalus", "Quercus ilex", "Robinia pseudoacacia", "Styphnolobium japonicum", "Tilia tomentosa", "Tilia x euchlora", "Tipuana tipu", "Ulmus pumila", "Washingtonia filifera" ], "district_name": "EIXAMPLE", "barri_name": "LA DRETA DE LEIXAMPLE", "dominant_myco_type": "AM", "am_pct": 77.29, "em_pct": 15.34, "nm_pct": 7.37, "am_blindness_flag": false, "trees_young_pct": 6.57, "cell_x0": 430000, "cell_y0": 4583200 }, "geometry": { "type": "Polygon", "coordinates": [ [ [ 430400.0, 4583200.0 ], [ 430400.0, 4583600.0 ], [ 430000.0, 4583600.0 ], [ 430000.0, 4583200.0 ], [ 430400.0, 4583200.0 ] ] ] } },
{ "type": "Feature", "properties": { "cell_id": "C023_024", "tree_count": 433, "species_list": [ "Acer saccharinum", "Bauhinia variegata", "Casuarina cunninghamiana", "Catalpa bignonioides", "Celtis australis", "Cercis siliquastrum", "Cupressus sempervirens", "Koelreuteria paniculata", "Ligustrum japonicum 'Texanum'", "Ligustrum lucidum", "Liquidambar styraciflua", "Melia azedarach", "Paulownia tomentosa", "Platanus × acerifolia", "Prunus cerasifera 'Pissardii'", "Robinia pseudoacacia", "Schinus molle", "Styphnolobium japonicum", "Tamarix ramosissima", "Tipuana tipu" ], "district_name": "GRÀCIA", "barri_name": "EL CAMP DEN GRASSOT I GRÀCIA NOVA", "dominant_myco_type": "AM", "am_pct": 93.3, "em_pct": 0.0, "nm_pct": 6.7, "am_blindness_flag": true, "trees_young_pct": 5.54, "cell_x0": 430000, "cell_y0": 4583600 }, "geometry": { "type": "Polygon", "coordinates": [ [ [ 430400.0, 4583600.0 ], [ 430400.0, 4584000.0 ], [ 430000.0, 4584000.0 ], [ 430000.0, 4583600.0 ], [ 430400.0, 4583600.0 ] ] ] } },
{ "type": "Feature", "properties": { "cell_id": "C023_025", "tree_count": 460, "species_list": [ "Acer campestre", "Acer monspessulanum", "Acer saccharinum", "Albizia julibrissin", "Bauhinia forficata subsp. pruinosa", "Bauhinia purpurea", "Bauhinia variegata", "Celtis australis", "Cercis siliquastrum", "Citrus × aurantium", "Corylus colurna", "Erythrina falcata", "Ginkgo biloba 'Autumn Gold'", "Gleditsia triacanthos f. inermis", "Jacaranda mimosifolia", "Koelreuteria paniculata", "Ligustrum lucidum", "Magnolia grandiflora", "Melia azedarach", "Paulownia tomentosa", "Pinus halepensis", "Platanus × acerifolia", "Prunus cerasifera 'Pissardii'", "Prunus serrulata 'Kanzan'", "Pyrus calleryana 'Chanticleer'", "Quercus ilex", "Robinia pseudoacacia", "Styphnolobium japonicum", "Tamarix ramosissima", "Tilia x europaea", "Tipuana tipu", "Ulmus pumila", "Zelkova serrata", "Zelkova serrata GREEN VASE® 'Flekova'" ], "district_name": "GRÀCIA", "barri_name": "EL CAMP DEN GRASSOT I GRÀCIA NOVA", "dominant_myco_type": "AM", "am_pct": 88.04, "em_pct": 4.35, "nm_pct": 7.61, "am_blindness_flag": true, "trees_young_pct": 17.39, "cell_x0": 430000, "cell_y0": 4584000 }, "geometry": { "type": "Polygon", "coordinates": [ [ [ 430400.0, 4584000.0 ], [ 430400.0, 4584400.0 ], [ 430000.0, 4584400.0 ], [ 430000.0, 4584000.0 ], [ 430400.0, 4584000.0 ] ] ] } },
{ "type": "Feature", "properties": { "cell_id": "C023_026", "tree_count": 345, "species_list": [ "Acer monspessulanum", "Celtis australis", "Cormus domestica", "Corylus colurna", "Ginkgo biloba", "Ginkgo biloba 'Autumn Gold'", "Gleditsia triacanthos f. inermis", "Jacaranda mimosifolia", "Magnolia grandiflora", "Malus PERPETU® 'Evereste'", "Melia azedarach", "Platanus × acerifolia", "Prunus serrulata 'Kanzan'", "Punica granatum", "Pyrus calleryana 'Chanticleer'", "Quercus ilex", "Robinia pseudoacacia", "Styphnolobium japonicum", "Styphnolobium japonicum 'Dot'", "Tipuana tipu", "Ulmus pumila", "X chitalpa tashkentensis 'minsum' SUMMER BELLS®" ], "district_name": "GRÀCIA", "barri_name": "EL CAMP DEN GRASSOT I GRÀCIA NOVA", "dominant_myco_type": "AM", "am_pct": 86.38, "em_pct": 4.64, "nm_pct": 8.99, "am_blindness_flag": true, "trees_young_pct": 10.72, "cell_x0": 430000, "cell_y0": 4584400 }, "geometry": { "type": "Polygon", "coordinates": [ [ [ 430400.0, 4584400.0 ], [ 430400.0, 4584800.0 ], [ 430000.0, 4584800.0 ], [ 430000.0, 4584400.0 ], [ 430400.0, 4584400.0 ] ] ] } },
{ "type": "Feature", "properties": { "cell_id": "C023_027", "tree_count": 550, "species_list": [ "Acer campestre 'Elsrijk'", "Ailanthus altissima", "Brachychiton acerifolius", "Brachychiton populneus", "Cedrus deodara", "Celtis australis", "Citrus × aurantium", "Cupressus sempervirens", "Fraxinus ornus 'Mecsek'", "Ginkgo biloba", "Gleditsia triacanthos", "Gleditsia triacanthos f. inermis", "Jacaranda mimosifolia", "Koelreuteria paniculata 'Fastigiata'", "Ligustrum lucidum", "Ligustrum lucidum 'Aureovariegatum'", "Melia azedarach", "Morus alba 'Fruitless'", "Parrotia persica 'Vanessa'", "Phoenix canariensis", "Photinia davidiana", "Pinus pinea", "Platanus × acerifolia", "Populus nigra", "Populus nigra 'Italica'", "Prunus cerasifera 'Pissardii'", "Pyrus calleryana 'Chanticleer'", "Styphnolobium japonicum", "Styphnolobium japonicum 'Columnare'", "Styphnolobium japonicum 'Dot'", "Taxus baccata", "Tipuana tipu", "Ulmus pumila", "Washingtonia filifera", "Washingtonia filifera var. robusta", "X chitalpa tashkentensis 'minsum' SUMMER BELLS®" ], "district_name": "HORTA - GUINARDÓ", "barri_name": "EL BAIX GUINARDÓ", "dominant_myco_type": "AM", "am_pct": 77.45, "em_pct": 2.73, "nm_pct": 19.82, "am_blindness_flag": false, "trees_young_pct": 8.0, "cell_x0": 430000, "cell_y0": 4584800 }, "geometry": { "type": "Polygon", "coordinates": [ [ [ 430400.0, 4584800.0 ], [ 430400.0, 4585200.0 ], [ 430000.0, 4585200.0 ], [ 430000.0, 4584800.0 ], [ 430400.0, 4584800.0 ] ] ] } },
{ "type": "Feature", "properties": { "cell_id": "C023_028", "tree_count": 291, "species_list": [ "Abies alba", "Abies pinsapo", "Acacia dealbata", "Ailanthus altissima", "Buddleja davidii", "Cedrus deodara", "Cercis siliquastrum", "Citrus × aurantium", "Cupressus sempervirens", "Eriobotrya japonica", "Firmiana simplex", "Grevillea robusta", "Hesperocyparis macrocarpa", "Hibiscus syriacus", "Jacaranda mimosifolia", "Koelreuteria paniculata 'Fastigiata'", "Laurus nobilis", "Ligustrum lucidum", "Liquidambar styraciflua", "Magnolia grandiflora", "Melia azedarach", "Morus alba", "Morus alba 'Multicaulis'", "Olea europaea", "Parrotia persica 'Vanessa'", "Photinia davidiana", "Phytolacca dioica", "Pinus halepensis", "Pinus pinea", "Platanus × acerifolia", "Podocarpus neriifolius", "Prunus amygdalus", "Prunus avium", "Prunus cerasifera 'Pissardii'", "Pyrus calleryana 'Chanticleer'", "Quercus ilex", "Robinia pseudoacacia", "Styphnolobium japonicum", "Styphnolobium japonicum 'Dot'", "Tamarix gallica", "Tilia cordata", "Tilia platyphyllos", "Tilia x euchlora", "Tipuana tipu", "Ulmus pumila", "Washingtonia filifera var. robusta", "X hesperotropsis leylandii" ], "district_name": "HORTA - GUINARDÓ", "barri_name": "CAN BARÓ", "dominant_myco_type": "AM", "am_pct": 61.17, "em_pct": 16.49, "nm_pct": 22.34, "am_blindness_flag": false, "trees_young_pct": 5.5, "cell_x0": 430000, "cell_y0": 4585200 }, "geometry": { "type": "Polygon", "coordinates": [ [ [ 430400.0, 4585200.0 ], [ 430400.0, 4585600.0 ], [ 430000.0, 4585600.0 ], [ 430000.0, 4585200.0 ], [ 430400.0, 4585200.0 ] ] ] } },
{ "type": "Feature", "properties": { "cell_id": "C023_029", "tree_count": 166, "species_list": [ "Acer pseudoplatanus", "Ailanthus altissima", "Celtis australis", "Cercis siliquastrum", "Cupressus sempervirens", "Cupressus sempervirens 'Stricta'", "Eriobotrya japonica", "Ficus carica", "Firmiana simplex", "Laurus nobilis", "Ligustrum japonicum 'Texanum'", "Ligustrum lucidum", "Olea europaea", "Phoenix dactylifera", "Photinia x fraseri 'Red Robin'", "Pinus halepensis", "Platanus × acerifolia", "Prunus serrulata", "Pyrus calleryana 'Chanticleer'", "Quercus ilex", "Quercus robur", "Robinia pseudoacacia", "Sambucus nigra", "Styphnolobium japonicum", "Tilia platyphyllos", "Ulmus pumila" ], "district_name": "HORTA - GUINARDÓ", "barri_name": "LA FONT DEN FARGUES", "dominant_myco_type": "AM", "am_pct": 51.2, "em_pct": 43.98, "nm_pct": 4.82, "am_blindness_flag": false, "trees_young_pct": 33.13, "cell_x0": 430000, "cell_y0": 4585600 }, "geometry": { "type": "Polygon", "coordinates": [ [ [ 430400.0, 4585600.0 ], [ 430400.0, 4586000.0 ], [ 430000.0, 4586000.0 ], [ 430000.0, 4585600.0 ], [ 430400.0, 4585600.0 ] ] ] } },
{ "type": "Feature", "properties": { "cell_id": "C023_030", "tree_count": 402, "species_list": [ "Abies pinsapo", "Cercis siliquastrum", "Citrus × aurantium", "Crataegus x media 'Paul's Scarlet'", "Cupressus sempervirens", "Firmiana simplex", "Ginkgo biloba", "Hibiscus syriacus", "Ligustrum japonicum 'Texanum'", "Malus PERPETU® 'Evereste'", "Melia azedarach", "Parrotia persica 'Vanessa'", "Photinia x fraseri 'Red Robin'", "Pinus halepensis", "Platanus × acerifolia", "Populus nigra 'Italica'", "Prunus cerasifera 'Pissardii'", "Pyrus calleryana 'Chanticleer'", "Quercus ilex", "Quercus suber", "Robinia pseudoacacia", "Robinia pseudoacacia 'Bessoniana'", "Styphnolobium japonicum", "Tilia tomentosa", "Tilia x europaea", "Ulmus pumila" ], "district_name": "HORTA - GUINARDÓ", "barri_name": "LA FONT DEN FARGUES", "dominant_myco_type": "AM", "am_pct": 65.92, "em_pct": 1.74, "nm_pct": 32.34, "am_blindness_flag": false, "trees_young_pct": 7.96, "cell_x0": 430000, "cell_y0": 4586000 }, "geometry": { "type": "Polygon", "coordinates": [ [ [ 430400.0, 4586000.0 ], [ 430400.0, 4586400.0 ], [ 430000.0, 4586400.0 ], [ 430000.0, 4586000.0 ], [ 430400.0, 4586000.0 ] ] ] } },
{ "type": "Feature", "properties": { "cell_id": "C023_031", "tree_count": 456, "species_list": [ "Acer buergerianum", "Acer platanoides", "Acer platanoides 'Columnare'", "Bauhinia variegata", "Brachychiton populneus", "Celtis australis", "Celtis occidentalis", "Celtis sinensis", "Cercis siliquastrum", "Citrus × aurantium", "Corylus colurna", "Cupressus sempervirens", "Ficus carica", "Firmiana simplex", "Jacaranda mimosifolia", "Koelreuteria paniculata 'Fastigiata'", "Ligustrum lucidum", "Malus x purpurea", "Melia azedarach", "Olea europaea", "Platanus × acerifolia", "Populus nigra", "Populus simonii", "Prunus avium", "Prunus cerasifera 'Pissardii'", "Pyrus calleryana 'Chanticleer'", "Robinia pseudoacacia", "Styphnolobium japonicum", "Tamarix gallica", "Tipuana tipu", "Ulmus pumila" ], "district_name": "HORTA - GUINARDÓ", "barri_name": "LA FONT DEN FARGUES", "dominant_myco_type": "AM", "am_pct": 97.81, "em_pct": 0.66, "nm_pct": 1.54, "am_blindness_flag": true, "trees_young_pct": 7.46, "cell_x0": 430000, "cell_y0": 4586400 }, "geometry": { "type": "Polygon", "coordinates": [ [ [ 430400.0, 4586400.0 ], [ 430400.0, 4586800.0 ], [ 430000.0, 4586800.0 ], [ 430000.0, 4586400.0 ], [ 430400.0, 4586400.0 ] ] ] } },
{ "type": "Feature", "properties": { "cell_id": "C023_032", "tree_count": 354, "species_list": [ "Acer buergerianum", "Acer monspessulanum", "Acer × freemanii AUTUMN BLAZE® 'Jeffersred'", "Brachychiton populneus", "Cedrus deodara", "Cercis siliquastrum", "Citrus × aurantium", "Cocculus laurifolius", "Corylus colurna", "Cupressus sempervirens", "Cupressus sempervirens 'Stricta'", "Eriobotrya japonica", "Ginkgo biloba", "Gleditsia triacanthos f. inermis", "Jacaranda mimosifolia", "Koelreuteria paniculata", "Koelreuteria paniculata 'Fastigiata'", "Ligustrum lucidum", "Parrotia persica 'Vanessa'", "Pinus halepensis", "Pinus pinea", "Platanus × acerifolia", "Prunus cerasifera 'Pissardii'", "Pyrus calleryana 'Chanticleer'", "Robinia pseudoacacia", "Robinia pseudoacacia 'Bessoniana'", "Robinia pseudoacacia 'Pyramidalis'", "Styphnolobium japonicum", "Styphnolobium japonicum 'Columnare'", "Tetraclinis articulata", "Thuja occidentalis", "Tipuana tipu", "Trachycarpus fortunei", "Ulmus pumila", "Washingtonia filifera", "X hesperotropsis leylandii", "Zelkova serrata GREEN VASE® 'Flekova'" ], "district_name": "NOU BARRIS", "barri_name": "EL TURÓ DE LA PEIRA", "dominant_myco_type": "AM", "am_pct": 72.32, "em_pct": 5.93, "nm_pct": 21.75, "am_blindness_flag": false, "trees_young_pct": 16.38, "cell_x0": 430000, "cell_y0": 4586800 }, "geometry": { "type": "Polygon", "coordinates": [ [ [ 430400.0, 4586800.0 ], [ 430400.0, 4587200.0 ], [ 430000.0, 4587200.0 ], [ 430000.0, 4586800.0 ], [ 430400.0, 4586800.0 ] ] ] } },
{ "type": "Feature", "properties": { "cell_id": "C023_033", "tree_count": 408, "species_list": [ "Acer buergerianum", "Acer monspessulanum", "Acer negundo", "Albizia julibrissin", "Brachychiton populneus", "Casuarina cunninghamiana", "Celtis australis", "Ceratonia siliqua", "Cercis siliquastrum", "Citrus × aurantium", "Eriobotrya japonica", "Erythrina crista-galli", "Ficus elastica", "Fraxinus angustifolia 'Raywood'", "Grevillea robusta", "Hesperocyparis glabra", "Jacaranda mimosifolia", "Koelreuteria paniculata", "Koelreuteria paniculata 'Fastigiata'", "Ligustrum lucidum", "Liquidambar styraciflua", "Melia azedarach", "Photinia x fraseri 'Red Robin'", "Pinus halepensis", "Platanus × acerifolia", "Populus alba 'Pyramidalis'", "Populus nigra 'Italica'", "Prunus amygdalus", "Prunus cerasifera 'Pissardii'", "Pyrus calleryana 'Chanticleer'", "Robinia pseudoacacia", "Robinia pseudoacacia 'Bessoniana'", "Styphnolobium japonicum", "Trachycarpus fortunei", "Ulmus pumila", "Washingtonia filifera", "Washingtonia filifera var. robusta" ], "district_name": "NOU BARRIS", "barri_name": "CAN PEGUERA", "dominant_myco_type": "AM", "am_pct": 80.15, "em_pct": 0.49, "nm_pct": 19.36, "am_blindness_flag": true, "trees_young_pct": 9.8, "cell_x0": 430000, "cell_y0": 4587200 }, "geometry": { "type": "Polygon", "coordinates": [ [ [ 430400.0, 4587200.0 ], [ 430400.0, 4587600.0 ], [ 430000.0, 4587600.0 ], [ 430000.0, 4587200.0 ], [ 430400.0, 4587200.0 ] ] ] } },
{ "type": "Feature", "properties": { "cell_id": "C023_034", "tree_count": 520, "species_list": [ "Acacia retinodes", "Acacia saligna", "Acer monspessulanum", "Acer pseudoplatanus", "Acer × freemanii AUTUMN BLAZE® 'Jeffersred'", "Ailanthus altissima", "Albizia julibrissin", "Brachychiton populneus", "Casuarina cunninghamiana", "Casuarina equisetifolia", "Cedrus deodara", "Celtis australis", "Cercis siliquastrum 'Rosea'", "Cupressus sempervirens", "Eriobotrya japonica", "Eucalyptus globulus", "Firmiana simplex", "Fraxinus angustifolia", "Fraxinus excelsior", "Ginkgo biloba", "Grevillea robusta", "Hesperocyparis glabra", "Hibiscus syriacus", "Jacaranda mimosifolia", "Koelreuteria paniculata", "Koelreuteria paniculata 'Fastigiata'", "Lagerstroemia indica", "Ligustrum lucidum", "Magnolia grandiflora", "Melia azedarach", "Morus nigra", "Olea europaea", "Paulownia tomentosa", "Phoenix dactylifera", "Photinia x fraseri 'Red Robin'", "Phytolacca dioica", "Pinus halepensis", "Pinus pinea", "Platanus × acerifolia", "Populus alba 'Pyramidalis'", "Populus nigra", "Populus nigra 'Italica'", "Populus simonii", "Prunus cerasifera", "Prunus cerasifera 'Pissardii'", "Pyrus calleryana 'Chanticleer'", "Robinia pseudoacacia", "Robinia pseudoacacia 'Bessoniana'", "Schinus molle", "Styphnolobium japonicum", "Tipuana tipu", "Washingtonia filifera", "Washingtonia filifera var. robusta" ], "district_name": "NOU BARRIS", "barri_name": "LA GUINEUETA", "dominant_myco_type": "AM", "am_pct": 69.62, "em_pct": 4.23, "nm_pct": 26.15, "am_blindness_flag": false, "trees_young_pct": 7.5, "cell_x0": 430000, "cell_y0": 4587600 }, "geometry": { "type": "Polygon", "coordinates": [ [ [ 430400.0, 4587600.0 ], [ 430400.0, 4588000.0 ], [ 430000.0, 4588000.0 ], [ 430000.0, 4587600.0 ], [ 430400.0, 4587600.0 ] ] ] } },
{ "type": "Feature", "properties": { "cell_id": "C023_035", "tree_count": 830, "species_list": [ "Acacia dealbata", "Acacia saligna", "Acer monspessulanum", "Acer negundo", "Acer × freemanii AUTUMN BLAZE® 'Jeffersred'", "Albizia julibrissin", "Arbutus unedo", "Bauhinia variegata", "Brachychiton populneus", "Carpinus betulus", "Casuarina cunninghamiana", "Catalpa bignonioides", "Cedrus deodara", "Celtis australis", "Celtis sinensis", "Ceratonia siliqua", "Cercis siliquastrum", "Citrus × aurantium", "Cupressus pendula", "Cupressus sempervirens", "Cupressus sempervirens 'Stricta'", "Eucalyptus camaldulensis", "Eucalyptus globulus", "Ficus carica", "Firmiana simplex", "Fraxinus angustifolia", "Fraxinus angustifolia 'Raywood'", "Fraxinus excelsior", "Fraxinus ornus OBELISK® 'Paus Johannes-Paulus II'", "Ginkgo biloba", "Gleditsia triacanthos", "Gleditsia triacanthos 'sunburst'", "Grevillea robusta", "Harpephyllum caffrum", "Jacaranda mimosifolia", "Koelreuteria paniculata", "Laurus nobilis", "Ligustrum lucidum", "Liquidambar styraciflua", "Magnolia grandiflora", "Melia azedarach", "Olea europaea", "Ostrya carpinifolia", "Paulownia tomentosa", "Phoenix canariensis", "Phytolacca dioica", "Pinus halepensis", "Pinus pinea", "Platanus × acerifolia", "Platycladus orientalis", "Populus nigra 'Italica'", "Prunus amygdalus", "Prunus cerasifera", "Prunus serrulata", "Quercus ilex", "Robinia pseudoacacia", "Robinia pseudoacacia 'Bessoniana'", "Schinus molle", "Styphnolobium japonicum", "Styphnolobium japonicum 'Columnare'", "Styphnolobium japonicum 'Dot'", "Tilia tomentosa", "Tilia x euchlora", "Tipuana tipu", "Trachycarpus fortunei", "Ulmus pumila", "Washingtonia filifera var. robusta", "X hesperotropsis leylandii" ], "district_name": "NOU BARRIS", "barri_name": "CANYELLES", "dominant_myco_type": "AM", "am_pct": 66.27, "em_pct": 23.61, "nm_pct": 10.12, "am_blindness_flag": false, "trees_young_pct": 3.13, "cell_x0": 430000, "cell_y0": 4588000 }, "geometry": { "type": "Polygon", "coordinates": [ [ [ 430400.0, 4588000.0 ], [ 430400.0, 4588400.0 ], [ 430000.0, 4588400.0 ], [ 430000.0, 4588000.0 ], [ 430400.0, 4588000.0 ] ] ] } },
{ "type": "Feature", "properties": { "cell_id": "C023_036", "tree_count": 54, "species_list": [ "Acer × freemanii AUTUMN BLAZE® 'Jeffersred'", "Carpinus betulus", "Cercis siliquastrum", "Citrus × aurantium", "Jacaranda mimosifolia", "Lagerstroemia indica", "Magnolia grandiflora", "Olea europaea", "Prunus cerasifera 'Pissardii'", "Tilia tomentosa", "Tilia x euchlora", "Tilia x europaea" ], "district_name": "NOU BARRIS", "barri_name": "CANYELLES", "dominant_myco_type": "AM", "am_pct": 59.26, "em_pct": 9.26, "nm_pct": 31.48, "am_blindness_flag": false, "trees_young_pct": 0.0, "cell_x0": 430000, "cell_y0": 4588400 }, "geometry": { "type": "Polygon", "coordinates": [ [ [ 430400.0, 4588400.0 ], [ 430400.0, 4588800.0 ], [ 430000.0, 4588800.0 ], [ 430000.0, 4588400.0 ], [ 430400.0, 4588400.0 ] ] ] } },
{ "type": "Feature", "properties": { "cell_id": "C024_013", "tree_count": 22, "species_list": [ "Olea europaea", "Parkinsonia aculeata", "Phoenix canariensis", "Pinus halepensis", "Pinus pinea" ], "district_name": "SANTS - MONTJUÏC", "barri_name": "EL POBLE SEC", "dominant_myco_type": "AM", "am_pct": 68.18, "em_pct": 31.82, "nm_pct": 0.0, "am_blindness_flag": false, "trees_young_pct": 0.0, "cell_x0": 430400, "cell_y0": 4579200 }, "geometry": { "type": "Polygon", "coordinates": [ [ [ 430800.0, 4579200.0 ], [ 430800.0, 4579600.0 ], [ 430400.0, 4579600.0 ], [ 430400.0, 4579200.0 ], [ 430800.0, 4579200.0 ] ] ] } },
{ "type": "Feature", "properties": { "cell_id": "C024_014", "tree_count": 146, "species_list": [ "Ceiba chodatii", "Celtis australis", "Cupressus sempervirens", "Ficus benghalensis", "Hesperocyparis glabra", "Jacaranda mimosifolia", "Koelreuteria paniculata", "Ligustrum japonicum", "Phoenix canariensis", "Phoenix dactylifera", "Pinus halepensis", "Tipuana tipu", "Ulmus pumila", "Washingtonia filifera", "Washingtonia filifera var. robusta" ], "district_name": "SANTS - MONTJUÏC", "barri_name": "EL POBLE SEC", "dominant_myco_type": "AM", "am_pct": 77.4, "em_pct": 1.37, "nm_pct": 21.23, "am_blindness_flag": false, "trees_young_pct": 0.68, "cell_x0": 430400, "cell_y0": 4579600 }, "geometry": { "type": "Polygon", "coordinates": [ [ [ 430800.0, 4579600.0 ], [ 430800.0, 4580000.0 ], [ 430400.0, 4580000.0 ], [ 430400.0, 4579600.0 ], [ 430800.0, 4579600.0 ] ] ] } },
{ "type": "Feature", "properties": { "cell_id": "C024_015", "tree_count": 353, "species_list": [ "Casuarina cunninghamiana", "Cedrus atlantica", "Celtis australis", "Celtis occidentalis", "Celtis sinensis", "Ceratonia siliqua", "Cercis siliquastrum", "Citrus × aurantium", "Cupressus sempervirens", "Elaeagnus angustifolia", "Grevillea robusta", "Harpephyllum caffrum", "Jacaranda mimosifolia", "Jasminum subhumile", "Ligustrum japonicum", "Ligustrum lucidum", "Lophostemon confertus", "Olea europaea", "Parkinsonia aculeata", "Phoenix reclinata", "Phytolacca dioica", "Pinus pinaster", "Platanus × acerifolia", "Prunus domestica", "Prunus serrulata 'Kanzan'", "Punica granatum", "Pyrus calleryana 'Chanticleer'", "Robinia pseudoacacia", "Schinus terebinthifolia", "Styphnolobium japonicum", "Tamarix gallica", "Tecoma stans", "Ulmus pumila", "Washingtonia filifera", "Washingtonia filifera var. robusta" ], "district_name": "SANTS - MONTJUÏC", "barri_name": "EL POBLE SEC", "dominant_myco_type": "AM", "am_pct": 86.4, "em_pct": 1.7, "nm_pct": 11.9, "am_blindness_flag": true, "trees_young_pct": 2.27, "cell_x0": 430400, "cell_y0": 4580000 }, "geometry": { "type": "Polygon", "coordinates": [ [ [ 430800.0, 4580000.0 ], [ 430800.0, 4580400.0 ], [ 430400.0, 4580400.0 ], [ 430400.0, 4580000.0 ], [ 430800.0, 4580000.0 ] ] ] } },
{ "type": "Feature", "properties": { "cell_id": "C024_016", "tree_count": 287, "species_list": [ "Acer platanoides 'Columnare'", "Brachychiton populneus", "Celtis australis", "Celtis occidentalis", "Celtis sinensis", "Cupressus sempervirens", "Cupressus sempervirens 'Stricta'", "Ginkgo biloba", "Hibiscus syriacus", "Jacaranda mimosifolia", "Ligustrum lucidum", "Magnolia grandiflora", "Melia azedarach", "Pistacia chinensis", "Platanus × acerifolia", "Populus alba", "Populus x canadensis", "Prunus cerasifera 'Pissardii'", "Pyrus calleryana 'Chanticleer'", "Quercus ilex", "Styphnolobium japonicum", "Tipuana tipu", "X chitalpa tashkentensis 'minsum' SUMMER BELLS®" ], "district_name": "SANTS - MONTJUÏC", "barri_name": "EL POBLE SEC", "dominant_myco_type": "AM", "am_pct": 85.37, "em_pct": 2.44, "nm_pct": 12.2, "am_blindness_flag": true, "trees_young_pct": 37.28, "cell_x0": 430400, "cell_y0": 4580400 }, "geometry": { "type": "Polygon", "coordinates": [ [ [ 430800.0, 4580400.0 ], [ 430800.0, 4580800.0 ], [ 430400.0, 4580800.0 ], [ 430400.0, 4580400.0 ], [ 430800.0, 4580400.0 ] ] ] } },
{ "type": "Feature", "properties": { "cell_id": "C024_017", "tree_count": 380, "species_list": [ "Brachychiton populneus", "Celtis australis", "Cercis siliquastrum", "Eugenia uniflora", "Ficus microcarpa", "Ginkgo biloba", "Grevillea robusta", "Jacaranda mimosifolia", "Ligustrum lucidum", "Magnolia grandiflora", "Morus alba", "Parkinsonia aculeata", "Paulownia tomentosa", "Phoenix canariensis", "Phoenix dactylifera", "Platanus × acerifolia", "Populus x canadensis", "Prunus cerasifera 'Pissardii'", "Quercus ilex", "Styphnolobium japonicum", "Tilia x europaea", "Tipuana tipu", "Washingtonia filifera", "Washingtonia filifera var. robusta", "X chitalpa tashkentensis 'minsum' SUMMER BELLS®" ], "district_name": "CIUTAT VELLA", "barri_name": "EL RAVAL", "dominant_myco_type": "AM", "am_pct": 91.32, "em_pct": 1.32, "nm_pct": 7.37, "am_blindness_flag": true, "trees_young_pct": 3.16, "cell_x0": 430400, "cell_y0": 4580800 }, "geometry": { "type": "Polygon", "coordinates": [ [ [ 430800.0, 4580800.0 ], [ 430800.0, 4581200.0 ], [ 430400.0, 4581200.0 ], [ 430400.0, 4580800.0 ], [ 430800.0, 4580800.0 ] ] ] } },
{ "type": "Feature", "properties": { "cell_id": "C024_018", "tree_count": 280, "species_list": [ "Acer monspessulanum", "Brachychiton populneus", "Catalpa bignonioides", "Celtis australis", "Celtis sinensis", "Cercis siliquastrum", "Citrus × aurantium", "Elaeagnus pungens", "Eugenia uniflora", "Grevillea robusta", "Jacaranda mimosifolia", "Ligustrum japonicum", "Ligustrum lucidum", "Magnolia grandiflora", "Melia azedarach", "Myrtus communis", "Phoenix dactylifera", "Platanus orientalis 'cuneata'", "Platanus × acerifolia", "Populus x canadensis", "Prunus cerasifera", "Prunus cerasifera 'Pissardii'", "Quercus ilex", "Quercus suber", "Robinia hispida", "Robinia pseudoacacia", "Robinia pseudoacacia 'Frisia'", "Styphnolobium japonicum", "Tilia cordata", "Tipuana tipu", "Washingtonia filifera", "Washingtonia filifera var. robusta", "X chitalpa tashkentensis 'minsum' SUMMER BELLS®" ], "district_name": "CIUTAT VELLA", "barri_name": "EL RAVAL", "dominant_myco_type": "AM", "am_pct": 88.93, "em_pct": 6.07, "nm_pct": 5.0, "am_blindness_flag": true, "trees_young_pct": 5.36, "cell_x0": 430400, "cell_y0": 4581200 }, "geometry": { "type": "Polygon", "coordinates": [ [ [ 430800.0, 4581200.0 ], [ 430800.0, 4581600.0 ], [ 430400.0, 4581600.0 ], [ 430400.0, 4581200.0 ], [ 430800.0, 4581200.0 ] ] ] } },
{ "type": "Feature", "properties": { "cell_id": "C024_019", "tree_count": 226, "species_list": [ "Acer negundo", "Araucaria heterophylla", "Bauhinia variegata", "Celtis australis", "Cercis siliquastrum", "Citrus × aurantium", "Cupressus sempervirens", "Firmiana simplex", "Ginkgo biloba 'Fastigiata'", "Handroanthus heptaphyllus", "Jacaranda mimosifolia", "Lagerstroemia indica", "Magnolia grandiflora", "Melia azedarach", "Phoenix canariensis", "Platanus × acerifolia", "Populus nigra", "Prunus cerasifera 'Pissardii'", "Punica granatum", "Pyrus calleryana 'Chanticleer'", "Quercus ilex", "Quercus robur", "Syagrus romanzoffiana", "Tipuana tipu", "Washingtonia filifera", "Washingtonia filifera var. robusta", "X chitalpa tashkentensis 'minsum' SUMMER BELLS®" ], "district_name": "CIUTAT VELLA", "barri_name": "EL RAVAL", "dominant_myco_type": "AM", "am_pct": 90.27, "em_pct": 5.31, "nm_pct": 4.42, "am_blindness_flag": true, "trees_young_pct": 5.75, "cell_x0": 430400, "cell_y0": 4581600 }, "geometry": { "type": "Polygon", "coordinates": [ [ [ 430800.0, 4581600.0 ], [ 430800.0, 4582000.0 ], [ 430400.0, 4582000.0 ], [ 430400.0, 4581600.0 ], [ 430800.0, 4581600.0 ] ] ] } },
{ "type": "Feature", "properties": { "cell_id": "C024_020", "tree_count": 363, "species_list": [ "Acer buergerianum", "Brachychiton populneus", "Celtis australis", "Erythrina crista-galli", "Erythrina falcata", "Ginkgo biloba 'Tremonia'", "Gleditsia triacanthos 'sunburst'", "Olea europaea", "Pinus halepensis", "Pistacia chinensis", "Platanus orientalis", "Platanus × acerifolia", "Punica granatum", "Quercus ilex", "Schinus lentiscifolia", "Tilia tomentosa", "Tilia x euchlora" ], "district_name": "EIXAMPLE", "barri_name": "LA DRETA DE LEIXAMPLE", "dominant_myco_type": "AM", "am_pct": 82.09, "em_pct": 12.4, "nm_pct": 5.51, "am_blindness_flag": true, "trees_young_pct": 6.89, "cell_x0": 430400, "cell_y0": 4582000 }, "geometry": { "type": "Polygon", "coordinates": [ [ [ 430800.0, 4582000.0 ], [ 430800.0, 4582400.0 ], [ 430400.0, 4582400.0 ], [ 430400.0, 4582000.0 ], [ 430800.0, 4582000.0 ] ] ] } },
{ "type": "Feature", "properties": { "cell_id": "C024_021", "tree_count": 445, "species_list": [ "Acer × freemanii AUTUMN BLAZE® 'Jeffersred'", "Aesculus hippocastanum", "Albizia julibrissin", "Brachychiton acerifolius", "Celtis australis", "Firmiana simplex", "Ginkgo biloba 'Autumn Gold'", "Gleditsia triacanthos", "Jacaranda mimosifolia", "Magnolia grandiflora", "Malus PERPETU® 'Evereste'", "Malus x moerlandsii 'Mokum'", "Malus x robusta 'Red Sentinel'", "Olea europaea", "Platanus orientalis", "Platanus × acerifolia", "Quercus ilex", "Schinus molle", "Tilia x euchlora", "Tilia x europaea", "Tipuana tipu", "Ulmus pumila" ], "district_name": "EIXAMPLE", "barri_name": "LA DRETA DE LEIXAMPLE", "dominant_myco_type": "AM", "am_pct": 88.31, "em_pct": 0.22, "nm_pct": 11.46, "am_blindness_flag": true, "trees_young_pct": 8.76, "cell_x0": 430400, "cell_y0": 4582400 }, "geometry": { "type": "Polygon", "coordinates": [ [ [ 430800.0, 4582400.0 ], [ 430800.0, 4582800.0 ], [ 430400.0, 4582800.0 ], [ 430400.0, 4582400.0 ], [ 430800.0, 4582400.0 ] ] ] } },
{ "type": "Feature", "properties": { "cell_id": "C024_022", "tree_count": 519, "species_list": [ "Acer buergerianum", "Aesculus hippocastanum", "Bauhinia forficata", "Bauhinia purpurea", "Brachychiton acerifolius", "Brachychiton populneus", "Celtis australis", "Cercis canadensis", "Cercis siliquastrum", "Citrus × aurantium", "Firmiana simplex", "Ginkgo biloba 'Autumn Gold'", "Gleditsia triacanthos 'skyline'", "Gleditsia triacanthos 'sunburst'", "Gleditsia triacanthos f. inermis", "Grevillea robusta", "Handroanthus heptaphyllus", "Jacaranda mimosifolia", "Koelreuteria paniculata", "Magnolia grandiflora", "Malus 'Comtesse de Paris'", "Malus PERPETU® 'Evereste'", "Malus x robusta 'Red Sentinel'", "Melia azedarach", "Phytolacca dioica", "Platanus × acerifolia", "Prunus serrulata 'Kanzan'", "Quercus ilex", "Robinia pseudoacacia", "Styphnolobium japonicum 'Dot'", "Styphnolobium japonicum 'Regent'", "Tilia americana", "Tilia x euchlora", "Tilia x europaea", "Tipuana tipu", "Ulmus 'Dodoens'", "Washingtonia filifera", "Washingtonia filifera var. robusta", "Zelkova serrata GREEN VASE® 'Flekova'" ], "district_name": "EIXAMPLE", "barri_name": "LA DRETA DE LEIXAMPLE", "dominant_myco_type": "AM", "am_pct": 81.5, "em_pct": 0.96, "nm_pct": 17.53, "am_blindness_flag": true, "trees_young_pct": 22.35, "cell_x0": 430400, "cell_y0": 4582800 }, "geometry": { "type": "Polygon", "coordinates": [ [ [ 430800.0, 4582800.0 ], [ 430800.0, 4583200.0 ], [ 430400.0, 4583200.0 ], [ 430400.0, 4582800.0 ], [ 430800.0, 4582800.0 ] ] ] } },
{ "type": "Feature", "properties": { "cell_id": "C024_023", "tree_count": 553, "species_list": [ "Ailanthus altissima", "Arbutus unedo", "Bauhinia variegata", "Brachychiton acerifolius", "Brachychiton populneus", "Celtis australis", "Cercis siliquastrum", "Cupressus sempervirens", "Fraxinus angustifolia 'Raywood'", "Fraxinus ornus", "Ginkgo biloba", "Gleditsia triacanthos", "Gleditsia triacanthos f. inermis", "Handroanthus heptaphyllus", "Jacaranda mimosifolia", "Koelreuteria paniculata", "Melia azedarach", "Olea europaea", "Paulownia tomentosa", "Platanus × acerifolia", "Prunus cerasifera 'Pissardii'", "Quercus ilex", "Styphnolobium japonicum", "Styphnolobium japonicum 'Regent'", "Tilia x euchlora", "Tilia x europaea", "Tipuana tipu" ], "district_name": "EIXAMPLE", "barri_name": "LA DRETA DE LEIXAMPLE", "dominant_myco_type": "AM", "am_pct": 87.88, "em_pct": 6.15, "nm_pct": 5.97, "am_blindness_flag": true, "trees_young_pct": 9.4, "cell_x0": 430400, "cell_y0": 4583200 }, "geometry": { "type": "Polygon", "coordinates": [ [ [ 430800.0, 4583200.0 ], [ 430800.0, 4583600.0 ], [ 430400.0, 4583600.0 ], [ 430400.0, 4583200.0 ], [ 430800.0, 4583200.0 ] ] ] } },
{ "type": "Feature", "properties": { "cell_id": "C024_024", "tree_count": 501, "species_list": [ "Bauhinia variegata", "Brachychiton acerifolius", "Brachychiton populneus", "Celtis australis", "Cercis siliquastrum", "Cupressus sempervirens 'Stricta'", "Hesperocyparis macrocarpa", "Jacaranda mimosifolia", "Koelreuteria paniculata", "Ligustrum lucidum", "Melia azedarach", "Paulownia tomentosa", "Platanus × acerifolia", "Prunus cerasifera 'Pissardii'", "Prunus serrulata 'Kanzan'", "Robinia pseudoacacia", "Schinus molle", "Tamarix ramosissima", "Tilia x euchlora", "Tipuana tipu", "Washingtonia filifera var. robusta" ], "district_name": "GRÀCIA", "barri_name": "EL CAMP DEN GRASSOT I GRÀCIA NOVA", "dominant_myco_type": "AM", "am_pct": 87.23, "em_pct": 0.0, "nm_pct": 12.77, "am_blindness_flag": true, "trees_young_pct": 7.78, "cell_x0": 430400, "cell_y0": 4583600 }, "geometry": { "type": "Polygon", "coordinates": [ [ [ 430800.0, 4583600.0 ], [ 430800.0, 4584000.0 ], [ 430400.0, 4584000.0 ], [ 430400.0, 4583600.0 ], [ 430800.0, 4583600.0 ] ] ] } },
{ "type": "Feature", "properties": { "cell_id": "C024_025", "tree_count": 522, "species_list": [ "Ailanthus altissima", "Bauhinia variegata", "Catalpa bignonioides", "Celtis australis", "Cupressus sempervirens", "Grevillea robusta", "Jacaranda mimosifolia", "Koelreuteria paniculata", "Koelreuteria paniculata 'Fastigiata'", "Melia azedarach", "Pinus pinea", "Platanus × acerifolia", "Populus alba 'Pyramidalis'", "Populus nigra", "Quercus ilex", "Styphnolobium japonicum", "Styphnolobium japonicum 'Dot'", "Tilia platyphyllos", "Tipuana tipu", "Ulmus pumila", "Washingtonia filifera", "Washingtonia filifera var. robusta" ], "district_name": "GRÀCIA", "barri_name": "EL CAMP DEN GRASSOT I GRÀCIA NOVA", "dominant_myco_type": "AM", "am_pct": 89.27, "em_pct": 7.47, "nm_pct": 3.26, "am_blindness_flag": true, "trees_young_pct": 4.41, "cell_x0": 430400, "cell_y0": 4584000 }, "geometry": { "type": "Polygon", "coordinates": [ [ [ 430800.0, 4584000.0 ], [ 430800.0, 4584400.0 ], [ 430400.0, 4584400.0 ], [ 430400.0, 4584000.0 ], [ 430800.0, 4584000.0 ] ] ] } },
{ "type": "Feature", "properties": { "cell_id": "C024_026", "tree_count": 496, "species_list": [ "Ailanthus altissima", "Albizia julibrissin", "Brachychiton populneus", "Celtis australis", "Cercis siliquastrum", "Cupressus sempervirens 'Stricta'", "Eriobotrya japonica", "Ficus carica", "Ficus elastica", "Gleditsia triacanthos f. inermis", "Ligustrum lucidum", "Melia azedarach", "Olea europaea", "Paulownia tomentosa", "Phoenix canariensis", "Pinus pinea", "Platanus × acerifolia", "Prunus cerasifera 'Pissardii'", "Robinia pseudoacacia", "Styphnolobium japonicum", "Tilia x euchlora", "Tipuana tipu", "Ulmus pumila", "X chitalpa tashkentensis 'minsum' SUMMER BELLS®" ], "district_name": "HORTA - GUINARDÓ", "barri_name": "EL BAIX GUINARDÓ", "dominant_myco_type": "AM", "am_pct": 84.07, "em_pct": 10.48, "nm_pct": 5.44, "am_blindness_flag": true, "trees_young_pct": 4.23, "cell_x0": 430400, "cell_y0": 4584400 }, "geometry": { "type": "Polygon", "coordinates": [ [ [ 430800.0, 4584400.0 ], [ 430800.0, 4584800.0 ], [ 430400.0, 4584800.0 ], [ 430400.0, 4584400.0 ], [ 430800.0, 4584400.0 ] ] ] } },
{ "type": "Feature", "properties": { "cell_id": "C024_027", "tree_count": 439, "species_list": [ "Acer campestre", "Acer monspessulanum", "Acer saccharinum", "Acer saccharinum 'Pyramidale'", "Celtis australis", "Ceratonia siliqua", "Corylus colurna", "Cupressus sempervirens", "Cupressus sempervirens 'Stricta'", "Eriobotrya japonica", "Fraxinus angustifolia", "Fraxinus angustifolia 'Raywood'", "Fraxinus ornus 'Mecsek'", "Grevillea robusta", "Jacaranda mimosifolia", "Koelreuteria paniculata 'Fastigiata'", "Ligustrum japonicum 'Texanum'", "Olea europaea", "Phoenix canariensis", "Phytolacca dioica", "Pinus halepensis", "Pinus pinea", "Platanus × acerifolia", "Populus nigra", "Populus nigra 'Italica'", "Populus x canadensis", "Prunus cerasifera 'Pissardii'", "Robinia pseudoacacia", "Robinia × margaretta 'Pink Cascade'", "Styphnolobium japonicum", "Tipuana tipu", "Washingtonia filifera", "Washingtonia filifera var. robusta", "X chitalpa tashkentensis 'minsum' SUMMER BELLS®" ], "district_name": "HORTA - GUINARDÓ", "barri_name": "EL BAIX GUINARDÓ", "dominant_myco_type": "AM", "am_pct": 79.73, "em_pct": 2.96, "nm_pct": 17.31, "am_blindness_flag": false, "trees_young_pct": 7.29, "cell_x0": 430400, "cell_y0": 4584800 }, "geometry": { "type": "Polygon", "coordinates": [ [ [ 430800.0, 4584800.0 ], [ 430800.0, 4585200.0 ], [ 430400.0, 4585200.0 ], [ 430400.0, 4584800.0 ], [ 430800.0, 4584800.0 ] ] ] } },
{ "type": "Feature", "properties": { "cell_id": "C024_028", "tree_count": 234, "species_list": [ "Acer pseudoplatanus", "Acer × freemanii AUTUMN BLAZE® 'Jeffersred'", "Brachychiton acerifolius", "Brachychiton populneus", "Cercis siliquastrum", "Citrus × aurantium", "Cupressus sempervirens", "Jacaranda mimosifolia", "Ligustrum lucidum", "Melia azedarach", "Olea europaea", "Pinus halepensis", "Pinus nigra subsp. salzmannii", "Pinus pinea", "Platanus × acerifolia", "Populus x canadensis", "Prunus cerasifera 'Pissardii'", "Pyrus calleryana 'Chanticleer'", "Quercus ilex", "Robinia pseudoacacia", "Robinia pseudoacacia 'Bessoniana'", "Schinus molle", "Styphnolobium japonicum", "Tilia cordata", "Tilia tomentosa", "Tilia x euchlora", "Tipuana tipu", "Ulmus pumila" ], "district_name": "HORTA - GUINARDÓ", "barri_name": "EL GUINARDÓ", "dominant_myco_type": "AM", "am_pct": 46.15, "em_pct": 20.51, "nm_pct": 33.33, "am_blindness_flag": false, "trees_young_pct": 2.14, "cell_x0": 430400, "cell_y0": 4585200 }, "geometry": { "type": "Polygon", "coordinates": [ [ [ 430800.0, 4585200.0 ], [ 430800.0, 4585600.0 ], [ 430400.0, 4585600.0 ], [ 430400.0, 4585200.0 ], [ 430800.0, 4585200.0 ] ] ] } },
{ "type": "Feature", "properties": { "cell_id": "C024_029", "tree_count": 95, "species_list": [ "Celtis australis", "Cercis siliquastrum", "Citrus × aurantium", "Ginkgo biloba", "Lagerstroemia indica", "Ligustrum japonicum 'Texanum'", "Magnolia grandiflora", "Photinia x fraseri 'Red Robin'", "Prunus cerasifera 'Pissardii'", "Pyrus calleryana 'Chanticleer'", "Robinia pseudoacacia", "Tipuana tipu", "Ulmus pumila" ], "district_name": "HORTA - GUINARDÓ", "barri_name": "EL GUINARDÓ", "dominant_myco_type": "AM", "am_pct": 85.26, "em_pct": 0.0, "nm_pct": 14.74, "am_blindness_flag": true, "trees_young_pct": 5.26, "cell_x0": 430400, "cell_y0": 4585600 }, "geometry": { "type": "Polygon", "coordinates": [ [ [ 430800.0, 4585600.0 ], [ 430800.0, 4586000.0 ], [ 430400.0, 4586000.0 ], [ 430400.0, 4585600.0 ], [ 430800.0, 4585600.0 ] ] ] } },
{ "type": "Feature", "properties": { "cell_id": "C024_030", "tree_count": 126, "species_list": [ "Acer monspessulanum", "Brachychiton populneus", "Catalpa bignonioides", "Citrus × aurantium", "Cupressus sempervirens", "Ginkgo biloba", "Hibiscus syriacus", "Laurus nobilis", "Ligustrum japonicum 'Texanum'", "Olea europaea", "Phoenix canariensis", "Photinia x fraseri 'Red Robin'", "Pinus pinea", "Pittosporum tobira", "Platanus orientalis", "Platanus × acerifolia", "Prunus cerasifera 'Pissardii'", "Prunus serrulata 'Kanzan'", "Pyrus calleryana 'Chanticleer'", "Quercus ilex", "Robinia pseudoacacia", "Styphnolobium japonicum" ], "district_name": "HORTA - GUINARDÓ", "barri_name": "LA FONT DEN FARGUES", "dominant_myco_type": "AM", "am_pct": 69.05, "em_pct": 1.59, "nm_pct": 29.37, "am_blindness_flag": false, "trees_young_pct": 18.25, "cell_x0": 430400, "cell_y0": 4586000 }, "geometry": { "type": "Polygon", "coordinates": [ [ [ 430800.0, 4586000.0 ], [ 430800.0, 4586400.0 ], [ 430400.0, 4586400.0 ], [ 430400.0, 4586000.0 ], [ 430800.0, 4586000.0 ] ] ] } },
{ "type": "Feature", "properties": { "cell_id": "C024_031", "tree_count": 390, "species_list": [ "Acer campestre 'Elsrijk'", "Acer monspessulanum", "Acer platanoides 'Crimson King'", "Archontophoenix cunninghamiana", "Brachychiton populneus", "Celtis australis", "Cercis siliquastrum", "Fraxinus angustifolia", "Hibiscus syriacus", "Ligustrum japonicum 'Texanum'", "Magnolia grandiflora", "Ostrya carpinifolia", "Parrotia persica 'Vanessa'", "Platanus × acerifolia", "Prunus avium", "Prunus cerasifera 'Pissardii'", "Prunus serrulata 'Amanogawa'", "Pyrus calleryana 'Chanticleer'", "Robinia pseudoacacia", "Robinia pseudoacacia 'Pyramidalis'", "Schinus molle", "Styphnolobium japonicum", "Styphnolobium japonicum 'Columnare'", "Trachycarpus fortunei", "Washingtonia filifera", "Washingtonia filifera var. robusta" ], "district_name": "NOU BARRIS", "barri_name": "VILAPICINA I LA TORRE LLOBETA", "dominant_myco_type": "AM", "am_pct": 88.21, "em_pct": 0.0, "nm_pct": 11.79, "am_blindness_flag": true, "trees_young_pct": 24.36, "cell_x0": 430400, "cell_y0": 4586400 }, "geometry": { "type": "Polygon", "coordinates": [ [ [ 430800.0, 4586400.0 ], [ 430800.0, 4586800.0 ], [ 430400.0, 4586800.0 ], [ 430400.0, 4586400.0 ], [ 430800.0, 4586400.0 ] ] ] } },
{ "type": "Feature", "properties": { "cell_id": "C024_032", "tree_count": 544, "species_list": [ "Acer monspessulanum", "Acer platanoides", "Albizia julibrissin", "Brachychiton populneus", "Casuarina cunninghamiana", "Cedrus atlantica 'Glauca'", "Celtis australis", "Cercis siliquastrum", "Crataegus x media 'Paul's Scarlet'", "Cupressus sempervirens", "Fraxinus angustifolia 'Raywood'", "Fraxinus ornus OBELISK® 'Paus Johannes-Paulus II'", "Jacaranda mimosifolia", "Magnolia grandiflora", "Melia azedarach", "Parrotia persica 'Vanessa'", "Phytolacca dioica", "Platanus × acerifolia", "Populus alba", "Populus alba 'Pyramidalis'", "Prunus cerasifera 'Pissardii'", "Pyrus calleryana 'Chanticleer'", "Styphnolobium japonicum", "Tilia tomentosa", "Tilia x euchlora", "Tilia x europaea", "Tipuana tipu", "Ulmus pumila" ], "district_name": "NOU BARRIS", "barri_name": "EL TURÓ DE LA PEIRA", "dominant_myco_type": "AM", "am_pct": 76.65, "em_pct": 0.37, "nm_pct": 22.98, "am_blindness_flag": false, "trees_young_pct": 7.35, "cell_x0": 430400, "cell_y0": 4586800 }, "geometry": { "type": "Polygon", "coordinates": [ [ [ 430800.0, 4586800.0 ], [ 430800.0, 4587200.0 ], [ 430400.0, 4587200.0 ], [ 430400.0, 4586800.0 ], [ 430800.0, 4586800.0 ] ] ] } },
{ "type": "Feature", "properties": { "cell_id": "C024_033", "tree_count": 396, "species_list": [ "Acer campestre", "Acer monspessulanum", "Brachychiton populneus", "Celtis australis", "Eriobotrya japonica", "Gleditsia triacanthos f. inermis", "Jacaranda mimosifolia", "Laurus nobilis", "Magnolia grandiflora", "Melia azedarach", "Nerium oleander", "Phoenix canariensis", "Phoenix dactylifera", "Pinus halepensis", "Pinus pinea", "Platanus × acerifolia", "Populus alba", "Populus nigra 'Italica'", "Prunus cerasifera 'Pissardii'", "Pyrus calleryana 'Chanticleer'", "Robinia pseudoacacia", "Styphnolobium japonicum", "Tilia x europaea", "Tipuana tipu", "Ulmus pumila", "Washingtonia filifera", "Washingtonia filifera var. robusta" ], "district_name": "NOU BARRIS", "barri_name": "CAN PEGUERA", "dominant_myco_type": "AM", "am_pct": 85.61, "em_pct": 10.35, "nm_pct": 4.04, "am_blindness_flag": true, "trees_young_pct": 5.81, "cell_x0": 430400, "cell_y0": 4587200 }, "geometry": { "type": "Polygon", "coordinates": [ [ [ 430800.0, 4587200.0 ], [ 430800.0, 4587600.0 ], [ 430400.0, 4587600.0 ], [ 430400.0, 4587200.0 ], [ 430800.0, 4587200.0 ] ] ] } },
{ "type": "Feature", "properties": { "cell_id": "C024_034", "tree_count": 980, "species_list": [ "Acer monspessulanum", "Acer negundo", "Acer saccharinum", "Acer × freemanii AUTUMN BLAZE® 'Jeffersred'", "Aesculus hippocastanum", "Ailanthus altissima", "Albizia julibrissin", "Archontophoenix cunninghamiana", "Bauhinia variegata", "Brachychiton acerifolius", "Brachychiton populneus", "Catalpa bignonioides", "Cedrus deodara", "Celtis australis", "Celtis sinensis", "Cercis siliquastrum", "Cinnamomum camphora", "Cupressus sempervirens", "Cupressus sempervirens 'Stricta'", "Erythrina crista-galli", "Eucalyptus camaldulensis", "Ficus carica", "Firmiana simplex", "Fraxinus ornus OBELISK® 'Paus Johannes-Paulus II'", "Gleditsia triacanthos", "Grevillea robusta", "Hesperocyparis macrocarpa", "Jacaranda mimosifolia", "Ligustrum lucidum", "Magnolia grandiflora", "Melia azedarach", "Morus nigra", "Olea europaea", "Phoenix canariensis", "Phoenix dactylifera", "Phytolacca dioica", "Pinus halepensis", "Pinus pinea", "Platanus × acerifolia", "Populus alba 'Pyramidalis'", "Populus nigra 'Italica'", "Populus x canadensis", "Prunus cerasifera 'Pissardii'", "Prunus serrulata", "Prunus serrulata 'Kanzan'", "Pyrus calleryana 'Chanticleer'", "Quercus robur", "Quercus suber", "Robinia pseudoacacia", "Robinia pseudoacacia 'Bessoniana'", "Robinia pseudoacacia 'Pyramidalis'", "Schinus molle", "Styphnolobium japonicum", "Styphnolobium japonicum 'Columnare'", "Syagrus romanzoffiana", "Thuja occidentalis", "Tipuana tipu", "Trachycarpus fortunei", "Ulmus RESISTA® 'New Horizon'", "Ulmus minor 'Umbraculifera'", "Ulmus pumila", "Washingtonia filifera", "Washingtonia filifera var. robusta", "Washingtonia sp" ], "district_name": "NOU BARRIS", "barri_name": "LA GUINEUETA", "dominant_myco_type": "AM", "am_pct": 74.18, "em_pct": 3.37, "nm_pct": 22.45, "am_blindness_flag": false, "trees_young_pct": 11.12, "cell_x0": 430400, "cell_y0": 4587600 }, "geometry": { "type": "Polygon", "coordinates": [ [ [ 430800.0, 4587600.0 ], [ 430800.0, 4588000.0 ], [ 430400.0, 4588000.0 ], [ 430400.0, 4587600.0 ], [ 430800.0, 4587600.0 ] ] ] } },
{ "type": "Feature", "properties": { "cell_id": "C024_035", "tree_count": 722, "species_list": [ "Acer campestre", "Acer negundo", "Acer × freemanii AUTUMN BLAZE® 'Jeffersred'", "Albizia julibrissin", "Araucaria araucana", "Brachychiton acerifolius", "Brachychiton populneus", "Catalpa bignonioides", "Cedrus deodara", "Celtis australis", "Celtis sinensis", "Cercis siliquastrum", "Citrus × aurantium", "Corylus colurna", "Cupressus sempervirens", "Ekebergia capensis", "Eriobotrya japonica", "Eucalyptus camaldulensis", "Firmiana simplex", "Fraxinus angustifolia 'Raywood'", "Fraxinus excelsior", "Ginkgo biloba 'Fastigiata Blagon'", "Gleditsia triacanthos", "Gleditsia triacanthos f. inermis", "Grevillea robusta", "Handroanthus heptaphyllus", "Jacaranda mimosifolia", "Koelreuteria paniculata", "Laurus nobilis", "Ligustrum japonicum", "Ligustrum lucidum", "Magnolia grandiflora", "Melia azedarach", "Morus nigra", "Olea europaea", "Parkinsonia aculeata", "Paulownia tomentosa", "Persea americana", "Phoenix canariensis", "Phytolacca dioica", "Pinus halepensis", "Platanus × acerifolia", "Platycladus orientalis", "Populus nigra", "Populus nigra 'Italica'", "Populus x canadensis", "Prunus amygdalus", "Prunus armeniaca", "Prunus avium", "Prunus cerasifera 'Pissardii'", "Prunus persica", "Pterocarya fraxinifolia", "Robinia pseudoacacia", "Robinia pseudoacacia 'Bessoniana'", "Styphnolobium japonicum", "Styphnolobium japonicum 'Dot'", "Thuja occidentalis", "Tilia tomentosa", "Tipuana tipu", "Ulmus pumila", "Washingtonia filifera", "Washingtonia filifera var. robusta", "Zelkova serrata GREEN VASE® 'Flekova'" ], "district_name": "NOU BARRIS", "barri_name": "LA GUINEUETA", "dominant_myco_type": "AM", "am_pct": 81.58, "em_pct": 2.22, "nm_pct": 16.2, "am_blindness_flag": true, "trees_young_pct": 12.47, "cell_x0": 430400, "cell_y0": 4588000 }, "geometry": { "type": "Polygon", "coordinates": [ [ [ 430800.0, 4588000.0 ], [ 430800.0, 4588400.0 ], [ 430400.0, 4588400.0 ], [ 430400.0, 4588000.0 ], [ 430800.0, 4588000.0 ] ] ] } },
{ "type": "Feature", "properties": { "cell_id": "C024_036", "tree_count": 258, "species_list": [ "Acacia dealbata", "Acacia retinodes", "Acer pseudoplatanus", "Acer × freemanii AUTUMN BLAZE® 'Jeffersred'", "Celtis australis", "Ceratonia siliqua", "Cercis siliquastrum", "Cupressus sempervirens", "Eriobotrya japonica", "Erythrina crista-galli", "Eucalyptus camaldulensis", "Firmiana simplex", "Ginkgo biloba 'Fastigiata Blagon'", "Grevillea robusta", "Hibiscus syriacus", "Jacaranda mimosifolia", "Laurus nobilis", "Ligustrum lucidum", "Magnolia grandiflora", "Magnolia grandiflora 'Gallisoniensis'", "Melia azedarach", "Morus alba", "Paulownia tomentosa", "Phoenix canariensis", "Pinus halepensis", "Platanus × acerifolia", "Prunus amygdalus", "Prunus cerasifera 'Pissardii'", "Quercus ilex", "Styphnolobium japonicum 'Columnare'", "Tilia x euchlora", "Tipuana tipu", "Ulmus minor", "Ulmus pumila" ], "district_name": "NOU BARRIS", "barri_name": "CANYELLES", "dominant_myco_type": "AM", "am_pct": 79.07, "em_pct": 9.3, "nm_pct": 11.63, "am_blindness_flag": false, "trees_young_pct": 17.44, "cell_x0": 430400, "cell_y0": 4588400 }, "geometry": { "type": "Polygon", "coordinates": [ [ [ 430800.0, 4588400.0 ], [ 430800.0, 4588800.0 ], [ 430400.0, 4588800.0 ], [ 430400.0, 4588400.0 ], [ 430800.0, 4588400.0 ] ] ] } },
{ "type": "Feature", "properties": { "cell_id": "C024_037", "tree_count": 28, "species_list": [ "Eriobotrya japonica", "Podocarpus neriifolius", "Quercus ilex" ], "district_name": "NOU BARRIS", "barri_name": "LES ROQUETES", "dominant_myco_type": "EM", "am_pct": 14.29, "em_pct": 85.71, "nm_pct": 0.0, "am_blindness_flag": false, "trees_young_pct": 10.71, "cell_x0": 430400, "cell_y0": 4588800 }, "geometry": { "type": "Polygon", "coordinates": [ [ [ 430800.0, 4588800.0 ], [ 430800.0, 4589200.0 ], [ 430400.0, 4589200.0 ], [ 430400.0, 4588800.0 ], [ 430800.0, 4588800.0 ] ] ] } },
{ "type": "Feature", "properties": { "cell_id": "C024_038", "tree_count": 3, "species_list": [ "Eucalyptus globulus", "Melia azedarach" ], "district_name": "NOU BARRIS", "barri_name": "TORRE BARÓ", "dominant_myco_type": "EM", "am_pct": 33.33, "em_pct": 66.67, "nm_pct": 0.0, "am_blindness_flag": false, "trees_young_pct": 0.0, "cell_x0": 430400, "cell_y0": 4589200 }, "geometry": { "type": "Polygon", "coordinates": [ [ [ 430800.0, 4589200.0 ], [ 430800.0, 4589600.0 ], [ 430400.0, 4589600.0 ], [ 430400.0, 4589200.0 ], [ 430800.0, 4589200.0 ] ] ] } },
{ "type": "Feature", "properties": { "cell_id": "C025_015", "tree_count": 82, "species_list": [ "Brachychiton populneus", "Celtis sinensis", "Cercis siliquastrum", "Phytolacca dioica", "Pinus halepensis", "Pinus pinea", "Pistacia lentiscus", "Platanus × acerifolia", "Pyrus calleryana 'Chanticleer'", "Schinus molle", "Tamarix gallica", "Washingtonia filifera", "Washingtonia filifera var. robusta" ], "district_name": "SANTS - MONTJUÏC", "barri_name": "EL POBLE SEC", "dominant_myco_type": "AM", "am_pct": 73.17, "em_pct": 14.63, "nm_pct": 12.2, "am_blindness_flag": false, "trees_young_pct": 4.88, "cell_x0": 430800, "cell_y0": 4580000 }, "geometry": { "type": "Polygon", "coordinates": [ [ [ 431200.0, 4580000.0 ], [ 431200.0, 4580400.0 ], [ 430800.0, 4580400.0 ], [ 430800.0, 4580000.0 ], [ 431200.0, 4580000.0 ] ] ] } },
{ "type": "Feature", "properties": { "cell_id": "C025_016", "tree_count": 477, "species_list": [ "Acer monspessulanum", "Brachychiton acerifolius", "Brachychiton populneus", "Butia capitata", "Butia odorata", "Ceiba chodatii", "Ceiba speciosa", "Celtis australis", "Celtis sinensis", "Cercis siliquastrum", "Cupressus sempervirens", "Hibiscus syriacus", "Jacaranda mimosifolia", "Koelreuteria paniculata", "Koelreuteria paniculata 'Fastigiata'", "Melia azedarach", "Olea europaea", "Parkinsonia aculeata", "Phoenix canariensis", "Phoenix dactylifera", "Photinia serratifolia", "Pinus pinea", "Platanus × acerifolia", "Populus alba", "Populus x canadensis", "Populus x canescens", "Prunus cerasifera", "Prunus cerasifera 'Pissardii'", "Pyrus calleryana 'Chanticleer'", "Quercus ilex", "Robinia pseudoacacia", "Styphnolobium japonicum", "Syagrus romanzoffiana", "Tipuana tipu", "Ulmus pumila", "Washingtonia filifera", "Washingtonia filifera var. robusta", "X chitalpa tashkentensis 'minsum' SUMMER BELLS®" ], "district_name": "SANTS - MONTJUÏC", "barri_name": "EL POBLE SEC", "dominant_myco_type": "AM", "am_pct": 71.49, "em_pct": 14.47, "nm_pct": 14.05, "am_blindness_flag": false, "trees_young_pct": 2.94, "cell_x0": 430800, "cell_y0": 4580400 }, "geometry": { "type": "Polygon", "coordinates": [ [ [ 431200.0, 4580400.0 ], [ 431200.0, 4580800.0 ], [ 430800.0, 4580800.0 ], [ 430800.0, 4580400.0 ], [ 431200.0, 4580400.0 ] ] ] } },
{ "type": "Feature", "properties": { "cell_id": "C025_017", "tree_count": 479, "species_list": [ "Acer monspessulanum", "Albizia julibrissin", "Brachychiton acerifolius", "Brachychiton populneus", "Brachychiton rupestris", "Butia capitata", "Casuarina cunninghamiana", "Fraxinus ornus", "Fraxinus ornus OBELISK® 'Paus Johannes-Paulus II'", "Jacaranda mimosifolia", "Ligustrum lucidum", "Melia azedarach", "Olea europaea", "Phoenix canariensis", "Phoenix dactylifera", "Phytolacca dioica", "Platanus × acerifolia", "Prunus cerasifera 'Pissardii'", "Quercus ilex", "Robinia pseudoacacia", "Styphnolobium japonicum", "Styphnolobium japonicum 'Columnare'", "Syagrus romanzoffiana", "Tipuana tipu", "Ulmus pumila", "Washingtonia filifera var. robusta", "X chitalpa tashkentensis 'minsum' SUMMER BELLS®" ], "district_name": "CIUTAT VELLA", "barri_name": "EL RAVAL", "dominant_myco_type": "AM", "am_pct": 91.02, "em_pct": 2.92, "nm_pct": 6.05, "am_blindness_flag": true, "trees_young_pct": 6.26, "cell_x0": 430800, "cell_y0": 4580800 }, "geometry": { "type": "Polygon", "coordinates": [ [ [ 431200.0, 4580800.0 ], [ 431200.0, 4581200.0 ], [ 430800.0, 4581200.0 ], [ 430800.0, 4580800.0 ], [ 431200.0, 4580800.0 ] ] ] } },
{ "type": "Feature", "properties": { "cell_id": "C025_018", "tree_count": 116, "species_list": [ "Albizia julibrissin", "Bauhinia purpurea", "Cercis siliquastrum", "Citrus × aurantium", "Fraxinus ornus 'Mecsek'", "Hibiscus syriacus", "Phoenix canariensis", "Pinus pinea", "Platanus × acerifolia", "Prunus cerasifera 'Pissardii'", "Washingtonia filifera", "Washingtonia filifera var. robusta" ], "district_name": "CIUTAT VELLA", "barri_name": "EL BARRI GÒTIC", "dominant_myco_type": "AM", "am_pct": 75.86, "em_pct": 0.86, "nm_pct": 23.28, "am_blindness_flag": false, "trees_young_pct": 11.21, "cell_x0": 430800, "cell_y0": 4581200 }, "geometry": { "type": "Polygon", "coordinates": [ [ [ 431200.0, 4581200.0 ], [ 431200.0, 4581600.0 ], [ 430800.0, 4581600.0 ], [ 430800.0, 4581200.0 ], [ 431200.0, 4581200.0 ] ] ] } },
{ "type": "Feature", "properties": { "cell_id": "C025_019", "tree_count": 111, "species_list": [ "Albizia julibrissin", "Casuarina cunninghamiana", "Cercis siliquastrum", "Cupressus sempervirens", "Cupressus sempervirens 'Stricta'", "Firmiana simplex", "Fraxinus ornus 'Mecsek'", "Jacaranda mimosifolia", "Ligustrum lucidum", "Magnolia grandiflora", "Olea europaea", "Phytolacca dioica", "Podocarpus neriifolius", "Prunus cerasifera 'Pissardii'", "Pyrus calleryana 'Chanticleer'", "Quercus ilex", "Styphnolobium japonicum", "Tipuana tipu", "Washingtonia filifera var. robusta" ], "district_name": "CIUTAT VELLA", "barri_name": "EL BARRI GÒTIC", "dominant_myco_type": "AM", "am_pct": 85.59, "em_pct": 3.6, "nm_pct": 10.81, "am_blindness_flag": true, "trees_young_pct": 27.03, "cell_x0": 430800, "cell_y0": 4581600 }, "geometry": { "type": "Polygon", "coordinates": [ [ [ 431200.0, 4581600.0 ], [ 431200.0, 4582000.0 ], [ 430800.0, 4582000.0 ], [ 430800.0, 4581600.0 ], [ 431200.0, 4581600.0 ] ] ] } },
{ "type": "Feature", "properties": { "cell_id": "C025_020", "tree_count": 274, "species_list": [ "Brachychiton populneus", "Celtis australis", "Cercis siliquastrum", "Fraxinus ornus 'Mecsek'", "Gleditsia triacanthos f. inermis", "Jacaranda mimosifolia", "Ligustrum lucidum", "Magnolia grandiflora", "Olea europaea", "Paulownia tomentosa", "Phoenix canariensis", "Phoenix reclinata", "Platanus orientalis", "Platanus × acerifolia", "Pyrus calleryana 'Chanticleer'", "Pyrus calleryana 'Redspires'", "Quercus ilex", "Tilia x euchlora", "Tipuana tipu", "Ulmus RESISTA® 'Sapporo Autumn Gold'", "Washingtonia filifera var. robusta" ], "district_name": "EIXAMPLE", "barri_name": "LA DRETA DE LEIXAMPLE", "dominant_myco_type": "AM", "am_pct": 77.37, "em_pct": 0.36, "nm_pct": 22.26, "am_blindness_flag": false, "trees_young_pct": 16.42, "cell_x0": 430800, "cell_y0": 4582000 }, "geometry": { "type": "Polygon", "coordinates": [ [ [ 431200.0, 4582000.0 ], [ 431200.0, 4582400.0 ], [ 430800.0, 4582400.0 ], [ 430800.0, 4582000.0 ], [ 431200.0, 4582000.0 ] ] ] } },
{ "type": "Feature", "properties": { "cell_id": "C025_021", "tree_count": 446, "species_list": [ "Celtis australis", "Erythrina crista-galli", "Ginkgo biloba 'Autumn Gold'", "Koelreuteria paniculata", "Platanus orientalis", "Platanus × acerifolia", "Tilia x euchlora", "Tipuana tipu" ], "district_name": "EIXAMPLE", "barri_name": "LA DRETA DE LEIXAMPLE", "dominant_myco_type": "AM", "am_pct": 93.27, "em_pct": 0.0, "nm_pct": 6.73, "am_blindness_flag": true, "trees_young_pct": 4.48, "cell_x0": 430800, "cell_y0": 4582400 }, "geometry": { "type": "Polygon", "coordinates": [ [ [ 431200.0, 4582400.0 ], [ 431200.0, 4582800.0 ], [ 430800.0, 4582800.0 ], [ 430800.0, 4582400.0 ], [ 431200.0, 4582400.0 ] ] ] } },
{ "type": "Feature", "properties": { "cell_id": "C025_022", "tree_count": 667, "species_list": [ "Bauhinia variegata", "Brachychiton acerifolius", "Brachychiton discolor", "Ceiba speciosa", "Celtis australis", "Cercis siliquastrum", "Citrus × aurantium", "Erythrina crista-galli", "Erythrina falcata", "Firmiana simplex", "Gleditsia triacanthos 'skyline'", "Handroanthus heptaphyllus", "Jacaranda mimosifolia", "Koelreuteria paniculata", "Liquidambar styraciflua", "Malus PERPETU® 'Evereste'", "Melia azedarach", "Olea europaea", "Phoenix canariensis", "Phoenix dactylifera", "Phoenix reclinata", "Phytolacca dioica", "Platanus × acerifolia", "Prunus serrulata 'Kanzan'", "Pyrus calleryana 'Chanticleer'", "Styphnolobium japonicum", "Styphnolobium japonicum 'Dot'", "Styphnolobium japonicum 'Regent'", "Tilia x euchlora", "Tipuana tipu", "Washingtonia filifera", "Zelkova serrata" ], "district_name": "EIXAMPLE", "barri_name": "LA DRETA DE LEIXAMPLE", "dominant_myco_type": "AM", "am_pct": 95.8, "em_pct": 0.0, "nm_pct": 4.2, "am_blindness_flag": true, "trees_young_pct": 7.5, "cell_x0": 430800, "cell_y0": 4582800 }, "geometry": { "type": "Polygon", "coordinates": [ [ [ 431200.0, 4582800.0 ], [ 431200.0, 4583200.0 ], [ 430800.0, 4583200.0 ], [ 430800.0, 4582800.0 ], [ 431200.0, 4582800.0 ] ] ] } },
{ "type": "Feature", "properties": { "cell_id": "C025_023", "tree_count": 511, "species_list": [ "Ailanthus altissima", "Bauhinia purpurea", "Bauhinia variegata", "Brachychiton populneus", "Celtis australis", "Cercis siliquastrum", "Firmiana simplex", "Jacaranda mimosifolia", "Koelreuteria paniculata", "Koelreuteria paniculata 'Fastigiata'", "Ligustrum japonicum 'Texanum'", "Magnolia grandiflora", "Melia azedarach", "Olea europaea", "Platanus × acerifolia", "Platanus × acerifolia 'Alphen's Globe'", "Populus x canadensis", "Prunus cerasifera 'Pissardii'", "Robinia pseudoacacia", "Styphnolobium japonicum", "Tilia x euchlora", "Tipuana tipu" ], "district_name": "EIXAMPLE", "barri_name": "LA DRETA DE LEIXAMPLE", "dominant_myco_type": "AM", "am_pct": 97.06, "em_pct": 0.0, "nm_pct": 2.94, "am_blindness_flag": true, "trees_young_pct": 15.07, "cell_x0": 430800, "cell_y0": 4583200 }, "geometry": { "type": "Polygon", "coordinates": [ [ [ 431200.0, 4583200.0 ], [ 431200.0, 4583600.0 ], [ 430800.0, 4583600.0 ], [ 430800.0, 4583200.0 ], [ 431200.0, 4583200.0 ] ] ] } },
{ "type": "Feature", "properties": { "cell_id": "C025_024", "tree_count": 715, "species_list": [ "Acacia saligna", "Albizia julibrissin", "Brachychiton populneus", "Celtis australis", "Cercis siliquastrum", "Cupressus sempervirens", "Fraxinus excelsior", "Gleditsia triacanthos", "Gleditsia triacanthos f. inermis", "Hesperocyparis macrocarpa", "Jacaranda mimosifolia", "Koelreuteria paniculata", "Koelreuteria paniculata 'Fastigiata'", "Laurus nobilis", "Ligustrum japonicum 'Texanum'", "Ligustrum lucidum", "Magnolia grandiflora", "Melia azedarach", "Morus nigra", "Olea europaea", "Phoenix canariensis", "Phoenix dactylifera", "Photinia serratifolia", "Photinia x fraseri 'Red Robin'", "Pinus halepensis", "Pinus pinea", "Platanus × acerifolia", "Prunus amygdalus", "Prunus cerasifera 'Pissardii'", "Pyrus calleryana 'Chanticleer'", "Quercus ilex", "Quercus robur", "Robinia pseudoacacia", "Schinus molle", "Styphnolobium japonicum", "Tipuana tipu", "Ulmus pumila", "Washingtonia filifera" ], "district_name": "EIXAMPLE", "barri_name": "LA SAGRADA FAMILIA", "dominant_myco_type": "AM", "am_pct": 84.34, "em_pct": 5.17, "nm_pct": 10.49, "am_blindness_flag": true, "trees_young_pct": 5.87, "cell_x0": 430800, "cell_y0": 4583600 }, "geometry": { "type": "Polygon", "coordinates": [ [ [ 431200.0, 4583600.0 ], [ 431200.0, 4584000.0 ], [ 430800.0, 4584000.0 ], [ 430800.0, 4583600.0 ], [ 431200.0, 4583600.0 ] ] ] } },
{ "type": "Feature", "properties": { "cell_id": "C025_025", "tree_count": 565, "species_list": [ "Brachychiton acerifolius", "Catalpa bignonioides", "Celtis australis", "Celtis sinensis", "Corylus colurna", "Cupressus sempervirens", "Elaeagnus angustifolia", "Ficus elastica", "Ficus elastica 'Decora Rubra'", "Grevillea robusta", "Jacaranda mimosifolia", "Koelreuteria paniculata", "Ligustrum lucidum", "Melia azedarach", "Olea europaea", "Pinus halepensis", "Pinus pinea", "Platanus × acerifolia", "Populus alba", "Populus nigra 'Italica'", "Prunus amygdalus", "Quercus ilex", "Tilia tomentosa", "Tilia x euchlora", "Tilia x europaea" ], "district_name": "EIXAMPLE", "barri_name": "LA SAGRADA FAMILIA", "dominant_myco_type": "AM", "am_pct": 84.07, "em_pct": 4.07, "nm_pct": 11.86, "am_blindness_flag": true, "trees_young_pct": 5.66, "cell_x0": 430800, "cell_y0": 4584000 }, "geometry": { "type": "Polygon", "coordinates": [ [ [ 431200.0, 4584000.0 ], [ 431200.0, 4584400.0 ], [ 430800.0, 4584400.0 ], [ 430800.0, 4584000.0 ], [ 431200.0, 4584000.0 ] ] ] } },
{ "type": "Feature", "properties": { "cell_id": "C025_026", "tree_count": 492, "species_list": [ "Ailanthus altissima", "Celtis australis", "Corylus colurna", "Grevillea robusta", "Jacaranda mimosifolia", "Koelreuteria paniculata 'Fastigiata'", "Ligustrum lucidum", "Melia azedarach", "Platanus × acerifolia", "Robinia pseudoacacia", "Styphnolobium japonicum", "Styphnolobium japonicum 'Columnare'", "Tilia tomentosa", "Tilia x europaea", "Ulmus pumila" ], "district_name": "EIXAMPLE", "barri_name": "LA SAGRADA FAMILIA", "dominant_myco_type": "AM", "am_pct": 86.79, "em_pct": 2.03, "nm_pct": 11.18, "am_blindness_flag": true, "trees_young_pct": 5.28, "cell_x0": 430800, "cell_y0": 4584400 }, "geometry": { "type": "Polygon", "coordinates": [ [ [ 431200.0, 4584400.0 ], [ 431200.0, 4584800.0 ], [ 430800.0, 4584800.0 ], [ 430800.0, 4584400.0 ], [ 431200.0, 4584400.0 ] ] ] } },
{ "type": "Feature", "properties": { "cell_id": "C025_027", "tree_count": 218, "species_list": [ "Acer monspessulanum", "Acer saccharinum 'Pyramidale'", "Brachychiton populneus", "Celtis australis", "Corylus colurna", "Crataegus monogyna", "Cupressus sempervirens", "Fraxinus angustifolia", "Jacaranda mimosifolia", "Koelreuteria paniculata 'Fastigiata'", "Ligustrum japonicum 'Texanum'", "Melia azedarach", "Olea europaea", "Platanus × acerifolia", "Populus nigra 'Italica'", "Populus x canadensis", "Robinia pseudoacacia", "Styphnolobium japonicum" ], "district_name": "HORTA - GUINARDÓ", "barri_name": "EL GUINARDÓ", "dominant_myco_type": "AM", "am_pct": 71.1, "em_pct": 1.83, "nm_pct": 27.06, "am_blindness_flag": false, "trees_young_pct": 9.63, "cell_x0": 430800, "cell_y0": 4584800 }, "geometry": { "type": "Polygon", "coordinates": [ [ [ 431200.0, 4584800.0 ], [ 431200.0, 4585200.0 ], [ 430800.0, 4585200.0 ], [ 430800.0, 4584800.0 ], [ 431200.0, 4584800.0 ] ] ] } },
{ "type": "Feature", "properties": { "cell_id": "C025_028", "tree_count": 482, "species_list": [ "Acer monspessulanum", "Brachychiton discolor", "Casuarina cunninghamiana", "Celtis australis", "Citrus × aurantium", "Cupressus sempervirens", "Cupressus sempervirens 'Stricta'", "Eriobotrya japonica", "Ficus microcarpa", "Gleditsia triacanthos f. inermis", "Hibiscus syriacus", "Jacaranda mimosifolia", "Koelreuteria paniculata", "Koelreuteria paniculata 'Fastigiata'", "Laurus nobilis", "Ligustrum lucidum", "Magnolia grandiflora", "Melia azedarach", "Morus alba", "Olea europaea", "Phoenix canariensis", "Pinus pinea", "Platanus × acerifolia", "Populus alba 'Pyramidalis'", "Populus nigra 'Italica'", "Prunus cerasifera 'Pissardii'", "Prunus serrulata 'Kanzan'", "Pyrus calleryana 'Chanticleer'", "Quercus ilex", "Quercus robur", "Robinia pseudoacacia", "Styphnolobium japonicum", "Styphnolobium japonicum 'Dot'", "Tilia cordata", "Tilia x europaea", "Tipuana tipu", "Ulmus pumila" ], "district_name": "HORTA - GUINARDÓ", "barri_name": "EL GUINARDÓ", "dominant_myco_type": "AM", "am_pct": 67.43, "em_pct": 1.87, "nm_pct": 30.71, "am_blindness_flag": false, "trees_young_pct": 11.83, "cell_x0": 430800, "cell_y0": 4585200 }, "geometry": { "type": "Polygon", "coordinates": [ [ [ 431200.0, 4585200.0 ], [ 431200.0, 4585600.0 ], [ 430800.0, 4585600.0 ], [ 430800.0, 4585200.0 ], [ 431200.0, 4585200.0 ] ] ] } },
{ "type": "Feature", "properties": { "cell_id": "C025_029", "tree_count": 345, "species_list": [ "Acer monspessulanum", "Acer negundo", "Casuarina cunninghamiana", "Catalpa bignonioides", "Citrus × aurantium", "Cupressus sempervirens", "Hibiscus syriacus", "Jacaranda mimosifolia", "Koelreuteria paniculata 'Fastigiata'", "Ligustrum japonicum 'Texanum'", "Parkinsonia aculeata", "Photinia x fraseri 'Red Robin'", "Phytolacca dioica", "Platanus × acerifolia", "Populus nigra 'Italica'", "Prunus avium", "Prunus cerasifera 'Pissardii'", "Prunus serrulata 'Kanzan'", "Pyrus calleryana 'Chanticleer'", "Quercus ilex", "Robinia pseudoacacia", "Robinia pseudoacacia 'Bessoniana'", "Styphnolobium japonicum", "Styphnolobium japonicum 'Dot'", "Tilia cordata", "Tilia x euchlora", "Tilia x europaea", "Tipuana tipu" ], "district_name": "HORTA - GUINARDÓ", "barri_name": "EL GUINARDÓ", "dominant_myco_type": "AM", "am_pct": 56.23, "em_pct": 5.22, "nm_pct": 38.55, "am_blindness_flag": false, "trees_young_pct": 19.42, "cell_x0": 430800, "cell_y0": 4585600 }, "geometry": { "type": "Polygon", "coordinates": [ [ [ 431200.0, 4585600.0 ], [ 431200.0, 4586000.0 ], [ 430800.0, 4586000.0 ], [ 430800.0, 4585600.0 ], [ 431200.0, 4585600.0 ] ] ] } },
{ "type": "Feature", "properties": { "cell_id": "C025_030", "tree_count": 428, "species_list": [ "Acer campestre", "Acer campestre 'Pyramidale'", "Acer monspessulanum", "Acer saccharinum", "Bauhinia purpurea", "Brachychiton populneus", "Catalpa bignonioides", "Celtis australis", "Cercis siliquastrum", "Citrus × aurantium", "Jacaranda mimosifolia", "Ligustrum japonicum 'Texanum'", "Ligustrum lucidum", "Liquidambar styraciflua", "Melia azedarach", "Olea europaea", "Photinia x fraseri 'Red Robin'", "Platanus × acerifolia", "Prunus cerasifera 'Pissardii'", "Prunus serrulata 'Kanzan'", "Pyrus calleryana 'Chanticleer'", "Quercus ilex", "Robinia pseudoacacia", "Robinia pseudoacacia 'Bessoniana'", "Styphnolobium japonicum", "Tilia tomentosa", "Tilia x euchlora", "Tilia x europaea", "Tipuana tipu", "Ulmus pumila" ], "district_name": "HORTA - GUINARDÓ", "barri_name": "EL GUINARDÓ", "dominant_myco_type": "AM", "am_pct": 62.38, "em_pct": 3.74, "nm_pct": 33.88, "am_blindness_flag": false, "trees_young_pct": 7.94, "cell_x0": 430800, "cell_y0": 4586000 }, "geometry": { "type": "Polygon", "coordinates": [ [ [ 431200.0, 4586000.0 ], [ 431200.0, 4586400.0 ], [ 430800.0, 4586400.0 ], [ 430800.0, 4586000.0 ], [ 431200.0, 4586000.0 ] ] ] } },
{ "type": "Feature", "properties": { "cell_id": "C025_031", "tree_count": 806, "species_list": [ "Acer buergerianum", "Acer campestre", "Acer campestre 'Pyramidale'", "Acer negundo", "Acer × freemanii AUTUMN BLAZE® 'Jeffersred'", "Albizia julibrissin", "Bauhinia variegata", "Brachychiton populneus", "Casuarina cunninghamiana", "Celtis australis", "Cercis siliquastrum", "Citrus × aurantium", "Cupressus sempervirens", "Cupressus sempervirens 'Stricta'", "Fraxinus berlandieriana", "Grevillea robusta", "Handroanthus heptaphyllus", "Hibiscus syriacus", "Jacaranda mimosifolia", "Juglans nigra", "Juglans regia", "Koelreuteria paniculata 'Fastigiata'", "Ligustrum japonicum", "Ligustrum japonicum 'Variegatum'", "Ligustrum lucidum", "Ligustrum lucidum 'Excelsum Superbum'", "Liriodendron tulipifera", "Melia azedarach", "Olea europaea", "Pinus halepensis", "Platanus × acerifolia", "Populus alba 'Pyramidalis'", "Populus nigra 'Italica'", "Populus simonii", "Prunus cerasifera", "Prunus cerasifera 'Pissardii'", "Pyrus calleryana 'Chanticleer'", "Quercus ilex", "Quercus robur 'Fastigiata'", "Robinia pseudoacacia", "Robinia pseudoacacia 'Pyramidalis'", "Schinus molle", "Styphnolobium japonicum", "Tamarix gallica", "Tilia x europaea", "Tipuana tipu", "Trachycarpus fortunei", "Ulmus pumila", "Washingtonia filifera", "Washingtonia filifera var. robusta" ], "district_name": "NOU BARRIS", "barri_name": "VILAPICINA I LA TORRE LLOBETA", "dominant_myco_type": "AM", "am_pct": 80.02, "em_pct": 0.62, "nm_pct": 19.35, "am_blindness_flag": true, "trees_young_pct": 8.68, "cell_x0": 430800, "cell_y0": 4586400 }, "geometry": { "type": "Polygon", "coordinates": [ [ [ 431200.0, 4586400.0 ], [ 431200.0, 4586800.0 ], [ 430800.0, 4586800.0 ], [ 430800.0, 4586400.0 ], [ 431200.0, 4586400.0 ] ] ] } },
{ "type": "Feature", "properties": { "cell_id": "C025_032", "tree_count": 556, "species_list": [ "Acer campestre", "Albizia julibrissin", "Albizia julibrissin 'Summer Chocolate'", "Brachychiton populneus", "Casuarina cunninghamiana", "Catalpa bignonioides", "Cedrus deodara", "Celtis australis", "Cercis siliquastrum", "Crataegus x media 'Paul's Scarlet'", "Cupressus sempervirens", "Eriobotrya japonica", "Eugenia uniflora", "Gleditsia triacanthos", "Gleditsia triacanthos 'sunburst'", "Gleditsia triacanthos f. inermis", "Jacaranda mimosifolia", "Melia azedarach", "Olea europaea", "Parrotia persica 'Vanessa'", "Pinus nigra subsp. salzmannii", "Platanus × acerifolia", "Populus alba 'Pyramidalis'", "Prunus cerasifera 'Pissardii'", "Prunus serrulata 'Kanzan'", "Pyrus calleryana 'Chanticleer'", "Robinia pseudoacacia", "Robinia pseudoacacia 'Bessoniana'", "Schinus molle", "Styphnolobium japonicum", "Syagrus romanzoffiana", "Tipuana tipu", "Washingtonia filifera" ], "district_name": "NOU BARRIS", "barri_name": "EL TURÓ DE LA PEIRA", "dominant_myco_type": "AM", "am_pct": 87.23, "em_pct": 0.18, "nm_pct": 12.59, "am_blindness_flag": true, "trees_young_pct": 5.4, "cell_x0": 430800, "cell_y0": 4586800 }, "geometry": { "type": "Polygon", "coordinates": [ [ [ 431200.0, 4586800.0 ], [ 431200.0, 4587200.0 ], [ 430800.0, 4587200.0 ], [ 430800.0, 4586800.0 ], [ 431200.0, 4586800.0 ] ] ] } },
{ "type": "Feature", "properties": { "cell_id": "C025_033", "tree_count": 928, "species_list": [ "Acer campestre 'Elsrijk'", "Brachychiton acerifolius", "Brachychiton populneus", "Catalpa bignonioides", "Celtis australis", "Celtis sinensis", "Cercis siliquastrum", "Citrus × aurantium", "Corylus colurna", "Crataegus x media 'Paul's Scarlet'", "Cupressus sempervirens", "Cupressus sempervirens 'Stricta'", "Elaeagnus angustifolia", "Eugenia uniflora", "Ficus macrophylla", "Fraxinus angustifolia 'Raywood'", "Gleditsia triacanthos f. inermis", "Hesperocyparis arizonica", "Hesperocyparis macrocarpa", "Hibiscus syriacus", "Jacaranda mimosifolia", "Ligustrum lucidum", "Melia azedarach", "Morus alba", "Morus nigra", "Nerium oleander", "Photinia x fraseri 'Red Robin'", "Pinus halepensis", "Pinus pinea", "Platanus × acerifolia", "Populus alba", "Populus alba 'Pyramidalis'", "Populus nigra 'Italica'", "Prunus cerasifera 'Pissardii'", "Prunus serrulata", "Prunus serrulata 'Kanzan'", "Pyrus calleryana 'Chanticleer'", "Quercus ilex", "Robinia hispida", "Robinia pseudoacacia", "Robinia pseudoacacia 'Bessoniana'", "Robinia pseudoacacia 'Pyramidalis'", "Schinus molle", "Styphnolobium japonicum", "Tilia americana", "Tipuana tipu", "Trachycarpus fortunei", "Ulmus RESISTA® 'Sapporo Autumn Gold'", "X chitalpa tashkentensis 'minsum' SUMMER BELLS®" ], "district_name": "NOU BARRIS", "barri_name": "PORTA", "dominant_myco_type": "AM", "am_pct": 71.01, "em_pct": 9.27, "nm_pct": 19.72, "am_blindness_flag": false, "trees_young_pct": 5.5, "cell_x0": 430800, "cell_y0": 4587200 }, "geometry": { "type": "Polygon", "coordinates": [ [ [ 431200.0, 4587200.0 ], [ 431200.0, 4587600.0 ], [ 430800.0, 4587600.0 ], [ 430800.0, 4587200.0 ], [ 431200.0, 4587200.0 ] ] ] } },
{ "type": "Feature", "properties": { "cell_id": "C025_034", "tree_count": 784, "species_list": [ "Acer campestre 'Pyramidale'", "Acer negundo", "Albizia julibrissin", "Bauhinia variegata", "Brachychiton populneus", "Calocedrus decurrens", "Casuarina cunninghamiana", "Catalpa bignonioides", "Cedrus deodara", "Celtis australis", "Celtis sinensis", "Cercis siliquastrum", "Citrus x limon", "Ekebergia capensis", "Erythrina crista-galli", "Eucalyptus camaldulensis", "Firmiana simplex", "Fraxinus angustifolia", "Fraxinus ornus 'Mecsek'", "Ginkgo biloba", "Ginkgo biloba 'Fastigiata'", "Grevillea robusta", "Handroanthus heptaphyllus", "Hibiscus syriacus", "Jacaranda mimosifolia", "Ligustrum lucidum", "Magnolia grandiflora", "Melia azedarach", "Phoenix canariensis", "Phoenix dactylifera", "Phytolacca dioica", "Pinus halepensis", "Platanus × acerifolia", "Populus alba", "Populus alba 'Pyramidalis'", "Populus nigra 'Italica'", "Populus x canadensis", "Prunus cerasifera 'Pissardii'", "Pyrus calleryana 'Chanticleer'", "Quercus robur", "Robinia pseudoacacia", "Robinia pseudoacacia 'Bessoniana'", "Ruprechtia laxiflora", "Salix babylonica", "Styphnolobium japonicum", "Styphnolobium japonicum 'Columnare'", "Tipuana tipu", "Ulmus minor 'Umbraculifera'", "Ulmus pumila", "Washingtonia filifera", "Washingtonia filifera var. robusta" ], "district_name": "NOU BARRIS", "barri_name": "LA GUINEUETA", "dominant_myco_type": "AM", "am_pct": 81.25, "em_pct": 2.17, "nm_pct": 16.58, "am_blindness_flag": true, "trees_young_pct": 10.46, "cell_x0": 430800, "cell_y0": 4587600 }, "geometry": { "type": "Polygon", "coordinates": [ [ [ 431200.0, 4587600.0 ], [ 431200.0, 4588000.0 ], [ 430800.0, 4588000.0 ], [ 430800.0, 4587600.0 ], [ 431200.0, 4587600.0 ] ] ] } },
{ "type": "Feature", "properties": { "cell_id": "C025_035", "tree_count": 528, "species_list": [ "Acer negundo", "Acer × freemanii AUTUMN BLAZE® 'Jeffersred'", "Brachychiton acerifolius", "Brachychiton populneus", "Cedrus deodara", "Celtis australis", "Celtis sinensis", "Cercis siliquastrum", "Citrus × aurantium", "Crataegus x lavalleei 'Carrierei'", "Cupressus sempervirens", "Eriobotrya japonica", "Ficus elastica", "Fraxinus angustifolia 'Raywood'", "Grevillea robusta", "Handroanthus heptaphyllus", "Hesperocyparis macrocarpa", "Hibiscus syriacus", "Jacaranda mimosifolia", "Koelreuteria paniculata", "Ligustrum lucidum", "Liquidambar styraciflua", "Magnolia grandiflora", "Malus PERPETU® 'Evereste'", "Melia azedarach", "Morus alba", "Phoenix canariensis", "Pinus halepensis", "Pinus pinea", "Platanus × acerifolia", "Populus nigra 'Italica'", "Populus x canadensis", "Prunus cerasifera 'Pissardii'", "Prunus serrulata", "Pyrus calleryana 'Chanticleer'", "Robinia pseudoacacia", "Styphnolobium japonicum", "Styphnolobium japonicum 'Dot'", "Tipuana tipu", "Ulmus pumila", "Washingtonia filifera var. robusta" ], "district_name": "NOU BARRIS", "barri_name": "VERDUN", "dominant_myco_type": "AM", "am_pct": 83.33, "em_pct": 1.52, "nm_pct": 15.15, "am_blindness_flag": true, "trees_young_pct": 8.9, "cell_x0": 430800, "cell_y0": 4588000 }, "geometry": { "type": "Polygon", "coordinates": [ [ [ 431200.0, 4588000.0 ], [ 431200.0, 4588400.0 ], [ 430800.0, 4588400.0 ], [ 430800.0, 4588000.0 ], [ 431200.0, 4588000.0 ] ] ] } },
{ "type": "Feature", "properties": { "cell_id": "C025_036", "tree_count": 457, "species_list": [ "Abies alba", "Acer monspessulanum", "Acer negundo", "Aesculus x carnea", "Ailanthus altissima", "Albizia julibrissin", "Brachychiton acerifolius", "Brachychiton populneus", "Catalpa bignonioides", "Celtis australis", "Celtis sinensis", "Cercis siliquastrum", "Citrus x limon", "Citrus × aurantium", "Cupressus sempervirens", "Eucalyptus globulus", "Ficus elastica", "Ficus microcarpa", "Ginkgo biloba", "Hibiscus syriacus", "Jacaranda mimosifolia", "Juniperus communis", "Koelreuteria paniculata", "Laurus nobilis", "Ligustrum lucidum", "Malus PERPETU® 'Evereste'", "Melia azedarach", "Olea europaea", "Paulownia tomentosa", "Phoenix canariensis", "Phoenix dactylifera", "Pinus halepensis", "Pinus pinea", "Platanus × acerifolia", "Populus x canescens", "Prunus cerasifera 'Pissardii'", "Pyrus calleryana 'Chanticleer'", "Quercus ilex", "Radermachera sinica", "Robinia pseudoacacia", "Taxus baccata", "Thuja occidentalis", "Tilia x europaea", "Tipuana tipu", "Ulmus pumila" ], "district_name": "NOU BARRIS", "barri_name": "LES ROQUETES", "dominant_myco_type": "AM", "am_pct": 89.93, "em_pct": 4.38, "nm_pct": 5.69, "am_blindness_flag": true, "trees_young_pct": 8.32, "cell_x0": 430800, "cell_y0": 4588400 }, "geometry": { "type": "Polygon", "coordinates": [ [ [ 431200.0, 4588400.0 ], [ 431200.0, 4588800.0 ], [ 430800.0, 4588800.0 ], [ 430800.0, 4588400.0 ], [ 431200.0, 4588400.0 ] ] ] } },
{ "type": "Feature", "properties": { "cell_id": "C025_037", "tree_count": 133, "species_list": [ "Albizia julibrissin", "Brachychiton populneus", "Celtis australis", "Cercis siliquastrum", "Citrus × aurantium", "Ficus microcarpa", "Hibiscus syriacus", "Melia azedarach", "Olea europaea", "Parrotia persica 'Vanessa'", "Prunus cerasifera 'Pissardii'", "Pyrus calleryana 'Chanticleer'", "Quercus ilex", "Robinia pseudoacacia", "Tipuana tipu", "Ulmus pumila" ], "district_name": "NOU BARRIS", "barri_name": "LES ROQUETES", "dominant_myco_type": "AM", "am_pct": 73.68, "em_pct": 21.05, "nm_pct": 5.26, "am_blindness_flag": false, "trees_young_pct": 21.8, "cell_x0": 430800, "cell_y0": 4588800 }, "geometry": { "type": "Polygon", "coordinates": [ [ [ 431200.0, 4588800.0 ], [ 431200.0, 4589200.0 ], [ 430800.0, 4589200.0 ], [ 430800.0, 4588800.0 ], [ 431200.0, 4588800.0 ] ] ] } },
{ "type": "Feature", "properties": { "cell_id": "C025_038", "tree_count": 43, "species_list": [ "Prunus cerasifera 'Pissardii'", "Robinia pseudoacacia", "Styphnolobium japonicum", "Tilia cordata", "Tilia platyphyllos", "Tilia x euchlora" ], "district_name": "NOU BARRIS", "barri_name": "TORRE BARÓ", "dominant_myco_type": "NM", "am_pct": 16.28, "em_pct": 37.21, "nm_pct": 46.51, "am_blindness_flag": false, "trees_young_pct": 0.0, "cell_x0": 430800, "cell_y0": 4589200 }, "geometry": { "type": "Polygon", "coordinates": [ [ [ 431200.0, 4589200.0 ], [ 431200.0, 4589600.0 ], [ 430800.0, 4589600.0 ], [ 430800.0, 4589200.0 ], [ 431200.0, 4589200.0 ] ] ] } },
{ "type": "Feature", "properties": { "cell_id": "C025_039", "tree_count": 27, "species_list": [ "Cercis siliquastrum", "Ligustrum lucidum 'Excelsum Superbum'", "Pinus pinea", "Quercus ilex", "Robinia pseudoacacia", "Robinia pseudoacacia 'Pyramidalis'", "Styphnolobium japonicum", "Styphnolobium japonicum 'Columnare'", "Ulmus pumila" ], "district_name": "NOU BARRIS", "barri_name": "TORRE BARÓ", "dominant_myco_type": "AM", "am_pct": 59.26, "em_pct": 18.52, "nm_pct": 22.22, "am_blindness_flag": false, "trees_young_pct": 0.0, "cell_x0": 430800, "cell_y0": 4589600 }, "geometry": { "type": "Polygon", "coordinates": [ [ [ 431200.0, 4589600.0 ], [ 431200.0, 4590000.0 ], [ 430800.0, 4590000.0 ], [ 430800.0, 4589600.0 ], [ 431200.0, 4589600.0 ] ] ] } },
{ "type": "Feature", "properties": { "cell_id": "C025_040", "tree_count": 591, "species_list": [ "Acer campestre", "Acer negundo", "Acer saccharinum", "Ailanthus altissima", "Albizia julibrissin 'OMBRELLA'®", "Arbutus unedo", "Brachychiton populneus", "Catalpa bignonioides", "Celtis australis", "Celtis occidentalis", "Cercis siliquastrum", "Citrus x limon", "Citrus × aurantium", "Cupressus sempervirens", "Cupressus sempervirens 'Stricta'", "Erica arborea", "Eriobotrya japonica", "Eucalyptus globulus", "Ficus carica", "Fraxinus angustifolia", "Ginkgo biloba", "Gleditsia triacanthos f. inermis", "Handroanthus heptaphyllus", "Hibiscus syriacus", "Jacaranda mimosifolia", "Koelreuteria paniculata", "Laurus nobilis", "Ligustrum lucidum", "Liquidambar styraciflua", "Magnolia grandiflora", "Melia azedarach", "Morus alba", "Olea europaea", "Phoenix canariensis", "Phoenix dactylifera", "Pinus halepensis", "Pinus pinea", "Platanus × acerifolia", "Prunus amygdalus", "Prunus armeniaca", "Prunus cerasifera 'Pissardii'", "Prunus domestica", "Prunus serrulata", "Prunus serrulata 'Kanzan'", "Prunus spinosa", "Pterocarya fraxinifolia", "Punica granatum", "Pyrus communis", "Quercus ilex", "Quercus robur", "Rhus typhina", "Robinia pseudoacacia", "Robinia pseudoacacia 'Bessoniana'", "Schinus areira", "Styphnolobium japonicum", "Thuja occidentalis", "Tipuana tipu", "Ulmus RESISTA® 'New Horizon'", "Ulmus pumila" ], "district_name": "NOU BARRIS", "barri_name": "CIUTAT MERIDIANA", "dominant_myco_type": "AM", "am_pct": 71.91, "em_pct": 20.3, "nm_pct": 7.78, "am_blindness_flag": false, "trees_young_pct": 21.32, "cell_x0": 430800, "cell_y0": 4590000 }, "geometry": { "type": "Polygon", "coordinates": [ [ [ 431200.0, 4590000.0 ], [ 431200.0, 4590400.0 ], [ 430800.0, 4590400.0 ], [ 430800.0, 4590000.0 ], [ 431200.0, 4590000.0 ] ] ] } },
{ "type": "Feature", "properties": { "cell_id": "C025_041", "tree_count": 39, "species_list": [ "Acer negundo", "Acer saccharinum", "Casuarina cunninghamiana", "Pinus pinea", "Quercus ilex", "Tilia x euchlora", "Tilia x europaea", "Tipuana tipu", "Ulmus pumila" ], "district_name": "NOU BARRIS", "barri_name": "CIUTAT MERIDIANA", "dominant_myco_type": "EM", "am_pct": 38.46, "em_pct": 48.72, "nm_pct": 12.82, "am_blindness_flag": false, "trees_young_pct": 0.0, "cell_x0": 430800, "cell_y0": 4590400 }, "geometry": { "type": "Polygon", "coordinates": [ [ [ 431200.0, 4590400.0 ], [ 431200.0, 4590800.0 ], [ 430800.0, 4590800.0 ], [ 430800.0, 4590400.0 ], [ 431200.0, 4590400.0 ] ] ] } },
{ "type": "Feature", "properties": { "cell_id": "C026_016", "tree_count": 29, "species_list": [ "Platanus × acerifolia", "Tipuana tipu" ], "district_name": "CIUTAT VELLA", "barri_name": "EL BARRI GÒTIC", "dominant_myco_type": "AM", "am_pct": 100.0, "em_pct": 0.0, "nm_pct": 0.0, "am_blindness_flag": true, "trees_young_pct": 0.0, "cell_x0": 431200, "cell_y0": 4580400 }, "geometry": { "type": "Polygon", "coordinates": [ [ [ 431600.0, 4580400.0 ], [ 431600.0, 4580800.0 ], [ 431200.0, 4580800.0 ], [ 431200.0, 4580400.0 ], [ 431600.0, 4580400.0 ] ] ] } },
{ "type": "Feature", "properties": { "cell_id": "C026_017", "tree_count": 176, "species_list": [ "Albizia julibrissin", "Fraxinus ornus OBELISK® 'Paus Johannes-Paulus II'", "Grevillea robusta", "Koelreuteria paniculata", "Ligustrum japonicum", "Ligustrum lucidum", "Magnolia grandiflora", "Myrtus communis", "Phoenix canariensis", "Phoenix dactylifera", "Platanus × acerifolia", "Quercus ilex", "Syagrus romanzoffiana", "Washingtonia filifera", "Washingtonia filifera var. robusta" ], "district_name": "CIUTAT VELLA", "barri_name": "EL BARRI GÒTIC", "dominant_myco_type": "AM", "am_pct": 60.23, "em_pct": 3.98, "nm_pct": 35.8, "am_blindness_flag": false, "trees_young_pct": 18.75, "cell_x0": 431200, "cell_y0": 4580800 }, "geometry": { "type": "Polygon", "coordinates": [ [ [ 431600.0, 4580800.0 ], [ 431600.0, 4581200.0 ], [ 431200.0, 4581200.0 ], [ 431200.0, 4580800.0 ], [ 431600.0, 4580800.0 ] ] ] } },
{ "type": "Feature", "properties": { "cell_id": "C026_018", "tree_count": 195, "species_list": [ "Acer monspessulanum", "Albizia julibrissin", "Bauhinia purpurea", "Celtis australis", "Celtis occidentalis", "Ficus maclellandii 'Alii'", "Ficus microcarpa", "Fraxinus ornus", "Ginkgo biloba", "Jacaranda mimosifolia", "Koelreuteria paniculata", "Lagerstroemia indica", "Laurus nobilis", "Ligustrum japonicum 'Texanum'", "Ligustrum lucidum", "Magnolia grandiflora", "Magnolia grandiflora 'Goliath'", "Myrtus communis", "Olea europaea", "Phoenix dactylifera", "Pinus pinea", "Platanus × acerifolia", "Pyrus calleryana 'Chanticleer'", "Quercus ilex", "Styphnolobium japonicum", "Tipuana tipu", "Washingtonia filifera", "Washingtonia filifera var. robusta" ], "district_name": "CIUTAT VELLA", "barri_name": "EL BARRI GÒTIC", "dominant_myco_type": "AM", "am_pct": 77.95, "em_pct": 3.08, "nm_pct": 18.97, "am_blindness_flag": false, "trees_young_pct": 12.31, "cell_x0": 431200, "cell_y0": 4581200 }, "geometry": { "type": "Polygon", "coordinates": [ [ [ 431600.0, 4581200.0 ], [ 431600.0, 4581600.0 ], [ 431200.0, 4581600.0 ], [ 431200.0, 4581200.0 ], [ 431600.0, 4581200.0 ] ] ] } },
{ "type": "Feature", "properties": { "cell_id": "C026_019", "tree_count": 100, "species_list": [ "Acer campestre", "Albizia julibrissin", "Bauhinia variegata", "Callistemon viminalis", "Celtis australis", "Crataegus x media 'Paul's Scarlet'", "Cupressus sempervirens", "Ficus drupacea", "Grevillea robusta", "Jacaranda mimosifolia", "Koelreuteria paniculata", "Lagunaria patersonia", "Magnolia grandiflora", "Magnolia grandiflora 'Gallisoniensis'", "Magnolia grandiflora 'Goliath'", "Melia azedarach", "Phytolacca dioica", "Podocarpus neriifolius", "Populus alba", "Populus alba 'Pyramidalis'", "Prunus cerasifera 'Pissardii'", "Pyrus calleryana 'Chanticleer'", "Quercus ilex", "Quercus suber", "Syagrus romanzoffiana", "Taxus baccata", "Tipuana tipu", "Washingtonia filifera", "Washingtonia filifera var. robusta" ], "district_name": "CIUTAT VELLA", "barri_name": "SANT PERE, SANTA CATERINA I LA RIBERA", "dominant_myco_type": "AM", "am_pct": 70.0, "em_pct": 5.0, "nm_pct": 25.0, "am_blindness_flag": false, "trees_young_pct": 12.0, "cell_x0": 431200, "cell_y0": 4581600 }, "geometry": { "type": "Polygon", "coordinates": [ [ [ 431600.0, 4581600.0 ], [ 431600.0, 4582000.0 ], [ 431200.0, 4582000.0 ], [ 431200.0, 4581600.0 ], [ 431600.0, 4581600.0 ] ] ] } },
{ "type": "Feature", "properties": { "cell_id": "C026_020", "tree_count": 382, "species_list": [ "Acer platanoides", "Acer × freemanii AUTUMN BLAZE® 'Jeffersred'", "Albizia julibrissin", "Bauhinia forficata subsp. pruinosa", "Brachychiton acerifolius", "Brachychiton populneus", "Celtis australis", "Cercis siliquastrum", "Erythrina crista-galli", "Ficus carica", "Ginkgo biloba 'Fastigiata'", "Gleditsia triacanthos f. inermis", "Jacaranda mimosifolia", "Koelreuteria paniculata", "Ligustrum japonicum 'Texanum'", "Ligustrum lucidum", "Melia azedarach", "Olea europaea", "Paulownia tomentosa", "Phoenix dactylifera", "Platanus × acerifolia", "Populus nigra", "Populus nigra 'Italica'", "Prunus amygdalus", "Prunus cerasifera 'Pissardii'", "Robinia pseudoacacia", "Robinia pseudoacacia 'Bessoniana'", "Tilia x euchlora", "Tipuana tipu", "Ulmus pumila", "Washingtonia filifera", "Washingtonia filifera var. robusta" ], "district_name": "CIUTAT VELLA", "barri_name": "SANT PERE, SANTA CATERINA I LA RIBERA", "dominant_myco_type": "AM", "am_pct": 89.01, "em_pct": 0.52, "nm_pct": 10.47, "am_blindness_flag": true, "trees_young_pct": 7.07, "cell_x0": 431200, "cell_y0": 4582000 }, "geometry": { "type": "Polygon", "coordinates": [ [ [ 431600.0, 4582000.0 ], [ 431600.0, 4582400.0 ], [ 431200.0, 4582400.0 ], [ 431200.0, 4582000.0 ], [ 431600.0, 4582000.0 ] ] ] } },
{ "type": "Feature", "properties": { "cell_id": "C026_021", "tree_count": 635, "species_list": [ "Albizia julibrissin", "Bauhinia variegata", "Brachychiton populneus", "Butia yatay", "Catalpa bignonioides", "Ceiba speciosa", "Celtis australis", "Citrus reticulata", "Fraxinus angustifolia", "Ginkgo biloba", "Gleditsia triacanthos f. inermis", "Jacaranda mimosifolia", "Koelreuteria paniculata", "Olea europaea", "Parkinsonia aculeata", "Phoenix dactylifera", "Phoenix reclinata", "Phytolacca dioica", "Platanus orientalis", "Platanus × acerifolia", "Robinia pseudoacacia", "Robinia pseudoacacia 'Bessoniana'", "Styphnolobium japonicum", "Tilia tomentosa", "Tilia x euchlora", "Washingtonia filifera", "Washingtonia filifera var. robusta", "X chitalpa tashkentensis 'minsum' SUMMER BELLS®" ], "district_name": "EIXAMPLE", "barri_name": "LA DRETA DE LEIXAMPLE", "dominant_myco_type": "AM", "am_pct": 89.61, "em_pct": 0.79, "nm_pct": 9.61, "am_blindness_flag": true, "trees_young_pct": 5.2, "cell_x0": 431200, "cell_y0": 4582400 }, "geometry": { "type": "Polygon", "coordinates": [ [ [ 431600.0, 4582400.0 ], [ 431600.0, 4582800.0 ], [ 431200.0, 4582800.0 ], [ 431200.0, 4582400.0 ], [ 431600.0, 4582400.0 ] ] ] } },
{ "type": "Feature", "properties": { "cell_id": "C026_022", "tree_count": 488, "species_list": [ "Ailanthus altissima", "Bauhinia purpurea", "Brachychiton populneus", "Celtis australis", "Citrus × aurantium", "Erythrina crista-galli", "Ficus elastica", "Gleditsia triacanthos f. inermis", "Jacaranda mimosifolia", "Koelreuteria paniculata", "Ligustrum lucidum", "Melia azedarach", "Platanus × acerifolia", "Schinus molle", "Tilia cordata", "Tilia tomentosa", "Tipuana tipu", "Washingtonia filifera var. robusta" ], "district_name": "EIXAMPLE", "barri_name": "EL FORT PIENC", "dominant_myco_type": "AM", "am_pct": 96.31, "em_pct": 1.84, "nm_pct": 1.84, "am_blindness_flag": true, "trees_young_pct": 5.33, "cell_x0": 431200, "cell_y0": 4582800 }, "geometry": { "type": "Polygon", "coordinates": [ [ [ 431600.0, 4582800.0 ], [ 431600.0, 4583200.0 ], [ 431200.0, 4583200.0 ], [ 431200.0, 4582800.0 ], [ 431600.0, 4582800.0 ] ] ] } },
{ "type": "Feature", "properties": { "cell_id": "C026_023", "tree_count": 570, "species_list": [ "Albizia julibrissin", "Brachychiton populneus", "Celtis australis", "Cercis siliquastrum", "Citrus × aurantium", "Firmiana simplex", "Gleditsia triacanthos", "Gleditsia triacanthos f. inermis", "Jacaranda mimosifolia", "Koelreuteria paniculata", "Magnolia grandiflora", "Morus alba 'Fruitless'", "Phoenix canariensis", "Platanus × acerifolia", "Populus alba 'Pyramidalis'", "Pyrus calleryana 'Chanticleer'", "Robinia pseudoacacia", "Schinus molle", "Tipuana tipu", "Washingtonia filifera", "Washingtonia filifera var. robusta" ], "district_name": "EIXAMPLE", "barri_name": "EL FORT PIENC", "dominant_myco_type": "AM", "am_pct": 96.32, "em_pct": 0.0, "nm_pct": 3.68, "am_blindness_flag": true, "trees_young_pct": 6.67, "cell_x0": 431200, "cell_y0": 4583200 }, "geometry": { "type": "Polygon", "coordinates": [ [ [ 431600.0, 4583200.0 ], [ 431600.0, 4583600.0 ], [ 431200.0, 4583600.0 ], [ 431200.0, 4583200.0 ], [ 431600.0, 4583200.0 ] ] ] } },
{ "type": "Feature", "properties": { "cell_id": "C026_024", "tree_count": 775, "species_list": [ "Brachychiton acerifolius", "Brachychiton populneus", "Casuarina cunninghamiana", "Celtis australis", "Cercis siliquastrum", "Citrus × aurantium", "Corylus colurna", "Eriobotrya japonica", "Ginkgo biloba", "Ginkgo biloba 'Fastigiata'", "Gleditsia triacanthos", "Grevillea robusta", "Jacaranda mimosifolia", "Koelreuteria paniculata 'Fastigiata'", "Ligustrum japonicum", "Ligustrum lucidum", "Magnolia grandiflora", "Malus sylvestris", "Melia azedarach", "Morus alba", "Olea europaea", "Phoenix canariensis", "Phytolacca dioica", "Platanus × acerifolia", "Populus alba 'Pyramidalis'", "Populus nigra", "Prunus cerasifera 'Pissardii'", "Robinia pseudoacacia", "Schinus molle", "Styphnolobium japonicum", "Styphnolobium japonicum 'Dot'", "Tipuana tipu", "Washingtonia filifera" ], "district_name": "EIXAMPLE", "barri_name": "LA SAGRADA FAMILIA", "dominant_myco_type": "AM", "am_pct": 96.39, "em_pct": 1.55, "nm_pct": 2.06, "am_blindness_flag": true, "trees_young_pct": 13.16, "cell_x0": 431200, "cell_y0": 4583600 }, "geometry": { "type": "Polygon", "coordinates": [ [ [ 431600.0, 4583600.0 ], [ 431600.0, 4584000.0 ], [ 431200.0, 4584000.0 ], [ 431200.0, 4583600.0 ], [ 431600.0, 4583600.0 ] ] ] } },
{ "type": "Feature", "properties": { "cell_id": "C026_025", "tree_count": 472, "species_list": [ "Brachychiton acerifolius", "Brachychiton populneus", "Celtis australis", "Cercis siliquastrum", "Cupressus sempervirens", "Gleditsia triacanthos", "Gleditsia triacanthos f. inermis", "Grevillea robusta", "Jacaranda mimosifolia", "Koelreuteria paniculata", "Ligustrum lucidum", "Melia azedarach", "Platanus × acerifolia" ], "district_name": "EIXAMPLE", "barri_name": "LA SAGRADA FAMILIA", "dominant_myco_type": "AM", "am_pct": 93.01, "em_pct": 0.0, "nm_pct": 6.99, "am_blindness_flag": true, "trees_young_pct": 2.97, "cell_x0": 431200, "cell_y0": 4584000 }, "geometry": { "type": "Polygon", "coordinates": [ [ [ 431600.0, 4584000.0 ], [ 431600.0, 4584400.0 ], [ 431200.0, 4584400.0 ], [ 431200.0, 4584000.0 ], [ 431600.0, 4584000.0 ] ] ] } },
{ "type": "Feature", "properties": { "cell_id": "C026_026", "tree_count": 475, "species_list": [ "Brachychiton acerifolius", "Celtis australis", "Celtis sinensis", "Cercis siliquastrum", "Citrus × aurantium", "Cupressus sempervirens", "Jacaranda mimosifolia", "Koelreuteria paniculata", "Laurus nobilis", "Ligustrum lucidum", "Melia azedarach", "Paulownia tomentosa", "Phoenix canariensis", "Pinus pinea", "Platanus × acerifolia", "Prunus cerasifera 'Pissardii'", "Pyrus calleryana 'Chanticleer'", "Robinia pseudoacacia", "Tipuana tipu", "Ulmus parvifolia", "Ulmus pumila", "Washingtonia filifera" ], "district_name": "SANT MARTÍ", "barri_name": "EL CAMP DE LARPA DEL CLOT", "dominant_myco_type": "AM", "am_pct": 95.79, "em_pct": 2.11, "nm_pct": 2.11, "am_blindness_flag": true, "trees_young_pct": 3.58, "cell_x0": 431200, "cell_y0": 4584400 }, "geometry": { "type": "Polygon", "coordinates": [ [ [ 431600.0, 4584400.0 ], [ 431600.0, 4584800.0 ], [ 431200.0, 4584800.0 ], [ 431200.0, 4584400.0 ], [ 431600.0, 4584400.0 ] ] ] } },
{ "type": "Feature", "properties": { "cell_id": "C026_027", "tree_count": 515, "species_list": [ "Acer buergerianum", "Acer campestre 'Elsrijk'", "Catalpa bignonioides", "Celtis australis", "Celtis sinensis", "Ceratonia siliqua", "Cercis siliquastrum", "Citrus × aurantium", "Corylus colurna", "Cupressus sempervirens", "Ginkgo biloba", "Gleditsia triacanthos", "Koelreuteria paniculata", "Koelreuteria paniculata 'Fastigiata'", "Ligustrum lucidum", "Ligustrum ovalifolium", "Magnolia grandiflora", "Malus PERPETU® 'Evereste'", "Melia azedarach", "Phoenix canariensis", "Pinus halepensis", "Platanus × acerifolia", "Populus alba 'Pyramidalis'", "Prunus amygdalus", "Prunus cerasifera", "Prunus serrulata 'Kanzan'", "Pyrus calleryana 'Chanticleer'", "Pyrus communis", "Quercus ilex", "Quercus rotundifolia", "Quercus suber", "Robinia pseudoacacia", "Robinia pseudoacacia 'Bessoniana'", "Styphnolobium japonicum", "Styphnolobium japonicum 'Dot'", "Tipuana tipu", "Ulmus pumila", "Washingtonia filifera var. robusta", "Ziziphus jujuba" ], "district_name": "SANT MARTÍ", "barri_name": "EL CAMP DE LARPA DEL CLOT", "dominant_myco_type": "AM", "am_pct": 88.16, "em_pct": 3.11, "nm_pct": 8.74, "am_blindness_flag": true, "trees_young_pct": 6.02, "cell_x0": 431200, "cell_y0": 4584800 }, "geometry": { "type": "Polygon", "coordinates": [ [ [ 431600.0, 4584800.0 ], [ 431600.0, 4585200.0 ], [ 431200.0, 4585200.0 ], [ 431200.0, 4584800.0 ], [ 431600.0, 4584800.0 ] ] ] } },
{ "type": "Feature", "properties": { "cell_id": "C026_028", "tree_count": 518, "species_list": [ "Acer buergerianum", "Acer monspessulanum", "Bauhinia variegata", "Brachychiton discolor", "Brachychiton rupestris", "Cedrus atlantica", "Celtis australis", "Cercis siliquastrum", "Citrus × aurantium", "Cupressus sempervirens", "Ficus microcarpa", "Ginkgo biloba 'Fastigiata'", "Hibiscus syriacus", "Jacaranda mimosifolia", "Koelreuteria paniculata", "Koelreuteria paniculata 'Fastigiata'", "Lagerstroemia indica", "Ligustrum japonicum 'Texanum'", "Ligustrum lucidum", "Magnolia grandiflora", "Melia azedarach", "Morus alba", "Morus nigra", "Ostrya carpinifolia", "Parrotia persica 'Vanessa'", "Phoenix canariensis", "Photinia x fraseri 'Red Robin'", "Platanus × acerifolia", "Prunus cerasifera 'Pissardii'", "Pyrus calleryana 'Chanticleer'", "Robinia pseudoacacia", "Styphnolobium japonicum", "Styphnolobium japonicum 'Columnare'", "Styphnolobium japonicum 'Dot'", "Tipuana tipu", "Trachycarpus fortunei", "Ulmus pumila" ], "district_name": "HORTA - GUINARDÓ", "barri_name": "EL GUINARDÓ", "dominant_myco_type": "AM", "am_pct": 85.71, "em_pct": 0.19, "nm_pct": 14.09, "am_blindness_flag": true, "trees_young_pct": 7.72, "cell_x0": 431200, "cell_y0": 4585200 }, "geometry": { "type": "Polygon", "coordinates": [ [ [ 431600.0, 4585200.0 ], [ 431600.0, 4585600.0 ], [ 431200.0, 4585600.0 ], [ 431200.0, 4585200.0 ], [ 431600.0, 4585200.0 ] ] ] } },
{ "type": "Feature", "properties": { "cell_id": "C026_029", "tree_count": 464, "species_list": [ "Acer monspessulanum", "Brachychiton discolor", "Brachychiton rupestris", "Casuarina cunninghamiana", "Catalpa bignonioides", "Celtis australis", "Cercis siliquastrum", "Cormus domestica", "Erythrina caffra", "Ficus microcarpa", "Ginkgo biloba", "Ginkgo biloba 'Fastigiata'", "Hibiscus syriacus", "Jacaranda mimosifolia", "Koelreuteria paniculata 'Fastigiata'", "Ligustrum japonicum 'Texanum'", "Magnolia grandiflora", "Melia azedarach", "Photinia x fraseri 'Red Robin'", "Platanus × acerifolia", "Populus nigra 'Italica'", "Prunus avium", "Prunus cerasifera", "Prunus cerasifera 'Pissardii'", "Prunus serrulata 'Kanzan'", "Pyrus calleryana 'Chanticleer'", "Quercus ilex", "Robinia pseudoacacia", "Schinus molle", "Styphnolobium japonicum", "Styphnolobium japonicum 'Columnare'", "Tipuana tipu", "Ulmus pumila", "Washingtonia filifera var. robusta" ], "district_name": "HORTA - GUINARDÓ", "barri_name": "EL GUINARDÓ", "dominant_myco_type": "AM", "am_pct": 71.98, "em_pct": 0.65, "nm_pct": 27.37, "am_blindness_flag": false, "trees_young_pct": 10.13, "cell_x0": 431200, "cell_y0": 4585600 }, "geometry": { "type": "Polygon", "coordinates": [ [ [ 431600.0, 4585600.0 ], [ 431600.0, 4586000.0 ], [ 431200.0, 4586000.0 ], [ 431200.0, 4585600.0 ], [ 431600.0, 4585600.0 ] ] ] } },
{ "type": "Feature", "properties": { "cell_id": "C026_030", "tree_count": 585, "species_list": [ "Acacia retinodes", "Acer buergerianum", "Acer campestre", "Acer monspessulanum", "Acer negundo", "Acer saccharinum", "Brachychiton populneus", "Broussonetia papyrifera", "Casuarina cunninghamiana", "Catalpa bignonioides", "Cedrus deodara", "Celtis australis", "Cercis siliquastrum", "Citrus reticulata", "Citrus × aurantium", "Cormus domestica", "Cupressus sempervirens", "Firmiana simplex", "Fraxinus angustifolia", "Grevillea robusta", "Jacaranda mimosifolia", "Koelreuteria paniculata 'Fastigiata'", "Laurus nobilis", "Ligustrum japonicum 'Texanum'", "Liquidambar styraciflua", "Magnolia grandiflora", "Melia azedarach", "Morus alba", "Photinia x fraseri 'Red Robin'", "Pinus halepensis", "Pinus pinea", "Platanus × acerifolia", "Populus alba 'Pyramidalis'", "Populus nigra", "Populus nigra 'Italica'", "Prunus cerasifera 'Pissardii'", "Pyrus calleryana 'Chanticleer'", "Quercus ilex", "Quercus robur 'Fastigiata'", "Robinia pseudoacacia", "Robinia pseudoacacia 'Bessoniana'", "Schinus molle", "Styphnolobium japonicum", "Tilia tomentosa", "Tipuana tipu", "Ulmus pumila", "Washingtonia filifera", "Washingtonia filifera var. robusta" ], "district_name": "SANT ANDREU", "barri_name": "EL CONGRÉS I ELS INDIANS", "dominant_myco_type": "AM", "am_pct": 78.46, "em_pct": 5.13, "nm_pct": 16.41, "am_blindness_flag": false, "trees_young_pct": 10.43, "cell_x0": 431200, "cell_y0": 4586000 }, "geometry": { "type": "Polygon", "coordinates": [ [ [ 431600.0, 4586000.0 ], [ 431600.0, 4586400.0 ], [ 431200.0, 4586400.0 ], [ 431200.0, 4586000.0 ], [ 431600.0, 4586000.0 ] ] ] } },
{ "type": "Feature", "properties": { "cell_id": "C026_031", "tree_count": 910, "species_list": [ "Acer negundo", "Brachychiton acerifolius", "Brachychiton populneus", "Casuarina cunninghamiana", "Celtis australis", "Citrus × aurantium", "Cormus domestica", "Cupressus sempervirens", "Eriobotrya japonica", "Ficus carica", "Grevillea robusta", "Handroanthus heptaphyllus", "Jacaranda mimosifolia", "Koelreuteria paniculata 'Fastigiata'", "Ligustrum lucidum", "Livistona chinensis", "Melia azedarach", "Olea europaea", "Parrotia persica 'Vanessa'", "Phoenix canariensis", "Pinus halepensis", "Pinus pinea", "Platanus × acerifolia", "Populus alba", "Populus alba 'Pyramidalis'", "Populus nigra", "Populus nigra 'Italica'", "Prunus cerasifera 'Pissardii'", "Prunus serrulata 'Kanzan'", "Pyrus calleryana 'Chanticleer'", "Quercus ilex", "Quercus pubescens", "Quercus robur 'Fastigiata'", "Quercus rubra", "Quercus suber", "Robinia pseudoacacia", "Robinia pseudoacacia 'Bessoniana'", "Styphnolobium japonicum", "Styphnolobium japonicum 'Columnare'", "Tipuana tipu", "Washingtonia filifera", "Washingtonia filifera var. robusta", "Ziziphus jujuba" ], "district_name": "NOU BARRIS", "barri_name": "VILAPICINA I LA TORRE LLOBETA", "dominant_myco_type": "AM", "am_pct": 83.96, "em_pct": 7.03, "nm_pct": 9.01, "am_blindness_flag": true, "trees_young_pct": 10.66, "cell_x0": 431200, "cell_y0": 4586400 }, "geometry": { "type": "Polygon", "coordinates": [ [ [ 431600.0, 4586400.0 ], [ 431600.0, 4586800.0 ], [ 431200.0, 4586800.0 ], [ 431200.0, 4586400.0 ], [ 431600.0, 4586400.0 ] ] ] } },
{ "type": "Feature", "properties": { "cell_id": "C026_032", "tree_count": 707, "species_list": [ "Acer negundo", "Brachychiton acerifolius", "Brachychiton populneus", "Casuarina cunninghamiana", "Catalpa bignonioides", "Celtis australis", "Cercis siliquastrum", "Citrus × aurantium", "Grevillea robusta", "Handroanthus heptaphyllus", "Jacaranda mimosifolia", "Koelreuteria paniculata 'Fastigiata'", "Liquidambar styraciflua", "Melia azedarach", "Morus nigra", "Photinia x fraseri 'Red Robin'", "Pinus pinea", "Platanus × acerifolia", "Platanus × acerifolia PLATANOR® 'Vallis Clausa'", "Populus alba", "Populus alba 'Pyramidalis'", "Populus nigra 'Italica'", "Populus x canadensis", "Prunus cerasifera 'Pissardii'", "Pyrus calleryana 'Chanticleer'", "Robinia pseudoacacia", "Robinia pseudoacacia 'Bessoniana'", "Styphnolobium japonicum", "Tipuana tipu", "Ulmus pumila", "Washingtonia filifera", "Washingtonia filifera var. robusta" ], "district_name": "NOU BARRIS", "barri_name": "PORTA", "dominant_myco_type": "AM", "am_pct": 88.97, "em_pct": 0.42, "nm_pct": 10.61, "am_blindness_flag": true, "trees_young_pct": 8.06, "cell_x0": 431200, "cell_y0": 4586800 }, "geometry": { "type": "Polygon", "coordinates": [ [ [ 431600.0, 4586800.0 ], [ 431600.0, 4587200.0 ], [ 431200.0, 4587200.0 ], [ 431200.0, 4586800.0 ], [ 431600.0, 4586800.0 ] ] ] } },
{ "type": "Feature", "properties": { "cell_id": "C026_033", "tree_count": 566, "species_list": [ "Acacia dealbata", "Acer campestre 'Elsrijk'", "Albizia julibrissin", "Brachychiton populneus", "Casuarina cunninghamiana", "Celtis australis", "Ceratonia siliqua", "Cercis siliquastrum", "Citrus × aurantium", "Cupressus sempervirens", "Eriobotrya japonica", "Erythrina caffra", "Erythrina crista-galli", "Ficus carica", "Ficus elastica", "Fraxinus angustifolia", "Fraxinus angustifolia 'Raywood'", "Grevillea robusta", "Jacaranda mimosifolia", "Koelreuteria paniculata 'Fastigiata'", "Ligustrum lucidum", "Magnolia grandiflora", "Melia azedarach", "Morus alba", "Morus alba 'Fruitless'", "Morus nigra", "Phoenix canariensis", "Pinus pinea", "Platanus × acerifolia", "Populus alba", "Populus alba 'Pyramidalis'", "Populus nigra 'Italica'", "Populus x canadensis", "Pyrus calleryana 'Chanticleer'", "Quercus ilex", "Robinia pseudoacacia", "Robinia pseudoacacia 'Bessoniana'", "Schinus molle", "Syagrus romanzoffiana", "Tipuana tipu", "Trachycarpus fortunei", "Ulmus pumila", "Washingtonia filifera var. robusta" ], "district_name": "NOU BARRIS", "barri_name": "PORTA", "dominant_myco_type": "AM", "am_pct": 73.85, "em_pct": 0.88, "nm_pct": 25.27, "am_blindness_flag": false, "trees_young_pct": 12.54, "cell_x0": 431200, "cell_y0": 4587200 }, "geometry": { "type": "Polygon", "coordinates": [ [ [ 431600.0, 4587200.0 ], [ 431600.0, 4587600.0 ], [ 431200.0, 4587600.0 ], [ 431200.0, 4587200.0 ], [ 431600.0, 4587200.0 ] ] ] } },
{ "type": "Feature", "properties": { "cell_id": "C026_034", "tree_count": 637, "species_list": [ "Acer monspessulanum", "Acer negundo", "Albizia julibrissin", "Brachychiton populneus", "Celtis australis", "Celtis sinensis", "Ceratonia siliqua", "Crataegus x media 'Paul's Scarlet'", "Cupressus sempervirens", "Eriobotrya japonica", "Fraxinus angustifolia 'Raywood'", "Fraxinus excelsior", "Ginkgo biloba", "Gleditsia triacanthos", "Grevillea robusta", "Jacaranda mimosifolia", "Koelreuteria paniculata 'Fastigiata'", "Ligustrum lucidum", "Melia azedarach", "Paulownia tomentosa", "Phoenix dactylifera", "Pinus pinea", "Platanus × acerifolia", "Populus alba 'Pyramidalis'", "Populus nigra 'Italica'", "Prunus cerasifera 'Pissardii'", "Prunus serrulata 'Kanzan'", "Pyrus calleryana 'Chanticleer'", "Robinia pseudoacacia", "Robinia pseudoacacia 'Bessoniana'", "Styphnolobium japonicum", "Styphnolobium japonicum 'Dot'", "Tipuana tipu", "Washingtonia filifera", "Washingtonia filifera var. robusta", "X chitalpa tashkentensis 'minsum' SUMMER BELLS®", "X hesperotropsis leylandii" ], "district_name": "NOU BARRIS", "barri_name": "PORTA", "dominant_myco_type": "AM", "am_pct": 82.1, "em_pct": 0.16, "nm_pct": 17.74, "am_blindness_flag": true, "trees_young_pct": 10.05, "cell_x0": 431200, "cell_y0": 4587600 }, "geometry": { "type": "Polygon", "coordinates": [ [ [ 431600.0, 4587600.0 ], [ 431600.0, 4588000.0 ], [ 431200.0, 4588000.0 ], [ 431200.0, 4587600.0 ], [ 431600.0, 4587600.0 ] ] ] } },
{ "type": "Feature", "properties": { "cell_id": "C026_035", "tree_count": 729, "species_list": [ "Acer negundo", "Acer × freemanii AUTUMN BLAZE® 'Jeffersred'", "Albizia julibrissin", "Brachychiton acerifolius", "Brachychiton populneus", "Ceiba speciosa", "Celtis australis", "Celtis sinensis", "Cercis siliquastrum", "Crataegus x lavalleei 'Carrierei'", "Crataegus x media 'Paul's Scarlet'", "Erythrina crista-galli", "Hibiscus syriacus", "Jacaranda mimosifolia", "Ligustrum lucidum", "Liquidambar styraciflua", "Magnolia grandiflora", "Melia azedarach", "Ostrya carpinifolia", "Parkinsonia aculeata", "Parrotia persica 'Vanessa'", "Phoenix canariensis", "Phoenix dactylifera", "Platanus × acerifolia", "Prunus cerasifera 'Pissardii'", "Pyrus calleryana 'Chanticleer'", "Quercus ilex", "Styphnolobium japonicum", "Tipuana tipu", "Ulmus pumila", "Washingtonia filifera", "Washingtonia filifera var. robusta", "Washingtonia sp", "Zelkova serrata GREEN VASE® 'Flekova'" ], "district_name": "NOU BARRIS", "barri_name": "LA PROSPERITAT", "dominant_myco_type": "AM", "am_pct": 88.48, "em_pct": 1.65, "nm_pct": 9.88, "am_blindness_flag": true, "trees_young_pct": 9.33, "cell_x0": 431200, "cell_y0": 4588000 }, "geometry": { "type": "Polygon", "coordinates": [ [ [ 431600.0, 4588000.0 ], [ 431600.0, 4588400.0 ], [ 431200.0, 4588400.0 ], [ 431200.0, 4588000.0 ], [ 431600.0, 4588000.0 ] ] ] } },
{ "type": "Feature", "properties": { "cell_id": "C026_036", "tree_count": 564, "species_list": [ "Ailanthus altissima", "Brachychiton acerifolius", "Brachychiton populneus", "Carpinus betulus", "Ceiba speciosa", "Celtis australis", "Cercis siliquastrum", "Cinnamomum camphora", "Erythrina caffra", "Eucalyptus globulus", "Ficus carica", "Ficus microcarpa", "Ginkgo biloba", "Hibiscus syriacus", "Jacaranda mimosifolia", "Koelreuteria paniculata", "Koelreuteria paniculata 'Fastigiata'", "Ligustrum lucidum", "Liquidambar styraciflua", "Magnolia grandiflora", "Melia azedarach", "Morus alba", "Olea europaea", "Phytolacca dioica", "Pinus halepensis", "Pistacia terebinthus", "Platanus × acerifolia", "Populus nigra 'Italica'", "Prunus cerasifera", "Prunus cerasifera 'Pissardii'", "Prunus domestica", "Prunus serrulata 'Kanzan'", "Pyrus calleryana 'Chanticleer'", "Quercus ilex", "Quercus pubescens", "Quercus robur 'Fastigiata'", "Schinus molle", "Schinus terebinthifolia", "Styphnolobium japonicum", "Tipuana tipu", "Trachycarpus fortunei", "Ulmus pumila", "Washingtonia filifera", "Washingtonia filifera var. robusta" ], "district_name": "NOU BARRIS", "barri_name": "LES ROQUETES", "dominant_myco_type": "AM", "am_pct": 83.16, "em_pct": 3.55, "nm_pct": 13.3, "am_blindness_flag": true, "trees_young_pct": 7.62, "cell_x0": 431200, "cell_y0": 4588400 }, "geometry": { "type": "Polygon", "coordinates": [ [ [ 431600.0, 4588400.0 ], [ 431600.0, 4588800.0 ], [ 431200.0, 4588800.0 ], [ 431200.0, 4588400.0 ], [ 431600.0, 4588400.0 ] ] ] } },
{ "type": "Feature", "properties": { "cell_id": "C026_037", "tree_count": 366, "species_list": [ "Acacia retinodes", "Acer negundo", "Ailanthus altissima", "Carpinus betulus", "Celtis australis", "Celtis sinensis", "Cinnamomum camphora", "Citrus × aurantium", "Crataegus x media 'Paul's Scarlet'", "Eriobotrya japonica", "Eucalyptus camaldulensis", "Eucalyptus globulus", "Firmiana simplex", "Ginkgo biloba", "Ginkgo biloba 'Fastigiata'", "Grevillea robusta", "Handroanthus heptaphyllus", "Ligustrum lucidum", "Melia azedarach", "Morus alba", "Olea europaea", "Pinus halepensis", "Pinus pinaster", "Pinus pinea", "Platanus × acerifolia", "Populus alba", "Populus nigra 'Italica'", "Prunus amygdalus", "Prunus cerasifera 'Pissardii'", "Prunus serrulata 'Kanzan'", "Pyrus calleryana 'Chanticleer'", "Quercus faginea", "Quercus ilex", "Quercus pubescens", "Robinia pseudoacacia", "Robinia pseudoacacia 'Bessoniana'", "Robinia pseudoacacia 'Pyramidalis'", "Schinus molle", "Styphnolobium japonicum", "Tamarix africana", "Tamarix gallica", "Tamarix ramosissima", "Tilia x euchlora", "Ulmus pumila" ], "district_name": "NOU BARRIS", "barri_name": "LES ROQUETES", "dominant_myco_type": "AM", "am_pct": 55.74, "em_pct": 34.15, "nm_pct": 10.11, "am_blindness_flag": false, "trees_young_pct": 12.84, "cell_x0": 431200, "cell_y0": 4588800 }, "geometry": { "type": "Polygon", "coordinates": [ [ [ 431600.0, 4588800.0 ], [ 431600.0, 4589200.0 ], [ 431200.0, 4589200.0 ], [ 431200.0, 4588800.0 ], [ 431600.0, 4588800.0 ] ] ] } },
{ "type": "Feature", "properties": { "cell_id": "C026_038", "tree_count": 36, "species_list": [ "Quercus ilex", "Robinia pseudoacacia", "Styphnolobium japonicum" ], "district_name": "NOU BARRIS", "barri_name": "LES ROQUETES", "dominant_myco_type": "EM", "am_pct": 30.56, "em_pct": 50.0, "nm_pct": 19.44, "am_blindness_flag": false, "trees_young_pct": 5.56, "cell_x0": 431200, "cell_y0": 4589200 }, "geometry": { "type": "Polygon", "coordinates": [ [ [ 431600.0, 4589200.0 ], [ 431600.0, 4589600.0 ], [ 431200.0, 4589600.0 ], [ 431200.0, 4589200.0 ], [ 431600.0, 4589200.0 ] ] ] } },
{ "type": "Feature", "properties": { "cell_id": "C026_039", "tree_count": 120, "species_list": [ "Acer monspessulanum", "Acer platanoides", "Celtis australis", "Hibiscus syriacus", "Jacaranda mimosifolia", "Liquidambar styraciflua", "Melia azedarach", "Pinus halepensis", "Pinus pinea", "Platanus × acerifolia", "Quercus ilex", "Quercus pubescens", "Styphnolobium japonicum", "Tilia x euchlora", "Tipuana tipu" ], "district_name": "NOU BARRIS", "barri_name": "TORRE BARÓ", "dominant_myco_type": "AM", "am_pct": 55.83, "em_pct": 41.67, "nm_pct": 2.5, "am_blindness_flag": false, "trees_young_pct": 32.5, "cell_x0": 431200, "cell_y0": 4589600 }, "geometry": { "type": "Polygon", "coordinates": [ [ [ 431600.0, 4589600.0 ], [ 431600.0, 4590000.0 ], [ 431200.0, 4590000.0 ], [ 431200.0, 4589600.0 ], [ 431600.0, 4589600.0 ] ] ] } },
{ "type": "Feature", "properties": { "cell_id": "C026_040", "tree_count": 448, "species_list": [ "Acacia dealbata", "Acer negundo", "Ailanthus altissima", "Brachychiton populneus", "Cedrus deodara", "Ceiba speciosa", "Celtis australis", "Cercis siliquastrum", "Cupressus sempervirens", "Cupressus sempervirens 'Stricta'", "Eriobotrya japonica", "Grevillea robusta", "Hesperocyparis arizonica", "Hibiscus syriacus", "Jacaranda mimosifolia", "Laurus nobilis", "Ligustrum lucidum", "Liquidambar styraciflua", "Melia azedarach", "Morus alba", "Morus alba 'Fruitless'", "Olea europaea", "Ostrya carpinifolia", "Phoenix canariensis", "Pinus halepensis", "Pinus pinea", "Platycladus orientalis", "Populus alba 'Pyramidalis'", "Populus nigra", "Populus nigra 'Italica'", "Prunus armeniaca", "Prunus cerasifera", "Prunus cerasifera 'Nigra'", "Prunus cerasifera 'Pissardii'", "Prunus domestica", "Pyrus communis", "Quercus ilex", "Quercus robur", "Robinia pseudoacacia", "Thuja occidentalis", "Tilia cordata", "Tilia x euchlora", "Tipuana tipu", "Ulmus pumila", "Washingtonia filifera", "Washingtonia filifera var. robusta" ], "district_name": "NOU BARRIS", "barri_name": "CIUTAT MERIDIANA", "dominant_myco_type": "AM", "am_pct": 45.98, "em_pct": 18.08, "nm_pct": 35.94, "am_blindness_flag": false, "trees_young_pct": 3.79, "cell_x0": 431200, "cell_y0": 4590000 }, "geometry": { "type": "Polygon", "coordinates": [ [ [ 431600.0, 4590000.0 ], [ 431600.0, 4590400.0 ], [ 431200.0, 4590400.0 ], [ 431200.0, 4590000.0 ], [ 431600.0, 4590000.0 ] ] ] } },
{ "type": "Feature", "properties": { "cell_id": "C026_041", "tree_count": 152, "species_list": [ "Ailanthus altissima", "Brachychiton populneus", "Cedrus libani", "Cupressus sempervirens", "Eriobotrya japonica", "Hesperocyparis glabra", "Jacaranda mimosifolia", "Ligustrum lucidum", "Olea europaea", "Phoenix canariensis", "Pinus halepensis", "Pinus pinea", "Platycladus orientalis", "Prunus amygdalus", "Prunus armeniaca", "Prunus cerasifera 'Pissardii'", "Quercus ilex", "Thuja occidentalis" ], "district_name": "NOU BARRIS", "barri_name": "CIUTAT MERIDIANA", "dominant_myco_type": "EM", "am_pct": 23.68, "em_pct": 72.37, "nm_pct": 3.95, "am_blindness_flag": false, "trees_young_pct": 4.61, "cell_x0": 431200, "cell_y0": 4590400 }, "geometry": { "type": "Polygon", "coordinates": [ [ [ 431600.0, 4590400.0 ], [ 431600.0, 4590800.0 ], [ 431200.0, 4590800.0 ], [ 431200.0, 4590400.0 ], [ 431600.0, 4590400.0 ] ] ] } },
{ "type": "Feature", "properties": { "cell_id": "C027_018", "tree_count": 300, "species_list": [ "Bauhinia forficata subsp. pruinosa", "Bauhinia purpurea", "Bauhinia variegata", "Catalpa bignonioides", "Ceiba chodatii", "Cercis siliquastrum", "Erythrina caffra", "Jacaranda mimosifolia", "Lagunaria patersonia", "Parkinsonia aculeata", "Phoenix canariensis", "Phoenix dactylifera", "Platanus × acerifolia", "Styphnolobium japonicum", "Tamarix gallica", "Tipuana tipu", "Washingtonia filifera", "Washingtonia filifera var. robusta" ], "district_name": "CIUTAT VELLA", "barri_name": "LA BARCELONETA", "dominant_myco_type": "AM", "am_pct": 85.0, "em_pct": 0.0, "nm_pct": 15.0, "am_blindness_flag": true, "trees_young_pct": 4.67, "cell_x0": 431600, "cell_y0": 4581200 }, "geometry": { "type": "Polygon", "coordinates": [ [ [ 432000.0, 4581200.0 ], [ 432000.0, 4581600.0 ], [ 431600.0, 4581600.0 ], [ 431600.0, 4581200.0 ], [ 432000.0, 4581200.0 ] ] ] } },
{ "type": "Feature", "properties": { "cell_id": "C027_019", "tree_count": 277, "species_list": [ "Acer campestre", "Acer × freemanii AUTUMN BLAZE® 'Jeffersred'", "Brachychiton acerifolius", "Brachychiton discolor", "Brachychiton populneus", "Cercis siliquastrum", "Cercis siliquastrum 'Alba'", "Fraxinus angustifolia", "Fraxinus angustifolia 'Raywood'", "Jacaranda mimosifolia", "Ligustrum japonicum 'Texanum'", "Ligustrum lucidum", "Morus alba", "Morus alba 'Fruitless'", "Platanus × acerifolia", "Pyrus calleryana 'Chanticleer'", "Tipuana tipu", "Washingtonia filifera var. robusta" ], "district_name": "CIUTAT VELLA", "barri_name": "SANT PERE, SANTA CATERINA I LA RIBERA", "dominant_myco_type": "AM", "am_pct": 69.68, "em_pct": 0.0, "nm_pct": 30.32, "am_blindness_flag": false, "trees_young_pct": 8.3, "cell_x0": 431600, "cell_y0": 4581600 }, "geometry": { "type": "Polygon", "coordinates": [ [ [ 432000.0, 4581600.0 ], [ 432000.0, 4582000.0 ], [ 431600.0, 4582000.0 ], [ 431600.0, 4581600.0 ], [ 432000.0, 4581600.0 ] ] ] } },
{ "type": "Feature", "properties": { "cell_id": "C027_020", "tree_count": 406, "species_list": [ "Acer × freemanii AUTUMN BLAZE® 'Jeffersred'", "Brachychiton populneus", "Brahea armata", "Celtis australis", "Fraxinus angustifolia", "Fraxinus angustifolia 'Raywood'", "Gleditsia triacanthos f. inermis", "Laurus nobilis", "Livistona chinensis", "Melia azedarach", "Phoenix canariensis", "Phoenix dactylifera", "Platanus × acerifolia", "Prunus cerasifera 'Pissardii'", "Ulmus pumila", "Washingtonia filifera", "Washingtonia filifera var. robusta" ], "district_name": "CIUTAT VELLA", "barri_name": "SANT PERE, SANTA CATERINA I LA RIBERA", "dominant_myco_type": "AM", "am_pct": 95.81, "em_pct": 0.0, "nm_pct": 4.19, "am_blindness_flag": true, "trees_young_pct": 3.69, "cell_x0": 431600, "cell_y0": 4582000 }, "geometry": { "type": "Polygon", "coordinates": [ [ [ 432000.0, 4582000.0 ], [ 432000.0, 4582400.0 ], [ 431600.0, 4582400.0 ], [ 431600.0, 4582000.0 ], [ 432000.0, 4582000.0 ] ] ] } },
{ "type": "Feature", "properties": { "cell_id": "C027_021", "tree_count": 405, "species_list": [ "Celtis australis", "Ficus benjamina", "Gleditsia triacanthos f. inermis", "Grevillea robusta", "Handroanthus heptaphyllus", "Jacaranda mimosifolia", "Magnolia grandiflora", "Melia azedarach", "Phoenix dactylifera", "Pinus pinaster", "Platanus × acerifolia", "Ulmus pumila" ], "district_name": "SANT MARTÍ", "barri_name": "EL PARC I LA LLACUNA DEL POBLENOU", "dominant_myco_type": "AM", "am_pct": 99.26, "em_pct": 0.25, "nm_pct": 0.49, "am_blindness_flag": true, "trees_young_pct": 4.2, "cell_x0": 431600, "cell_y0": 4582400 }, "geometry": { "type": "Polygon", "coordinates": [ [ [ 432000.0, 4582400.0 ], [ 432000.0, 4582800.0 ], [ 431600.0, 4582800.0 ], [ 431600.0, 4582400.0 ], [ 432000.0, 4582400.0 ] ] ] } },
{ "type": "Feature", "properties": { "cell_id": "C027_022", "tree_count": 344, "species_list": [ "Brachychiton populneus", "Catalpa bignonioides", "Celtis australis", "Celtis sinensis", "Cercis siliquastrum", "Ficus elastica", "Gleditsia triacanthos", "Gleditsia triacanthos f. inermis", "Grevillea robusta", "Handroanthus heptaphyllus", "Jacaranda mimosifolia", "Koelreuteria paniculata", "Koelreuteria paniculata 'Fastigiata'", "Laurus nobilis", "Photinia serratifolia", "Pinus pinea", "Platanus × acerifolia", "Populus nigra", "Schinus molle", "Tipuana tipu", "Washingtonia filifera", "Washingtonia filifera var. robusta" ], "district_name": "EIXAMPLE", "barri_name": "EL FORT PIENC", "dominant_myco_type": "AM", "am_pct": 81.1, "em_pct": 4.07, "nm_pct": 14.83, "am_blindness_flag": true, "trees_young_pct": 7.56, "cell_x0": 431600, "cell_y0": 4582800 }, "geometry": { "type": "Polygon", "coordinates": [ [ [ 432000.0, 4582800.0 ], [ 432000.0, 4583200.0 ], [ 431600.0, 4583200.0 ], [ 431600.0, 4582800.0 ], [ 432000.0, 4582800.0 ] ] ] } },
{ "type": "Feature", "properties": { "cell_id": "C027_023", "tree_count": 495, "species_list": [ "Acer campestre", "Catalpa bignonioides", "Celtis australis", "Cercis siliquastrum", "Fraxinus angustifolia", "Gleditsia triacanthos", "Grevillea robusta", "Jacaranda mimosifolia", "Koelreuteria paniculata 'Fastigiata'", "Ligustrum japonicum", "Ligustrum lucidum", "Platanus × acerifolia", "Platanus × acerifolia 'Alphen's Globe'", "Pyrus communis", "Tilia x europaea", "Tipuana tipu", "Ulmus pumila", "Washingtonia filifera", "Washingtonia filifera var. robusta" ], "district_name": "EIXAMPLE", "barri_name": "EL FORT PIENC", "dominant_myco_type": "AM", "am_pct": 98.18, "em_pct": 0.0, "nm_pct": 1.82, "am_blindness_flag": true, "trees_young_pct": 4.85, "cell_x0": 431600, "cell_y0": 4583200 }, "geometry": { "type": "Polygon", "coordinates": [ [ [ 432000.0, 4583200.0 ], [ 432000.0, 4583600.0 ], [ 431600.0, 4583600.0 ], [ 431600.0, 4583200.0 ], [ 432000.0, 4583200.0 ] ] ] } },
{ "type": "Feature", "properties": { "cell_id": "C027_024", "tree_count": 398, "species_list": [ "Acer monspessulanum", "Celtis australis", "Fraxinus angustifolia", "Gleditsia triacanthos f. inermis", "Grevillea robusta", "Jacaranda mimosifolia", "Magnolia grandiflora", "Melia azedarach", "Olea europaea", "Ostrya carpinifolia", "Phoenix canariensis", "Photinia x fraseri 'Red Robin'", "Platanus × acerifolia", "Populus x canadensis", "Styphnolobium japonicum", "Tilia x europaea", "Tipuana tipu" ], "district_name": "EIXAMPLE", "barri_name": "EL FORT PIENC", "dominant_myco_type": "AM", "am_pct": 94.22, "em_pct": 0.0, "nm_pct": 5.78, "am_blindness_flag": true, "trees_young_pct": 17.84, "cell_x0": 431600, "cell_y0": 4583600 }, "geometry": { "type": "Polygon", "coordinates": [ [ [ 432000.0, 4583600.0 ], [ 432000.0, 4584000.0 ], [ 431600.0, 4584000.0 ], [ 431600.0, 4583600.0 ], [ 432000.0, 4583600.0 ] ] ] } },
{ "type": "Feature", "properties": { "cell_id": "C027_025", "tree_count": 367, "species_list": [ "Acacia saligna", "Brachychiton populneus", "Brachychiton rupestris", "Celtis australis", "Citrus × aurantium", "Erythrina crista-galli", "Grevillea robusta", "Jacaranda mimosifolia", "Koelreuteria paniculata 'Fastigiata'", "Magnolia grandiflora", "Melia azedarach", "Platanus × acerifolia", "Prunus cerasifera 'Pissardii'", "Styphnolobium japonicum", "Tipuana tipu" ], "district_name": "SANT MARTÍ", "barri_name": "LA SAGRADA FAMILIA", "dominant_myco_type": "AM", "am_pct": 98.91, "em_pct": 0.0, "nm_pct": 1.09, "am_blindness_flag": true, "trees_young_pct": 2.18, "cell_x0": 431600, "cell_y0": 4584000 }, "geometry": { "type": "Polygon", "coordinates": [ [ [ 432000.0, 4584000.0 ], [ 432000.0, 4584400.0 ], [ 431600.0, 4584400.0 ], [ 431600.0, 4584000.0 ], [ 432000.0, 4584000.0 ] ] ] } },
{ "type": "Feature", "properties": { "cell_id": "C027_026", "tree_count": 590, "species_list": [ "Acer platanoides", "Acer × freemanii AUTUMN BLAZE® 'Jeffersred'", "Brachychiton acerifolius", "Brachychiton populneus", "Celtis australis", "Cercis siliquastrum", "Citrus × aurantium", "Corylus colurna", "Fraxinus ornus OBELISK® 'Paus Johannes-Paulus II'", "Ginkgo biloba 'Fastigiata'", "Gleditsia triacanthos", "Gleditsia triacanthos f. inermis", "Grevillea robusta", "Koelreuteria paniculata", "Koelreuteria paniculata 'Fastigiata'", "Liquidambar styraciflua", "Magnolia grandiflora", "Melia azedarach", "Olea europaea", "Photinia x fraseri 'Red Robin'", "Platanus × acerifolia", "Prunus cerasifera 'Pissardii'", "Pyrus calleryana 'Chanticleer'", "Robinia pseudoacacia", "Styphnolobium japonicum", "Tipuana tipu", "Ulmus pumila" ], "district_name": "SANT MARTÍ", "barri_name": "EL CAMP DE LARPA DEL CLOT", "dominant_myco_type": "AM", "am_pct": 86.27, "em_pct": 1.36, "nm_pct": 12.37, "am_blindness_flag": true, "trees_young_pct": 8.47, "cell_x0": 431600, "cell_y0": 4584400 }, "geometry": { "type": "Polygon", "coordinates": [ [ [ 432000.0, 4584400.0 ], [ 432000.0, 4584800.0 ], [ 431600.0, 4584800.0 ], [ 431600.0, 4584400.0 ], [ 432000.0, 4584400.0 ] ] ] } },
{ "type": "Feature", "properties": { "cell_id": "C027_027", "tree_count": 292, "species_list": [ "Acer monspessulanum", "Acer platanoides", "Acer saccharinum", "Acer × freemanii AUTUMN BLAZE® 'Jeffersred'", "Casuarina cunninghamiana", "Celtis australis", "Cercis siliquastrum", "Cercis siliquastrum 'Rosea'", "Citrus × aurantium", "Crataegus x lavalleei 'Carrierei'", "Fraxinus ornus OBELISK® 'Paus Johannes-Paulus II'", "Grevillea robusta", "Handroanthus heptaphyllus", "Jacaranda mimosifolia", "Koelreuteria paniculata 'Fastigiata'", "Lagunaria patersonia", "Ligustrum lucidum", "Liquidambar styraciflua", "Magnolia grandiflora", "Magnolia grandiflora 'Goliath'", "Melia azedarach", "Morus alba 'Multicaulis'", "Parrotia persica 'Vanessa'", "Platanus × acerifolia", "Prunus cerasifera 'Pissardii'", "Pyrus calleryana 'Chanticleer'", "Pyrus communis", "Quercus ilex", "Robinia pseudoacacia", "Robinia pseudoacacia 'Bessoniana'", "Styphnolobium japonicum", "Ulmus pumila", "Washingtonia filifera" ], "district_name": "SANT MARTÍ", "barri_name": "EL CAMP DE LARPA DEL CLOT", "dominant_myco_type": "AM", "am_pct": 78.77, "em_pct": 2.05, "nm_pct": 19.18, "am_blindness_flag": false, "trees_young_pct": 21.23, "cell_x0": 431600, "cell_y0": 4584800 }, "geometry": { "type": "Polygon", "coordinates": [ [ [ 432000.0, 4584800.0 ], [ 432000.0, 4585200.0 ], [ 431600.0, 4585200.0 ], [ 431600.0, 4584800.0 ], [ 432000.0, 4584800.0 ] ] ] } },
{ "type": "Feature", "properties": { "cell_id": "C027_028", "tree_count": 439, "species_list": [ "Acer negundo", "Acer pseudoplatanus", "Casuarina cunninghamiana", "Catalpa bignonioides", "Celtis australis", "Cercis siliquastrum", "Eriobotrya japonica", "Erythrina crista-galli", "Fraxinus americana", "Fraxinus angustifolia", "Fraxinus excelsior", "Grevillea robusta", "Jacaranda mimosifolia", "Koelreuteria paniculata", "Magnolia grandiflora", "Melia azedarach", "Morus alba", "Morus alba 'Pendula'", "Olea europaea", "Platanus × acerifolia", "Prunus cerasifera 'Pissardii'", "Pyrus calleryana 'Chanticleer'", "Robinia pseudoacacia", "Schinus molle", "Styphnolobium japonicum", "Ulmus pumila" ], "district_name": "SANT ANDREU", "barri_name": "NAVAS", "dominant_myco_type": "AM", "am_pct": 97.72, "em_pct": 0.0, "nm_pct": 2.28, "am_blindness_flag": true, "trees_young_pct": 4.78, "cell_x0": 431600, "cell_y0": 4585200 }, "geometry": { "type": "Polygon", "coordinates": [ [ [ 432000.0, 4585200.0 ], [ 432000.0, 4585600.0 ], [ 431600.0, 4585600.0 ], [ 431600.0, 4585200.0 ], [ 432000.0, 4585200.0 ] ] ] } },
{ "type": "Feature", "properties": { "cell_id": "C027_029", "tree_count": 551, "species_list": [ "Acacia retinodes", "Acacia saligna", "Acer negundo", "Acer saccharinum", "Albizia julibrissin", "Brachychiton acerifolius", "Brachychiton populneus", "Casuarina cunninghamiana", "Catalpa bignonioides", "Celtis australis", "Cercis siliquastrum", "Firmiana simplex", "Fraxinus angustifolia", "Fraxinus excelsior", "Gleditsia triacanthos", "Grevillea robusta", "Handroanthus heptaphyllus", "Jacaranda mimosifolia", "Koelreuteria paniculata", "Koelreuteria paniculata 'Fastigiata'", "Magnolia grandiflora", "Melia azedarach", "Pinus pinea", "Platanus × acerifolia", "Prunus cerasifera 'Pissardii'", "Pyrus calleryana 'Chanticleer'", "Quercus ilex", "Tilia x europaea", "Tipuana tipu", "Ulmus pumila", "Washingtonia filifera", "Washingtonia filifera var. robusta" ], "district_name": "SANT ANDREU", "barri_name": "NAVAS", "dominant_myco_type": "AM", "am_pct": 91.65, "em_pct": 1.45, "nm_pct": 6.9, "am_blindness_flag": true, "trees_young_pct": 5.26, "cell_x0": 431600, "cell_y0": 4585600 }, "geometry": { "type": "Polygon", "coordinates": [ [ [ 432000.0, 4585600.0 ], [ 432000.0, 4586000.0 ], [ 431600.0, 4586000.0 ], [ 431600.0, 4585600.0 ], [ 432000.0, 4585600.0 ] ] ] } },
{ "type": "Feature", "properties": { "cell_id": "C027_030", "tree_count": 591, "species_list": [ "Acer negundo", "Bauhinia variegata", "Brachychiton acerifolius", "Brachychiton populneus", "Casuarina cunninghamiana", "Catalpa bignonioides", "Cedrus deodara", "Celtis australis", "Cercis siliquastrum", "Citrus × aurantium", "Cormus domestica", "Cupressus sempervirens", "Eriobotrya japonica", "Firmiana simplex", "Fraxinus angustifolia", "Fraxinus pennsylvanica", "Ginkgo biloba", "Jacaranda mimosifolia", "Koelreuteria paniculata 'Fastigiata'", "Ligustrum lucidum", "Liriodendron tulipifera", "Magnolia grandiflora", "Melia azedarach", "Olea europaea", "Phoenix dactylifera", "Pinus halepensis", "Pinus pinea", "Platanus × acerifolia", "Prunus avium", "Pyrus calleryana 'Chanticleer'", "Quercus ilex", "Quercus robur 'Fastigiata'", "Robinia pseudoacacia", "Styphnolobium japonicum", "Tipuana tipu", "Ulmus pumila", "Washingtonia filifera var. robusta" ], "district_name": "SANT ANDREU", "barri_name": "EL CONGRÉS I ELS INDIANS", "dominant_myco_type": "AM", "am_pct": 83.59, "em_pct": 7.28, "nm_pct": 9.14, "am_blindness_flag": true, "trees_young_pct": 5.41, "cell_x0": 431600, "cell_y0": 4586000 }, "geometry": { "type": "Polygon", "coordinates": [ [ [ 432000.0, 4586000.0 ], [ 432000.0, 4586400.0 ], [ 431600.0, 4586400.0 ], [ 431600.0, 4586000.0 ], [ 432000.0, 4586000.0 ] ] ] } },
{ "type": "Feature", "properties": { "cell_id": "C027_031", "tree_count": 684, "species_list": [ "Acer campestre", "Acer campestre 'Elsrijk'", "Acer negundo", "Albizia julibrissin", "Brachychiton populneus", "Catalpa bignonioides", "Celtis australis", "Citrus × aurantium", "Cupressus sempervirens", "Eriobotrya japonica", "Erythrina caffra", "Fraxinus angustifolia", "Fraxinus angustifolia 'Raywood'", "Gleditsia triacanthos f. inermis", "Jacaranda mimosifolia", "Koelreuteria paniculata", "Koelreuteria paniculata 'Fastigiata'", "Ligustrum japonicum", "Ligustrum lucidum", "Magnolia grandiflora", "Malus PERPETU® 'Evereste'", "Melia azedarach", "Parkinsonia aculeata", "Phoenix canariensis", "Photinia x fraseri 'Red Robin'", "Pinus halepensis", "Platanus × acerifolia", "Prunus avium", "Prunus cerasifera 'Pissardii'", "Pyrus calleryana 'Chanticleer'", "Quercus ilex", "Quercus pubescens", "Quercus robur 'Fastigiata'", "Robinia pseudoacacia", "Schinus molle", "Styphnolobium japonicum", "Styphnolobium japonicum 'Columnare'", "Tipuana tipu", "Trachycarpus fortunei", "Ulmus pumila", "Washingtonia filifera", "Washingtonia filifera var. robusta" ], "district_name": "SANT ANDREU", "barri_name": "EL CONGRÉS I ELS INDIANS", "dominant_myco_type": "AM", "am_pct": 84.36, "em_pct": 2.34, "nm_pct": 13.3, "am_blindness_flag": true, "trees_young_pct": 26.75, "cell_x0": 431600, "cell_y0": 4586400 }, "geometry": { "type": "Polygon", "coordinates": [ [ [ 432000.0, 4586400.0 ], [ 432000.0, 4586800.0 ], [ 431600.0, 4586800.0 ], [ 431600.0, 4586400.0 ], [ 432000.0, 4586400.0 ] ] ] } },
{ "type": "Feature", "properties": { "cell_id": "C027_032", "tree_count": 655, "species_list": [ "Acacia saligna", "Acer monspessulanum", "Brachychiton populneus", "Celtis australis", "Celtis occidentalis", "Cercis siliquastrum", "Citrus × aurantium", "Eucalyptus camaldulensis", "Fraxinus angustifolia 'Raywood'", "Grevillea robusta", "Jacaranda mimosifolia", "Ligustrum lucidum", "Melia azedarach", "Olea europaea", "Phoenix canariensis", "Photinia x fraseri 'Red Robin'", "Platanus × acerifolia", "Platanus × acerifolia PLATANOR® 'Vallis Clausa'", "Prunus cerasifera 'Pissardii'", "Prunus serrulata 'Kanzan'", "Pyrus calleryana 'Chanticleer'", "Quercus ilex", "Schinus molle", "Tipuana tipu", "Ulmus minor 'Umbraculifera'", "Ulmus pumila", "Washingtonia filifera", "Washingtonia filifera var. robusta" ], "district_name": "SANT ANDREU", "barri_name": "SANT ANDREU", "dominant_myco_type": "AM", "am_pct": 98.02, "em_pct": 0.15, "nm_pct": 1.83, "am_blindness_flag": true, "trees_young_pct": 3.21, "cell_x0": 431600, "cell_y0": 4586800 }, "geometry": { "type": "Polygon", "coordinates": [ [ [ 432000.0, 4586800.0 ], [ 432000.0, 4587200.0 ], [ 431600.0, 4587200.0 ], [ 431600.0, 4586800.0 ], [ 432000.0, 4586800.0 ] ] ] } },
{ "type": "Feature", "properties": { "cell_id": "C027_033", "tree_count": 489, "species_list": [ "Acer buergerianum", "Acer monspessulanum", "Acer negundo", "Albizia julibrissin", "Araucaria heterophylla", "Catalpa bignonioides", "Celtis australis", "Celtis occidentalis", "Celtis sinensis", "Cercis siliquastrum", "Citrus × aurantium", "Eucalyptus camaldulensis", "Grevillea robusta", "Handroanthus heptaphyllus", "Jacaranda mimosifolia", "Koelreuteria paniculata 'Fastigiata'", "Melia azedarach", "Parrotia persica 'Vanessa'", "Phoenix canariensis", "Platanus × acerifolia", "Populus alba 'Pyramidalis'", "Populus nigra 'Italica'", "Prunus amygdalus", "Prunus avium", "Prunus cerasifera 'Pissardii'", "Prunus serrulata 'Kanzan'", "Pyrus calleryana 'Chanticleer'", "Robinia pseudoacacia", "Salix babylonica", "Tilia tomentosa", "Tilia x euchlora", "Tilia x europaea", "Tipuana tipu", "Ulmus pumila", "X chitalpa tashkentensis 'minsum' SUMMER BELLS®" ], "district_name": "NOU BARRIS", "barri_name": "PORTA", "dominant_myco_type": "AM", "am_pct": 87.12, "em_pct": 0.61, "nm_pct": 12.27, "am_blindness_flag": true, "trees_young_pct": 9.0, "cell_x0": 431600, "cell_y0": 4587200 }, "geometry": { "type": "Polygon", "coordinates": [ [ [ 432000.0, 4587200.0 ], [ 432000.0, 4587600.0 ], [ 431600.0, 4587600.0 ], [ 431600.0, 4587200.0 ], [ 432000.0, 4587200.0 ] ] ] } },
{ "type": "Feature", "properties": { "cell_id": "C027_034", "tree_count": 671, "species_list": [ "Acer buergerianum", "Acer campestre", "Acer campestre 'Pyramidale'", "Acer negundo", "Acer pseudoplatanus", "Brachychiton acerifolius", "Brachychiton populneus", "Catalpa bignonioides", "Celtis australis", "Celtis occidentalis", "Celtis sinensis", "Cercis siliquastrum", "Eriobotrya japonica", "Eucalyptus globulus", "Ficus microcarpa", "Fraxinus angustifolia 'Raywood'", "Fraxinus excelsior", "Ginkgo biloba", "Ginkgo biloba 'Fastigiata Blagon'", "Ginkgo biloba 'Fastigiata'", "Grevillea robusta", "Handroanthus heptaphyllus", "Hibiscus syriacus", "Jacaranda mimosifolia", "Koelreuteria paniculata", "Ligustrum lucidum", "Melia azedarach", "Morus alba", "Morus alba 'Fruitless'", "Olea europaea", "Parkinsonia aculeata", "Paulownia tomentosa", "Phoenix canariensis", "Phoenix dactylifera", "Phytolacca dioica", "Pinus halepensis", "Pinus pinea", "Platanus × acerifolia", "Platycladus orientalis", "Populus alba 'Pyramidalis'", "Populus nigra 'Italica'", "Prunus cerasifera 'Pissardii'", "Prunus serrulata 'Kanzan'", "Pyrus calleryana 'Chanticleer'", "Pyrus communis", "Quercus ilex", "Robinia pseudoacacia", "Robinia × margaretta 'Pink Cascade'", "Salix babylonica", "Schinus molle", "Styphnolobium japonicum", "Tamarix ramosissima", "Tipuana tipu", "Trachycarpus fortunei", "Ulmus pumila", "Washingtonia filifera", "Washingtonia filifera var. robusta" ], "district_name": "NOU BARRIS", "barri_name": "LA PROSPERITAT", "dominant_myco_type": "AM", "am_pct": 72.43, "em_pct": 4.17, "nm_pct": 23.4, "am_blindness_flag": false, "trees_young_pct": 13.11, "cell_x0": 431600, "cell_y0": 4587600 }, "geometry": { "type": "Polygon", "coordinates": [ [ [ 432000.0, 4587600.0 ], [ 432000.0, 4588000.0 ], [ 431600.0, 4588000.0 ], [ 431600.0, 4587600.0 ], [ 432000.0, 4587600.0 ] ] ] } },
{ "type": "Feature", "properties": { "cell_id": "C027_035", "tree_count": 526, "species_list": [ "Acer campestre 'Pyramidale'", "Acer × freemanii AUTUMN BLAZE® 'Jeffersred'", "Albizia julibrissin", "Brachychiton populneus", "Butia odorata", "Casuarina cunninghamiana", "Cercis siliquastrum", "Ginkgo biloba 'Fastigiata'", "Gleditsia triacanthos f. inermis", "Jacaranda mimosifolia", "Koelreuteria paniculata", "Ligustrum lucidum", "Liquidambar styraciflua", "Melia azedarach", "Morus kagayamae", "Olea europaea", "Parkinsonia aculeata", "Parrotia persica 'Vanessa'", "Paulownia tomentosa", "Phoenix canariensis", "Phoenix dactylifera", "Phytolacca dioica", "Pinus pinea", "Platanus × acerifolia", "Populus alba 'Pyramidalis'", "Populus nigra 'Italica'", "Prunus cerasifera 'Pissardii'", "Pyrus calleryana 'Chanticleer'", "Schinus molle", "Styphnolobium japonicum", "Tipuana tipu", "Trachycarpus fortunei", "Washingtonia filifera var. robusta" ], "district_name": "NOU BARRIS", "barri_name": "LA PROSPERITAT", "dominant_myco_type": "AM", "am_pct": 75.67, "em_pct": 4.18, "nm_pct": 20.15, "am_blindness_flag": false, "trees_young_pct": 10.84, "cell_x0": 431600, "cell_y0": 4588000 }, "geometry": { "type": "Polygon", "coordinates": [ [ [ 432000.0, 4588000.0 ], [ 432000.0, 4588400.0 ], [ 431600.0, 4588400.0 ], [ 431600.0, 4588000.0 ], [ 432000.0, 4588000.0 ] ] ] } },
{ "type": "Feature", "properties": { "cell_id": "C027_036", "tree_count": 749, "species_list": [ "Acer campestre", "Acer negundo", "Acer pseudoplatanus", "Acer × freemanii AUTUMN BLAZE® 'Jeffersred'", "Albizia julibrissin", "Brachychiton acerifolius", "Brachychiton populneus", "Broussonetia papyrifera", "Casuarina cunninghamiana", "Catalpa bignonioides", "Celtis australis", "Celtis sinensis", "Cercis siliquastrum", "Citrus × aurantium", "Corylus colurna", "Cupressus sempervirens", "Eriobotrya japonica", "Ficus benjamina", "Firmiana simplex", "Grevillea robusta", "Hibiscus syriacus", "Jacaranda mimosifolia", "Laurus nobilis", "Ligustrum lucidum", "Magnolia grandiflora", "Melia azedarach", "Olea europaea", "Parrotia persica 'Vanessa'", "Phoenix canariensis", "Phoenix dactylifera", "Phytolacca dioica", "Pinus halepensis", "Pinus pinea", "Platanus orientalis", "Platanus × acerifolia", "Populus alba 'Pyramidalis'", "Populus nigra 'Italica'", "Prunus amygdalus", "Prunus cerasifera 'Pissardii'", "Pyrus calleryana 'Chanticleer'", "Quercus ilex", "Robinia pseudoacacia", "Robinia pseudoacacia 'Bessoniana'", "Robinia pseudoacacia 'Pyramidalis'", "Styphnolobium japonicum", "Tilia platyphyllos", "Tilia x euchlora", "Tilia x europaea", "Tipuana tipu", "Ulmus pumila" ], "district_name": "NOU BARRIS", "barri_name": "LA TRINITAT NOVA", "dominant_myco_type": "AM", "am_pct": 86.65, "em_pct": 4.41, "nm_pct": 8.95, "am_blindness_flag": true, "trees_young_pct": 3.47, "cell_x0": 431600, "cell_y0": 4588400 }, "geometry": { "type": "Polygon", "coordinates": [ [ [ 432000.0, 4588400.0 ], [ 432000.0, 4588800.0 ], [ 431600.0, 4588800.0 ], [ 431600.0, 4588400.0 ], [ 432000.0, 4588400.0 ] ] ] } },
{ "type": "Feature", "properties": { "cell_id": "C027_037", "tree_count": 647, "species_list": [ "Acer negundo", "Albizia julibrissin", "Brachychiton populneus", "Brachychiton rupestris", "Carpinus betulus", "Catalpa bignonioides", "Cedrus deodara", "Celtis australis", "Celtis sinensis", "Cercis siliquastrum", "Corylus colurna", "Cupressus sempervirens", "Eriobotrya japonica", "Eucalyptus camaldulensis", "Ginkgo biloba", "Gleditsia triacanthos", "Gleditsia triacanthos 'sunburst'", "Gleditsia triacanthos f. inermis", "Grevillea robusta", "Jacaranda mimosifolia", "Koelreuteria paniculata", "Laurus nobilis", "Melia azedarach", "Morus alba", "Olea europaea", "Phoenix canariensis", "Phoenix dactylifera", "Pinus halepensis", "Pinus pinea", "Pittosporum tobira", "Platanus × acerifolia", "Populus nigra 'Italica'", "Prunus cerasifera 'Pissardii'", "Prunus serrulata 'Kanzan'", "Prunus serrulata 'Royal Burgundy'", "Pyrus calleryana 'Chanticleer'", "Quercus faginea", "Quercus ilex", "Quercus pubescens", "Robinia pseudoacacia", "Robinia pseudoacacia 'Pyramidalis'", "Styphnolobium japonicum", "Styphnolobium japonicum 'Columnare'", "Tilia x europaea", "Tipuana tipu", "Toona sinensis", "Ulmus pumila", "Washingtonia filifera var. robusta", "Zelkova serrata GREEN VASE® 'Flekova'" ], "district_name": "NOU BARRIS", "barri_name": "LA TRINITAT NOVA", "dominant_myco_type": "AM", "am_pct": 68.62, "em_pct": 14.22, "nm_pct": 17.16, "am_blindness_flag": false, "trees_young_pct": 5.56, "cell_x0": 431600, "cell_y0": 4588800 }, "geometry": { "type": "Polygon", "coordinates": [ [ [ 432000.0, 4588800.0 ], [ 432000.0, 4589200.0 ], [ 431600.0, 4589200.0 ], [ 431600.0, 4588800.0 ], [ 432000.0, 4588800.0 ] ] ] } },
{ "type": "Feature", "properties": { "cell_id": "C027_038", "tree_count": 3, "species_list": [ "Jacaranda mimosifolia" ], "district_name": "NOU BARRIS", "barri_name": "LA TRINITAT NOVA", "dominant_myco_type": "AM", "am_pct": 100.0, "em_pct": 0.0, "nm_pct": 0.0, "am_blindness_flag": true, "trees_young_pct": 0.0, "cell_x0": 431600, "cell_y0": 4589200 }, "geometry": { "type": "Polygon", "coordinates": [ [ [ 432000.0, 4589200.0 ], [ 432000.0, 4589600.0 ], [ 431600.0, 4589600.0 ], [ 431600.0, 4589200.0 ], [ 432000.0, 4589200.0 ] ] ] } },
{ "type": "Feature", "properties": { "cell_id": "C027_039", "tree_count": 93, "species_list": [ "Cupressus sempervirens", "Grevillea robusta", "Liquidambar styraciflua", "Ostrya carpinifolia", "Pinus pinaster", "Pinus pinea", "Populus alba 'Pyramidalis'", "Populus nigra", "Populus nigra 'Italica'", "Prunus amygdalus", "Prunus cerasifera 'Pissardii'", "Pyrus calleryana 'Chanticleer'", "Quercus faginea", "Quercus ilex", "Quercus robur", "Robinia pseudoacacia" ], "district_name": "NOU BARRIS", "barri_name": "TORRE BARÓ", "dominant_myco_type": "NM", "am_pct": 20.43, "em_pct": 12.9, "nm_pct": 66.67, "am_blindness_flag": false, "trees_young_pct": 5.38, "cell_x0": 431600, "cell_y0": 4589600 }, "geometry": { "type": "Polygon", "coordinates": [ [ [ 432000.0, 4589600.0 ], [ 432000.0, 4590000.0 ], [ 431600.0, 4590000.0 ], [ 431600.0, 4589600.0 ], [ 432000.0, 4589600.0 ] ] ] } },
{ "type": "Feature", "properties": { "cell_id": "C027_040", "tree_count": 88, "species_list": [ "Cercis siliquastrum", "Cupressus sempervirens", "Eucalyptus camaldulensis", "Eucalyptus globulus", "Hibiscus syriacus", "Jacaranda mimosifolia", "Ligustrum lucidum", "Melia azedarach", "Ostrya carpinifolia", "Populus alba 'Pyramidalis'", "Populus nigra 'Italica'", "Pyrus communis", "Quercus ilex", "Tilia x euchlora", "Tilia x europaea", "Tipuana tipu", "Ulmus pumila" ], "district_name": "NOU BARRIS", "barri_name": "TORRE BARÓ", "dominant_myco_type": "NM", "am_pct": 27.27, "em_pct": 3.41, "nm_pct": 69.32, "am_blindness_flag": false, "trees_young_pct": 7.95, "cell_x0": 431600, "cell_y0": 4590000 }, "geometry": { "type": "Polygon", "coordinates": [ [ [ 432000.0, 4590000.0 ], [ 432000.0, 4590400.0 ], [ 431600.0, 4590400.0 ], [ 431600.0, 4590000.0 ], [ 432000.0, 4590000.0 ] ] ] } },
{ "type": "Feature", "properties": { "cell_id": "C027_041", "tree_count": 162, "species_list": [ "Brachychiton acerifolius", "Brachychiton populneus", "Casuarina cunninghamiana", "Catalpa bignonioides", "Celtis australis", "Cercis siliquastrum", "Grevillea robusta", "Melia azedarach", "Pinus halepensis", "Populus alba", "Populus alba 'Pyramidalis'", "Populus nigra", "Populus nigra 'Italica'", "Populus x canadensis", "Prunus cerasifera 'Pissardii'", "Prunus domestica", "Pyrus calleryana 'Chanticleer'", "Quercus ilex", "Tilia americana", "Tilia platyphyllos", "Tilia x europaea", "Ulmus pumila" ], "district_name": "NOU BARRIS", "barri_name": "VALLBONA", "dominant_myco_type": "AM", "am_pct": 61.73, "em_pct": 14.2, "nm_pct": 24.07, "am_blindness_flag": false, "trees_young_pct": 6.17, "cell_x0": 431600, "cell_y0": 4590400 }, "geometry": { "type": "Polygon", "coordinates": [ [ [ 432000.0, 4590400.0 ], [ 432000.0, 4590800.0 ], [ 431600.0, 4590800.0 ], [ 431600.0, 4590400.0 ], [ 432000.0, 4590400.0 ] ] ] } },
{ "type": "Feature", "properties": { "cell_id": "C027_042", "tree_count": 4, "species_list": [ "Olea europaea", "Robinia pseudoacacia" ], "district_name": "NOU BARRIS", "barri_name": "VALLBONA", "dominant_myco_type": "AM", "am_pct": 75.0, "em_pct": 0.0, "nm_pct": 25.0, "am_blindness_flag": false, "trees_young_pct": 0.0, "cell_x0": 431600, "cell_y0": 4590800 }, "geometry": { "type": "Polygon", "coordinates": [ [ [ 432000.0, 4590800.0 ], [ 432000.0, 4591200.0 ], [ 431600.0, 4591200.0 ], [ 431600.0, 4590800.0 ], [ 432000.0, 4590800.0 ] ] ] } },
{ "type": "Feature", "properties": { "cell_id": "C028_016", "tree_count": 55, "species_list": [ "Casuarina cunninghamiana", "Lagunaria patersonia", "Morus alba", "Morus alba 'Fruitless'", "Phoenix dactylifera", "Phytolacca dioica", "Platanus × acerifolia", "Tamarix gallica", "Tamarix ramosissima", "Tipuana tipu", "Washingtonia filifera", "Washingtonia filifera var. robusta" ], "district_name": "CIUTAT VELLA", "barri_name": "LA BARCELONETA", "dominant_myco_type": "AM", "am_pct": 70.91, "em_pct": 0.0, "nm_pct": 29.09, "am_blindness_flag": false, "trees_young_pct": 5.45, "cell_x0": 432000, "cell_y0": 4580400 }, "geometry": { "type": "Polygon", "coordinates": [ [ [ 432400.0, 4580400.0 ], [ 432400.0, 4580800.0 ], [ 432000.0, 4580800.0 ], [ 432000.0, 4580400.0 ], [ 432400.0, 4580400.0 ] ] ] } },
{ "type": "Feature", "properties": { "cell_id": "C028_017", "tree_count": 329, "species_list": [ "Acer monspessulanum", "Brachychiton populneus", "Butia odorata", "Jacaranda mimosifolia", "Lagunaria patersonia", "Ligustrum japonicum 'Texanum'", "Morus alba", "Morus alba 'Fruitless'", "Phoenix dactylifera", "Phytolacca dioica", "Platanus × acerifolia", "Robinia pseudoacacia 'Bessoniana'", "Styphnolobium japonicum", "Styphnolobium japonicum 'Dot'", "Tamarix gallica", "Tamarix ramosissima", "Tipuana tipu", "Washingtonia filifera", "Washingtonia filifera var. robusta" ], "district_name": "CIUTAT VELLA", "barri_name": "LA BARCELONETA", "dominant_myco_type": "AM", "am_pct": 89.97, "em_pct": 0.0, "nm_pct": 10.03, "am_blindness_flag": true, "trees_young_pct": 4.56, "cell_x0": 432000, "cell_y0": 4580800 }, "geometry": { "type": "Polygon", "coordinates": [ [ [ 432400.0, 4580800.0 ], [ 432400.0, 4581200.0 ], [ 432000.0, 4581200.0 ], [ 432000.0, 4580800.0 ], [ 432400.0, 4580800.0 ] ] ] } },
{ "type": "Feature", "properties": { "cell_id": "C028_018", "tree_count": 726, "species_list": [ "Acer monspessulanum", "Brachychiton populneus", "Broussonetia papyrifera", "Celtis australis", "Celtis sinensis", "Cercis siliquastrum", "Citrus × aurantium", "Ficus carica", "Gleditsia triacanthos", "Gleditsia triacanthos f. inermis", "Jacaranda mimosifolia", "Koelreuteria paniculata", "Ligustrum japonicum", "Ligustrum lucidum", "Liquidambar styraciflua", "Magnolia grandiflora", "Melia azedarach", "Morus alba", "Morus alba 'Fruitless'", "Pinus pinea", "Platanus × acerifolia", "Prunus cerasifera 'Pissardii'", "Pyrus calleryana 'Chanticleer'", "Robinia pseudoacacia", "Robinia pseudoacacia 'Bessoniana'", "Styphnolobium japonicum", "Styphnolobium japonicum 'Dot'", "Styphnolobium japonicum 'Pendulum'", "Syagrus romanzoffiana", "Tamarix gallica", "Tamarix ramosissima", "Tipuana tipu", "Ulmus pumila", "Washingtonia filifera var. robusta" ], "district_name": "CIUTAT VELLA", "barri_name": "LA BARCELONETA", "dominant_myco_type": "AM", "am_pct": 86.09, "em_pct": 7.71, "nm_pct": 6.2, "am_blindness_flag": true, "trees_young_pct": 8.13, "cell_x0": 432000, "cell_y0": 4581200 }, "geometry": { "type": "Polygon", "coordinates": [ [ [ 432400.0, 4581200.0 ], [ 432400.0, 4581600.0 ], [ 432000.0, 4581600.0 ], [ 432000.0, 4581200.0 ], [ 432400.0, 4581200.0 ] ] ] } },
{ "type": "Feature", "properties": { "cell_id": "C028_019", "tree_count": 375, "species_list": [ "Brachychiton populneus", "Celtis australis", "Celtis occidentalis", "Celtis sinensis", "Cercis siliquastrum 'Alba'", "Cupressus sempervirens", "Gleditsia triacanthos", "Gleditsia triacanthos f. inermis", "Grevillea robusta", "Koelreuteria paniculata", "Melia azedarach", "Parietaria judaica", "Phoenix canariensis", "Pinus pinea", "Pistacia atlantica", "Platanus × acerifolia", "Quercus ilex", "Styphnolobium japonicum", "Tipuana tipu", "Ulmus pumila", "Washingtonia filifera var. robusta" ], "district_name": "CIUTAT VELLA", "barri_name": "LA BARCELONETA", "dominant_myco_type": "AM", "am_pct": 77.6, "em_pct": 12.0, "nm_pct": 10.4, "am_blindness_flag": false, "trees_young_pct": 4.27, "cell_x0": 432000, "cell_y0": 4581600 }, "geometry": { "type": "Polygon", "coordinates": [ [ [ 432400.0, 4581600.0 ], [ 432400.0, 4582000.0 ], [ 432000.0, 4582000.0 ], [ 432000.0, 4581600.0 ], [ 432400.0, 4581600.0 ] ] ] } },
{ "type": "Feature", "properties": { "cell_id": "C028_020", "tree_count": 124, "species_list": [ "Casuarina cunninghamiana", "Celtis australis", "Gleditsia triacanthos f. inermis", "Koelreuteria paniculata 'Fastigiata'", "Ligustrum lucidum", "Magnolia grandiflora", "Morus alba", "Platanus × acerifolia", "Tipuana tipu" ], "district_name": "SANT MARTÍ", "barri_name": "LA VILA OLÍMPICA DEL POBLENOU", "dominant_myco_type": "AM", "am_pct": 98.39, "em_pct": 0.0, "nm_pct": 1.61, "am_blindness_flag": true, "trees_young_pct": 0.81, "cell_x0": 432000, "cell_y0": 4582000 }, "geometry": { "type": "Polygon", "coordinates": [ [ [ 432400.0, 4582000.0 ], [ 432400.0, 4582400.0 ], [ 432000.0, 4582400.0 ], [ 432000.0, 4582000.0 ], [ 432400.0, 4582000.0 ] ] ] } },
{ "type": "Feature", "properties": { "cell_id": "C028_021", "tree_count": 593, "species_list": [ "Casuarina cunninghamiana", "Celtis australis", "Cupressus sempervirens", "Gleditsia triacanthos", "Gleditsia triacanthos f. inermis", "Jacaranda mimosifolia", "Ligustrum lucidum", "Melia azedarach", "Olea europaea", "Phoenix canariensis", "Phoenix dactylifera", "Pinus pinaster", "Pinus pinea", "Platanus × acerifolia", "Populus nigra 'Italica'", "Tipuana tipu", "Ulmus pumila", "Washingtonia filifera var. robusta" ], "district_name": "SANT MARTÍ", "barri_name": "EL PARC I LA LLACUNA DEL POBLENOU", "dominant_myco_type": "AM", "am_pct": 81.96, "em_pct": 11.97, "nm_pct": 6.07, "am_blindness_flag": true, "trees_young_pct": 4.05, "cell_x0": 432000, "cell_y0": 4582400 }, "geometry": { "type": "Polygon", "coordinates": [ [ [ 432400.0, 4582400.0 ], [ 432400.0, 4582800.0 ], [ 432000.0, 4582800.0 ], [ 432000.0, 4582400.0 ], [ 432400.0, 4582400.0 ] ] ] } },
{ "type": "Feature", "properties": { "cell_id": "C028_022", "tree_count": 419, "species_list": [ "Acer buergerianum", "Acer campestre", "Acer × freemanii AUTUMN BLAZE® 'Jeffersred'", "Archontophoenix cunninghamiana", "Brachychiton populneus", "Celtis australis", "Celtis occidentalis", "Celtis sinensis", "Cercis siliquastrum", "Ficus microcarpa", "Fraxinus angustifolia", "Gleditsia triacanthos", "Grevillea robusta", "Heptapleurum actinophyllum", "Hesperocyparis macrocarpa", "Jacaranda mimosifolia", "Koelreuteria paniculata", "Koelreuteria paniculata 'Fastigiata'", "Melia azedarach", "Phoenix dactylifera", "Phytolacca dioica", "Platanus × acerifolia", "Populus x canadensis", "Quercus ilex", "Robinia pseudoacacia", "Syagrus romanzoffiana", "Tipuana tipu", "Ulmus pumila", "Washingtonia filifera", "Washingtonia filifera var. robusta" ], "district_name": "SANT MARTÍ", "barri_name": "EL PARC I LA LLACUNA DEL POBLENOU", "dominant_myco_type": "AM", "am_pct": 93.32, "em_pct": 1.19, "nm_pct": 5.49, "am_blindness_flag": true, "trees_young_pct": 22.91, "cell_x0": 432000, "cell_y0": 4582800 }, "geometry": { "type": "Polygon", "coordinates": [ [ [ 432400.0, 4582800.0 ], [ 432400.0, 4583200.0 ], [ 432000.0, 4583200.0 ], [ 432000.0, 4582800.0 ], [ 432400.0, 4582800.0 ] ] ] } },
{ "type": "Feature", "properties": { "cell_id": "C028_023", "tree_count": 463, "species_list": [ "Casuarina cunninghamiana", "Celtis australis", "Cercis siliquastrum", "Fraxinus angustifolia", "Fraxinus angustifolia 'Raywood'", "Gleditsia triacanthos", "Gleditsia triacanthos 'skyline'", "Gleditsia triacanthos f. inermis", "Grevillea robusta", "Handroanthus heptaphyllus", "Jacaranda mimosifolia", "Koelreuteria paniculata", "Pistacia chinensis", "Platanus × acerifolia", "Prunus cerasifera", "Prunus cerasifera 'Pissardii'", "Prunus persica", "Prunus serrulata 'Kanzan'", "Pyrus calleryana 'Chanticleer'", "Quercus ilex", "Quercus pubescens", "Styphnolobium japonicum", "Tamarix africana", "Tamarix gallica", "Tipuana tipu", "Ulmus pumila" ], "district_name": "SANT MARTÍ", "barri_name": "EL PARC I LA LLACUNA DEL POBLENOU", "dominant_myco_type": "AM", "am_pct": 87.04, "em_pct": 9.29, "nm_pct": 3.67, "am_blindness_flag": true, "trees_young_pct": 30.45, "cell_x0": 432000, "cell_y0": 4583200 }, "geometry": { "type": "Polygon", "coordinates": [ [ [ 432400.0, 4583200.0 ], [ 432400.0, 4583600.0 ], [ 432000.0, 4583600.0 ], [ 432000.0, 4583200.0 ], [ 432400.0, 4583200.0 ] ] ] } },
{ "type": "Feature", "properties": { "cell_id": "C028_024", "tree_count": 378, "species_list": [ "Albizia julibrissin 'OMBRELLA'®", "Ceiba speciosa", "Celtis australis", "Celtis occidentalis", "Cercis siliquastrum", "Ginkgo biloba", "Gleditsia triacanthos", "Gleditsia triacanthos f. inermis", "Grevillea robusta", "Jacaranda mimosifolia", "Koelreuteria paniculata", "Melia azedarach", "Phoenix canariensis", "Platanus × acerifolia", "Prunus cerasifera 'Pissardii'", "Pyrus calleryana 'Chanticleer'", "Schinus molle", "Styphnolobium japonicum", "Tipuana tipu", "Washingtonia filifera", "Washingtonia filifera var. robusta" ], "district_name": "SANT MARTÍ", "barri_name": "EL PARC I LA LLACUNA DEL POBLENOU", "dominant_myco_type": "AM", "am_pct": 89.95, "em_pct": 0.0, "nm_pct": 10.05, "am_blindness_flag": true, "trees_young_pct": 9.79, "cell_x0": 432000, "cell_y0": 4583600 }, "geometry": { "type": "Polygon", "coordinates": [ [ [ 432400.0, 4583600.0 ], [ 432400.0, 4584000.0 ], [ 432000.0, 4584000.0 ], [ 432000.0, 4583600.0 ], [ 432400.0, 4583600.0 ] ] ] } },
{ "type": "Feature", "properties": { "cell_id": "C028_025", "tree_count": 399, "species_list": [ "Acer campestre", "Arbutus unedo", "Casuarina cunninghamiana", "Celtis australis", "Citrus × aurantium", "Ginkgo biloba", "Grevillea robusta", "Handroanthus heptaphyllus", "Jacaranda mimosifolia", "Koelreuteria paniculata", "Lagerstroemia indica", "Lagunaria patersonia", "Ligustrum lucidum", "Magnolia grandiflora", "Malus PERPETU® 'Evereste'", "Melia azedarach", "Parkinsonia aculeata", "Phoenix canariensis", "Phoenix dactylifera", "Pinus halepensis", "Pinus pinea", "Platanus × acerifolia", "Platanus × acerifolia PLATANOR® 'Vallis Clausa'", "Populus nigra", "Prunus serrulata 'Kanzan'", "Pyrus calleryana 'Chanticleer'", "Quercus ilex", "Quercus pubescens", "Styphnolobium japonicum", "Syagrus romanzoffiana", "Tilia tomentosa", "Tipuana tipu", "Washingtonia filifera", "Washingtonia filifera var. robusta" ], "district_name": "SANT MARTÍ", "barri_name": "EL CLOT", "dominant_myco_type": "AM", "am_pct": 82.71, "em_pct": 15.54, "nm_pct": 1.75, "am_blindness_flag": true, "trees_young_pct": 4.51, "cell_x0": 432000, "cell_y0": 4584000 }, "geometry": { "type": "Polygon", "coordinates": [ [ [ 432400.0, 4584000.0 ], [ 432400.0, 4584400.0 ], [ 432000.0, 4584400.0 ], [ 432000.0, 4584000.0 ], [ 432400.0, 4584000.0 ] ] ] } },
{ "type": "Feature", "properties": { "cell_id": "C028_026", "tree_count": 476, "species_list": [ "Acer campestre", "Brachychiton acerifolius", "Brachychiton populneus", "Casuarina cunninghamiana", "Cedrus deodara", "Celtis australis", "Ceratonia siliqua", "Cercis siliquastrum", "Citrus × aurantium", "Fraxinus excelsior", "Fraxinus ornus", "Gleditsia triacanthos", "Gleditsia triacanthos f. inermis", "Jacaranda mimosifolia", "Koelreuteria paniculata", "Koelreuteria paniculata 'Fastigiata'", "Lagerstroemia indica", "Lagunaria patersonia", "Ligustrum lucidum", "Melia azedarach", "Olea europaea", "Phoenix dactylifera", "Pinus pinea", "Platanus × acerifolia", "Populus nigra 'Italica'", "Pyrus calleryana 'Chanticleer'", "Quercus ilex", "Quercus pubescens", "Robinia pseudoacacia", "Styphnolobium japonicum", "Tipuana tipu", "Washingtonia filifera", "Washingtonia filifera var. robusta" ], "district_name": "SANT MARTÍ", "barri_name": "EL CLOT", "dominant_myco_type": "AM", "am_pct": 89.71, "em_pct": 3.99, "nm_pct": 6.3, "am_blindness_flag": true, "trees_young_pct": 2.31, "cell_x0": 432000, "cell_y0": 4584400 }, "geometry": { "type": "Polygon", "coordinates": [ [ [ 432400.0, 4584400.0 ], [ 432400.0, 4584800.0 ], [ 432000.0, 4584800.0 ], [ 432000.0, 4584400.0 ], [ 432400.0, 4584400.0 ] ] ] } },
{ "type": "Feature", "properties": { "cell_id": "C028_027", "tree_count": 578, "species_list": [ "Acer platanoides", "Brachychiton populneus", "Callistemon viminalis", "Celtis australis", "Ceratonia siliqua", "Cercis siliquastrum", "Cupressus sempervirens", "Fraxinus angustifolia 'Raywood'", "Fraxinus excelsior", "Gleditsia triacanthos", "Gleditsia triacanthos 'sunburst'", "Gleditsia triacanthos f. inermis", "Grevillea robusta", "Jacaranda mimosifolia", "Ligustrum lucidum", "Malus PERPETU® 'Evereste'", "Melia azedarach", "Olea europaea", "Parrotia persica 'Vanessa'", "Platanus × acerifolia", "Prunus serrulata 'Kanzan'", "Robinia pseudoacacia", "Schinus molle", "Styphnolobium japonicum", "Styphnolobium japonicum 'Dot'", "Tipuana tipu", "Ulmus parvifolia" ], "district_name": "SANT MARTÍ", "barri_name": "EL CLOT", "dominant_myco_type": "AM", "am_pct": 90.83, "em_pct": 0.17, "nm_pct": 9.0, "am_blindness_flag": true, "trees_young_pct": 3.98, "cell_x0": 432000, "cell_y0": 4584800 }, "geometry": { "type": "Polygon", "coordinates": [ [ [ 432400.0, 4584800.0 ], [ 432400.0, 4585200.0 ], [ 432000.0, 4585200.0 ], [ 432000.0, 4584800.0 ], [ 432400.0, 4584800.0 ] ] ] } },
{ "type": "Feature", "properties": { "cell_id": "C028_028", "tree_count": 763, "species_list": [ "Acer campestre", "Acer negundo", "Bauhinia variegata", "Brachychiton acerifolius", "Brachychiton populneus", "Callistemon viminalis", "Catalpa bignonioides", "Celtis australis", "Cercis siliquastrum", "Cupressus sempervirens", "Ficus benjamina", "Firmiana simplex", "Fraxinus angustifolia", "Fraxinus excelsior", "Fraxinus ornus", "Gleditsia triacanthos", "Gleditsia triacanthos 'sunburst'", "Gleditsia triacanthos f. inermis", "Grevillea robusta", "Hesperocyparis arizonica", "Jacaranda mimosifolia", "Koelreuteria paniculata", "Koelreuteria paniculata 'Fastigiata'", "Ligustrum japonicum", "Ligustrum lucidum", "Melia azedarach", "Olea europaea", "Parkinsonia aculeata", "Paulownia tomentosa", "Pinus halepensis", "Pinus pinea", "Platanus × acerifolia", "Populus nigra", "Prunus armeniaca", "Prunus avium", "Punica granatum", "Quercus ilex", "Quercus suber", "Robinia pseudoacacia", "Robinia pseudoacacia 'Bessoniana'", "Styphnolobium japonicum", "Tilia platyphyllos", "Tipuana tipu", "Ulmus pumila", "Washingtonia filifera" ], "district_name": "SANT ANDREU", "barri_name": "NAVAS", "dominant_myco_type": "AM", "am_pct": 89.52, "em_pct": 2.62, "nm_pct": 7.86, "am_blindness_flag": true, "trees_young_pct": 13.89, "cell_x0": 432000, "cell_y0": 4585200 }, "geometry": { "type": "Polygon", "coordinates": [ [ [ 432400.0, 4585200.0 ], [ 432400.0, 4585600.0 ], [ 432000.0, 4585600.0 ], [ 432000.0, 4585200.0 ], [ 432400.0, 4585200.0 ] ] ] } },
{ "type": "Feature", "properties": { "cell_id": "C028_029", "tree_count": 538, "species_list": [ "Acer negundo", "Bauhinia variegata", "Brachychiton populneus", "Casuarina cunninghamiana", "Catalpa bignonioides", "Celtis australis", "Cercis siliquastrum", "Cupressus sempervirens", "Firmiana simplex", "Fraxinus angustifolia", "Fraxinus ornus OBELISK® 'Paus Johannes-Paulus II'", "Jacaranda mimosifolia", "Ligustrum lucidum", "Magnolia grandiflora", "Melia azedarach", "Olea europaea", "Photinia x fraseri 'Red Robin'", "Pinus halepensis", "Pinus pinea", "Platanus orientalis", "Platanus × acerifolia", "Populus nigra", "Prunus cerasifera 'Pissardii'", "Pyrus calleryana 'Chanticleer'", "Quercus ilex", "Robinia pseudoacacia", "Schinus molle", "Styphnolobium japonicum", "Tipuana tipu", "Ulmus pumila" ], "district_name": "SANT ANDREU", "barri_name": "LA SAGRERA", "dominant_myco_type": "AM", "am_pct": 93.68, "em_pct": 4.46, "nm_pct": 1.86, "am_blindness_flag": true, "trees_young_pct": 8.36, "cell_x0": 432000, "cell_y0": 4585600 }, "geometry": { "type": "Polygon", "coordinates": [ [ [ 432400.0, 4585600.0 ], [ 432400.0, 4586000.0 ], [ 432000.0, 4586000.0 ], [ 432000.0, 4585600.0 ], [ 432400.0, 4585600.0 ] ] ] } },
{ "type": "Feature", "properties": { "cell_id": "C028_030", "tree_count": 743, "species_list": [ "Archontophoenix cunninghamiana", "Brachychiton populneus", "Butia odorata", "Casuarina cunninghamiana", "Catalpa bignonioides", "Celtis australis", "Celtis sinensis", "Ceratonia siliqua", "Citrus × aurantium", "Corylus colurna", "Cupressus sempervirens", "Cupressus sempervirens 'Stricta'", "Ginkgo biloba", "Jacaranda mimosifolia", "Koelreuteria paniculata", "Ligustrum japonicum", "Ligustrum lucidum", "Liriodendron tulipifera", "Magnolia grandiflora", "Magnolia grandiflora 'Gallisoniensis'", "Melia azedarach", "Nerium oleander", "Phoenix canariensis", "Phoenix dactylifera", "Photinia x fraseri 'Red Robin'", "Phytolacca dioica", "Pinus halepensis", "Pinus pinea", "Platanus × acerifolia", "Populus nigra", "Prunus cerasifera 'Pissardii'", "Prunus serrulata 'Kanzan'", "Pyrus calleryana 'Chanticleer'", "Quercus ilex", "Robinia pseudoacacia", "Styphnolobium japonicum", "Styphnolobium japonicum 'Columnare'", "Styphnolobium japonicum 'Dot'", "Tilia platyphyllos", "Tilia x europaea", "Tipuana tipu", "Ulmus pumila", "Washingtonia filifera", "Washingtonia filifera var. robusta" ], "district_name": "SANT ANDREU", "barri_name": "LA SAGRERA", "dominant_myco_type": "AM", "am_pct": 85.2, "em_pct": 7.27, "nm_pct": 7.54, "am_blindness_flag": true, "trees_young_pct": 9.56, "cell_x0": 432000, "cell_y0": 4586000 }, "geometry": { "type": "Polygon", "coordinates": [ [ [ 432400.0, 4586000.0 ], [ 432400.0, 4586400.0 ], [ 432000.0, 4586400.0 ], [ 432000.0, 4586000.0 ], [ 432400.0, 4586000.0 ] ] ] } },
{ "type": "Feature", "properties": { "cell_id": "C028_031", "tree_count": 390, "species_list": [ "Acer monspessulanum", "Citrus × aurantium", "Cupressus sempervirens", "Fraxinus excelsior", "Gleditsia triacanthos f. inermis", "Hibiscus syriacus", "Jacaranda mimosifolia", "Koelreuteria paniculata", "Melia azedarach", "Olea europaea", "Paulownia tomentosa", "Platanus × acerifolia", "Prunus cerasifera 'Pissardii'", "Pyrus calleryana 'Chanticleer'", "Robinia pseudoacacia", "Tamarix africana", "Tamarix ramosissima", "Ulmus pumila", "Washingtonia filifera" ], "district_name": "SANT ANDREU", "barri_name": "LA SAGRERA", "dominant_myco_type": "AM", "am_pct": 97.95, "em_pct": 0.0, "nm_pct": 2.05, "am_blindness_flag": true, "trees_young_pct": 4.87, "cell_x0": 432000, "cell_y0": 4586400 }, "geometry": { "type": "Polygon", "coordinates": [ [ [ 432400.0, 4586400.0 ], [ 432400.0, 4586800.0 ], [ 432000.0, 4586800.0 ], [ 432000.0, 4586400.0 ], [ 432400.0, 4586400.0 ] ] ] } },
{ "type": "Feature", "properties": { "cell_id": "C028_032", "tree_count": 713, "species_list": [ "Acer monspessulanum", "Acer pseudoplatanus", "Butia odorata", "Celtis australis", "Cercis siliquastrum", "Citrus × aurantium", "Crataegus x lavalleei 'Carrierei'", "Eriobotrya japonica", "Hibiscus syriacus", "Jacaranda mimosifolia", "Ligustrum lucidum", "Melia azedarach", "Olea europaea", "Phoenix canariensis", "Photinia serratifolia", "Photinia x fraseri 'Red Robin'", "Pinus pinea", "Platanus × acerifolia", "Prunus cerasifera 'Pissardii'", "Pyrus calleryana 'Chanticleer'", "Tamarix ramosissima", "Tipuana tipu" ], "district_name": "SANT ANDREU", "barri_name": "SANT ANDREU", "dominant_myco_type": "AM", "am_pct": 99.02, "em_pct": 0.56, "nm_pct": 0.42, "am_blindness_flag": true, "trees_young_pct": 7.29, "cell_x0": 432000, "cell_y0": 4586800 }, "geometry": { "type": "Polygon", "coordinates": [ [ [ 432400.0, 4586800.0 ], [ 432400.0, 4587200.0 ], [ 432000.0, 4587200.0 ], [ 432000.0, 4586800.0 ], [ 432400.0, 4586800.0 ] ] ] } },
{ "type": "Feature", "properties": { "cell_id": "C028_033", "tree_count": 525, "species_list": [ "Acer buergerianum", "Acer monspessulanum", "Acer negundo", "Acer pseudoplatanus", "Bauhinia purpurea", "Carpinus betulus", "Celtis australis", "Cercis siliquastrum", "Citrus × aurantium", "Crataegus x media 'Paul's Scarlet'", "Ficus microcarpa", "Fraxinus angustifolia", "Fraxinus angustifolia 'Raywood'", "Fraxinus excelsior", "Fraxinus ornus", "Gleditsia triacanthos f. inermis", "Grevillea robusta", "Handroanthus heptaphyllus", "Hibiscus syriacus", "Jacaranda mimosifolia", "Ligustrum japonicum 'Texanum'", "Ligustrum lucidum", "Malus PERPETU® 'Evereste'", "Melia azedarach", "Olea europaea", "Parrotia persica 'Vanessa'", "Photinia x fraseri 'Red Robin'", "Pinus pinea", "Platanus × acerifolia", "Pyrus calleryana 'Chanticleer'", "Robinia pseudoacacia", "Styphnolobium japonicum", "Tilia x europaea", "Tipuana tipu", "Ulmus pumila" ], "district_name": "SANT ANDREU", "barri_name": "SANT ANDREU", "dominant_myco_type": "AM", "am_pct": 91.05, "em_pct": 1.71, "nm_pct": 7.24, "am_blindness_flag": true, "trees_young_pct": 4.0, "cell_x0": 432000, "cell_y0": 4587200 }, "geometry": { "type": "Polygon", "coordinates": [ [ [ 432400.0, 4587200.0 ], [ 432400.0, 4587600.0 ], [ 432000.0, 4587600.0 ], [ 432000.0, 4587200.0 ], [ 432400.0, 4587200.0 ] ] ] } },
{ "type": "Feature", "properties": { "cell_id": "C028_034", "tree_count": 702, "species_list": [ "Acer monspessulanum", "Acer negundo", "Acer × freemanii AUTUMN BLAZE® 'Jeffersred'", "Araucaria heterophylla", "Archontophoenix cunninghamiana", "Bougainvillea glabra", "Brachychiton acerifolius", "Brachychiton populneus", "Casuarina cunninghamiana", "Celtis australis", "Celtis sinensis", "Cercis siliquastrum", "Crataegus laevigata", "Eriobotrya japonica", "Ficus rubiginosa", "Fraxinus americana", "Fraxinus angustifolia", "Fraxinus ornus", "Ginkgo biloba 'Fastigiata Blagon'", "Gleditsia triacanthos f. inermis", "Grevillea robusta", "Handroanthus heptaphyllus", "Hibiscus syriacus", "Jacaranda mimosifolia", "Koelreuteria paniculata", "Ligustrum lucidum", "Melia azedarach", "Olea europaea", "Pinus pinea", "Platanus × acerifolia", "Populus nigra 'Italica'", "Prunus amygdalus", "Prunus cerasifera", "Pyrus calleryana 'Chanticleer'", "Schinus molle", "Styphnolobium japonicum", "Tamarix gallica", "Tilia x europaea", "Tipuana tipu", "Ulmus pumila" ], "district_name": "SANT ANDREU", "barri_name": "SANT ANDREU", "dominant_myco_type": "AM", "am_pct": 89.89, "em_pct": 3.13, "nm_pct": 6.98, "am_blindness_flag": true, "trees_young_pct": 9.26, "cell_x0": 432000, "cell_y0": 4587600 }, "geometry": { "type": "Polygon", "coordinates": [ [ [ 432400.0, 4587600.0 ], [ 432400.0, 4588000.0 ], [ 432000.0, 4588000.0 ], [ 432000.0, 4587600.0 ], [ 432400.0, 4587600.0 ] ] ] } },
{ "type": "Feature", "properties": { "cell_id": "C028_035", "tree_count": 863, "species_list": [ "Acer buergerianum", "Acer campestre 'Pyramidale'", "Acer × freemanii AUTUMN BLAZE® 'Jeffersred'", "Bauhinia variegata", "Brachychiton acerifolius", "Brachychiton discolor", "Brachychiton populneus", "Casuarina cunninghamiana", "Ceiba speciosa", "Celtis australis", "Celtis sinensis", "Cercis siliquastrum", "Cinnamomum camphora", "Citrus × aurantium", "Cupressus sempervirens", "Elaeagnus pungens", "Eriobotrya japonica", "Erythrina crista-galli", "Ficus elastica", "Fraxinus angustifolia", "Fraxinus angustifolia 'Raywood'", "Gleditsia triacanthos", "Grevillea robusta", "Hibiscus syriacus", "Jacaranda mimosifolia", "Koelreuteria paniculata", "Koelreuteria paniculata 'Fastigiata'", "Ligustrum lucidum", "Liriodendron tulipifera", "Melia azedarach", "Olea europaea", "Paulownia tomentosa", "Phoenix canariensis", "Pinus pinea", "Platanus × acerifolia", "Populus alba", "Populus alba 'Pyramidalis'", "Populus nigra 'Italica'", "Prunus amygdalus", "Prunus cerasifera 'Pissardii'", "Pyrus calleryana 'Chanticleer'", "Quercus ilex", "Rhus typhina", "Robinia pseudoacacia", "Salix babylonica", "Schinus molle", "Spartium junceum", "Styphnolobium japonicum", "Styphnolobium japonicum 'Columnare'", "Tamarix gallica", "Tipuana tipu", "Ulmus pumila", "Washingtonia filifera" ], "district_name": "SANT ANDREU", "barri_name": "SANT ANDREU", "dominant_myco_type": "AM", "am_pct": 90.5, "em_pct": 4.17, "nm_pct": 5.33, "am_blindness_flag": true, "trees_young_pct": 3.71, "cell_x0": 432000, "cell_y0": 4588000 }, "geometry": { "type": "Polygon", "coordinates": [ [ [ 432400.0, 4588000.0 ], [ 432400.0, 4588400.0 ], [ 432000.0, 4588400.0 ], [ 432000.0, 4588000.0 ], [ 432400.0, 4588000.0 ] ] ] } },
{ "type": "Feature", "properties": { "cell_id": "C028_036", "tree_count": 624, "species_list": [ "Acacia retinodes", "Acer negundo", "Acer saccharinum", "Acer × freemanii AUTUMN BLAZE® 'Jeffersred'", "Ailanthus altissima", "Arbutus unedo", "Brachychiton acerifolius", "Brachychiton populneus", "Celtis australis", "Celtis sinensis", "Cercis siliquastrum", "Erythrina crista-galli", "Grevillea robusta", "Handroanthus heptaphyllus", "Jacaranda mimosifolia", "Melia azedarach", "Morus alba", "Paulownia tomentosa", "Phoenix canariensis", "Platanus × acerifolia", "Populus alba", "Populus alba 'Pyramidalis'", "Populus nigra 'Italica'", "Prunus cerasifera 'Pissardii'", "Quercus ilex", "Robinia pseudoacacia", "Schinus molle", "Styphnolobium japonicum", "Tilia tomentosa", "Tipuana tipu", "Ulmus pumila", "Washingtonia filifera", "Washingtonia filifera var. robusta" ], "district_name": "SANT ANDREU", "barri_name": "SANT ANDREU", "dominant_myco_type": "AM", "am_pct": 83.65, "em_pct": 3.85, "nm_pct": 12.5, "am_blindness_flag": true, "trees_young_pct": 3.37, "cell_x0": 432000, "cell_y0": 4588400 }, "geometry": { "type": "Polygon", "coordinates": [ [ [ 432400.0, 4588400.0 ], [ 432400.0, 4588800.0 ], [ 432000.0, 4588800.0 ], [ 432000.0, 4588400.0 ], [ 432400.0, 4588400.0 ] ] ] } },
{ "type": "Feature", "properties": { "cell_id": "C028_037", "tree_count": 815, "species_list": [ "Acer monspessulanum", "Acer negundo", "Acer platanoides", "Acer pseudoplatanus", "Acer × freemanii AUTUMN BLAZE® 'Jeffersred'", "Ailanthus altissima", "Albizia julibrissin", "Brachychiton acerifolius", "Brachychiton discolor", "Brachychiton populneus", "Ceiba speciosa", "Celtis australis", "Cercis siliquastrum", "Cinnamomum camphora", "Citrus × aurantium", "Cupressus sempervirens", "Elaeagnus angustifolia", "Eucalyptus globulus", "Firmiana simplex", "Gleditsia triacanthos", "Gleditsia triacanthos f. inermis", "Grevillea robusta", "Jacaranda mimosifolia", "Magnolia grandiflora", "Malus x purpurea", "Melia azedarach", "Olea europaea", "Phoenix canariensis", "Photinia x fraseri 'Red Robin'", "Pinus halepensis", "Pinus pinea", "Platanus × acerifolia", "Populus alba 'Pyramidalis'", "Populus nigra 'Italica'", "Prunus cerasifera", "Prunus cerasifera 'Pissardii'", "Pyrus calleryana 'Chanticleer'", "Quercus ilex", "Quercus suber", "Radermachera sinica", "Robinia pseudoacacia", "Styphnolobium japonicum", "Tipuana tipu", "Trachycarpus fortunei", "Ulmus pumila", "Washingtonia filifera", "Washingtonia filifera var. robusta" ], "district_name": "SANT ANDREU", "barri_name": "LA TRINITAT VELLA", "dominant_myco_type": "AM", "am_pct": 77.3, "em_pct": 8.34, "nm_pct": 14.36, "am_blindness_flag": false, "trees_young_pct": 4.42, "cell_x0": 432000, "cell_y0": 4588800 }, "geometry": { "type": "Polygon", "coordinates": [ [ [ 432400.0, 4588800.0 ], [ 432400.0, 4589200.0 ], [ 432000.0, 4589200.0 ], [ 432000.0, 4588800.0 ], [ 432400.0, 4588800.0 ] ] ] } },
{ "type": "Feature", "properties": { "cell_id": "C028_038", "tree_count": 701, "species_list": [ "Acer campestre", "Acer pseudoplatanus", "Acer × freemanii AUTUMN BLAZE® 'Jeffersred'", "Ailanthus altissima", "Albizia julibrissin", "Catalpa bignonioides", "Cedrus deodara", "Celtis australis", "Cercis siliquastrum", "Citrus × aurantium", "Cupressus sempervirens", "Firmiana simplex", "Gleditsia triacanthos", "Gleditsia triacanthos f. inermis", "Grevillea robusta", "Hesperocyparis glabra", "Jacaranda mimosifolia", "Juglans regia", "Ligustrum lucidum", "Melia azedarach", "Nerium oleander", "Olea europaea", "Ostrya carpinifolia", "Paulownia tomentosa", "Pinus halepensis", "Pinus nigra subsp. salzmannii", "Pinus pinea", "Platanus × acerifolia", "Platycladus orientalis", "Populus alba 'Pyramidalis'", "Populus nigra", "Populus nigra 'Italica'", "Populus x canadensis", "Prunus amygdalus", "Prunus cerasifera 'Pissardii'", "Punica granatum", "Pyrus calleryana 'Chanticleer'", "Pyrus communis", "Quercus ilex", "Quercus pubescens", "Quercus robur", "Quercus suber", "Robinia pseudoacacia", "Styphnolobium japonicum", "Tilia platyphyllos", "Tilia tomentosa", "Tilia x europaea", "Tipuana tipu", "Ulmus pumila", "Washingtonia filifera", "X chitalpa tashkentensis 'minsum' SUMMER BELLS®" ], "district_name": "NOU BARRIS", "barri_name": "LA TRINITAT NOVA", "dominant_myco_type": "AM", "am_pct": 57.35, "em_pct": 28.25, "nm_pct": 14.41, "am_blindness_flag": false, "trees_young_pct": 1.57, "cell_x0": 432000, "cell_y0": 4589200 }, "geometry": { "type": "Polygon", "coordinates": [ [ [ 432400.0, 4589200.0 ], [ 432400.0, 4589600.0 ], [ 432000.0, 4589600.0 ], [ 432000.0, 4589200.0 ], [ 432400.0, 4589200.0 ] ] ] } },
{ "type": "Feature", "properties": { "cell_id": "C028_039", "tree_count": 89, "species_list": [ "Cupressus sempervirens 'Stricta'", "Ostrya carpinifolia", "Phoenix canariensis", "Pinus pinea", "Populus alba 'Pyramidalis'", "Populus nigra 'Italica'", "Robinia pseudoacacia", "Schinus molle", "Ulmus pumila", "X hesperotropsis leylandii" ], "district_name": "NOU BARRIS", "barri_name": "TORRE BARÓ", "dominant_myco_type": "NM", "am_pct": 4.49, "em_pct": 4.49, "nm_pct": 91.01, "am_blindness_flag": false, "trees_young_pct": 14.61, "cell_x0": 432000, "cell_y0": 4589600 }, "geometry": { "type": "Polygon", "coordinates": [ [ [ 432400.0, 4589600.0 ], [ 432400.0, 4590000.0 ], [ 432000.0, 4590000.0 ], [ 432000.0, 4589600.0 ], [ 432400.0, 4589600.0 ] ] ] } },
{ "type": "Feature", "properties": { "cell_id": "C028_041", "tree_count": 117, "species_list": [ "Acer negundo", "Alnus glutinosa", "Celtis australis", "Fraxinus angustifolia", "Fraxinus angustifolia 'Raywood'", "Koelreuteria paniculata 'Fastigiata'", "Ligustrum japonicum", "Ligustrum lucidum", "Ligustrum lucidum 'Excelsum Superbum'", "Melia azedarach", "Pinus pinea", "Platanus × acerifolia", "Populus alba 'Pyramidalis'", "Populus nigra 'Italica'", "Populus x canadensis", "Prunus cerasifera 'Pissardii'", "Robinia pseudoacacia", "Salix babylonica", "Tipuana tipu", "Ulmus pumila" ], "district_name": "NOU BARRIS", "barri_name": "VALLBONA", "dominant_myco_type": "AM", "am_pct": 59.83, "em_pct": 3.42, "nm_pct": 36.75, "am_blindness_flag": false, "trees_young_pct": 3.42, "cell_x0": 432000, "cell_y0": 4590400 }, "geometry": { "type": "Polygon", "coordinates": [ [ [ 432400.0, 4590400.0 ], [ 432400.0, 4590800.0 ], [ 432000.0, 4590800.0 ], [ 432000.0, 4590400.0 ], [ 432400.0, 4590400.0 ] ] ] } },
{ "type": "Feature", "properties": { "cell_id": "C028_042", "tree_count": 81, "species_list": [ "Acer negundo", "Alnus glutinosa", "Celtis australis", "Cupressus sempervirens", "Cupressus sempervirens 'Stricta'", "Ficus carica", "Fraxinus angustifolia", "Fraxinus excelsior", "Malus PERPETU® 'Evereste'", "Melia azedarach", "Pinus pinea", "Populus alba 'Pyramidalis'", "Populus x canadensis", "Prunus amygdalus", "Prunus avium", "Quercus ilex", "Robinia pseudoacacia", "Robinia pseudoacacia 'Bessoniana'", "Robinia × margaretta 'Pink Cascade'", "Styphnolobium japonicum", "Ulmus pumila" ], "district_name": "NOU BARRIS", "barri_name": "VALLBONA", "dominant_myco_type": "AM", "am_pct": 48.15, "em_pct": 12.35, "nm_pct": 39.51, "am_blindness_flag": false, "trees_young_pct": 1.23, "cell_x0": 432000, "cell_y0": 4590800 }, "geometry": { "type": "Polygon", "coordinates": [ [ [ 432400.0, 4590800.0 ], [ 432400.0, 4591200.0 ], [ 432000.0, 4591200.0 ], [ 432000.0, 4590800.0 ], [ 432400.0, 4590800.0 ] ] ] } },
{ "type": "Feature", "properties": { "cell_id": "C029_017", "tree_count": 59, "species_list": [ "Brachychiton populneus", "Butia odorata", "Lagunaria patersonia", "Metrosideros excelsa", "Morus alba", "Phoenix dactylifera", "Phytolacca dioica", "Platanus × acerifolia", "Tamarix gallica", "Washingtonia filifera", "Washingtonia filifera var. robusta" ], "district_name": "CIUTAT VELLA", "barri_name": "LA BARCELONETA", "dominant_myco_type": "AM", "am_pct": 84.75, "em_pct": 0.0, "nm_pct": 15.25, "am_blindness_flag": true, "trees_young_pct": 11.86, "cell_x0": 432400, "cell_y0": 4580800 }, "geometry": { "type": "Polygon", "coordinates": [ [ [ 432800.0, 4580800.0 ], [ 432800.0, 4581200.0 ], [ 432400.0, 4581200.0 ], [ 432400.0, 4580800.0 ], [ 432800.0, 4580800.0 ] ] ] } },
{ "type": "Feature", "properties": { "cell_id": "C029_018", "tree_count": 303, "species_list": [ "Brachychiton populneus", "Celtis australis", "Cercis siliquastrum", "Gleditsia triacanthos f. inermis", "Handroanthus heptaphyllus", "Lagunaria patersonia", "Ligustrum lucidum", "Morus alba", "Phoenix dactylifera", "Pyrus calleryana 'Chanticleer'", "Styphnolobium japonicum", "Tamarix ramosissima", "Tipuana tipu", "Ulmus RESISTA® 'Sapporo Autumn Gold'", "Washingtonia filifera", "Washingtonia filifera var. robusta" ], "district_name": "CIUTAT VELLA", "barri_name": "LA BARCELONETA", "dominant_myco_type": "AM", "am_pct": 90.76, "em_pct": 0.0, "nm_pct": 9.24, "am_blindness_flag": true, "trees_young_pct": 2.64, "cell_x0": 432400, "cell_y0": 4581200 }, "geometry": { "type": "Polygon", "coordinates": [ [ [ 432800.0, 4581200.0 ], [ 432800.0, 4581600.0 ], [ 432400.0, 4581600.0 ], [ 432400.0, 4581200.0 ], [ 432800.0, 4581200.0 ] ] ] } },
{ "type": "Feature", "properties": { "cell_id": "C029_019", "tree_count": 283, "species_list": [ "Brachychiton populneus", "Ceiba chodatii", "Ceiba speciosa", "Celtis australis", "Ficus microcarpa", "Grevillea robusta", "Morus alba 'Fruitless'", "Phoenix canariensis", "Phoenix dactylifera", "Pinus pinea", "Platanus × acerifolia", "Quercus ilex", "Tipuana tipu", "Ulmus pumila", "Washingtonia filifera", "Washingtonia sp" ], "district_name": "CIUTAT VELLA", "barri_name": "LA BARCELONETA", "dominant_myco_type": "AM", "am_pct": 83.39, "em_pct": 14.13, "nm_pct": 2.47, "am_blindness_flag": true, "trees_young_pct": 3.89, "cell_x0": 432400, "cell_y0": 4581600 }, "geometry": { "type": "Polygon", "coordinates": [ [ [ 432800.0, 4581600.0 ], [ 432800.0, 4582000.0 ], [ 432400.0, 4582000.0 ], [ 432400.0, 4581600.0 ], [ 432800.0, 4581600.0 ] ] ] } },
{ "type": "Feature", "properties": { "cell_id": "C029_020", "tree_count": 529, "species_list": [ "Albizia julibrissin", "Brachychiton populneus", "Celtis australis", "Cupressus sempervirens", "Cupressus sempervirens 'Stricta'", "Jacaranda mimosifolia", "Koelreuteria paniculata 'Fastigiata'", "Ligustrum lucidum", "Morus alba", "Phoenix canariensis", "Phoenix dactylifera", "Pinus halepensis", "Pinus pinea", "Pistacia atlantica", "Platanus × acerifolia", "Quercus ilex", "Schinus molle", "Styphnolobium japonicum", "Tipuana tipu", "Ulmus pumila", "Washingtonia filifera", "Washingtonia filifera var. robusta" ], "district_name": "SANT MARTÍ", "barri_name": "LA VILA OLÍMPICA DEL POBLENOU", "dominant_myco_type": "AM", "am_pct": 72.78, "em_pct": 14.74, "nm_pct": 12.48, "am_blindness_flag": false, "trees_young_pct": 2.27, "cell_x0": 432400, "cell_y0": 4582000 }, "geometry": { "type": "Polygon", "coordinates": [ [ [ 432800.0, 4582000.0 ], [ 432800.0, 4582400.0 ], [ 432400.0, 4582400.0 ], [ 432400.0, 4582000.0 ], [ 432800.0, 4582000.0 ] ] ] } },
{ "type": "Feature", "properties": { "cell_id": "C029_021", "tree_count": 603, "species_list": [ "Albizia julibrissin", "Catalpa bignonioides", "Cedrus atlantica", "Celtis australis", "Citrus × aurantium", "Cupressus sempervirens", "Gleditsia triacanthos 'skyline'", "Gleditsia triacanthos f. inermis", "Handroanthus heptaphyllus", "Jacaranda mimosifolia", "Magnolia grandiflora", "Magnolia grandiflora 'Gallisoniensis'", "Melia azedarach", "Morus alba 'Fruitless'", "Ostrya carpinifolia", "Phoenix canariensis", "Phoenix dactylifera", "Platanus × acerifolia", "Populus alba", "Populus nigra 'Italica'", "Prunus cerasifera 'Pissardii'", "Quercus ilex", "Styphnolobium japonicum 'Dot'", "Tipuana tipu", "Ulmus pumila", "Washingtonia filifera", "Washingtonia filifera var. robusta" ], "district_name": "SANT MARTÍ", "barri_name": "LA VILA OLÍMPICA DEL POBLENOU", "dominant_myco_type": "AM", "am_pct": 93.2, "em_pct": 0.5, "nm_pct": 6.3, "am_blindness_flag": true, "trees_young_pct": 3.81, "cell_x0": 432400, "cell_y0": 4582400 }, "geometry": { "type": "Polygon", "coordinates": [ [ [ 432800.0, 4582400.0 ], [ 432800.0, 4582800.0 ], [ 432400.0, 4582800.0 ], [ 432400.0, 4582400.0 ], [ 432800.0, 4582400.0 ] ] ] } },
{ "type": "Feature", "properties": { "cell_id": "C029_022", "tree_count": 448, "species_list": [ "Brachychiton acerifolius", "Celtis australis", "Firmiana simplex", "Gleditsia triacanthos", "Gleditsia triacanthos 'skyline'", "Gleditsia triacanthos 'sunburst'", "Gleditsia triacanthos f. inermis", "Jacaranda mimosifolia", "Koelreuteria paniculata 'Fastigiata'", "Lagerstroemia indica", "Laurus nobilis", "Platanus × acerifolia", "Populus nigra", "Populus nigra 'Italica'", "Prunus cerasifera 'Pissardii'", "Salix atrocinerea", "Styphnolobium japonicum", "Tilia tomentosa", "Tilia x europaea", "Tipuana tipu" ], "district_name": "SANT MARTÍ", "barri_name": "LA VILA OLÍMPICA DEL POBLENOU", "dominant_myco_type": "AM", "am_pct": 77.68, "em_pct": 9.82, "nm_pct": 12.5, "am_blindness_flag": false, "trees_young_pct": 2.23, "cell_x0": 432400, "cell_y0": 4582800 }, "geometry": { "type": "Polygon", "coordinates": [ [ [ 432800.0, 4582800.0 ], [ 432800.0, 4583200.0 ], [ 432400.0, 4583200.0 ], [ 432400.0, 4582800.0 ], [ 432800.0, 4582800.0 ] ] ] } },
{ "type": "Feature", "properties": { "cell_id": "C029_023", "tree_count": 335, "species_list": [ "Acer × freemanii AUTUMN BLAZE® 'Jeffersred'", "Brachychiton rupestris", "Celtis australis", "Erythrina caffra", "Ginkgo biloba", "Gleditsia triacanthos", "Gleditsia triacanthos 'skyline'", "Gleditsia triacanthos f. inermis", "Grevillea robusta", "Jacaranda mimosifolia", "Lagerstroemia indica", "Paulownia tomentosa", "Phytolacca dioica", "Platanus orientalis", "Platanus × acerifolia" ], "district_name": "SANT MARTÍ", "barri_name": "EL PARC I LA LLACUNA DEL POBLENOU", "dominant_myco_type": "AM", "am_pct": 92.84, "em_pct": 0.0, "nm_pct": 7.16, "am_blindness_flag": true, "trees_young_pct": 18.51, "cell_x0": 432400, "cell_y0": 4583200 }, "geometry": { "type": "Polygon", "coordinates": [ [ [ 432800.0, 4583200.0 ], [ 432800.0, 4583600.0 ], [ 432400.0, 4583600.0 ], [ 432400.0, 4583200.0 ], [ 432800.0, 4583200.0 ] ] ] } },
{ "type": "Feature", "properties": { "cell_id": "C029_024", "tree_count": 962, "species_list": [ "Acer campestre", "Acer monspessulanum", "Acer platanoides", "Acer platanoides 'Crimson King'", "Bauhinia purpurea", "Brachychiton acerifolius", "Celtis australis", "Cercis siliquastrum", "Erythrina caffra", "Erythrina crista-galli", "Ficus elastica", "Gleditsia triacanthos", "Gleditsia triacanthos 'sunburst'", "Gleditsia triacanthos f. inermis", "Grevillea robusta", "Jacaranda mimosifolia", "Koelreuteria paniculata", "Koelreuteria paniculata 'Fastigiata'", "Lagerstroemia indica", "Lagunaria patersonia", "Malus sylvestris", "Malus x zumi 'Golden Hornet'", "Phoenix dactylifera", "Phytolacca dioica", "Platanus × acerifolia", "Populus alba", "Populus alba 'Pyramidalis'", "Populus simonii", "Prunus avium", "Prunus cerasifera", "Prunus domestica", "Prunus persica", "Prunus subhirtella 'Autumnalis'", "Pyrus communis", "Quercus ilex", "Quercus suber", "Robinia × ambigua", "Syagrus romanzoffiana", "Tipuana tipu" ], "district_name": "SANT MARTÍ", "barri_name": "EL PARC I LA LLACUNA DEL POBLENOU", "dominant_myco_type": "AM", "am_pct": 55.41, "em_pct": 19.85, "nm_pct": 24.74, "am_blindness_flag": false, "trees_young_pct": 3.22, "cell_x0": 432400, "cell_y0": 4583600 }, "geometry": { "type": "Polygon", "coordinates": [ [ [ 432800.0, 4583600.0 ], [ 432800.0, 4584000.0 ], [ 432400.0, 4584000.0 ], [ 432400.0, 4583600.0 ], [ 432800.0, 4583600.0 ] ] ] } },
{ "type": "Feature", "properties": { "cell_id": "C029_025", "tree_count": 703, "species_list": [ "Acer monspessulanum", "Brachychiton acerifolius", "Catalpa bignonioides", "Celtis australis", "Firmiana simplex", "Fraxinus ornus 'Mecsek'", "Ginkgo biloba 'Fastigiata'", "Gleditsia triacanthos", "Gleditsia triacanthos f. inermis", "Grevillea robusta", "Lagunaria patersonia", "Ligustrum lucidum", "Livistona chinensis", "Magnolia grandiflora", "Melia azedarach", "Phoenix dactylifera", "Platanus × acerifolia", "Populus alba 'Pyramidalis'", "Populus nigra 'Italica'", "Populus simonii", "Prunus cerasifera 'Pissardii'", "Quercus robur 'Fastigiata'", "Syagrus romanzoffiana", "Tipuana tipu", "Washingtonia filifera", "Washingtonia filifera var. robusta" ], "district_name": "SANT MARTÍ", "barri_name": "PROVENÇALS DEL POBLENOU", "dominant_myco_type": "AM", "am_pct": 91.47, "em_pct": 0.0, "nm_pct": 8.53, "am_blindness_flag": true, "trees_young_pct": 10.24, "cell_x0": 432400, "cell_y0": 4584000 }, "geometry": { "type": "Polygon", "coordinates": [ [ [ 432800.0, 4584000.0 ], [ 432800.0, 4584400.0 ], [ 432400.0, 4584400.0 ], [ 432400.0, 4584000.0 ], [ 432800.0, 4584000.0 ] ] ] } },
{ "type": "Feature", "properties": { "cell_id": "C029_026", "tree_count": 796, "species_list": [ "Acer campestre", "Acer platanoides 'Columnare'", "Ailanthus altissima", "Bauhinia variegata", "Brachychiton acerifolius", "Casuarina cunninghamiana", "Celtis australis", "Cercis siliquastrum", "Citrus × aurantium", "Cupressus sempervirens", "Firmiana simplex", "Ginkgo biloba 'Fastigiata Blagon'", "Ginkgo biloba 'Fastigiata'", "Gleditsia triacanthos", "Gleditsia triacanthos f. inermis", "Grevillea robusta", "Jacaranda mimosifolia", "Koelreuteria paniculata", "Koelreuteria paniculata 'Fastigiata'", "Lagunaria patersonia", "Ligustrum lucidum", "Phoenix canariensis", "Phoenix dactylifera", "Platanus × acerifolia", "Populus alba", "Populus alba 'Pyramidalis'", "Populus nigra", "Populus nigra 'Italica'", "Populus simonii", "Populus x canadensis", "Prunus amygdalus", "Prunus cerasifera 'Pissardii'", "Pyrus calleryana 'Chanticleer'", "Quercus ilex", "Quercus robur", "Quercus rubra", "Robinia pseudoacacia", "Robinia pseudoacacia 'Bessoniana'", "Robinia pseudoacacia 'Pyramidalis'", "Styphnolobium japonicum", "Styphnolobium japonicum 'Columnare'", "Styphnolobium japonicum 'Pyramidalis'", "Tilia americana", "Tipuana tipu", "Ulmus pumila", "Washingtonia filifera", "Washingtonia filifera var. robusta" ], "district_name": "SANT MARTÍ", "barri_name": "EL CLOT", "dominant_myco_type": "AM", "am_pct": 80.03, "em_pct": 3.52, "nm_pct": 16.46, "am_blindness_flag": true, "trees_young_pct": 9.42, "cell_x0": 432400, "cell_y0": 4584400 }, "geometry": { "type": "Polygon", "coordinates": [ [ [ 432800.0, 4584400.0 ], [ 432800.0, 4584800.0 ], [ 432400.0, 4584800.0 ], [ 432400.0, 4584400.0 ], [ 432800.0, 4584400.0 ] ] ] } },
{ "type": "Feature", "properties": { "cell_id": "C029_027", "tree_count": 819, "species_list": [ "Aesculus hippocastanum", "Brachychiton acerifolius", "Brachychiton populneus", "Catalpa bignonioides", "Celtis australis", "Citrus × aurantium", "Cupressus sempervirens", "Fraxinus angustifolia", "Fraxinus excelsior", "Gleditsia triacanthos", "Gleditsia triacanthos f. inermis", "Grevillea robusta", "Jacaranda mimosifolia", "Koelreuteria paniculata 'Fastigiata'", "Liriodendron tulipifera", "Melia azedarach", "Olea europaea", "Parkinsonia aculeata", "Phoenix canariensis", "Phoenix dactylifera", "Phytolacca dioica", "Pinus halepensis", "Platanus orientalis", "Platanus × acerifolia", "Populus alba", "Populus alba 'Pyramidalis'", "Populus nigra", "Populus nigra 'Italica'", "Prunus serrulata", "Pyrus calleryana 'Chanticleer'", "Quercus ilex", "Quercus suber", "Robinia pseudoacacia", "Robinia pseudoacacia 'Bessoniana'", "Styphnolobium japonicum", "Styphnolobium japonicum 'Columnare'", "Styphnolobium japonicum 'Dot'", "Tilia x euchlora", "Tilia x europaea", "Tipuana tipu", "Washingtonia filifera", "Washingtonia filifera var. robusta" ], "district_name": "SANT MARTÍ", "barri_name": "EL CLOT", "dominant_myco_type": "AM", "am_pct": 79.49, "em_pct": 2.2, "nm_pct": 18.32, "am_blindness_flag": false, "trees_young_pct": 4.76, "cell_x0": 432400, "cell_y0": 4584800 }, "geometry": { "type": "Polygon", "coordinates": [ [ [ 432800.0, 4584800.0 ], [ 432800.0, 4585200.0 ], [ 432400.0, 4585200.0 ], [ 432400.0, 4584800.0 ], [ 432800.0, 4584800.0 ] ] ] } },
{ "type": "Feature", "properties": { "cell_id": "C029_028", "tree_count": 413, "species_list": [ "Brachychiton populneus", "Celtis australis", "Cercis siliquastrum", "Firmiana simplex", "Gleditsia triacanthos", "Grevillea robusta", "Koelreuteria paniculata", "Koelreuteria paniculata 'Fastigiata'", "Ligustrum lucidum", "Melia azedarach", "Olea europaea", "Phoenix dactylifera", "Platanus × acerifolia", "Populus nigra", "Quercus ilex", "Robinia pseudoacacia", "Robinia pseudoacacia 'Bessoniana'", "Robinia × margaretta 'Pink Cascade'", "Styphnolobium japonicum", "Tipuana tipu" ], "district_name": "SANT MARTÍ", "barri_name": "SANT MARTÍ DE PROVENÇALS", "dominant_myco_type": "AM", "am_pct": 91.04, "em_pct": 2.18, "nm_pct": 6.78, "am_blindness_flag": true, "trees_young_pct": 4.6, "cell_x0": 432400, "cell_y0": 4585200 }, "geometry": { "type": "Polygon", "coordinates": [ [ [ 432800.0, 4585200.0 ], [ 432800.0, 4585600.0 ], [ 432400.0, 4585600.0 ], [ 432400.0, 4585200.0 ], [ 432800.0, 4585200.0 ] ] ] } },
{ "type": "Feature", "properties": { "cell_id": "C029_029", "tree_count": 137, "species_list": [ "Albizia julibrissin", "Brachychiton populneus", "Celtis australis", "Cercis siliquastrum", "Cupressus sempervirens", "Ficus elastica", "Firmiana simplex", "Hibiscus syriacus", "Jacaranda mimosifolia", "Ligustrum lucidum", "Magnolia grandiflora", "Melia azedarach", "Pinus halepensis", "Platanus × acerifolia", "Podocarpus neriifolius", "Prunus cerasifera 'Pissardii'", "Quercus ilex", "Schinus molle", "Styphnolobium japonicum", "Tipuana tipu", "Washingtonia filifera", "Zelkova serrata GREEN VASE® 'Flekova'" ], "district_name": "SANT ANDREU", "barri_name": "LA SAGRERA", "dominant_myco_type": "AM", "am_pct": 85.4, "em_pct": 10.22, "nm_pct": 4.38, "am_blindness_flag": true, "trees_young_pct": 1.46, "cell_x0": 432400, "cell_y0": 4585600 }, "geometry": { "type": "Polygon", "coordinates": [ [ [ 432800.0, 4585600.0 ], [ 432800.0, 4586000.0 ], [ 432400.0, 4586000.0 ], [ 432400.0, 4585600.0 ], [ 432800.0, 4585600.0 ] ] ] } },
{ "type": "Feature", "properties": { "cell_id": "C029_030", "tree_count": 361, "species_list": [ "Albizia julibrissin", "Cercis siliquastrum", "Citrus × aurantium", "Fraxinus angustifolia", "Koelreuteria paniculata 'Fastigiata'", "Melia azedarach", "Quercus ilex", "Schinus molle", "Styphnolobium japonicum", "Tilia tomentosa", "Tipuana tipu", "Zelkova serrata GREEN VASE® 'Flekova'" ], "district_name": "SANT ANDREU", "barri_name": "LA SAGRERA", "dominant_myco_type": "AM", "am_pct": 90.58, "em_pct": 6.65, "nm_pct": 2.77, "am_blindness_flag": true, "trees_young_pct": 10.53, "cell_x0": 432400, "cell_y0": 4586000 }, "geometry": { "type": "Polygon", "coordinates": [ [ [ 432800.0, 4586000.0 ], [ 432800.0, 4586400.0 ], [ 432400.0, 4586400.0 ], [ 432400.0, 4586000.0 ], [ 432800.0, 4586000.0 ] ] ] } },
{ "type": "Feature", "properties": { "cell_id": "C029_031", "tree_count": 329, "species_list": [ "Acer buergerianum", "Brachychiton populneus", "Buxus sempervirens", "Catalpa bignonioides", "Celtis australis", "Cercis siliquastrum", "Cinnamomum camphora", "Citrus × aurantium", "Cupressus sempervirens", "Firmiana simplex", "Fraxinus angustifolia", "Fraxinus angustifolia 'Raywood'", "Fraxinus ornus", "Fraxinus ornus OBELISK® 'Paus Johannes-Paulus II'", "Grevillea robusta", "Hesperocyparis glabra", "Jacaranda mimosifolia", "Koelreuteria paniculata", "Koelreuteria paniculata 'Fastigiata'", "Ligustrum lucidum", "Magnolia grandiflora", "Melia azedarach", "Paulownia tomentosa", "Pinus pinea", "Platanus × acerifolia", "Populus nigra 'Italica'", "Prunus cerasifera 'Pissardii'", "Robinia pseudoacacia", "Styphnolobium japonicum", "Styphnolobium japonicum 'Columnare'", "Tipuana tipu" ], "district_name": "SANT ANDREU", "barri_name": "SANT ANDREU", "dominant_myco_type": "AM", "am_pct": 85.71, "em_pct": 5.17, "nm_pct": 9.12, "am_blindness_flag": true, "trees_young_pct": 6.69, "cell_x0": 432400, "cell_y0": 4586400 }, "geometry": { "type": "Polygon", "coordinates": [ [ [ 432800.0, 4586400.0 ], [ 432800.0, 4586800.0 ], [ 432400.0, 4586800.0 ], [ 432400.0, 4586400.0 ], [ 432800.0, 4586400.0 ] ] ] } },
{ "type": "Feature", "properties": { "cell_id": "C029_032", "tree_count": 590, "species_list": [ "Acer buergerianum", "Acer monspessulanum", "Albizia julibrissin", "Celtis australis", "Cercis siliquastrum", "Citrus × aurantium", "Crataegus x lavalleei 'Carrierei'", "Crataegus × sinaica", "Fraxinus angustifolia", "Grevillea robusta", "Hibiscus syriacus", "Jacaranda mimosifolia", "Koelreuteria paniculata", "Koelreuteria paniculata 'Fastigiata'", "Ligustrum lucidum", "Melia azedarach", "Photinia x fraseri 'Red Robin'", "Pinus pinea", "Platanus × acerifolia", "Prunus cerasifera 'Pissardii'", "Pyrus calleryana 'Chanticleer'", "Robinia pseudoacacia", "Tilia x euchlora", "Tilia x europaea", "Tipuana tipu", "Ulmus RESISTA® 'New Horizon'", "Ulmus pumila", "Washingtonia filifera" ], "district_name": "SANT ANDREU", "barri_name": "SANT ANDREU", "dominant_myco_type": "AM", "am_pct": 92.88, "em_pct": 0.17, "nm_pct": 6.95, "am_blindness_flag": true, "trees_young_pct": 4.41, "cell_x0": 432400, "cell_y0": 4586800 }, "geometry": { "type": "Polygon", "coordinates": [ [ [ 432800.0, 4586800.0 ], [ 432800.0, 4587200.0 ], [ 432400.0, 4587200.0 ], [ 432400.0, 4586800.0 ], [ 432800.0, 4586800.0 ] ] ] } },
{ "type": "Feature", "properties": { "cell_id": "C029_033", "tree_count": 585, "species_list": [ "Acacia retinodes", "Acacia saligna", "Acer buergerianum", "Acer monspessulanum", "Acer negundo", "Acer saccharinum", "Arbutus unedo", "Brachychiton acerifolius", "Broussonetia papyrifera", "Celtis australis", "Cercis siliquastrum", "Citrus × aurantium", "Cupressus sempervirens", "Erythrina caffra", "Erythrina crista-galli", "Eucalyptus camaldulensis", "Ficus carica", "Firmiana simplex", "Fraxinus angustifolia", "Fraxinus angustifolia 'Raywood'", "Fraxinus ornus 'Mecsek'", "Fraxinus ornus OBELISK® 'Paus Johannes-Paulus II'", "Ginkgo biloba", "Gleditsia triacanthos", "Grevillea robusta", "Handroanthus heptaphyllus", "Jacaranda mimosifolia", "Koelreuteria paniculata", "Koelreuteria paniculata 'Fastigiata'", "Ligustrum japonicum", "Ligustrum lucidum", "Magnolia grandiflora", "Melia azedarach", "Morus alba", "Olea europaea", "Parkinsonia aculeata", "Pinus halepensis", "Pinus pinea", "Platanus × acerifolia", "Platycladus orientalis", "Populus alba 'Pyramidalis'", "Populus nigra 'Italica'", "Prunus amygdalus", "Prunus cerasifera 'Pissardii'", "Prunus serrulata 'Kanzan'", "Pyrus calleryana 'Chanticleer'", "Quercus ilex", "Quercus robur", "Quercus suber", "Robinia pseudoacacia", "Styphnolobium japonicum", "Tamarix africana", "Taxodium distichum", "Tipuana tipu", "Ulmus pumila", "Washingtonia filifera var. robusta", "Zelkova serrata", "Zelkova serrata GREEN VASE® 'Flekova'" ], "district_name": "SANT ANDREU", "barri_name": "SANT ANDREU", "dominant_myco_type": "AM", "am_pct": 66.32, "em_pct": 17.26, "nm_pct": 16.41, "am_blindness_flag": false, "trees_young_pct": 16.24, "cell_x0": 432400, "cell_y0": 4587200 }, "geometry": { "type": "Polygon", "coordinates": [ [ [ 432800.0, 4587200.0 ], [ 432800.0, 4587600.0 ], [ 432400.0, 4587600.0 ], [ 432400.0, 4587200.0 ], [ 432800.0, 4587200.0 ] ] ] } },
{ "type": "Feature", "properties": { "cell_id": "C029_034", "tree_count": 724, "species_list": [ "Acacia dealbata", "Albizia julibrissin", "Brachychiton acerifolius", "Brachychiton populneus", "Casuarina cunninghamiana", "Celtis australis", "Ceratonia siliqua", "Cinnamomum camphora", "Citrus × aurantium", "Cupressus sempervirens", "Eugenia uniflora", "Ficus carica", "Fraxinus angustifolia", "Fraxinus excelsior", "Fraxinus ornus", "Gleditsia triacanthos 'sunburst'", "Gleditsia triacanthos f. inermis", "Grevillea robusta", "Handroanthus heptaphyllus", "Handroanthus impetiginosus", "Koelreuteria paniculata", "Ligustrum lucidum", "Magnolia grandiflora", "Magnolia kobus", "Melia azedarach", "Pinus halepensis", "Pinus pinea", "Platanus × acerifolia", "Populus nigra 'Italica'", "Prunus cerasifera 'Pissardii'", "Pterocarya fraxinifolia", "Pyrus calleryana 'Chanticleer'", "Quercus ilex", "Robinia pseudoacacia", "Styphnolobium japonicum", "Tipuana tipu", "Ulmus pumila", "Washingtonia filifera var. robusta", "Zelkova serrata" ], "district_name": "SANT ANDREU", "barri_name": "SANT ANDREU", "dominant_myco_type": "AM", "am_pct": 93.65, "em_pct": 2.21, "nm_pct": 4.14, "am_blindness_flag": true, "trees_young_pct": 26.52, "cell_x0": 432400, "cell_y0": 4587600 }, "geometry": { "type": "Polygon", "coordinates": [ [ [ 432800.0, 4587600.0 ], [ 432800.0, 4588000.0 ], [ 432400.0, 4588000.0 ], [ 432400.0, 4587600.0 ], [ 432800.0, 4587600.0 ] ] ] } },
{ "type": "Feature", "properties": { "cell_id": "C029_035", "tree_count": 614, "species_list": [ "Acer negundo", "Acer negundo 'Flamingo'", "Albizia julibrissin", "Bauhinia variegata", "Celtis australis", "Ceratonia siliqua", "Cercis siliquastrum 'Alba'", "Cinnamomum camphora", "Cupressus sempervirens", "Erythrina caffra", "Erythrina crista-galli", "Fraxinus angustifolia", "Fraxinus ornus", "Gleditsia triacanthos f. inermis", "Grevillea robusta", "Handroanthus impetiginosus", "Koelreuteria paniculata", "Koelreuteria paniculata 'Fastigiata'", "Ligustrum lucidum", "Magnolia kobus", "Melia azedarach", "Parrotia persica 'Vanessa'", "Phoenix canariensis", "Phytolacca dioica", "Platanus × acerifolia", "Populus nigra 'Italica'", "Prunus cerasifera 'Pissardii'", "Pterocarya fraxinifolia", "Pyrus calleryana 'Chanticleer'", "Quercus ilex", "Styphnolobium japonicum", "Tilia cordata", "Tilia platyphyllos", "Tilia tomentosa", "Tipuana tipu", "Ulmus pumila", "Washingtonia filifera", "Washingtonia filifera var. robusta", "X chitalpa tashkentensis 'minsum' SUMMER BELLS®", "Zelkova serrata" ], "district_name": "SANT ANDREU", "barri_name": "SANT ANDREU", "dominant_myco_type": "AM", "am_pct": 79.8, "em_pct": 6.03, "nm_pct": 14.17, "am_blindness_flag": false, "trees_young_pct": 33.88, "cell_x0": 432400, "cell_y0": 4588000 }, "geometry": { "type": "Polygon", "coordinates": [ [ [ 432800.0, 4588000.0 ], [ 432800.0, 4588400.0 ], [ 432400.0, 4588400.0 ], [ 432400.0, 4588000.0 ], [ 432800.0, 4588000.0 ] ] ] } },
{ "type": "Feature", "properties": { "cell_id": "C029_036", "tree_count": 454, "species_list": [ "Acacia retinodes", "Acer negundo", "Acer platanoides", "Brachychiton populneus", "Cedrus libani", "Gleditsia triacanthos f. inermis", "Grevillea robusta", "Koelreuteria paniculata 'Fastigiata'", "Melia azedarach", "Olea europaea", "Prunus cerasifera 'Pissardii'", "Pyrus calleryana 'Chanticleer'", "Styphnolobium japonicum", "Tipuana tipu", "Ulmus pumila", "Washingtonia filifera" ], "district_name": "SANT ANDREU", "barri_name": "SANT ANDREU", "dominant_myco_type": "AM", "am_pct": 87.22, "em_pct": 8.15, "nm_pct": 4.63, "am_blindness_flag": true, "trees_young_pct": 3.52, "cell_x0": 432400, "cell_y0": 4588400 }, "geometry": { "type": "Polygon", "coordinates": [ [ [ 432800.0, 4588400.0 ], [ 432800.0, 4588800.0 ], [ 432400.0, 4588800.0 ], [ 432400.0, 4588400.0 ], [ 432800.0, 4588400.0 ] ] ] } },
{ "type": "Feature", "properties": { "cell_id": "C029_037", "tree_count": 680, "species_list": [ "Acer buergerianum", "Acer campestre 'Pyramidale'", "Acer negundo", "Acer platanoides", "Acer saccharinum", "Acer × freemanii AUTUMN BLAZE® 'Jeffersred'", "Albizia julibrissin 'OMBRELLA'®", "Celtis australis", "Cercis siliquastrum", "Citrus × aurantium", "Cupressus sempervirens", "Cupressus sempervirens 'Stricta'", "Fraxinus angustifolia", "Grevillea robusta", "Hibiscus syriacus", "Jacaranda mimosifolia", "Koelreuteria paniculata 'Fastigiata'", "Liquidambar styraciflua", "Melia azedarach", "Olea europaea", "Platanus × acerifolia", "Populus alba", "Populus alba 'Pyramidalis'", "Populus nigra 'Italica'", "Prunus cerasifera", "Prunus cerasifera 'Pissardii'", "Pyrus calleryana 'Chanticleer'", "Quercus robur 'Fastigiata'", "Styphnolobium japonicum", "Tipuana tipu", "Ulmus pumila", "Washingtonia filifera" ], "district_name": "SANT ANDREU", "barri_name": "LA TRINITAT VELLA", "dominant_myco_type": "AM", "am_pct": 85.0, "em_pct": 4.85, "nm_pct": 10.15, "am_blindness_flag": true, "trees_young_pct": 11.76, "cell_x0": 432400, "cell_y0": 4588800 }, "geometry": { "type": "Polygon", "coordinates": [ [ [ 432800.0, 4588800.0 ], [ 432800.0, 4589200.0 ], [ 432400.0, 4589200.0 ], [ 432400.0, 4588800.0 ], [ 432800.0, 4588800.0 ] ] ] } },
{ "type": "Feature", "properties": { "cell_id": "C029_038", "tree_count": 803, "species_list": [ "Acer buergerianum", "Acer campestre 'Pyramidale'", "Acer negundo", "Acer saccharinum", "Albizia julibrissin", "Catalpa bignonioides", "Cercis siliquastrum", "Citrus × aurantium", "Crataegus x media 'Paul's Scarlet'", "Cupressus sempervirens", "Cupressus sempervirens 'Stricta'", "Firmiana simplex", "Fraxinus angustifolia", "Gleditsia triacanthos 'sunburst'", "Gleditsia triacanthos f. inermis", "Grevillea robusta", "Hibiscus syriacus", "Lagerstroemia indica", "Ligustrum lucidum", "Liquidambar styraciflua", "Magnolia grandiflora", "Melia azedarach", "Olea europaea", "Pinus halepensis", "Platanus orientalis 'cuneata'", "Platanus × acerifolia", "Populus alba 'Pyramidalis'", "Populus nigra", "Populus nigra 'Italica'", "Prunus avium", "Prunus cerasifera 'Pissardii'", "Pyrus calleryana 'Chanticleer'", "Robinia pseudoacacia", "Schinus molle", "Styphnolobium japonicum", "Tilia tomentosa", "Tipuana tipu", "Ulmus pumila", "Washingtonia filifera" ], "district_name": "SANT ANDREU", "barri_name": "LA TRINITAT VELLA", "dominant_myco_type": "AM", "am_pct": 82.32, "em_pct": 1.0, "nm_pct": 16.69, "am_blindness_flag": true, "trees_young_pct": 3.36, "cell_x0": 432400, "cell_y0": 4589200 }, "geometry": { "type": "Polygon", "coordinates": [ [ [ 432800.0, 4589200.0 ], [ 432800.0, 4589600.0 ], [ 432400.0, 4589600.0 ], [ 432400.0, 4589200.0 ], [ 432800.0, 4589200.0 ] ] ] } },
{ "type": "Feature", "properties": { "cell_id": "C029_039", "tree_count": 97, "species_list": [ "Cupressus sempervirens 'Stricta'", "Populus alba 'Pyramidalis'", "Schinus molle", "Ulmus pumila" ], "district_name": "SANT ANDREU", "barri_name": "LA TRINITAT VELLA", "dominant_myco_type": "NM", "am_pct": 1.03, "em_pct": 0.0, "nm_pct": 98.97, "am_blindness_flag": false, "trees_young_pct": 0.0, "cell_x0": 432400, "cell_y0": 4589600 }, "geometry": { "type": "Polygon", "coordinates": [ [ [ 432800.0, 4589600.0 ], [ 432800.0, 4590000.0 ], [ 432400.0, 4590000.0 ], [ 432400.0, 4589600.0 ], [ 432800.0, 4589600.0 ] ] ] } },
{ "type": "Feature", "properties": { "cell_id": "C030_019", "tree_count": 121, "species_list": [ "Casuarina cunninghamiana", "Morus alba", "Morus alba 'Fruitless'", "Phoenix canariensis", "Phoenix dactylifera", "Platanus × acerifolia", "Washingtonia filifera", "Washingtonia filifera var. robusta" ], "district_name": "CIUTAT VELLA", "barri_name": "LA BARCELONETA", "dominant_myco_type": "AM", "am_pct": 66.12, "em_pct": 0.0, "nm_pct": 33.88, "am_blindness_flag": false, "trees_young_pct": 14.05, "cell_x0": 432800, "cell_y0": 4581600 }, "geometry": { "type": "Polygon", "coordinates": [ [ [ 433200.0, 4581600.0 ], [ 433200.0, 4582000.0 ], [ 432800.0, 4582000.0 ], [ 432800.0, 4581600.0 ], [ 433200.0, 4581600.0 ] ] ] } },
{ "type": "Feature", "properties": { "cell_id": "C030_020", "tree_count": 385, "species_list": [ "Archontophoenix cunninghamiana", "Casuarina cunninghamiana", "Celtis australis", "Ceratonia siliqua", "Cercis siliquastrum", "Citrus × aurantium", "Jacaranda mimosifolia", "Koelreuteria paniculata 'Fastigiata'", "Livistona chinensis", "Magnolia grandiflora", "Morus alba", "Morus alba 'Fruitless'", "Morus kagayamae", "Phoenix canariensis", "Phoenix dactylifera", "Platanus × acerifolia", "Schinus molle", "Tamarix gallica", "Tamarix ramosissima", "Tipuana tipu", "Washingtonia filifera", "Washingtonia filifera var. robusta" ], "district_name": "SANT MARTÍ", "barri_name": "LA VILA OLÍMPICA DEL POBLENOU", "dominant_myco_type": "AM", "am_pct": 84.68, "em_pct": 0.0, "nm_pct": 15.32, "am_blindness_flag": true, "trees_young_pct": 3.38, "cell_x0": 432800, "cell_y0": 4582000 }, "geometry": { "type": "Polygon", "coordinates": [ [ [ 433200.0, 4582000.0 ], [ 433200.0, 4582400.0 ], [ 432800.0, 4582400.0 ], [ 432800.0, 4582000.0 ], [ 433200.0, 4582000.0 ] ] ] } },
{ "type": "Feature", "properties": { "cell_id": "C030_021", "tree_count": 535, "species_list": [ "Albizia julibrissin", "Brachychiton populneus", "Celtis australis", "Gleditsia triacanthos", "Jacaranda mimosifolia", "Koelreuteria paniculata 'Fastigiata'", "Magnolia grandiflora", "Morus alba 'Fruitless'", "Morus kagayamae", "Phoenix canariensis", "Phoenix dactylifera", "Pistacia atlantica", "Platanus × acerifolia", "Quercus ilex", "Schinus molle", "Syagrus romanzoffiana", "Tipuana tipu", "Ulmus pumila", "Washingtonia filifera", "Washingtonia filifera var. robusta" ], "district_name": "SANT MARTÍ", "barri_name": "LA VILA OLÍMPICA DEL POBLENOU", "dominant_myco_type": "AM", "am_pct": 81.87, "em_pct": 9.53, "nm_pct": 8.6, "am_blindness_flag": true, "trees_young_pct": 4.11, "cell_x0": 432800, "cell_y0": 4582400 }, "geometry": { "type": "Polygon", "coordinates": [ [ [ 433200.0, 4582400.0 ], [ 433200.0, 4582800.0 ], [ 432800.0, 4582800.0 ], [ 432800.0, 4582400.0 ], [ 433200.0, 4582400.0 ] ] ] } },
{ "type": "Feature", "properties": { "cell_id": "C030_022", "tree_count": 436, "species_list": [ "Albizia julibrissin", "Bauhinia purpurea", "Celtis australis", "Citrus × aurantium", "Gleditsia triacanthos", "Gleditsia triacanthos 'skyline'", "Gleditsia triacanthos 'sunburst'", "Gleditsia triacanthos f. inermis", "Grevillea robusta", "Indeterminat Arbre", "Jacaranda mimosifolia", "Koelreuteria paniculata 'Fastigiata'", "Lagerstroemia indica", "Melia azedarach", "Platanus × acerifolia", "Populus nigra 'Italica'", "Quercus ilex", "Tilia x europaea", "Tipuana tipu", "Washingtonia filifera var. robusta" ], "district_name": "SANT MARTÍ", "barri_name": "EL POBLENOU", "dominant_myco_type": "AM", "am_pct": 87.84, "em_pct": 2.98, "nm_pct": 9.17, "am_blindness_flag": true, "trees_young_pct": 1.83, "cell_x0": 432800, "cell_y0": 4582800 }, "geometry": { "type": "Polygon", "coordinates": [ [ [ 433200.0, 4582800.0 ], [ 433200.0, 4583200.0 ], [ 432800.0, 4583200.0 ], [ 432800.0, 4582800.0 ], [ 433200.0, 4582800.0 ] ] ] } },
{ "type": "Feature", "properties": { "cell_id": "C030_023", "tree_count": 380, "species_list": [ "Catalpa bignonioides 'Nana'", "Ceiba speciosa", "Celtis australis", "Crataegus x media 'Paul's Scarlet'", "Gleditsia triacanthos", "Gleditsia triacanthos 'skyline'", "Gleditsia triacanthos 'sunburst'", "Gleditsia triacanthos f. inermis", "Grevillea robusta", "Jacaranda mimosifolia", "Lagunaria patersonia", "Malus PERPETU® 'Evereste'", "Platanus × acerifolia", "Prunus amygdalus", "Prunus avium", "Robinia pseudoacacia" ], "district_name": "SANT MARTÍ", "barri_name": "EL POBLENOU", "dominant_myco_type": "AM", "am_pct": 91.32, "em_pct": 0.0, "nm_pct": 8.68, "am_blindness_flag": true, "trees_young_pct": 4.21, "cell_x0": 432800, "cell_y0": 4583200 }, "geometry": { "type": "Polygon", "coordinates": [ [ [ 433200.0, 4583200.0 ], [ 433200.0, 4583600.0 ], [ 432800.0, 4583600.0 ], [ 432800.0, 4583200.0 ], [ 433200.0, 4583200.0 ] ] ] } },
{ "type": "Feature", "properties": { "cell_id": "C030_024", "tree_count": 562, "species_list": [ "Acer campestre", "Acer × freemanii AUTUMN BLAZE® 'Jeffersred'", "Albizia julibrissin", "Brachychiton acerifolius", "Brachychiton populneus", "Celtis australis", "Cercis siliquastrum", "Citrus × aurantium", "Fraxinus ornus", "Gleditsia triacanthos", "Gleditsia triacanthos 'sunburst'", "Gleditsia triacanthos f. inermis", "Grevillea robusta", "Jacaranda mimosifolia", "Livistona chinensis", "Melia azedarach", "Phoenix canariensis", "Phoenix dactylifera", "Platanus orientalis", "Platanus × acerifolia", "Prunus cerasifera 'Pissardii'", "Pyrus calleryana 'Chanticleer'", "Tilia x euchlora", "Tipuana tipu", "Ulmus pumila", "Washingtonia filifera", "Washingtonia filifera var. robusta" ], "district_name": "SANT MARTÍ", "barri_name": "EL POBLENOU", "dominant_myco_type": "AM", "am_pct": 86.83, "em_pct": 0.0, "nm_pct": 13.17, "am_blindness_flag": true, "trees_young_pct": 3.56, "cell_x0": 432800, "cell_y0": 4583600 }, "geometry": { "type": "Polygon", "coordinates": [ [ [ 433200.0, 4583600.0 ], [ 433200.0, 4584000.0 ], [ 432800.0, 4584000.0 ], [ 432800.0, 4583600.0 ], [ 433200.0, 4583600.0 ] ] ] } },
{ "type": "Feature", "properties": { "cell_id": "C030_025", "tree_count": 455, "species_list": [ "Acer × freemanii AUTUMN BLAZE® 'Jeffersred'", "Albizia julibrissin", "Casuarina equisetifolia", "Celtis australis", "Cercis siliquastrum", "Fraxinus ornus", "Ginkgo biloba", "Gleditsia triacanthos", "Gleditsia triacanthos f. inermis", "Grevillea robusta", "Liquidambar styraciflua", "Livistona chinensis", "Melia azedarach", "Morus alba 'Fruitless'", "Phoenix dactylifera", "Platanus × acerifolia", "Prunus cerasifera 'Pissardii'", "Schinus molle", "Styphnolobium japonicum", "Tilia x euchlora", "Tilia x europaea", "Tipuana tipu", "Ulmus RESISTA® 'Sapporo Autumn Gold'", "Washingtonia filifera var. robusta" ], "district_name": "SANT MARTÍ", "barri_name": "PROVENÇALS DEL POBLENOU", "dominant_myco_type": "AM", "am_pct": 85.71, "em_pct": 0.0, "nm_pct": 14.29, "am_blindness_flag": true, "trees_young_pct": 5.71, "cell_x0": 432800, "cell_y0": 4584000 }, "geometry": { "type": "Polygon", "coordinates": [ [ [ 433200.0, 4584000.0 ], [ 433200.0, 4584400.0 ], [ 432800.0, 4584400.0 ], [ 432800.0, 4584000.0 ], [ 433200.0, 4584000.0 ] ] ] } },
{ "type": "Feature", "properties": { "cell_id": "C030_026", "tree_count": 424, "species_list": [ "Acer platanoides 'Columnare'", "Acer × freemanii AUTUMN BLAZE® 'Jeffersred'", "Brachychiton acerifolius", "Casuarina cunninghamiana", "Casuarina equisetifolia", "Celtis australis", "Erythrina crista-galli", "Firmiana simplex", "Ginkgo biloba", "Gleditsia triacanthos", "Gleditsia triacanthos 'sunburst'", "Gleditsia triacanthos f. inermis", "Grevillea robusta", "Jacaranda mimosifolia", "Koelreuteria paniculata", "Koelreuteria paniculata 'Fastigiata'", "Lagunaria patersonia", "Ligustrum lucidum", "Melia azedarach", "Pinus pinea", "Platanus × acerifolia", "Populus alba 'Pyramidalis'", "Populus nigra", "Populus nigra 'Italica'", "Populus x canescens", "Robinia pseudoacacia", "Robinia pseudoacacia 'Bessoniana'", "Robinia pseudoacacia 'Pyramidalis'", "Styphnolobium japonicum", "Ulmus pumila" ], "district_name": "SANT MARTÍ", "barri_name": "PROVENÇALS DEL POBLENOU", "dominant_myco_type": "AM", "am_pct": 72.88, "em_pct": 4.01, "nm_pct": 23.11, "am_blindness_flag": false, "trees_young_pct": 12.03, "cell_x0": 432800, "cell_y0": 4584400 }, "geometry": { "type": "Polygon", "coordinates": [ [ [ 433200.0, 4584400.0 ], [ 433200.0, 4584800.0 ], [ 432800.0, 4584800.0 ], [ 432800.0, 4584400.0 ], [ 433200.0, 4584400.0 ] ] ] } },
{ "type": "Feature", "properties": { "cell_id": "C030_027", "tree_count": 834, "species_list": [ "Acer negundo", "Bauhinia variegata", "Brachychiton populneus", "Casuarina cunninghamiana", "Catalpa bignonioides", "Celtis australis", "Citrus × aurantium", "Cupressus sempervirens", "Firmiana simplex", "Fraxinus excelsior", "Gleditsia triacanthos", "Gleditsia triacanthos f. inermis", "Grevillea robusta", "Hesperocyparis macrocarpa 'Compacta'", "Jacaranda mimosifolia", "Koelreuteria paniculata", "Koelreuteria paniculata 'Fastigiata'", "Lagunaria patersonia", "Laurus nobilis", "Ligustrum lucidum", "Melia azedarach", "Parkinsonia aculeata", "Parrotia persica 'Vanessa'", "Phoenix dactylifera", "Phytolacca dioica", "Pinus halepensis", "Pinus pinea", "Platanus × acerifolia", "Populus alba", "Populus alba 'Pyramidalis'", "Populus nigra", "Populus nigra 'Italica'", "Populus simonii", "Quercus ilex", "Robinia pseudoacacia 'Bessoniana'", "Robinia pseudoacacia 'Pyramidalis'", "Schinus molle", "Styphnolobium japonicum", "Tipuana tipu", "Ulmus pumila", "Washingtonia filifera var. robusta" ], "district_name": "SANT MARTÍ", "barri_name": "SANT MARTÍ DE PROVENÇALS", "dominant_myco_type": "AM", "am_pct": 84.41, "em_pct": 8.51, "nm_pct": 7.07, "am_blindness_flag": true, "trees_young_pct": 6.95, "cell_x0": 432800, "cell_y0": 4584800 }, "geometry": { "type": "Polygon", "coordinates": [ [ [ 433200.0, 4584800.0 ], [ 433200.0, 4585200.0 ], [ 432800.0, 4585200.0 ], [ 432800.0, 4584800.0 ], [ 433200.0, 4584800.0 ] ] ] } },
{ "type": "Feature", "properties": { "cell_id": "C030_028", "tree_count": 950, "species_list": [ "Acer negundo", "Ailanthus altissima", "Bauhinia variegata", "Brachychiton populneus", "Broussonetia papyrifera", "Celtis australis", "Cercis siliquastrum", "Citrus × aurantium", "Cupressus sempervirens", "Firmiana simplex", "Fraxinus angustifolia", "Fraxinus excelsior", "Gleditsia triacanthos", "Gleditsia triacanthos f. inermis", "Jacaranda mimosifolia", "Koelreuteria paniculata", "Koelreuteria paniculata 'Fastigiata'", "Ligustrum japonicum", "Ligustrum japonicum 'Texanum'", "Ligustrum lucidum", "Melia azedarach", "Olea europaea", "Phoenix canariensis", "Phytolacca dioica", "Pinus canariensis", "Pinus halepensis", "Pinus pinea", "Platanus orientalis", "Platanus × acerifolia", "Populus alba", "Quercus ilex", "Robinia pseudoacacia", "Styphnolobium japonicum", "Styphnolobium japonicum 'Columnare'", "Tipuana tipu", "Ulmus pumila", "Washingtonia filifera", "Washingtonia filifera var. robusta" ], "district_name": "SANT MARTÍ", "barri_name": "SANT MARTÍ DE PROVENÇALS", "dominant_myco_type": "AM", "am_pct": 85.58, "em_pct": 8.21, "nm_pct": 6.21, "am_blindness_flag": true, "trees_young_pct": 5.89, "cell_x0": 432800, "cell_y0": 4585200 }, "geometry": { "type": "Polygon", "coordinates": [ [ [ 433200.0, 4585200.0 ], [ 433200.0, 4585600.0 ], [ 432800.0, 4585600.0 ], [ 432800.0, 4585200.0 ], [ 433200.0, 4585200.0 ] ] ] } },
{ "type": "Feature", "properties": { "cell_id": "C030_029", "tree_count": 649, "species_list": [ "Acacia dealbata", "Acer negundo", "Brachychiton populneus", "Catalpa bignonioides", "Cedrus atlantica", "Celtis australis", "Cercis siliquastrum", "Citrus × aurantium", "Cupressus sempervirens", "Cydonia oblonga", "Diospyros kaki", "Ficus carica", "Firmiana simplex", "Gleditsia triacanthos", "Gleditsia triacanthos f. inermis", "Hibiscus syriacus", "Jacaranda mimosifolia", "Juniperus communis", "Koelreuteria paniculata 'Fastigiata'", "Ligustrum lucidum", "Melia azedarach", "Morus alba", "Olea europaea", "Phoenix canariensis", "Phoenix dactylifera", "Pinus canariensis", "Pinus halepensis", "Pinus nigra subsp. salzmannii", "Platanus × acerifolia", "Populus alba", "Prunus amygdalus", "Prunus armeniaca", "Prunus cerasifera 'Pissardii'", "Robinia pseudoacacia", "Robinia pseudoacacia 'Pyramidalis'", "Tipuana tipu", "Trachycarpus fortunei", "Ulmus RESISTA® 'New Horizon'", "Ulmus pumila", "Zelkova serrata GREEN VASE® 'Flekova'" ], "district_name": "SANT MARTÍ", "barri_name": "SANT MARTÍ DE PROVENÇALS", "dominant_myco_type": "AM", "am_pct": 77.81, "em_pct": 1.39, "nm_pct": 20.8, "am_blindness_flag": false, "trees_young_pct": 6.01, "cell_x0": 432800, "cell_y0": 4585600 }, "geometry": { "type": "Polygon", "coordinates": [ [ [ 433200.0, 4585600.0 ], [ 433200.0, 4586000.0 ], [ 432800.0, 4586000.0 ], [ 432800.0, 4585600.0 ], [ 433200.0, 4585600.0 ] ] ] } },
{ "type": "Feature", "properties": { "cell_id": "C030_030", "tree_count": 330, "species_list": [ "Catalpa bignonioides", "Celtis australis", "Firmiana simplex", "Gleditsia triacanthos f. inermis", "Hibiscus syriacus", "Jacaranda mimosifolia", "Ligustrum lucidum", "Melia azedarach", "Morus alba", "Olea europaea", "Phoenix dactylifera", "Pinus halepensis", "Pinus pinea", "Platanus × acerifolia", "Prunus cerasifera 'Pissardii'", "Pyrus calleryana 'Chanticleer'", "Robinia pseudoacacia", "Styphnolobium japonicum", "Syagrus romanzoffiana", "Tilia x euchlora", "Tipuana tipu" ], "district_name": "SANT MARTÍ", "barri_name": "LA VERNEDA I LA PAU", "dominant_myco_type": "AM", "am_pct": 86.67, "em_pct": 7.27, "nm_pct": 6.06, "am_blindness_flag": true, "trees_young_pct": 6.97, "cell_x0": 432800, "cell_y0": 4586000 }, "geometry": { "type": "Polygon", "coordinates": [ [ [ 433200.0, 4586000.0 ], [ 433200.0, 4586400.0 ], [ 432800.0, 4586400.0 ], [ 432800.0, 4586000.0 ], [ 433200.0, 4586000.0 ] ] ] } },
{ "type": "Feature", "properties": { "cell_id": "C030_031", "tree_count": 14, "species_list": [ "Platanus × acerifolia" ], "district_name": "SANT MARTÍ", "barri_name": "LA VERNEDA I LA PAU", "dominant_myco_type": "AM", "am_pct": 100.0, "em_pct": 0.0, "nm_pct": 0.0, "am_blindness_flag": true, "trees_young_pct": 0.0, "cell_x0": 432800, "cell_y0": 4586400 }, "geometry": { "type": "Polygon", "coordinates": [ [ [ 433200.0, 4586400.0 ], [ 433200.0, 4586800.0 ], [ 432800.0, 4586800.0 ], [ 432800.0, 4586400.0 ], [ 433200.0, 4586400.0 ] ] ] } },
{ "type": "Feature", "properties": { "cell_id": "C030_032", "tree_count": 17, "species_list": [ "Celtis australis", "Cercis siliquastrum", "Platanus × acerifolia" ], "district_name": "SANT ANDREU", "barri_name": "SANT ANDREU", "dominant_myco_type": "AM", "am_pct": 100.0, "em_pct": 0.0, "nm_pct": 0.0, "am_blindness_flag": true, "trees_young_pct": 0.0, "cell_x0": 432800, "cell_y0": 4586800 }, "geometry": { "type": "Polygon", "coordinates": [ [ [ 433200.0, 4586800.0 ], [ 433200.0, 4587200.0 ], [ 432800.0, 4587200.0 ], [ 432800.0, 4586800.0 ], [ 433200.0, 4586800.0 ] ] ] } },
{ "type": "Feature", "properties": { "cell_id": "C030_033", "tree_count": 261, "species_list": [ "Brachychiton populneus", "Celtis australis", "Cercis siliquastrum", "Cupressus sempervirens", "Gleditsia triacanthos", "Grevillea robusta", "Hesperocyparis glabra", "Ligustrum lucidum", "Melia azedarach", "Pinus pinea", "Platanus × acerifolia", "Platycladus orientalis", "Populus alba", "Prunus cerasifera 'Pissardii'", "Tipuana tipu", "Ulmus RESISTA® 'New Horizon'", "Ulmus pumila" ], "district_name": "SANT ANDREU", "barri_name": "EL BON PASTOR", "dominant_myco_type": "AM", "am_pct": 91.19, "em_pct": 2.3, "nm_pct": 6.51, "am_blindness_flag": true, "trees_young_pct": 0.0, "cell_x0": 432800, "cell_y0": 4587200 }, "geometry": { "type": "Polygon", "coordinates": [ [ [ 433200.0, 4587200.0 ], [ 433200.0, 4587600.0 ], [ 432800.0, 4587600.0 ], [ 432800.0, 4587200.0 ], [ 433200.0, 4587200.0 ] ] ] } },
{ "type": "Feature", "properties": { "cell_id": "C030_034", "tree_count": 484, "species_list": [ "Celtis australis", "Fraxinus angustifolia", "Fraxinus angustifolia 'Raywood'", "Gleditsia triacanthos", "Grevillea robusta", "Melia azedarach", "Platanus × acerifolia", "Populus alba", "Ulmus pumila" ], "district_name": "SANT ANDREU", "barri_name": "EL BON PASTOR", "dominant_myco_type": "AM", "am_pct": 92.56, "em_pct": 7.23, "nm_pct": 0.21, "am_blindness_flag": true, "trees_young_pct": 2.27, "cell_x0": 432800, "cell_y0": 4587600 }, "geometry": { "type": "Polygon", "coordinates": [ [ [ 433200.0, 4587600.0 ], [ 433200.0, 4588000.0 ], [ 432800.0, 4588000.0 ], [ 432800.0, 4587600.0 ], [ 433200.0, 4587600.0 ] ] ] } },
{ "type": "Feature", "properties": { "cell_id": "C030_035", "tree_count": 433, "species_list": [ "Celtis australis", "Fraxinus angustifolia", "Melia azedarach", "Platanus × acerifolia", "Populus alba", "Populus alba 'Pyramidalis'", "Robinia pseudoacacia", "Ulmus pumila" ], "district_name": "SANT ANDREU", "barri_name": "BARÓ DE VIVER", "dominant_myco_type": "AM", "am_pct": 98.61, "em_pct": 0.23, "nm_pct": 1.15, "am_blindness_flag": true, "trees_young_pct": 0.0, "cell_x0": 432800, "cell_y0": 4588000 }, "geometry": { "type": "Polygon", "coordinates": [ [ [ 433200.0, 4588000.0 ], [ 433200.0, 4588400.0 ], [ 432800.0, 4588400.0 ], [ 432800.0, 4588000.0 ], [ 433200.0, 4588000.0 ] ] ] } },
{ "type": "Feature", "properties": { "cell_id": "C030_036", "tree_count": 500, "species_list": [ "Acacia saligna", "Acer negundo", "Albizia julibrissin", "Bauhinia forficata subsp. pruinosa", "Bauhinia variegata", "Brachychiton acerifolius", "Brachychiton populneus", "Celtis australis", "Cercis siliquastrum", "Ficus microcarpa", "Fraxinus angustifolia", "Fraxinus excelsior", "Fraxinus ornus", "Grevillea robusta", "Jacaranda mimosifolia", "Melia azedarach", "Morus alba", "Olea europaea", "Paulownia tomentosa", "Phytolacca dioica", "Pinus pinea", "Platanus orientalis 'cuneata'", "Platanus × acerifolia", "Populus alba 'Pyramidalis'", "Populus nigra", "Prunus cerasifera 'Pissardii'", "Tipuana tipu", "Ulmus pumila", "Washingtonia filifera var. robusta" ], "district_name": "SANT ANDREU", "barri_name": "BARÓ DE VIVER", "dominant_myco_type": "AM", "am_pct": 89.8, "em_pct": 4.8, "nm_pct": 5.4, "am_blindness_flag": true, "trees_young_pct": 7.0, "cell_x0": 432800, "cell_y0": 4588400 }, "geometry": { "type": "Polygon", "coordinates": [ [ [ 433200.0, 4588400.0 ], [ 433200.0, 4588800.0 ], [ 432800.0, 4588800.0 ], [ 432800.0, 4588400.0 ], [ 433200.0, 4588400.0 ] ] ] } },
{ "type": "Feature", "properties": { "cell_id": "C030_037", "tree_count": 55, "species_list": [ "Celtis australis", "Citrus x limon", "Laurus nobilis", "Olea europaea", "Pinus pinea", "Platanus × acerifolia", "Prunus amygdalus", "Prunus domestica", "Prunus persica", "Tipuana tipu", "Ulmus pumila", "Ziziphus jujuba" ], "district_name": "SANT ANDREU", "barri_name": "LA TRINITAT VELLA", "dominant_myco_type": "AM", "am_pct": 70.91, "em_pct": 25.45, "nm_pct": 3.64, "am_blindness_flag": false, "trees_young_pct": 0.0, "cell_x0": 432800, "cell_y0": 4588800 }, "geometry": { "type": "Polygon", "coordinates": [ [ [ 433200.0, 4588800.0 ], [ 433200.0, 4589200.0 ], [ 432800.0, 4589200.0 ], [ 432800.0, 4588800.0 ], [ 433200.0, 4588800.0 ] ] ] } },
{ "type": "Feature", "properties": { "cell_id": "C031_021", "tree_count": 463, "species_list": [ "Brachychiton populneus", "Casuarina cunninghamiana", "Celtis australis", "Fraxinus angustifolia 'Raywood'", "Koelreuteria paniculata 'Fastigiata'", "Magnolia grandiflora", "Metrosideros excelsa", "Morus alba 'Fruitless'", "Morus kagayamae", "Phoenix canariensis", "Phoenix dactylifera", "Phytolacca dioica", "Pistacia atlantica", "Platanus × acerifolia", "Schinus molle", "Syagrus romanzoffiana", "Tamarix gallica", "Tipuana tipu", "Washingtonia filifera", "Washingtonia filifera var. robusta" ], "district_name": "SANT MARTÍ", "barri_name": "LA VILA OLÍMPICA DEL POBLENOU", "dominant_myco_type": "AM", "am_pct": 60.48, "em_pct": 0.0, "nm_pct": 39.52, "am_blindness_flag": false, "trees_young_pct": 5.83, "cell_x0": 433200, "cell_y0": 4582400 }, "geometry": { "type": "Polygon", "coordinates": [ [ [ 433600.0, 4582400.0 ], [ 433600.0, 4582800.0 ], [ 433200.0, 4582800.0 ], [ 433200.0, 4582400.0 ], [ 433600.0, 4582400.0 ] ] ] } },
{ "type": "Feature", "properties": { "cell_id": "C031_022", "tree_count": 320, "species_list": [ "Albizia julibrissin", "Broussonetia papyrifera", "Celtis australis", "Citrus × aurantium", "Cupressus sempervirens", "Ficus carica", "Fraxinus angustifolia 'Raywood'", "Ginkgo biloba 'Fastigiata Blagon'", "Gleditsia triacanthos", "Gleditsia triacanthos 'skyline'", "Gleditsia triacanthos 'sunburst'", "Gleditsia triacanthos f. inermis", "Koelreuteria paniculata 'Fastigiata'", "Lagunaria patersonia", "Melia azedarach", "Morus alba 'Fruitless'", "Morus kagayamae", "Phytolacca dioica", "Pinus pinea", "Pistacia chinensis", "Platanus × acerifolia", "Populus alba", "Populus alba 'Pyramidalis'", "Robinia pseudoacacia", "Schinus molle", "Tipuana tipu", "Ulmus RESISTA® 'New Horizon'", "Ulmus pumila", "Washingtonia filifera var. robusta", "Zelkova serrata" ], "district_name": "SANT MARTÍ", "barri_name": "EL POBLENOU", "dominant_myco_type": "AM", "am_pct": 76.25, "em_pct": 3.75, "nm_pct": 20.0, "am_blindness_flag": false, "trees_young_pct": 3.44, "cell_x0": 433200, "cell_y0": 4582800 }, "geometry": { "type": "Polygon", "coordinates": [ [ [ 433600.0, 4582800.0 ], [ 433600.0, 4583200.0 ], [ 433200.0, 4583200.0 ], [ 433200.0, 4582800.0 ], [ 433600.0, 4582800.0 ] ] ] } },
{ "type": "Feature", "properties": { "cell_id": "C031_023", "tree_count": 434, "species_list": [ "Acer campestre", "Acer saccharinum", "Acer × freemanii AUTUMN BLAZE® 'Jeffersred'", "Albizia julibrissin", "Brachychiton acerifolius", "Celtis australis", "Cercis siliquastrum", "Citrus × aurantium", "Gleditsia triacanthos", "Gleditsia triacanthos 'skyline'", "Gleditsia triacanthos 'sunburst'", "Gleditsia triacanthos f. inermis", "Grevillea robusta", "Jacaranda mimosifolia", "Koelreuteria paniculata 'Fastigiata'", "Malus PERPETU® 'Evereste'", "Melia azedarach", "Platanus × acerifolia", "Populus alba 'Pyramidalis'", "Prunus avium", "Pyrus calleryana 'Chanticleer'", "Tipuana tipu" ], "district_name": "SANT MARTÍ", "barri_name": "EL POBLENOU", "dominant_myco_type": "AM", "am_pct": 94.47, "em_pct": 0.0, "nm_pct": 5.53, "am_blindness_flag": true, "trees_young_pct": 8.29, "cell_x0": 433200, "cell_y0": 4583200 }, "geometry": { "type": "Polygon", "coordinates": [ [ [ 433600.0, 4583200.0 ], [ 433600.0, 4583600.0 ], [ 433200.0, 4583600.0 ], [ 433200.0, 4583200.0 ], [ 433600.0, 4583200.0 ] ] ] } },
{ "type": "Feature", "properties": { "cell_id": "C031_024", "tree_count": 578, "species_list": [ "Acer buergerianum", "Acer saccharinum", "Acer × freemanii AUTUMN BLAZE® 'Jeffersred'", "Albizia julibrissin", "Bauhinia variegata", "Brachychiton acerifolius", "Brachychiton discolor", "Brachychiton populneus", "Casuarina cunninghamiana", "Catalpa bignonioides", "Catalpa bignonioides 'Nana'", "Celtis australis", "Cercis siliquastrum", "Citrus × aurantium", "Cupressus sempervirens", "Firmiana simplex", "Gleditsia triacanthos", "Gleditsia triacanthos 'skyline'", "Gleditsia triacanthos 'sunburst'", "Gleditsia triacanthos f. inermis", "Grevillea robusta", "Jacaranda mimosifolia", "Pinus halepensis", "Platanus × acerifolia", "Populus nigra", "Populus nigra 'Italica'", "Pyrus calleryana 'Chanticleer'", "Robinia pseudoacacia", "Robinia pseudoacacia 'Umbraculifera'", "Schinus molle", "Styphnolobium japonicum", "Tipuana tipu", "Ulmus pumila", "Ulmus pumila 'Pinnatoramosa'" ], "district_name": "SANT MARTÍ", "barri_name": "EL POBLENOU", "dominant_myco_type": "AM", "am_pct": 83.91, "em_pct": 1.56, "nm_pct": 14.53, "am_blindness_flag": true, "trees_young_pct": 4.84, "cell_x0": 433200, "cell_y0": 4583600 }, "geometry": { "type": "Polygon", "coordinates": [ [ [ 433600.0, 4583600.0 ], [ 433600.0, 4584000.0 ], [ 433200.0, 4584000.0 ], [ 433200.0, 4583600.0 ], [ 433600.0, 4583600.0 ] ] ] } },
{ "type": "Feature", "properties": { "cell_id": "C031_025", "tree_count": 480, "species_list": [ "Acer saccharinum", "Aesculus hippocastanum", "Aesculus x carnea", "Celtis australis", "Cercis siliquastrum", "Ginkgo biloba", "Gleditsia triacanthos", "Gleditsia triacanthos 'skyline'", "Gleditsia triacanthos 'sunburst'", "Gleditsia triacanthos f. inermis", "Hibiscus syriacus", "Jacaranda mimosifolia", "Melia azedarach", "Morus alba", "Phoenix dactylifera", "Platanus × acerifolia", "Styphnolobium japonicum", "Tamarix ramosissima", "Tilia x europaea", "Tipuana tipu", "Washingtonia filifera" ], "district_name": "SANT MARTÍ", "barri_name": "EL POBLENOU", "dominant_myco_type": "AM", "am_pct": 90.62, "em_pct": 0.0, "nm_pct": 9.38, "am_blindness_flag": true, "trees_young_pct": 2.29, "cell_x0": 433200, "cell_y0": 4584000 }, "geometry": { "type": "Polygon", "coordinates": [ [ [ 433600.0, 4584000.0 ], [ 433600.0, 4584400.0 ], [ 433200.0, 4584400.0 ], [ 433200.0, 4584000.0 ], [ 433600.0, 4584000.0 ] ] ] } },
{ "type": "Feature", "properties": { "cell_id": "C031_026", "tree_count": 463, "species_list": [ "Acacia dealbata", "Acer campestre", "Bauhinia purpurea", "Brachychiton acerifolius", "Brachychiton discolor", "Brachychiton rupestris", "Casuarina cunninghamiana", "Ceiba speciosa", "Celtis australis", "Cercis siliquastrum", "Cupressus sempervirens", "Erythrina caffra", "Fraxinus angustifolia", "Fraxinus angustifolia 'Raywood'", "Ginkgo biloba", "Ginkgo biloba 'Fastigiata Blagon'", "Gleditsia triacanthos", "Gleditsia triacanthos 'skyline'", "Gleditsia triacanthos 'sunburst'", "Gleditsia triacanthos f. inermis", "Grevillea robusta", "Heptapleurum actinophyllum", "Jacaranda mimosifolia", "Koelreuteria paniculata", "Melia azedarach", "Phoenix canariensis", "Platanus × acerifolia", "Prunus cerasifera 'Pissardii'", "Pyrus calleryana 'Chanticleer'", "Quercus ilex", "Tamarix africana", "Tilia cordata", "Tilia tomentosa", "Tilia x euchlora", "Tipuana tipu", "Toona sinensis" ], "district_name": "SANT MARTÍ", "barri_name": "PROVENÇALS DEL POBLENOU", "dominant_myco_type": "AM", "am_pct": 64.15, "em_pct": 5.83, "nm_pct": 30.02, "am_blindness_flag": false, "trees_young_pct": 0.86, "cell_x0": 433200, "cell_y0": 4584400 }, "geometry": { "type": "Polygon", "coordinates": [ [ [ 433600.0, 4584400.0 ], [ 433600.0, 4584800.0 ], [ 433200.0, 4584800.0 ], [ 433200.0, 4584400.0 ], [ 433600.0, 4584400.0 ] ] ] } },
{ "type": "Feature", "properties": { "cell_id": "C031_027", "tree_count": 673, "species_list": [ "Acer campestre", "Albizia julibrissin", "Bauhinia variegata", "Brachychiton acerifolius", "Brachychiton populneus", "Casuarina cunninghamiana", "Catalpa bignonioides", "Celtis australis", "Ceratonia siliqua", "Cercis siliquastrum", "Fraxinus angustifolia", "Ginkgo biloba 'Fastigiata'", "Gleditsia triacanthos 'skyline'", "Grevillea robusta", "Jacaranda mimosifolia", "Koelreuteria paniculata", "Koelreuteria paniculata 'Fastigiata'", "Lagerstroemia indica", "Lagunaria patersonia", "Melia azedarach", "Morus alba", "Olea europaea", "Phoenix dactylifera", "Platanus × acerifolia", "Populus alba", "Populus alba 'Nivea'", "Populus alba 'Pyramidalis'", "Populus nigra", "Populus nigra 'Italica'", "Populus simonii", "Prunus amygdalus", "Prunus cerasifera 'Pissardii'", "Pyrus calleryana 'Chanticleer'", "Quercus ilex", "Robinia pseudoacacia 'Bessoniana'", "Robinia pseudoacacia 'Pyramidalis'", "Styphnolobium japonicum", "Styphnolobium japonicum 'Columnare'", "Tilia tomentosa", "Tipuana tipu", "Toona sinensis", "Zelkova serrata GREEN VASE® 'Flekova'" ], "district_name": "SANT MARTÍ", "barri_name": "PROVENÇALS DEL POBLENOU", "dominant_myco_type": "AM", "am_pct": 83.95, "em_pct": 6.24, "nm_pct": 9.81, "am_blindness_flag": true, "trees_young_pct": 5.35, "cell_x0": 433200, "cell_y0": 4584800 }, "geometry": { "type": "Polygon", "coordinates": [ [ [ 433600.0, 4584800.0 ], [ 433600.0, 4585200.0 ], [ 433200.0, 4585200.0 ], [ 433200.0, 4584800.0 ], [ 433600.0, 4584800.0 ] ] ] } },
{ "type": "Feature", "properties": { "cell_id": "C031_028", "tree_count": 727, "species_list": [ "Acer pseudoplatanus", "Brachychiton acerifolius", "Casuarina cunninghamiana", "Catalpa bignonioides", "Celtis australis", "Cercis siliquastrum", "Citrus × aurantium", "Firmiana simplex", "Fraxinus angustifolia", "Ginkgo biloba", "Gleditsia triacanthos", "Gleditsia triacanthos f. inermis", "Grevillea robusta", "Jacaranda mimosifolia", "Koelreuteria paniculata", "Koelreuteria paniculata 'Fastigiata'", "Lagunaria patersonia", "Laurus nobilis", "Melia azedarach", "Morus alba", "Photinia x fraseri 'Red Robin'", "Pinus pinea", "Platanus × acerifolia", "Populus alba", "Populus alba 'Pyramidalis'", "Populus nigra 'Italica'", "Prunus cerasifera 'Pissardii'", "Quercus robur 'Fastigiata'", "Robinia pseudoacacia", "Robinia pseudoacacia 'Bessoniana'", "Styphnolobium japonicum", "Styphnolobium japonicum 'Columnare'", "Tipuana tipu", "Ulmus americana", "Ulmus pumila" ], "district_name": "SANT MARTÍ", "barri_name": "SANT MARTÍ DE PROVENÇALS", "dominant_myco_type": "AM", "am_pct": 91.61, "em_pct": 2.06, "nm_pct": 6.33, "am_blindness_flag": true, "trees_young_pct": 6.19, "cell_x0": 433200, "cell_y0": 4585200 }, "geometry": { "type": "Polygon", "coordinates": [ [ [ 433600.0, 4585200.0 ], [ 433600.0, 4585600.0 ], [ 433200.0, 4585600.0 ], [ 433200.0, 4585200.0 ], [ 433600.0, 4585200.0 ] ] ] } },
{ "type": "Feature", "properties": { "cell_id": "C031_029", "tree_count": 1206, "species_list": [ "Acacia baileyana", "Brachychiton populneus", "Catalpa bignonioides", "Celtis australis", "Cercis siliquastrum", "Citrus × aurantium", "Eriobotrya japonica", "Firmiana simplex", "Fraxinus angustifolia", "Fraxinus ornus 'Mecsek'", "Gleditsia triacanthos f. inermis", "Jacaranda mimosifolia", "Koelreuteria paniculata", "Koelreuteria paniculata 'Fastigiata'", "Ligustrum lucidum", "Liquidambar styraciflua", "Melia azedarach", "Olea europaea", "Paulownia tomentosa", "Phoenix canariensis", "Phoenix dactylifera", "Pinus halepensis", "Pinus pinea", "Platanus × acerifolia", "Populus nigra", "Pyrus calleryana 'Chanticleer'", "Robinia pseudoacacia", "Robinia pseudoacacia 'Bessoniana'", "Styphnolobium japonicum", "Styphnolobium japonicum 'Dot'", "Tilia americana", "Tilia x euchlora", "Tipuana tipu", "Ulmus RESISTA® 'New Horizon'", "Ulmus pumila", "Washingtonia filifera", "Washingtonia filifera var. robusta" ], "district_name": "SANT MARTÍ", "barri_name": "LA VERNEDA I LA PAU", "dominant_myco_type": "AM", "am_pct": 86.48, "em_pct": 7.21, "nm_pct": 6.3, "am_blindness_flag": true, "trees_young_pct": 4.48, "cell_x0": 433200, "cell_y0": 4585600 }, "geometry": { "type": "Polygon", "coordinates": [ [ [ 433600.0, 4585600.0 ], [ 433600.0, 4586000.0 ], [ 433200.0, 4586000.0 ], [ 433200.0, 4585600.0 ], [ 433600.0, 4585600.0 ] ] ] } },
{ "type": "Feature", "properties": { "cell_id": "C031_030", "tree_count": 857, "species_list": [ "Acer platanoides 'Crimson King'", "Acer × freemanii AUTUMN BLAZE® 'Jeffersred'", "Brachychiton populneus", "Celtis australis", "Cercis siliquastrum", "Cercis siliquastrum 'Alba'", "Citrus × aurantium", "Corylus colurna", "Cupressus sempervirens", "Firmiana simplex", "Fraxinus ornus OBELISK® 'Paus Johannes-Paulus II'", "Ginkgo biloba 'Fastigiata Blagon'", "Hesperocyparis arizonica", "Hibiscus syriacus", "Koelreuteria paniculata", "Ligustrum lucidum", "Melia azedarach", "Myrtus communis", "Olea europaea", "Parrotia persica 'Vanessa'", "Phoenix canariensis", "Phoenix dactylifera", "Pinus halepensis", "Pinus pinea", "Platanus × acerifolia", "Populus alba", "Populus x canadensis", "Prunus cerasifera 'Pissardii'", "Quercus ilex", "Robinia pseudoacacia", "Robinia pseudoacacia 'Bessoniana'", "Styphnolobium japonicum", "Syagrus romanzoffiana", "Tilia x euchlora", "Tipuana tipu", "Ulmus pumila", "Washingtonia filifera", "Washingtonia filifera var. robusta" ], "district_name": "SANT MARTÍ", "barri_name": "LA VERNEDA I LA PAU", "dominant_myco_type": "AM", "am_pct": 90.55, "em_pct": 1.17, "nm_pct": 8.28, "am_blindness_flag": true, "trees_young_pct": 7.12, "cell_x0": 433200, "cell_y0": 4586000 }, "geometry": { "type": "Polygon", "coordinates": [ [ [ 433600.0, 4586000.0 ], [ 433600.0, 4586400.0 ], [ 433200.0, 4586400.0 ], [ 433200.0, 4586000.0 ], [ 433600.0, 4586000.0 ] ] ] } },
{ "type": "Feature", "properties": { "cell_id": "C031_031", "tree_count": 276, "species_list": [ "Acer campestre", "Celtis australis", "Celtis sinensis", "Cercis siliquastrum", "Gleditsia triacanthos f. inermis", "Grevillea robusta", "Handroanthus heptaphyllus", "Jacaranda mimosifolia", "Leucaena leucocephala", "Magnolia grandiflora", "Platanus × acerifolia", "Populus alba 'Pyramidalis'", "Quercus ilex", "Robinia pseudoacacia", "Robinia pseudoacacia 'Bessoniana'", "Schinus molle", "Styphnolobium japonicum", "Tilia americana", "Tilia tomentosa", "Tilia x europaea", "Tipuana tipu", "Ulmus pumila", "Zelkova serrata GREEN VASE® 'Flekova'" ], "district_name": "SANT MARTÍ", "barri_name": "LA VERNEDA I LA PAU", "dominant_myco_type": "AM", "am_pct": 77.54, "em_pct": 3.99, "nm_pct": 18.48, "am_blindness_flag": false, "trees_young_pct": 25.72, "cell_x0": 433200, "cell_y0": 4586400 }, "geometry": { "type": "Polygon", "coordinates": [ [ [ 433600.0, 4586400.0 ], [ 433600.0, 4586800.0 ], [ 433200.0, 4586800.0 ], [ 433200.0, 4586400.0 ], [ 433600.0, 4586400.0 ] ] ] } },
{ "type": "Feature", "properties": { "cell_id": "C031_032", "tree_count": 158, "species_list": [ "Brachychiton acerifolius", "Brachychiton populneus", "Celtis australis", "Gleditsia triacanthos f. inermis", "Paulownia tomentosa", "Platanus × acerifolia", "Pyrus calleryana 'Chanticleer'", "Zelkova serrata GREEN VASE® 'Flekova'" ], "district_name": "SANT ANDREU", "barri_name": "EL BON PASTOR", "dominant_myco_type": "AM", "am_pct": 84.18, "em_pct": 0.0, "nm_pct": 15.82, "am_blindness_flag": true, "trees_young_pct": 21.52, "cell_x0": 433200, "cell_y0": 4586800 }, "geometry": { "type": "Polygon", "coordinates": [ [ [ 433600.0, 4586800.0 ], [ 433600.0, 4587200.0 ], [ 433200.0, 4587200.0 ], [ 433200.0, 4586800.0 ], [ 433600.0, 4586800.0 ] ] ] } },
{ "type": "Feature", "properties": { "cell_id": "C031_033", "tree_count": 682, "species_list": [ "Acer monspessulanum", "Albizia julibrissin", "Brachychiton acerifolius", "Brachychiton populneus", "Celtis australis", "Celtis sinensis", "Cercis siliquastrum", "Ficus microcarpa", "Firmiana simplex", "Fraxinus angustifolia", "Fraxinus angustifolia 'Raywood'", "Fraxinus ornus OBELISK® 'Paus Johannes-Paulus II'", "Gleditsia triacanthos f. inermis", "Grevillea robusta", "Jacaranda mimosifolia", "Ligustrum japonicum", "Ligustrum japonicum 'Texanum'", "Ligustrum lucidum", "Melia azedarach", "Morus alba", "Olea europaea", "Photinia x fraseri 'Red Robin'", "Pinus pinea", "Platanus orientalis", "Platanus × acerifolia", "Prunus cerasifera 'Pissardii'", "Prunus serrulata 'Kanzan'", "Pyrus calleryana 'Chanticleer'", "Robinia pseudoacacia", "Robinia pseudoacacia 'Pyramidalis'", "Styphnolobium japonicum", "Tilia x europaea", "Tipuana tipu", "Ulmus pumila" ], "district_name": "SANT ANDREU", "barri_name": "EL BON PASTOR", "dominant_myco_type": "AM", "am_pct": 78.59, "em_pct": 2.2, "nm_pct": 19.21, "am_blindness_flag": false, "trees_young_pct": 3.67, "cell_x0": 433200, "cell_y0": 4587200 }, "geometry": { "type": "Polygon", "coordinates": [ [ [ 433600.0, 4587200.0 ], [ 433600.0, 4587600.0 ], [ 433200.0, 4587600.0 ], [ 433200.0, 4587200.0 ], [ 433600.0, 4587200.0 ] ] ] } },
{ "type": "Feature", "properties": { "cell_id": "C031_034", "tree_count": 602, "species_list": [ "Acer campestre", "Acer negundo", "Albizia julibrissin", "Bauhinia variegata", "Ceiba speciosa", "Cercis siliquastrum", "Cupressus sempervirens", "Eugenia uniflora", "Ficus drupacea", "Fraxinus angustifolia", "Fraxinus angustifolia 'Raywood'", "Fraxinus excelsior", "Jacaranda mimosifolia", "Koelreuteria paniculata 'Fastigiata'", "Ligustrum japonicum", "Ligustrum lucidum", "Melia azedarach", "Olea europaea", "Pinus pinea", "Platanus × acerifolia", "Populus nigra 'Italica'", "Prunus cerasifera 'Pissardii'", "Robinia pseudoacacia", "Styphnolobium japonicum", "Tilia cordata", "Ulmus pumila", "Washingtonia filifera" ], "district_name": "SANT ANDREU", "barri_name": "EL BON PASTOR", "dominant_myco_type": "AM", "am_pct": 87.38, "em_pct": 5.32, "nm_pct": 7.31, "am_blindness_flag": true, "trees_young_pct": 3.65, "cell_x0": 433200, "cell_y0": 4587600 }, "geometry": { "type": "Polygon", "coordinates": [ [ [ 433600.0, 4587600.0 ], [ 433600.0, 4588000.0 ], [ 433200.0, 4588000.0 ], [ 433200.0, 4587600.0 ], [ 433600.0, 4587600.0 ] ] ] } },
{ "type": "Feature", "properties": { "cell_id": "C031_035", "tree_count": 133, "species_list": [ "Brachychiton populneus", "Celtis australis", "Citrus × aurantium", "Melia azedarach", "Platanus × acerifolia", "Prunus cerasifera 'Pissardii'" ], "district_name": "SANT ANDREU", "barri_name": "EL BON PASTOR", "dominant_myco_type": "AM", "am_pct": 100.0, "em_pct": 0.0, "nm_pct": 0.0, "am_blindness_flag": true, "trees_young_pct": 3.01, "cell_x0": 433200, "cell_y0": 4588000 }, "geometry": { "type": "Polygon", "coordinates": [ [ [ 433600.0, 4588000.0 ], [ 433600.0, 4588400.0 ], [ 433200.0, 4588400.0 ], [ 433200.0, 4588000.0 ], [ 433600.0, 4588000.0 ] ] ] } },
{ "type": "Feature", "properties": { "cell_id": "C031_036", "tree_count": 349, "species_list": [ "Acer saccharinum", "Albizia julibrissin", "Brachychiton acerifolius", "Brachychiton populneus", "Casuarina cunninghamiana", "Celtis australis", "Celtis occidentalis", "Erythrina crista-galli", "Fraxinus angustifolia", "Fraxinus angustifolia 'Raywood'", "Fraxinus excelsior", "Grevillea robusta", "Koelreuteria paniculata", "Melia azedarach", "Phytolacca dioica", "Platanus × acerifolia", "Populus nigra 'Italica'", "Prunus avium", "Pyrus calleryana 'Chanticleer'", "Quercus ilex", "Styphnolobium japonicum", "Tipuana tipu", "Ulmus pumila" ], "district_name": "SANT ANDREU", "barri_name": "BARÓ DE VIVER", "dominant_myco_type": "AM", "am_pct": 93.98, "em_pct": 2.01, "nm_pct": 4.01, "am_blindness_flag": true, "trees_young_pct": 4.3, "cell_x0": 433200, "cell_y0": 4588400 }, "geometry": { "type": "Polygon", "coordinates": [ [ [ 433600.0, 4588400.0 ], [ 433600.0, 4588800.0 ], [ 433200.0, 4588800.0 ], [ 433200.0, 4588400.0 ], [ 433600.0, 4588400.0 ] ] ] } },
{ "type": "Feature", "properties": { "cell_id": "C031_037", "tree_count": 45, "species_list": [ "Albizia julibrissin", "Brachychiton populneus", "Casuarina cunninghamiana", "Celtis australis", "Morus alba", "Pinus pinea", "Platanus × acerifolia", "Tipuana tipu", "Ulmus pumila" ], "district_name": "SANT ANDREU", "barri_name": "BARÓ DE VIVER", "dominant_myco_type": "AM", "am_pct": 86.67, "em_pct": 13.33, "nm_pct": 0.0, "am_blindness_flag": true, "trees_young_pct": 2.22, "cell_x0": 433200, "cell_y0": 4588800 }, "geometry": { "type": "Polygon", "coordinates": [ [ [ 433600.0, 4588800.0 ], [ 433600.0, 4589200.0 ], [ 433200.0, 4589200.0 ], [ 433200.0, 4588800.0 ], [ 433600.0, 4588800.0 ] ] ] } },
{ "type": "Feature", "properties": { "cell_id": "C032_022", "tree_count": 195, "species_list": [ "Acer negundo", "Brachychiton populneus", "Celtis australis", "Cupressus sempervirens", "Grevillea robusta", "Lagunaria patersonia", "Melia azedarach", "Morus alba 'Fruitless'", "Morus kagayamae", "Phoenix dactylifera", "Phytolacca dioica", "Pinus pinea", "Platanus × acerifolia", "Tamarix ramosissima", "Washingtonia filifera", "Washingtonia filifera var. robusta" ], "district_name": "SANT MARTÍ", "barri_name": "EL POBLENOU", "dominant_myco_type": "NM", "am_pct": 34.36, "em_pct": 5.64, "nm_pct": 60.0, "am_blindness_flag": false, "trees_young_pct": 6.67, "cell_x0": 433600, "cell_y0": 4582800 }, "geometry": { "type": "Polygon", "coordinates": [ [ [ 434000.0, 4582800.0 ], [ 434000.0, 4583200.0 ], [ 433600.0, 4583200.0 ], [ 433600.0, 4582800.0 ], [ 434000.0, 4582800.0 ] ] ] } },
{ "type": "Feature", "properties": { "cell_id": "C032_023", "tree_count": 609, "species_list": [ "Albizia julibrissin", "Brachychiton populneus", "Celtis australis", "Citrus × aurantium", "Cupressus sempervirens", "Ficus rubiginosa f. glabrescens", "Gleditsia triacanthos", "Gleditsia triacanthos f. inermis", "Grevillea robusta", "Jacaranda mimosifolia", "Koelreuteria paniculata", "Koelreuteria paniculata 'Fastigiata'", "Lagunaria patersonia", "Melia azedarach", "Nerium oleander", "Phoenix dactylifera", "Photinia x fraseri 'Red Robin'", "Phytolacca dioica", "Pinus halepensis", "Pinus pinea", "Platanus × acerifolia", "Populus alba", "Populus nigra 'Italica'", "Populus x canadensis", "Prunus cerasifera 'Pissardii'", "Pyrus calleryana 'Chanticleer'", "Robinia pseudoacacia 'Bessoniana'", "Robinia pseudoacacia 'Frisia'", "Schinus molle", "Styphnolobium japonicum", "Styphnolobium japonicum 'Dot'", "Syagrus romanzoffiana", "Tipuana tipu", "Washingtonia filifera", "Washingtonia filifera var. robusta", "X chitalpa tashkentensis 'minsum' SUMMER BELLS®" ], "district_name": "SANT MARTÍ", "barri_name": "EL POBLENOU", "dominant_myco_type": "AM", "am_pct": 74.06, "em_pct": 8.05, "nm_pct": 17.9, "am_blindness_flag": false, "trees_young_pct": 7.72, "cell_x0": 433600, "cell_y0": 4583200 }, "geometry": { "type": "Polygon", "coordinates": [ [ [ 434000.0, 4583200.0 ], [ 434000.0, 4583600.0 ], [ 433600.0, 4583600.0 ], [ 433600.0, 4583200.0 ], [ 434000.0, 4583200.0 ] ] ] } },
{ "type": "Feature", "properties": { "cell_id": "C032_024", "tree_count": 707, "species_list": [ "Albizia julibrissin", "Brachychiton populneus", "Celtis australis", "Celtis sinensis", "Ceratonia siliqua", "Cercis siliquastrum", "Erythrina crista-galli", "Fraxinus excelsior", "Ginkgo biloba", "Ginkgo biloba 'Fastigiata'", "Gleditsia triacanthos", "Gleditsia triacanthos 'skyline'", "Gleditsia triacanthos 'sunburst'", "Gleditsia triacanthos f. inermis", "Grevillea robusta", "Handroanthus heptaphyllus", "Jacaranda mimosifolia", "Koelreuteria paniculata", "Koelreuteria paniculata 'Fastigiata'", "Lagunaria patersonia", "Phoenix dactylifera", "Pinus pinea", "Pistacia chinensis", "Platanus × acerifolia", "Populus alba 'Pyramidalis'", "Populus nigra 'Italica'", "Populus x canadensis", "Prunus cerasifera 'Pissardii'", "Pyrus calleryana 'Chanticleer'", "Quercus ilex", "Robinia pseudoacacia", "Robinia × margaretta 'Pink Cascade'", "Schinus molle", "Styphnolobium japonicum", "Tilia x europaea", "Tipuana tipu", "Ulmus pumila", "Washingtonia filifera", "Washingtonia filifera var. robusta", "Zelkova serrata" ], "district_name": "SANT MARTÍ", "barri_name": "EL POBLENOU", "dominant_myco_type": "AM", "am_pct": 82.6, "em_pct": 2.26, "nm_pct": 15.13, "am_blindness_flag": true, "trees_young_pct": 6.51, "cell_x0": 433600, "cell_y0": 4583600 }, "geometry": { "type": "Polygon", "coordinates": [ [ [ 434000.0, 4583600.0 ], [ 434000.0, 4584000.0 ], [ 433600.0, 4584000.0 ], [ 433600.0, 4583600.0 ], [ 434000.0, 4583600.0 ] ] ] } },
{ "type": "Feature", "properties": { "cell_id": "C032_025", "tree_count": 569, "species_list": [ "Bauhinia variegata", "Callistemon viminalis", "Celtis australis", "Celtis sinensis", "Ginkgo biloba 'Fastigiata'", "Gleditsia triacanthos", "Gleditsia triacanthos 'skyline'", "Gleditsia triacanthos 'sunburst'", "Gleditsia triacanthos f. inermis", "Paulownia tomentosa", "Phoenix dactylifera", "Platanus orientalis", "Platanus × acerifolia", "Populus nigra", "Prunus cerasifera 'Pissardii'", "Quercus robur", "Robinia pseudoacacia", "Styphnolobium japonicum", "Tipuana tipu", "Washingtonia filifera", "Washingtonia filifera var. robusta" ], "district_name": "SANT MARTÍ", "barri_name": "DIAGONAL MAR I EL FRONT MARÍTIM DEL POBLENOU", "dominant_myco_type": "AM", "am_pct": 91.04, "em_pct": 0.7, "nm_pct": 8.26, "am_blindness_flag": true, "trees_young_pct": 2.28, "cell_x0": 433600, "cell_y0": 4584000 }, "geometry": { "type": "Polygon", "coordinates": [ [ [ 434000.0, 4584000.0 ], [ 434000.0, 4584400.0 ], [ 433600.0, 4584400.0 ], [ 433600.0, 4584000.0 ], [ 434000.0, 4584000.0 ] ] ] } },
{ "type": "Feature", "properties": { "cell_id": "C032_026", "tree_count": 566, "species_list": [ "Acer negundo", "Brachychiton discolor", "Casuarina equisetifolia", "Celtis australis", "Fraxinus angustifolia 'Raywood'", "Gleditsia triacanthos", "Gleditsia triacanthos 'skyline'", "Gleditsia triacanthos f. inermis", "Grevillea robusta", "Jacaranda mimosifolia", "Magnolia grandiflora 'Gallisoniensis'", "Melia azedarach", "Paulownia tomentosa", "Phoenix dactylifera", "Pinus pinea", "Platanus × acerifolia", "Quercus ilex", "Robinia pseudoacacia", "Schinus molle", "Styphnolobium japonicum", "Tipuana tipu", "Washingtonia filifera" ], "district_name": "SANT MARTÍ", "barri_name": "PROVENÇALS DEL POBLENOU", "dominant_myco_type": "AM", "am_pct": 93.29, "em_pct": 2.12, "nm_pct": 4.59, "am_blindness_flag": true, "trees_young_pct": 1.77, "cell_x0": 433600, "cell_y0": 4584400 }, "geometry": { "type": "Polygon", "coordinates": [ [ [ 434000.0, 4584400.0 ], [ 434000.0, 4584800.0 ], [ 433600.0, 4584800.0 ], [ 433600.0, 4584400.0 ], [ 434000.0, 4584400.0 ] ] ] } },
{ "type": "Feature", "properties": { "cell_id": "C032_027", "tree_count": 514, "species_list": [ "Bauhinia purpurea", "Casuarina cunninghamiana", "Celtis australis", "Cercis siliquastrum", "Citrus × aurantium", "Fraxinus angustifolia", "Ginkgo biloba", "Ginkgo biloba 'Fastigiata'", "Gleditsia triacanthos", "Gleditsia triacanthos 'skyline'", "Gleditsia triacanthos 'sunburst'", "Gleditsia triacanthos f. inermis", "Grevillea robusta", "Jacaranda mimosifolia", "Koelreuteria paniculata 'Fastigiata'", "Lagerstroemia indica", "Lagunaria patersonia", "Platanus × acerifolia", "Pyrus calleryana 'Chanticleer'", "Quercus ilex", "Styphnolobium japonicum", "Tabebuia roseoalba", "Tilia tomentosa" ], "district_name": "SANT MARTÍ", "barri_name": "PROVENÇALS DEL POBLENOU", "dominant_myco_type": "AM", "am_pct": 60.51, "em_pct": 8.95, "nm_pct": 30.54, "am_blindness_flag": false, "trees_young_pct": 4.28, "cell_x0": 433600, "cell_y0": 4584800 }, "geometry": { "type": "Polygon", "coordinates": [ [ [ 434000.0, 4584800.0 ], [ 434000.0, 4585200.0 ], [ 433600.0, 4585200.0 ], [ 433600.0, 4584800.0 ], [ 434000.0, 4584800.0 ] ] ] } },
{ "type": "Feature", "properties": { "cell_id": "C032_028", "tree_count": 627, "species_list": [ "Acer buergerianum", "Acer × freemanii AUTUMN BLAZE® 'Jeffersred'", "Bauhinia forficata", "Brachychiton acerifolius", "Brachychiton populneus", "Callistemon viminalis", "Casuarina cunninghamiana", "Catalpa bignonioides", "Celtis australis", "Cercis siliquastrum", "Eriobotrya japonica", "Eucalyptus camaldulensis", "Eucalyptus globulus", "Ficus elastica", "Ginkgo biloba 'Fastigiata Blagon'", "Ginkgo biloba 'Fastigiata'", "Gleditsia triacanthos", "Gleditsia triacanthos 'sunburst'", "Gleditsia triacanthos f. inermis", "Grevillea robusta", "Handroanthus heptaphyllus", "Hesperocyparis macrocarpa", "Jacaranda mimosifolia", "Koelreuteria paniculata", "Lagerstroemia indica", "Ligustrum lucidum", "Ligustrum ovalifolium", "Magnolia grandiflora", "Melia azedarach", "Paulownia tomentosa", "Phoenix canariensis", "Photinia x fraseri", "Platanus × acerifolia", "Populus alba", "Populus alba 'Pyramidalis'", "Populus nigra", "Populus nigra 'Italica'", "Populus simonii", "Pyrus calleryana 'Chanticleer'", "Quercus ilex", "Robinia pseudoacacia", "Robinia pseudoacacia 'Bessoniana'", "Robinia × margaretta 'Pink Cascade'", "Salix alba", "Styphnolobium japonicum", "Styphnolobium japonicum 'Columnare'", "Styphnolobium japonicum 'Dot'", "Tilia cordata", "Tilia tomentosa", "Tipuana tipu", "Ulmus minor", "Ulmus pumila", "Washingtonia filifera", "Washingtonia filifera var. robusta" ], "district_name": "SANT MARTÍ", "barri_name": "PROVENÇALS DEL POBLENOU", "dominant_myco_type": "AM", "am_pct": 72.41, "em_pct": 16.11, "nm_pct": 11.48, "am_blindness_flag": false, "trees_young_pct": 7.97, "cell_x0": 433600, "cell_y0": 4585200 }, "geometry": { "type": "Polygon", "coordinates": [ [ [ 434000.0, 4585200.0 ], [ 434000.0, 4585600.0 ], [ 433600.0, 4585600.0 ], [ 433600.0, 4585200.0 ], [ 434000.0, 4585200.0 ] ] ] } },
{ "type": "Feature", "properties": { "cell_id": "C032_029", "tree_count": 1290, "species_list": [ "Acacia melanoxylon", "Acacia saligna", "Acer negundo", "Acer × freemanii AUTUMN BLAZE® 'Jeffersred'", "Aesculus hippocastanum", "Albizia julibrissin", "Brachychiton acerifolius", "Brachychiton populneus", "Callistemon viminalis", "Casuarina cunninghamiana", "Catalpa bignonioides", "Celtis australis", "Cercis siliquastrum", "Citrus × aurantium", "Cupressus sempervirens", "Eriobotrya japonica", "Eucalyptus globulus", "Eucalyptus gomphocephala", "Fraxinus angustifolia", "Fraxinus angustifolia 'Raywood'", "Fraxinus excelsior", "Fraxinus ornus OBELISK® 'Paus Johannes-Paulus II'", "Gleditsia triacanthos", "Gleditsia triacanthos 'sunburst'", "Gleditsia triacanthos f. inermis", "Grevillea robusta", "Hesperocyparis arizonica", "Hesperocyparis macrocarpa", "Hibiscus syriacus", "Jacaranda mimosifolia", "Koelreuteria paniculata", "Koelreuteria paniculata 'Fastigiata'", "Laurus nobilis", "Ligustrum japonicum", "Ligustrum lucidum", "Liquidambar styraciflua", "Magnolia grandiflora", "Melia azedarach", "Morus alba", "Olea europaea", "Phoenix canariensis", "Phoenix dactylifera", "Pinus halepensis", "Pinus pinea", "Platanus × acerifolia", "Platycladus orientalis", "Populus alba", "Populus alba 'Pyramidalis'", "Populus nigra", "Populus nigra 'Italica'", "Prunus cerasifera 'Pissardii'", "Prunus serrulata 'Kanzan'", "Pyrus calleryana 'Chanticleer'", "Quercus ilex", "Robinia pseudoacacia", "Robinia pseudoacacia 'Bessoniana'", "Styphnolobium japonicum", "Styphnolobium japonicum 'Columnare'", "Styphnolobium japonicum 'Dot'", "Tilia americana", "Tilia cordata", "Tilia platyphyllos", "Tilia tomentosa", "Tilia x euchlora", "Tilia x europaea", "Tipuana tipu", "Ulmus RESISTA® 'New Horizon'", "Ulmus americana", "Ulmus pumila", "Washingtonia filifera", "Washingtonia filifera var. robusta" ], "district_name": "SANT MARTÍ", "barri_name": "LA VERNEDA I LA PAU", "dominant_myco_type": "AM", "am_pct": 69.69, "em_pct": 6.82, "nm_pct": 23.49, "am_blindness_flag": false, "trees_young_pct": 10.0, "cell_x0": 433600, "cell_y0": 4585600 }, "geometry": { "type": "Polygon", "coordinates": [ [ [ 434000.0, 4585600.0 ], [ 434000.0, 4586000.0 ], [ 433600.0, 4586000.0 ], [ 433600.0, 4585600.0 ], [ 434000.0, 4585600.0 ] ] ] } },
{ "type": "Feature", "properties": { "cell_id": "C032_030", "tree_count": 667, "species_list": [ "Acer negundo", "Acer saccharinum", "Acer × freemanii AUTUMN BLAZE® 'Jeffersred'", "Alnus glutinosa 'Pyramidalis'", "Bauhinia variegata", "Brachychiton acerifolius", "Brachychiton populneus", "Catalpa bignonioides", "Celtis australis", "Cercis siliquastrum", "Cercis siliquastrum 'Alba'", "Corylus colurna", "Crataegus x media 'Paul's Scarlet'", "Cupressus sempervirens 'Stricta'", "Eriobotrya japonica", "Eucalyptus globulus", "Ficus carica", "Firmiana simplex", "Fraxinus angustifolia", "Fraxinus angustifolia 'Raywood'", "Fraxinus excelsior", "Fraxinus ornus OBELISK® 'Paus Johannes-Paulus II'", "Gleditsia triacanthos", "Gleditsia triacanthos f. inermis", "Handroanthus heptaphyllus", "Hesperocyparis macrocarpa", "Jacaranda mimosifolia", "Koelreuteria paniculata", "Koelreuteria paniculata 'Fastigiata'", "Laurus nobilis", "Ligustrum japonicum", "Ligustrum japonicum 'Texanum'", "Ligustrum lucidum", "Magnolia grandiflora", "Malus PERPETU® 'Evereste'", "Melia azedarach", "Olea europaea", "Phoenix canariensis", "Phoenix reclinata", "Photinia x fraseri 'Red Robin'", "Pinus pinea", "Platanus × acerifolia", "Populus nigra", "Populus nigra 'Italica'", "Prunus cerasifera 'Pissardii'", "Pyrus calleryana 'Chanticleer'", "Quercus ilex", "Robinia pseudoacacia", "Robinia pseudoacacia 'Bessoniana'", "Styphnolobium japonicum", "Styphnolobium japonicum 'Columnare'", "Styphnolobium japonicum 'Dot'", "Syagrus romanzoffiana", "Tilia x europaea", "Tipuana tipu", "Trachycarpus fortunei" ], "district_name": "SANT MARTÍ", "barri_name": "LA VERNEDA I LA PAU", "dominant_myco_type": "AM", "am_pct": 67.47, "em_pct": 7.05, "nm_pct": 25.49, "am_blindness_flag": false, "trees_young_pct": 25.34, "cell_x0": 433600, "cell_y0": 4586000 }, "geometry": { "type": "Polygon", "coordinates": [ [ [ 434000.0, 4586000.0 ], [ 434000.0, 4586400.0 ], [ 433600.0, 4586400.0 ], [ 433600.0, 4586000.0 ], [ 434000.0, 4586000.0 ] ] ] } },
{ "type": "Feature", "properties": { "cell_id": "C032_031", "tree_count": 131, "species_list": [ "Acer campestre", "Acer × freemanii AUTUMN BLAZE® 'Jeffersred'", "Celtis australis", "Celtis sinensis", "Cercis siliquastrum", "Eucalyptus camaldulensis", "Jacaranda mimosifolia", "Melia azedarach", "Phoenix canariensis", "Platanus × acerifolia", "Populus alba 'Pyramidalis'", "Quercus ilex", "Robinia pseudoacacia 'Bessoniana'", "Schinus molle", "Tilia tomentosa", "Tipuana tipu", "Washingtonia filifera" ], "district_name": "SANT MARTÍ", "barri_name": "LA VERNEDA I LA PAU", "dominant_myco_type": "AM", "am_pct": 83.21, "em_pct": 3.05, "nm_pct": 13.74, "am_blindness_flag": true, "trees_young_pct": 12.98, "cell_x0": 433600, "cell_y0": 4586400 }, "geometry": { "type": "Polygon", "coordinates": [ [ [ 434000.0, 4586400.0 ], [ 434000.0, 4586800.0 ], [ 433600.0, 4586800.0 ], [ 433600.0, 4586400.0 ], [ 434000.0, 4586400.0 ] ] ] } },
{ "type": "Feature", "properties": { "cell_id": "C032_032", "tree_count": 76, "species_list": [ "Brachychiton populneus", "Celtis australis", "Cercis siliquastrum", "Jacaranda mimosifolia", "Melia azedarach", "Paulownia tomentosa", "Platanus × acerifolia", "Pyrus calleryana 'Chanticleer'", "Ulmus pumila" ], "district_name": "SANT ANDREU", "barri_name": "EL BON PASTOR", "dominant_myco_type": "AM", "am_pct": 100.0, "em_pct": 0.0, "nm_pct": 0.0, "am_blindness_flag": true, "trees_young_pct": 19.74, "cell_x0": 433600, "cell_y0": 4586800 }, "geometry": { "type": "Polygon", "coordinates": [ [ [ 434000.0, 4586800.0 ], [ 434000.0, 4587200.0 ], [ 433600.0, 4587200.0 ], [ 433600.0, 4586800.0 ], [ 434000.0, 4586800.0 ] ] ] } },
{ "type": "Feature", "properties": { "cell_id": "C032_033", "tree_count": 608, "species_list": [ "Acer campestre", "Acer × freemanii AUTUMN BLAZE® 'Jeffersred'", "Albizia julibrissin", "Brachychiton acerifolius", "Brachychiton populneus", "Casuarina cunninghamiana", "Cedrus deodara", "Ceiba speciosa", "Celtis australis", "Celtis sinensis", "Cercis siliquastrum", "Cormus domestica", "Cupressus sempervirens", "Eriobotrya japonica", "Ficus microcarpa", "Fraxinus angustifolia", "Grevillea robusta", "Hibiscus syriacus", "Jacaranda mimosifolia", "Laurus nobilis", "Ligustrum japonicum", "Ligustrum lucidum", "Melia azedarach", "Morus alba", "Olea europaea", "Pinus halepensis", "Pistacia chinensis", "Platanus × acerifolia", "Populus alba 'Pyramidalis'", "Populus nigra 'Italica'", "Populus x canadensis", "Prunus cerasifera 'Pissardii'", "Prunus serrulata 'Kanzan'", "Pyrus calleryana 'Chanticleer'", "Robinia pseudoacacia", "Styphnolobium japonicum", "Styphnolobium japonicum 'Dot'", "Tipuana tipu", "Ulmus RESISTA® 'New Horizon'", "Ulmus pumila", "Washingtonia filifera", "Washingtonia filifera var. robusta", "Zelkova serrata GREEN VASE® 'Flekova'" ], "district_name": "SANT ANDREU", "barri_name": "EL BON PASTOR", "dominant_myco_type": "AM", "am_pct": 84.7, "em_pct": 1.48, "nm_pct": 13.82, "am_blindness_flag": true, "trees_young_pct": 15.46, "cell_x0": 433600, "cell_y0": 4587200 }, "geometry": { "type": "Polygon", "coordinates": [ [ [ 434000.0, 4587200.0 ], [ 434000.0, 4587600.0 ], [ 433600.0, 4587600.0 ], [ 433600.0, 4587200.0 ], [ 434000.0, 4587200.0 ] ] ] } },
{ "type": "Feature", "properties": { "cell_id": "C032_034", "tree_count": 604, "species_list": [ "Acer campestre", "Albizia julibrissin", "Bauhinia purpurea", "Brachychiton acerifolius", "Brachychiton populneus", "Ceiba speciosa", "Celtis sinensis", "Cercis siliquastrum", "Citrus × aurantium", "Cupressus sempervirens", "Erythrina caffra", "Ficus elastica", "Fraxinus angustifolia", "Fraxinus angustifolia 'Raywood'", "Gleditsia triacanthos", "Handroanthus heptaphyllus", "Heptapleurum actinophyllum", "Jacaranda mimosifolia", "Koelreuteria paniculata 'Fastigiata'", "Ligustrum japonicum", "Ligustrum lucidum", "Melia azedarach", "Paulownia tomentosa", "Pistacia chinensis", "Platanus orientalis", "Platanus × acerifolia", "Populus alba 'Pyramidalis'", "Populus x canadensis", "Pyrus calleryana 'Chanticleer'", "Robinia pseudoacacia", "Styphnolobium japonicum", "Syagrus romanzoffiana", "Tabebuia rosea", "Tilia x euchlora", "Tipuana tipu", "Washingtonia filifera" ], "district_name": "SANT ANDREU", "barri_name": "EL BON PASTOR", "dominant_myco_type": "AM", "am_pct": 82.78, "em_pct": 0.0, "nm_pct": 17.22, "am_blindness_flag": true, "trees_young_pct": 18.05, "cell_x0": 433600, "cell_y0": 4587600 }, "geometry": { "type": "Polygon", "coordinates": [ [ [ 434000.0, 4587600.0 ], [ 434000.0, 4588000.0 ], [ 433600.0, 4588000.0 ], [ 433600.0, 4587600.0 ], [ 434000.0, 4587600.0 ] ] ] } },
{ "type": "Feature", "properties": { "cell_id": "C032_035", "tree_count": 56, "species_list": [ "Brachychiton populneus", "Celtis australis", "Platanus × acerifolia" ], "district_name": "SANT ANDREU", "barri_name": "EL BON PASTOR", "dominant_myco_type": "AM", "am_pct": 100.0, "em_pct": 0.0, "nm_pct": 0.0, "am_blindness_flag": true, "trees_young_pct": 5.36, "cell_x0": 433600, "cell_y0": 4588000 }, "geometry": { "type": "Polygon", "coordinates": [ [ [ 434000.0, 4588000.0 ], [ 434000.0, 4588400.0 ], [ 433600.0, 4588400.0 ], [ 433600.0, 4588000.0 ], [ 434000.0, 4588000.0 ] ] ] } },
{ "type": "Feature", "properties": { "cell_id": "C033_023", "tree_count": 75, "species_list": [ "Butia yatay", "Casuarina cunninghamiana", "Phoenix canariensis", "Phoenix dactylifera", "Tamarix gallica", "Washingtonia filifera", "Washingtonia filifera var. robusta" ], "district_name": "SANT MARTÍ", "barri_name": "DIAGONAL MAR I EL FRONT MARÍTIM DEL POBLENOU", "dominant_myco_type": "AM", "am_pct": 82.67, "em_pct": 0.0, "nm_pct": 17.33, "am_blindness_flag": true, "trees_young_pct": 1.33, "cell_x0": 434000, "cell_y0": 4583200 }, "geometry": { "type": "Polygon", "coordinates": [ [ [ 434400.0, 4583200.0 ], [ 434400.0, 4583600.0 ], [ 434000.0, 4583600.0 ], [ 434000.0, 4583200.0 ], [ 434400.0, 4583200.0 ] ] ] } },
{ "type": "Feature", "properties": { "cell_id": "C033_024", "tree_count": 608, "species_list": [ "Celtis australis", "Erythrina crista-galli", "Fraxinus berlandieriana", "Gleditsia triacanthos f. inermis", "Grevillea robusta", "Jacaranda mimosifolia", "Koelreuteria paniculata 'Fastigiata'", "Lagunaria patersonia", "Olea europaea", "Phoenix canariensis", "Phoenix dactylifera", "Prunus cerasifera 'Pissardii'", "Robinia pseudoacacia", "Styphnolobium japonicum", "Syagrus romanzoffiana", "Tipuana tipu", "Ulmus pumila", "Washingtonia filifera", "Washingtonia filifera var. robusta" ], "district_name": "SANT MARTÍ", "barri_name": "DIAGONAL MAR I EL FRONT MARÍTIM DEL POBLENOU", "dominant_myco_type": "AM", "am_pct": 94.74, "em_pct": 0.0, "nm_pct": 5.26, "am_blindness_flag": true, "trees_young_pct": 1.97, "cell_x0": 434000, "cell_y0": 4583600 }, "geometry": { "type": "Polygon", "coordinates": [ [ [ 434400.0, 4583600.0 ], [ 434400.0, 4584000.0 ], [ 434000.0, 4584000.0 ], [ 434000.0, 4583600.0 ], [ 434400.0, 4583600.0 ] ] ] } },
{ "type": "Feature", "properties": { "cell_id": "C033_025", "tree_count": 378, "species_list": [ "Araucaria heterophylla", "Celtis australis", "Celtis sinensis", "Cinnamomum camphora", "Ficus binnendykii 'Alii'", "Fraxinus angustifolia", "Fraxinus ornus OBELISK® 'Paus Johannes-Paulus II'", "Ginkgo biloba", "Ginkgo biloba 'Fastigiata'", "Handroanthus heptaphyllus", "Jacaranda mimosifolia", "Koelreuteria paniculata 'Fastigiata'", "Maclura pomifera", "Parrotia persica 'Vanessa'", "Phoenix canariensis", "Phoenix dactylifera", "Platanus × acerifolia", "Populus alba 'Pyramidalis'", "Populus nigra 'Italica'", "Prunus cerasifera 'Pissardii'", "Pyrus calleryana 'Chanticleer'", "Styphnolobium japonicum", "Tipuana tipu", "Ulmus pumila", "Washingtonia filifera", "Washingtonia filifera var. robusta" ], "district_name": "SANT MARTÍ", "barri_name": "DIAGONAL MAR I EL FRONT MARÍTIM DEL POBLENOU", "dominant_myco_type": "AM", "am_pct": 83.07, "em_pct": 0.0, "nm_pct": 16.93, "am_blindness_flag": true, "trees_young_pct": 5.56, "cell_x0": 434000, "cell_y0": 4584000 }, "geometry": { "type": "Polygon", "coordinates": [ [ [ 434400.0, 4584000.0 ], [ 434400.0, 4584400.0 ], [ 434000.0, 4584400.0 ], [ 434000.0, 4584000.0 ], [ 434400.0, 4584000.0 ] ] ] } },
{ "type": "Feature", "properties": { "cell_id": "C033_026", "tree_count": 655, "species_list": [ "Acer buergerianum", "Casuarina cunninghamiana", "Catalpa bignonioides", "Celtis australis", "Cercis siliquastrum", "Cupressus sempervirens", "Eucalyptus camaldulensis", "Fraxinus angustifolia 'Raywood'", "Ginkgo biloba 'Fastigiata Blagon'", "Gleditsia triacanthos", "Gleditsia triacanthos f. inermis", "Grevillea robusta", "Jacaranda mimosifolia", "Koelreuteria paniculata", "Koelreuteria paniculata 'Fastigiata'", "Magnolia grandiflora", "Magnolia grandiflora 'Gallisoniensis'", "Melia azedarach", "Morus alba", "Morus alba 'Fastigiata'", "Morus alba 'Fruitless'", "Olea europaea", "Ostrya carpinifolia", "Pinus pinea", "Platanus × acerifolia", "Populus alba 'Pyramidalis'", "Populus nigra", "Prunus cerasifera 'Pissardii'", "Robinia pseudoacacia", "Styphnolobium japonicum", "Tilia x euchlora", "Tilia x europaea", "Tipuana tipu", "Ulmus americana", "Ulmus pumila", "Washingtonia filifera", "Washingtonia filifera var. robusta", "X chitalpa tashkentensis 'minsum' SUMMER BELLS®" ], "district_name": "SANT MARTÍ", "barri_name": "DIAGONAL MAR I EL FRONT MARÍTIM DEL POBLENOU", "dominant_myco_type": "AM", "am_pct": 85.8, "em_pct": 3.51, "nm_pct": 10.69, "am_blindness_flag": true, "trees_young_pct": 5.34, "cell_x0": 434000, "cell_y0": 4584400 }, "geometry": { "type": "Polygon", "coordinates": [ [ [ 434400.0, 4584400.0 ], [ 434400.0, 4584800.0 ], [ 434000.0, 4584800.0 ], [ 434000.0, 4584400.0 ], [ 434400.0, 4584400.0 ] ] ] } },
{ "type": "Feature", "properties": { "cell_id": "C033_027", "tree_count": 797, "species_list": [ "Acer buergerianum", "Brachychiton acerifolius", "Brachychiton populneus", "Catalpa bignonioides", "Celtis australis", "Cercis siliquastrum", "Firmiana simplex", "Gleditsia triacanthos", "Gleditsia triacanthos 'sunburst'", "Gleditsia triacanthos f. inermis", "Jacaranda mimosifolia", "Lagerstroemia indica", "Liriodendron tulipifera", "Magnolia grandiflora 'Gallisoniensis'", "Melia azedarach", "Phoenix dactylifera", "Pinus halepensis", "Pinus pinea", "Platanus × acerifolia", "Prunus cerasifera 'Pissardii'", "Pyrus calleryana 'Chanticleer'", "Robinia pseudoacacia 'Umbraculifera'", "Styphnolobium japonicum", "Tilia x euchlora", "Tilia x europaea", "Ulmus pumila", "Washingtonia filifera var. robusta" ], "district_name": "SANT MARTÍ", "barri_name": "EL BESÒS I EL MARESME", "dominant_myco_type": "AM", "am_pct": 83.81, "em_pct": 5.02, "nm_pct": 11.17, "am_blindness_flag": true, "trees_young_pct": 9.41, "cell_x0": 434000, "cell_y0": 4584800 }, "geometry": { "type": "Polygon", "coordinates": [ [ [ 434400.0, 4584800.0 ], [ 434400.0, 4585200.0 ], [ 434000.0, 4585200.0 ], [ 434000.0, 4584800.0 ], [ 434400.0, 4584800.0 ] ] ] } },
{ "type": "Feature", "properties": { "cell_id": "C033_028", "tree_count": 1209, "species_list": [ "Acer buergerianum", "Acer campestre", "Acer monspessulanum", "Acer negundo", "Bauhinia purpurea", "Bauhinia variegata", "Brachychiton populneus", "Casuarina cunninghamiana", "Catalpa bignonioides", "Celtis australis", "Celtis sinensis", "Cercis siliquastrum", "Citrus × aurantium", "Eucalyptus camaldulensis", "Eucalyptus globulus", "Firmiana simplex", "Grevillea robusta", "Handroanthus heptaphyllus", "Hibiscus syriacus", "Jacaranda mimosifolia", "Koelreuteria paniculata", "Ligustrum lucidum", "Liquidambar styraciflua", "Magnolia grandiflora", "Magnolia grandiflora 'Gallisoniensis'", "Melia azedarach", "Paulownia tomentosa", "Phoenix canariensis", "Phoenix dactylifera", "Pinus halepensis", "Pinus pinea", "Platanus × acerifolia", "Prunus cerasifera 'Pissardii'", "Pyrus calleryana 'Chanticleer'", "Robinia pseudoacacia", "Schinus molle", "Styphnolobium japonicum", "Styphnolobium japonicum 'Columnare'", "Tilia tomentosa", "Tipuana tipu", "Ulmus pumila", "Washingtonia filifera var. robusta" ], "district_name": "SANT MARTÍ", "barri_name": "EL BESÒS I EL MARESME", "dominant_myco_type": "AM", "am_pct": 92.22, "em_pct": 2.89, "nm_pct": 4.88, "am_blindness_flag": true, "trees_young_pct": 6.12, "cell_x0": 434000, "cell_y0": 4585200 }, "geometry": { "type": "Polygon", "coordinates": [ [ [ 434400.0, 4585200.0 ], [ 434400.0, 4585600.0 ], [ 434000.0, 4585600.0 ], [ 434000.0, 4585200.0 ], [ 434400.0, 4585200.0 ] ] ] } },
{ "type": "Feature", "properties": { "cell_id": "C033_029", "tree_count": 445, "species_list": [ "Acer platanoides 'Crimson King'", "Bauhinia purpurea", "Bauhinia variegata", "Casuarina cunninghamiana", "Celtis australis", "Celtis sinensis", "Cupressus sempervirens", "Eucalyptus camaldulensis", "Eucalyptus globulus", "Firmiana simplex", "Fraxinus angustifolia 'Raywood'", "Fraxinus excelsior", "Fraxinus ornus OBELISK® 'Paus Johannes-Paulus II'", "Grevillea robusta", "Hibiscus syriacus", "Laurus nobilis", "Ligustrum lucidum", "Melia azedarach", "Phoenix canariensis", "Pinus halepensis", "Pinus pinea", "Platanus × acerifolia", "Populus alba", "Populus alba 'Pyramidalis'", "Populus nigra", "Populus nigra 'Italica'", "Populus simonii", "Prunus cerasifera", "Prunus cerasifera 'Pissardii'", "Quercus ilex", "Robinia pseudoacacia", "Schinus molle", "Styphnolobium japonicum", "Styphnolobium japonicum 'Dot'", "Tamarix gallica", "Tilia cordata", "Tipuana tipu", "Ulmus pumila" ], "district_name": "SANT MARTÍ", "barri_name": "EL BESÒS I EL MARESME", "dominant_myco_type": "AM", "am_pct": 73.93, "em_pct": 16.18, "nm_pct": 9.89, "am_blindness_flag": false, "trees_young_pct": 8.99, "cell_x0": 434000, "cell_y0": 4585600 }, "geometry": { "type": "Polygon", "coordinates": [ [ [ 434400.0, 4585600.0 ], [ 434400.0, 4586000.0 ], [ 434000.0, 4586000.0 ], [ 434000.0, 4585600.0 ], [ 434400.0, 4585600.0 ] ] ] } },
{ "type": "Feature", "properties": { "cell_id": "C033_030", "tree_count": 72, "species_list": [ "Bauhinia variegata", "Celtis australis", "Koelreuteria paniculata", "Laurus nobilis", "Ligustrum lucidum", "Malus PERPETU® 'Evereste'", "Parrotia persica 'Vanessa'", "Phoenix dactylifera", "Pinus halepensis", "Pinus pinea", "Platanus × acerifolia", "Prunus amygdalus", "Quercus ilex", "Robinia pseudoacacia", "Schinus molle", "Styphnolobium japonicum", "Styphnolobium japonicum 'Dot'", "Tipuana tipu" ], "district_name": "SANT MARTÍ", "barri_name": "LA VERNEDA I LA PAU", "dominant_myco_type": "AM", "am_pct": 50.0, "em_pct": 16.67, "nm_pct": 33.33, "am_blindness_flag": false, "trees_young_pct": 2.78, "cell_x0": 434000, "cell_y0": 4586000 }, "geometry": { "type": "Polygon", "coordinates": [ [ [ 434400.0, 4586000.0 ], [ 434400.0, 4586400.0 ], [ 434000.0, 4586400.0 ], [ 434000.0, 4586000.0 ], [ 434400.0, 4586000.0 ] ] ] } },
{ "type": "Feature", "properties": { "cell_id": "C034_024", "tree_count": 73, "species_list": [ "Acacia saligna", "Lagunaria patersonia", "Washingtonia filifera" ], "district_name": "SANT MARTÍ", "barri_name": "DIAGONAL MAR I EL FRONT MARÍTIM DEL POBLENOU", "dominant_myco_type": "NM", "am_pct": 20.55, "em_pct": 0.0, "nm_pct": 79.45, "am_blindness_flag": false, "trees_young_pct": 0.0, "cell_x0": 434400, "cell_y0": 4583600 }, "geometry": { "type": "Polygon", "coordinates": [ [ [ 434800.0, 4583600.0 ], [ 434800.0, 4584000.0 ], [ 434400.0, 4584000.0 ], [ 434400.0, 4583600.0 ], [ 434800.0, 4583600.0 ] ] ] } },
{ "type": "Feature", "properties": { "cell_id": "C034_025", "tree_count": 276, "species_list": [ "Acacia saligna", "Broussonetia papyrifera", "Ceiba speciosa", "Celtis australis", "Gleditsia triacanthos", "Gleditsia triacanthos f. inermis", "Grevillea robusta", "Lagunaria patersonia", "Melia azedarach", "Morus alba", "Morus alba 'Fruitless'", "Olea europaea", "Platanus × acerifolia", "Tamarix gallica", "Tipuana tipu", "Ulmus minor", "Washingtonia filifera", "Washingtonia filifera var. robusta" ], "district_name": "SANT MARTÍ", "barri_name": "DIAGONAL MAR I EL FRONT MARÍTIM DEL POBLENOU", "dominant_myco_type": "AM", "am_pct": 50.0, "em_pct": 0.36, "nm_pct": 49.64, "am_blindness_flag": false, "trees_young_pct": 1.09, "cell_x0": 434400, "cell_y0": 4584000 }, "geometry": { "type": "Polygon", "coordinates": [ [ [ 434800.0, 4584000.0 ], [ 434800.0, 4584400.0 ], [ 434400.0, 4584400.0 ], [ 434400.0, 4584000.0 ], [ 434800.0, 4584000.0 ] ] ] } },
{ "type": "Feature", "properties": { "cell_id": "C034_026", "tree_count": 425, "species_list": [ "Brachychiton populneus", "Callistemon viminalis", "Celtis australis", "Cupressus sempervirens", "Erythrina falcata", "Koelreuteria paniculata 'Fastigiata'", "Melia azedarach", "Morus alba", "Morus alba 'Fruitless'", "Olea europaea", "Phoenix canariensis", "Phoenix dactylifera", "Pinus halepensis", "Pinus pinea", "Platanus × acerifolia", "Prunus cerasifera 'Pissardii'", "Quercus robur 'Fastigiata'", "Robinia pseudoacacia", "Robinia pseudoacacia 'Bessoniana'", "Tilia x euchlora", "Tipuana tipu", "Ulmus pumila" ], "district_name": "SANT MARTÍ", "barri_name": "EL BESÒS I EL MARESME", "dominant_myco_type": "AM", "am_pct": 90.82, "em_pct": 3.29, "nm_pct": 5.88, "am_blindness_flag": true, "trees_young_pct": 8.0, "cell_x0": 434400, "cell_y0": 4584400 }, "geometry": { "type": "Polygon", "coordinates": [ [ [ 434800.0, 4584400.0 ], [ 434800.0, 4584800.0 ], [ 434400.0, 4584800.0 ], [ 434400.0, 4584400.0 ], [ 434800.0, 4584400.0 ] ] ] } },
{ "type": "Feature", "properties": { "cell_id": "C034_027", "tree_count": 1037, "species_list": [ "Acer buergerianum", "Acer monspessulanum", "Acer negundo", "Acer platanoides 'Columnare'", "Acer saccharinum", "Acer × freemanii AUTUMN BLAZE® 'Jeffersred'", "Bauhinia variegata", "Brachychiton acerifolius", "Brachychiton discolor", "Brachychiton populneus", "Catalpa bignonioides", "Ceiba chodatii", "Celtis australis", "Cercis siliquastrum", "Corylus colurna", "Erythrina crista-galli", "Eucalyptus globulus", "Firmiana simplex", "Fraxinus ornus OBELISK® 'Paus Johannes-Paulus II'", "Gleditsia triacanthos f. inermis", "Grevillea robusta", "Handroanthus heptaphyllus", "Jacaranda mimosifolia", "Koelreuteria paniculata", "Koelreuteria paniculata 'Fastigiata'", "Melia azedarach", "Ostrya carpinifolia", "Paulownia tomentosa", "Phoenix canariensis", "Phoenix dactylifera", "Phytolacca dioica", "Pinus halepensis", "Pinus pinea", "Platanus × acerifolia", "Populus alba", "Populus alba 'Pyramidalis'", "Populus nigra 'Italica'", "Populus x canadensis", "Prunus avium", "Prunus cerasifera 'Pissardii'", "Robinia pseudoacacia", "Robinia pseudoacacia 'Bessoniana'", "Schinus molle", "Styphnolobium japonicum", "Styphnolobium japonicum 'Columnare'", "Tamarix gallica", "Tilia tomentosa", "Tilia x euchlora", "Tilia x europaea", "Tipuana tipu", "Ulmus pumila", "Washingtonia filifera var. robusta" ], "district_name": "SANT MARTÍ", "barri_name": "EL BESÒS I EL MARESME", "dominant_myco_type": "AM", "am_pct": 86.5, "em_pct": 3.28, "nm_pct": 10.22, "am_blindness_flag": true, "trees_young_pct": 4.92, "cell_x0": 434400, "cell_y0": 4584800 }, "geometry": { "type": "Polygon", "coordinates": [ [ [ 434800.0, 4584800.0 ], [ 434800.0, 4585200.0 ], [ 434400.0, 4585200.0 ], [ 434400.0, 4584800.0 ], [ 434800.0, 4584800.0 ] ] ] } },
{ "type": "Feature", "properties": { "cell_id": "C034_028", "tree_count": 370, "species_list": [ "Ailanthus altissima", "Brachychiton acerifolius", "Brachychiton populneus", "Casuarina cunninghamiana", "Celtis australis", "Cercis siliquastrum", "Cupressus sempervirens", "Eucalyptus globulus", "Firmiana simplex", "Fraxinus angustifolia 'Raywood'", "Grevillea robusta", "Handroanthus heptaphyllus", "Hibiscus syriacus", "Jacaranda mimosifolia", "Koelreuteria paniculata", "Melia azedarach", "Phoenix canariensis", "Phoenix dactylifera", "Pinus halepensis", "Platanus × acerifolia", "Populus alba", "Populus x canadensis", "Prunus cerasifera 'Pissardii'", "Robinia pseudoacacia", "Schinus molle", "Styphnolobium japonicum", "Styphnolobium japonicum 'Columnare'", "Styphnolobium japonicum 'Dot'", "Tipuana tipu", "Ulmus pumila" ], "district_name": "SANT MARTÍ", "barri_name": "EL BESÒS I EL MARESME", "dominant_myco_type": "AM", "am_pct": 88.11, "em_pct": 4.05, "nm_pct": 7.84, "am_blindness_flag": true, "trees_young_pct": 5.41, "cell_x0": 434400, "cell_y0": 4585200 }, "geometry": { "type": "Polygon", "coordinates": [ [ [ 434800.0, 4585200.0 ], [ 434800.0, 4585600.0 ], [ 434400.0, 4585600.0 ], [ 434400.0, 4585200.0 ], [ 434800.0, 4585200.0 ] ] ] } },
{ "type": "Feature", "properties": { "cell_id": "C034_029", "tree_count": 1, "species_list": [ "Bauhinia variegata" ], "district_name": "SANT MARTÍ", "barri_name": "EL BESÒS I EL MARESME", "dominant_myco_type": "AM", "am_pct": 100.0, "em_pct": 0.0, "nm_pct": 0.0, "am_blindness_flag": true, "trees_young_pct": 100.0, "cell_x0": 434400, "cell_y0": 4585600 }, "geometry": { "type": "Polygon", "coordinates": [ [ [ 434800.0, 4585600.0 ], [ 434800.0, 4586000.0 ], [ 434400.0, 4586000.0 ], [ 434400.0, 4585600.0 ], [ 434800.0, 4585600.0 ] ] ] } },
{ "type": "Feature", "properties": { "cell_id": "C035_025", "tree_count": 60, "species_list": [ "Melia azedarach", "Platanus × acerifolia", "Tipuana tipu", "Washingtonia filifera var. robusta" ], "district_name": "SANT MARTÍ", "barri_name": "EL BESÒS I EL MARESME", "dominant_myco_type": "AM", "am_pct": 93.33, "em_pct": 0.0, "nm_pct": 6.67, "am_blindness_flag": true, "trees_young_pct": 8.33, "cell_x0": 434800, "cell_y0": 4584000 }, "geometry": { "type": "Polygon", "coordinates": [ [ [ 435200.0, 4584000.0 ], [ 435200.0, 4584400.0 ], [ 434800.0, 4584400.0 ], [ 434800.0, 4584000.0 ], [ 435200.0, 4584000.0 ] ] ] } },
{ "type": "Feature", "properties": { "cell_id": "C035_026", "tree_count": 173, "species_list": [ "Grevillea robusta", "Lagunaria patersonia", "Melia azedarach", "Platanus × acerifolia", "Tipuana tipu", "Washingtonia filifera", "Washingtonia filifera var. robusta" ], "district_name": "SANT MARTÍ", "barri_name": "EL BESÒS I EL MARESME", "dominant_myco_type": "AM", "am_pct": 81.5, "em_pct": 0.0, "nm_pct": 18.5, "am_blindness_flag": true, "trees_young_pct": 8.09, "cell_x0": 434800, "cell_y0": 4584400 }, "geometry": { "type": "Polygon", "coordinates": [ [ [ 435200.0, 4584400.0 ], [ 435200.0, 4584800.0 ], [ 434800.0, 4584800.0 ], [ 434800.0, 4584400.0 ], [ 435200.0, 4584400.0 ] ] ] } },
{ "type": "Feature", "properties": { "cell_id": "C035_027", "tree_count": 121, "species_list": [ "Acer platanoides 'Columnare'", "Brachychiton discolor", "Brachychiton populneus", "Catalpa bignonioides", "Ceiba chodatii", "Erythrina crista-galli", "Eucalyptus globulus", "Jacaranda mimosifolia", "Koelreuteria paniculata 'Fastigiata'", "Phytolacca dioica", "Platanus × acerifolia", "Populus nigra 'Italica'", "Tamarix gallica", "Tipuana tipu" ], "district_name": "SANT MARTÍ", "barri_name": "EL BESÒS I EL MARESME", "dominant_myco_type": "AM", "am_pct": 83.47, "em_pct": 0.83, "nm_pct": 15.7, "am_blindness_flag": true, "trees_young_pct": 0.0, "cell_x0": 434800, "cell_y0": 4584800 }, "geometry": { "type": "Polygon", "coordinates": [ [ [ 435200.0, 4584800.0 ], [ 435200.0, 4585200.0 ], [ 434800.0, 4585200.0 ], [ 434800.0, 4584800.0 ], [ 435200.0, 4584800.0 ] ] ] } },
{ "type": "Feature", "properties": { "cell_id": "C036_026", "tree_count": 2, "species_list": [ "Morus alba" ], "district_name": "SANT MARTÍ", "barri_name": "EL BESÒS I EL MARESME", "dominant_myco_type": "AM", "am_pct": 100.0, "em_pct": 0.0, "nm_pct": 0.0, "am_blindness_flag": true, "trees_young_pct": 0.0, "cell_x0": 435200, "cell_y0": 4584400 }, "geometry": { "type": "Polygon", "coordinates": [ [ [ 435600.0, 4584400.0 ], [ 435600.0, 4584800.0 ], [ 435200.0, 4584800.0 ], [ 435200.0, 4584400.0 ], [ 435600.0, 4584400.0 ] ] ] } }
]
}
