{"type": "FeatureCollection", "features": [{"type": "Feature", "geometry": {"type": "Point", "coordinates": [2.154043, 41.385446]}, "properties": {"codi": "0003798AR", "species": "Platanus \u00d7 acerifolia", "address": "C\\ Comte d'Urgell, 123", "categoria_arbrat": "SEGONA", "emission_weight": 0.65, "source": "ajuntament-arbrat-viari"}}, {"type": "Feature", "geometry": {"type": "Point", "coordinates": [2.154105, 41.385395]}, "properties": {"codi": "0003799AR", "species": "Platanus \u00d7 acerifolia", "address": "C\\ Comte d'Urgell, 123", "categoria_arbrat": "SEGONA", "emission_weight": 0.65, "source": "ajuntament-arbrat-viari"}}, {"type": "Feature", "geometry": {"type": "Point", "coordinates": [2.154176, 41.385343]}, "properties": {"codi": "0003800AR", "species": "Platanus \u00d7 acerifolia", "address": "C\\ Comte d'Urgell, 123", "categoria_arbrat": "SEGONA", "emission_weight": 0.65, "source": "ajuntament-arbrat-viari"}}, {"type": "Feature", "geometry": {"type": "Point", "coordinates": [2.149574, 41.383449]}, "properties": {"codi": "0088154AR", "species": "Platanus \u00d7 acerifolia", "address": "Av Roma, 71", "categoria_arbrat": "TERCERA", "emission_weight": 0.45, "source": "ajuntament-arbrat-viari"}}, {"type": "Feature", "geometry": {"type": "Point", "coordinates": [2.153885, 41.382414]}, "properties": {"codi": "0088160AR", "species": "Platanus \u00d7 acerifolia", "address": "C\\ Consell de Cent, 149", "categoria_arbrat": "EXEMPLAR", "emission_weight": 1.0, "source": "ajuntament-arbrat-viari"}}, {"type": "Feature", "geometry": {"type": "Point", "coordinates": [2.153691, 41.385521]}, "properties": {"codi": "0088164AR", "species": "Platanus \u00d7 acerifolia", "address": "C\\ Val\u00e8ncia, 99", "categoria_arbrat": "SEGONA", "emission_weight": 0.65, "source": "ajuntament-arbrat-viari"}}, {"type": "Feature", "geometry": {"type": "Point", "coordinates": [2.152486, 41.384274]}, "properties": {"codi": "0088189AR", "species": "Platanus \u00d7 acerifolia", "address": "Av Roma, 98", "categoria_arbrat": "TERCERA", "emission_weight": 0.45, "source": "ajuntament-arbrat-viari"}}, {"type": "Feature", "geometry": {"type": "Point", "coordinates": [2.149851, 41.387082]}, "properties": {"codi": "0088215AR", "species": "Platanus \u00d7 acerifolia", "address": "C\\ Comte Borrell, 236", "categoria_arbrat": "EXEMPLAR", "emission_weight": 1.0, "source": "ajuntament-arbrat-viari"}}, {"type": "Feature", "geometry": {"type": "Point", "coordinates": [2.15119, 41.382519]}, "properties": {"codi": "0088217AR", "species": "Platanus \u00d7 acerifolia", "address": "C\\ Cal\u00e0bria, 169", "categoria_arbrat": "SEGONA", "emission_weight": 0.65, "source": "ajuntament-arbrat-viari"}}, {"type": "Feature", "geometry": {"type": "Point", "coordinates": [2.150656, 41.387997]}, "properties": {"codi": "0088221AR", "species": "Platanus \u00d7 acerifolia", "address": "C\\ Rossell\u00f3, 106", "categoria_arbrat": "EXEMPLAR", "emission_weight": 1.0, "source": "ajuntament-arbrat-viari"}}, {"type": "Feature", "geometry": {"type": "Point", "coordinates": [2.152279, 41.386159]}, "properties": {"codi": "0088224AR", "species": "Platanus \u00d7 acerifolia", "address": "C\\ Mallorca, 107", "categoria_arbrat": "TERCERA", "emission_weight": 0.45, "source": "ajuntament-arbrat-viari"}}, {"type": "Feature", "geometry": {"type": "Point", "coordinates": [2.151319, 41.38204]}, "properties": {"codi": "0088246AR", "species": "Platanus \u00d7 acerifolia", "address": "C\\ Arag\u00f3, 97", "categoria_arbrat": "EXEMPLAR", "emission_weight": 1.0, "source": "ajuntament-arbrat-viari"}}, {"type": "Feature", "geometry": {"type": "Point", "coordinates": [2.151853, 41.383919]}, "properties": {"codi": "0088250AR", "species": "Platanus \u00d7 acerifolia", "address": "Av Roma, 94", "categoria_arbrat": "TERCERA", "emission_weight": 0.45, "source": "ajuntament-arbrat-viari"}}, {"type": "Feature", "geometry": {"type": "Point", "coordinates": [2.14972, 41.382536]}, "properties": {"codi": "0088281AR", "species": "Platanus \u00d7 acerifolia", "address": "C\\ Val\u00e8ncia, 61", "categoria_arbrat": "EXEMPLAR", "emission_weight": 1.0, "source": "ajuntament-arbrat-viari"}}, {"type": "Feature", "geometry": {"type": "Point", "coordinates": [2.149682, 41.383664]}, "properties": {"codi": "0088282AR", "species": "Platanus \u00d7 acerifolia", "address": "C\\ Cal\u00e0bria, 185", "categoria_arbrat": "SEGONA", "emission_weight": 0.65, "source": "ajuntament-arbrat-viari"}}, {"type": "Feature", "geometry": {"type": "Point", "coordinates": [2.153322, 41.385243]}, "properties": {"codi": "0088304AR", "species": "Platanus \u00d7 acerifolia", "address": "C\\ Val\u00e8ncia, 87", "categoria_arbrat": "EXEMPLAR", "emission_weight": 1.0, "source": "ajuntament-arbrat-viari"}}, {"type": "Feature", "geometry": {"type": "Point", "coordinates": [2.152208, 41.384153]}, "properties": {"codi": "0088318AR", "species": "Platanus \u00d7 acerifolia", "address": "Av Roma, 98", "categoria_arbrat": "SEGONA", "emission_weight": 0.65, "source": "ajuntament-arbrat-viari"}}, {"type": "Feature", "geometry": {"type": "Point", "coordinates": [2.153697, 41.382341]}, "properties": {"codi": "0088334AR", "species": "Platanus \u00d7 acerifolia", "address": "C\\ Consell de Cent, 145", "categoria_arbrat": "EXEMPLAR", "emission_weight": 1.0, "source": "ajuntament-arbrat-viari"}}, {"type": "Feature", "geometry": {"type": "Point", "coordinates": [2.155584, 41.383554]}, "properties": {"codi": "0088337AR", "species": "Platanus \u00d7 acerifolia", "address": "C\\ Consell de Cent, 181", "categoria_arbrat": "SEGONA", "emission_weight": 0.65, "source": "ajuntament-arbrat-viari"}}, {"type": "Feature", "geometry": {"type": "Point", "coordinates": [2.149037, 41.383216]}, "properties": {"codi": "0088343AR", "species": "Platanus \u00d7 acerifolia", "address": "Av Roma, 55", "categoria_arbrat": "TERCERA", "emission_weight": 0.45, "source": "ajuntament-arbrat-viari"}}, {"type": "Feature", "geometry": {"type": "Point", "coordinates": [2.149805, 41.383108]}, "properties": {"codi": "0088348AR", "species": "Platanus \u00d7 acerifolia", "address": "Av Roma, 86", "categoria_arbrat": "TERCERA", "emission_weight": 0.45, "source": "ajuntament-arbrat-viari"}}, {"type": "Feature", "geometry": {"type": "Point", "coordinates": [2.152859, 41.384439]}, "properties": {"codi": "0088356AR", "species": "Platanus \u00d7 acerifolia", "address": "Av Roma, 108", "categoria_arbrat": "SEGONA", "emission_weight": 0.65, "source": "ajuntament-arbrat-viari"}}, {"type": "Feature", "geometry": {"type": "Point", "coordinates": [2.149672, 41.383535]}, "properties": {"codi": "0088381AR", "species": "Platanus \u00d7 acerifolia", "address": "Av Roma, 71", "categoria_arbrat": "EXEMPLAR", "emission_weight": 1.0, "source": "ajuntament-arbrat-viari"}}, {"type": "Feature", "geometry": {"type": "Point", "coordinates": [2.151103, 41.384287]}, "properties": {"codi": "0088396AR", "species": "Platanus \u00d7 acerifolia", "address": "C\\ Viladomat, 199", "categoria_arbrat": "EXEMPLAR", "emission_weight": 1.0, "source": "ajuntament-arbrat-viari"}}, {"type": "Feature", "geometry": {"type": "Point", "coordinates": [2.150838, 41.384926]}, "properties": {"codi": "0088404AR", "species": "Platanus \u00d7 acerifolia", "address": "C\\ Mallorca, 80", "categoria_arbrat": "TERCERA", "emission_weight": 0.45, "source": "ajuntament-arbrat-viari"}}, {"type": "Feature", "geometry": {"type": "Point", "coordinates": [2.153259, 41.383499]}, "properties": {"codi": "0088434AR", "species": "Platanus \u00d7 acerifolia", "address": "C\\ Arag\u00f3, 121", "categoria_arbrat": "SEGONA", "emission_weight": 0.65, "source": "ajuntament-arbrat-viari"}}, {"type": "Feature", "geometry": {"type": "Point", "coordinates": [2.151712, 41.382412]}, "properties": {"codi": "0088447AR", "species": "Platanus \u00d7 acerifolia", "address": "C\\ Arag\u00f3, 101", "categoria_arbrat": "EXEMPLAR", "emission_weight": 1.0, "source": "ajuntament-arbrat-viari"}}, {"type": "Feature", "geometry": {"type": "Point", "coordinates": [2.152068, 41.386003]}, "properties": {"codi": "0088462AR", "species": "Platanus \u00d7 acerifolia", "address": "C\\ Mallorca, 103", "categoria_arbrat": "TERCERA", "emission_weight": 0.45, "source": "ajuntament-arbrat-viari"}}, {"type": "Feature", "geometry": {"type": "Point", "coordinates": [2.149622, 41.3837]}, "properties": {"codi": "0088504AR", "species": "Platanus \u00d7 acerifolia", "address": "C\\ Cal\u00e0bria, 187", "categoria_arbrat": "SEGONA", "emission_weight": 0.65, "source": "ajuntament-arbrat-viari"}}, {"type": "Feature", "geometry": {"type": "Point", "coordinates": [2.152185, 41.385939]}, "properties": {"codi": "0088510AR", "species": "Platanus \u00d7 acerifolia", "address": "C\\ Mallorca, 104", "categoria_arbrat": "TERCERA", "emission_weight": 0.45, "source": "ajuntament-arbrat-viari"}}, {"type": "Feature", "geometry": {"type": "Point", "coordinates": [2.150927, 41.387796]}, "properties": {"codi": "0088580AR", "species": "Platanus \u00d7 acerifolia", "address": "C\\ Comte d'Urgell, 165", "categoria_arbrat": "SEGONA", "emission_weight": 0.65, "source": "ajuntament-arbrat-viari"}}, {"type": "Feature", "geometry": {"type": "Point", "coordinates": [2.157978, 41.382476]}, "properties": {"codi": "0088587AR", "species": "Platanus \u00d7 acerifolia", "address": "C\\ Comte d'Urgell, 63", "categoria_arbrat": "SEGONA", "emission_weight": 0.65, "source": "ajuntament-arbrat-viari"}}, {"type": "Feature", "geometry": {"type": "Point", "coordinates": [2.152396, 41.384236]}, "properties": {"codi": "0088592AR", "species": "Platanus \u00d7 acerifolia", "address": "Av Roma, 98", "categoria_arbrat": "TERCERA", "emission_weight": 0.45, "source": "ajuntament-arbrat-viari"}}, {"type": "Feature", "geometry": {"type": "Point", "coordinates": [2.152952, 41.384477]}, "properties": {"codi": "0088611AR", "species": "Platanus \u00d7 acerifolia", "address": "Av Roma, 112", "categoria_arbrat": "SEGONA", "emission_weight": 0.65, "source": "ajuntament-arbrat-viari"}}, {"type": "Feature", "geometry": {"type": "Point", "coordinates": [2.154308, 41.382446]}, "properties": {"codi": "0088624AR", "species": "Platanus \u00d7 acerifolia", "address": "C\\ Consell de Cent, 153", "categoria_arbrat": "SEGONA", "emission_weight": 0.65, "source": "ajuntament-arbrat-viari"}}, {"type": "Feature", "geometry": {"type": "Point", "coordinates": [2.149036, 41.385995]}, "properties": {"codi": "0088660AR", "species": "Platanus \u00d7 acerifolia", "address": "C\\ Viladomat, 226", "categoria_arbrat": "TERCERA", "emission_weight": 0.45, "source": "ajuntament-arbrat-viari"}}, {"type": "Feature", "geometry": {"type": "Point", "coordinates": [2.150053, 41.387901]}, "properties": {"codi": "0088662AR", "species": "Platanus \u00d7 acerifolia", "address": "C\\ Rossell\u00f3, 109", "categoria_arbrat": "TERCERA", "emission_weight": 0.45, "source": "ajuntament-arbrat-viari"}}, {"type": "Feature", "geometry": {"type": "Point", "coordinates": [2.15022, 41.383248]}, "properties": {"codi": "0088672AR", "species": "Platanus \u00d7 acerifolia", "address": "C\\ Cal\u00e0bria, 183", "categoria_arbrat": "EXEMPLAR", "emission_weight": 1.0, "source": "ajuntament-arbrat-viari"}}, {"type": "Feature", "geometry": {"type": "Point", "coordinates": [2.149389, 41.388953]}, "properties": {"codi": "0088673AR", "species": "Platanus \u00d7 acerifolia", "address": "C\\ Comte d'Urgell, 173", "categoria_arbrat": "EXEMPLAR", "emission_weight": 1.0, "source": "ajuntament-arbrat-viari"}}, {"type": "Feature", "geometry": {"type": "Point", "coordinates": [2.15368, 41.383669]}, "properties": {"codi": "0088696AR", "species": "Platanus \u00d7 acerifolia", "address": "C\\ Arag\u00f3, 104", "categoria_arbrat": "TERCERA", "emission_weight": 0.45, "source": "ajuntament-arbrat-viari"}}, {"type": "Feature", "geometry": {"type": "Point", "coordinates": [2.153264, 41.386018]}, "properties": {"codi": "0088737AR", "species": "Platanus \u00d7 acerifolia", "address": "C\\ Comte d'Urgell, 131", "categoria_arbrat": "SEGONA", "emission_weight": 0.65, "source": "ajuntament-arbrat-viari"}}, {"type": "Feature", "geometry": {"type": "Point", "coordinates": [2.14917, 41.387237]}, "properties": {"codi": "0088741AR", "species": "Platanus \u00d7 acerifolia", "address": "C\\ Rossell\u00f3, 109", "categoria_arbrat": "EXEMPLAR", "emission_weight": 1.0, "source": "ajuntament-arbrat-viari"}}, {"type": "Feature", "geometry": {"type": "Point", "coordinates": [2.152175, 41.384581]}, "properties": {"codi": "0088747AR", "species": "Platanus \u00d7 acerifolia", "address": "Av Roma, 105", "categoria_arbrat": "EXEMPLAR", "emission_weight": 1.0, "source": "ajuntament-arbrat-viari"}}, {"type": "Feature", "geometry": {"type": "Point", "coordinates": [2.150781, 41.38453]}, "properties": {"codi": "0088753AR", "species": "Platanus \u00d7 acerifolia", "address": "C\\ Viladomat, 203", "categoria_arbrat": "TERCERA", "emission_weight": 0.45, "source": "ajuntament-arbrat-viari"}}, {"type": "Feature", "geometry": {"type": "Point", "coordinates": [2.158177, 41.382326]}, "properties": {"codi": "0088766AR", "species": "Platanus \u00d7 acerifolia", "address": "C\\ Comte d'Urgell, 59", "categoria_arbrat": "EXEMPLAR", "emission_weight": 1.0, "source": "ajuntament-arbrat-viari"}}, {"type": "Feature", "geometry": {"type": "Point", "coordinates": [2.15258, 41.384316]}, "properties": {"codi": "0088774AR", "species": "Platanus \u00d7 acerifolia", "address": "Av Roma, 98", "categoria_arbrat": "SEGONA", "emission_weight": 0.65, "source": "ajuntament-arbrat-viari"}}, {"type": "Feature", "geometry": {"type": "Point", "coordinates": [2.15167, 41.384368]}, "properties": {"codi": "0088775AR", "species": "Platanus \u00d7 acerifolia", "address": "Av Roma, 97", "categoria_arbrat": "TERCERA", "emission_weight": 0.45, "source": "ajuntament-arbrat-viari"}}, {"type": "Feature", "geometry": {"type": "Point", "coordinates": [2.149993, 41.387855]}, "properties": {"codi": "0088779AR", "species": "Platanus \u00d7 acerifolia", "address": "C\\ Rossell\u00f3, 109", "categoria_arbrat": "TERCERA", "emission_weight": 0.45, "source": "ajuntament-arbrat-viari"}}, {"type": "Feature", "geometry": {"type": "Point", "coordinates": [2.151818, 41.38375]}, "properties": {"codi": "0088784AR", "species": "Platanus \u00d7 acerifolia", "address": "C\\ Viladomat, 197", "categoria_arbrat": "EXEMPLAR", "emission_weight": 1.0, "source": "ajuntament-arbrat-viari"}}, {"type": "Feature", "geometry": {"type": "Point", "coordinates": [2.150258, 41.382786]}, "properties": {"codi": "0088792AR", "species": "Platanus \u00d7 acerifolia", "address": "C\\ Val\u00e8ncia, 96", "categoria_arbrat": "EXEMPLAR", "emission_weight": 1.0, "source": "ajuntament-arbrat-viari"}}, {"type": "Feature", "geometry": {"type": "Point", "coordinates": [2.153904, 41.384895]}, "properties": {"codi": "0088793AR", "species": "Platanus \u00d7 acerifolia", "address": "Av Roma, 120", "categoria_arbrat": "TERCERA", "emission_weight": 0.45, "source": "ajuntament-arbrat-viari"}}, {"type": "Feature", "geometry": {"type": "Point", "coordinates": [2.152134, 41.385371]}, "properties": {"codi": "0088796AR", "species": "Platanus \u00d7 acerifolia", "address": "C\\ Comte Borrell, 196", "categoria_arbrat": "EXEMPLAR", "emission_weight": 1.0, "source": "ajuntament-arbrat-viari"}}, {"type": "Feature", "geometry": {"type": "Point", "coordinates": [2.154091, 41.384979]}, "properties": {"codi": "0088832AR", "species": "Platanus \u00d7 acerifolia", "address": "Av Roma, 126", "categoria_arbrat": "TERCERA", "emission_weight": 0.45, "source": "ajuntament-arbrat-viari"}}, {"type": "Feature", "geometry": {"type": "Point", "coordinates": [2.151914, 41.383828]}, "properties": {"codi": "0088837AR", "species": "Platanus \u00d7 acerifolia", "address": "C\\ Viladomat, 184", "categoria_arbrat": "TERCERA", "emission_weight": 0.45, "source": "ajuntament-arbrat-viari"}}, {"type": "Feature", "geometry": {"type": "Point", "coordinates": [2.150889, 41.384445]}, "properties": {"codi": "0088846AR", "species": "Platanus \u00d7 acerifolia", "address": "C\\ Viladomat, 201", "categoria_arbrat": "TERCERA", "emission_weight": 0.45, "source": "ajuntament-arbrat-viari"}}, {"type": "Feature", "geometry": {"type": "Point", "coordinates": [2.149678, 41.383493]}, "properties": {"codi": "0088865AR", "species": "Platanus \u00d7 acerifolia", "address": "Av Roma, 71", "categoria_arbrat": "TERCERA", "emission_weight": 0.45, "source": "ajuntament-arbrat-viari"}}, {"type": "Feature", "geometry": {"type": "Point", "coordinates": [2.151265, 41.387538]}, "properties": {"codi": "0088895AR", "species": "Platanus \u00d7 acerifolia", "address": "C\\ Comte d'Urgell, 155", "categoria_arbrat": "PRIMERA", "emission_weight": 0.85, "source": "ajuntament-arbrat-viari"}}, {"type": "Feature", "geometry": {"type": "Point", "coordinates": [2.152237, 41.385979]}, "properties": {"codi": "0088915AR", "species": "Platanus \u00d7 acerifolia", "address": "C\\ Mallorca, 104", "categoria_arbrat": "SEGONA", "emission_weight": 0.65, "source": "ajuntament-arbrat-viari"}}, {"type": "Feature", "geometry": {"type": "Point", "coordinates": [2.150569, 41.3846]}, "properties": {"codi": "0088917AR", "species": "Platanus \u00d7 acerifolia", "address": "C\\ Mallorca, 78", "categoria_arbrat": "TERCERA", "emission_weight": 0.45, "source": "ajuntament-arbrat-viari"}}, {"type": "Feature", "geometry": {"type": "Point", "coordinates": [2.150186, 41.382734]}, "properties": {"codi": "0088925AR", "species": "Platanus \u00d7 acerifolia", "address": "C\\ Val\u00e8ncia, 96", "categoria_arbrat": "TERCERA", "emission_weight": 0.45, "source": "ajuntament-arbrat-viari"}}, {"type": "Feature", "geometry": {"type": "Point", "coordinates": [2.15162, 41.382409]}, "properties": {"codi": "0088927AR", "species": "Platanus \u00d7 acerifolia", "address": "C\\ Arag\u00f3, 101", "categoria_arbrat": "SEGONA", "emission_weight": 0.65, "source": "ajuntament-arbrat-viari"}}, {"type": "Feature", "geometry": {"type": "Point", "coordinates": [2.154247, 41.384097]}, "properties": {"codi": "0088939AR", "species": "Platanus \u00d7 acerifolia", "address": "C\\ Arag\u00f3, 108", "categoria_arbrat": "SEGONA", "emission_weight": 0.65, "source": "ajuntament-arbrat-viari"}}, {"type": "Feature", "geometry": {"type": "Point", "coordinates": [2.157912, 41.382526]}, "properties": {"codi": "0088944AR", "species": "Platanus \u00d7 acerifolia", "address": "C\\ Comte d'Urgell, 65", "categoria_arbrat": "TERCERA", "emission_weight": 0.45, "source": "ajuntament-arbrat-viari"}}, {"type": "Feature", "geometry": {"type": "Point", "coordinates": [2.153192, 41.38608]}, "properties": {"codi": "0088954AR", "species": "Platanus \u00d7 acerifolia", "address": "C\\ Comte d'Urgell, 133", "categoria_arbrat": "SEGONA", "emission_weight": 0.65, "source": "ajuntament-arbrat-viari"}}, {"type": "Feature", "geometry": {"type": "Point", "coordinates": [2.149471, 41.383749]}, "properties": {"codi": "0088972AR", "species": "Platanus \u00d7 acerifolia", "address": "C\\ Mallorca, 56", "categoria_arbrat": "EXEMPLAR", "emission_weight": 1.0, "source": "ajuntament-arbrat-viari"}}, {"type": "Feature", "geometry": {"type": "Point", "coordinates": [2.155564, 41.382778]}, "properties": {"codi": "0088974AR", "species": "Platanus \u00d7 acerifolia", "address": "C\\ Comte Borrell, 148", "categoria_arbrat": "SEGONA", "emission_weight": 0.65, "source": "ajuntament-arbrat-viari"}}, {"type": "Feature", "geometry": {"type": "Point", "coordinates": [2.14931, 41.382894]}, "properties": {"codi": "0089012AR", "species": "Platanus \u00d7 acerifolia", "address": "Av Roma, 76", "categoria_arbrat": "PRIMERA", "emission_weight": 0.85, "source": "ajuntament-arbrat-viari"}}, {"type": "Feature", "geometry": {"type": "Point", "coordinates": [2.153248, 41.382828]}, "properties": {"codi": "0089022AR", "species": "Platanus \u00d7 acerifolia", "address": "C\\ Viladomat, 158", "categoria_arbrat": "EXEMPLAR", "emission_weight": 1.0, "source": "ajuntament-arbrat-viari"}}, {"type": "Feature", "geometry": {"type": "Point", "coordinates": [2.151094, 41.385267]}, "properties": {"codi": "0089025AR", "species": "Platanus \u00d7 acerifolia", "address": "C\\ Mallorca, 83", "categoria_arbrat": "TERCERA", "emission_weight": 0.45, "source": "ajuntament-arbrat-viari"}}, {"type": "Feature", "geometry": {"type": "Point", "coordinates": [2.152265, 41.386783]}, "properties": {"codi": "0089028AR", "species": "Platanus \u00d7 acerifolia", "address": "C\\ Comte d'Urgell, 145", "categoria_arbrat": "SEGONA", "emission_weight": 0.65, "source": "ajuntament-arbrat-viari"}}, {"type": "Feature", "geometry": {"type": "Point", "coordinates": [2.150783, 41.38474]}, "properties": {"codi": "0089033AR", "species": "Platanus \u00d7 acerifolia", "address": "C\\ Mallorca, 80", "categoria_arbrat": "TERCERA", "emission_weight": 0.45, "source": "ajuntament-arbrat-viari"}}, {"type": "Feature", "geometry": {"type": "Point", "coordinates": [2.150758, 41.385015]}, "properties": {"codi": "0089041AR", "species": "Platanus \u00d7 acerifolia", "address": "C\\ Mallorca, 77", "categoria_arbrat": "SEGONA", "emission_weight": 0.65, "source": "ajuntament-arbrat-viari"}}, {"type": "Feature", "geometry": {"type": "Point", "coordinates": [2.150911, 41.384579]}, "properties": {"codi": "0089045AR", "species": "Platanus \u00d7 acerifolia", "address": "C\\ Viladomat, 198", "categoria_arbrat": "TERCERA", "emission_weight": 0.45, "source": "ajuntament-arbrat-viari"}}, {"type": "Feature", "geometry": {"type": "Point", "coordinates": [2.15236, 41.38466]}, "properties": {"codi": "0089062AR", "species": "Platanus \u00d7 acerifolia", "address": "Av Roma, 109", "categoria_arbrat": "TERCERA", "emission_weight": 0.45, "source": "ajuntament-arbrat-viari"}}, {"type": "Feature", "geometry": {"type": "Point", "coordinates": [2.153202, 41.383455]}, "properties": {"codi": "0089086AR", "species": "Platanus \u00d7 acerifolia", "address": "C\\ Arag\u00f3, 121", "categoria_arbrat": "TERCERA", "emission_weight": 0.45, "source": "ajuntament-arbrat-viari"}}, {"type": "Feature", "geometry": {"type": "Point", "coordinates": [2.151139, 41.385969]}, "properties": {"codi": "0089109AR", "species": "Platanus \u00d7 acerifolia", "address": "C\\ Comte Borrell, 223", "categoria_arbrat": "SEGONA", "emission_weight": 0.65, "source": "ajuntament-arbrat-viari"}}, {"type": "Feature", "geometry": {"type": "Point", "coordinates": [2.149211, 41.382001]}, "properties": {"codi": "0089117AR", "species": "Platanus \u00d7 acerifolia", "address": "C\\ Val\u00e8ncia, 78", "categoria_arbrat": "EXEMPLAR", "emission_weight": 1.0, "source": "ajuntament-arbrat-viari"}}, {"type": "Feature", "geometry": {"type": "Point", "coordinates": [2.154348, 41.382619]}, "properties": {"codi": "0089131AR", "species": "Platanus \u00d7 acerifolia", "address": "C\\ Consell de Cent, 157", "categoria_arbrat": "EXEMPLAR", "emission_weight": 1.0, "source": "ajuntament-arbrat-viari"}}, {"type": "Feature", "geometry": {"type": "Point", "coordinates": [2.149878, 41.38763]}, "properties": {"codi": "0089137AR", "species": "Platanus \u00d7 acerifolia", "address": "C\\ Rossell\u00f3, 94", "categoria_arbrat": "SEGONA", "emission_weight": 0.65, "source": "ajuntament-arbrat-viari"}}, {"type": "Feature", "geometry": {"type": "Point", "coordinates": [2.153385, 41.385289]}, "properties": {"codi": "0089139AR", "species": "Platanus \u00d7 acerifolia", "address": "C\\ Val\u00e8ncia, 87", "categoria_arbrat": "TERCERA", "emission_weight": 0.45, "source": "ajuntament-arbrat-viari"}}, {"type": "Feature", "geometry": {"type": "Point", "coordinates": [2.154742, 41.382918]}, "properties": {"codi": "0089144AR", "species": "Platanus \u00d7 acerifolia", "address": "C\\ Consell de Cent, 163", "categoria_arbrat": "EXEMPLAR", "emission_weight": 1.0, "source": "ajuntament-arbrat-viari"}}, {"type": "Feature", "geometry": {"type": "Point", "coordinates": [2.158228, 41.38208]}, "properties": {"codi": "0089157AR", "species": "Platanus \u00d7 acerifolia", "address": "G.V. Corts Catalanes, 523", "categoria_arbrat": "EXEMPLAR", "emission_weight": 1.0, "source": "ajuntament-arbrat-viari"}}, {"type": "Feature", "geometry": {"type": "Point", "coordinates": [2.154142, 41.384162]}, "properties": {"codi": "0089174AR", "species": "Platanus \u00d7 acerifolia", "address": "C\\ Arag\u00f3, 129", "categoria_arbrat": "EXEMPLAR", "emission_weight": 1.0, "source": "ajuntament-arbrat-viari"}}, {"type": "Feature", "geometry": {"type": "Point", "coordinates": [2.152406, 41.386681]}, "properties": {"codi": "0089190AR", "species": "Platanus \u00d7 acerifolia", "address": "C\\ Comte d'Urgell, 143", "categoria_arbrat": "PRIMERA", "emission_weight": 0.85, "source": "ajuntament-arbrat-viari"}}, {"type": "Feature", "geometry": {"type": "Point", "coordinates": [2.150268, 41.38814]}, "properties": {"codi": "0089196AR", "species": "Platanus \u00d7 acerifolia", "address": "C\\ Rossell\u00f3, 109", "categoria_arbrat": "EXEMPLAR", "emission_weight": 1.0, "source": "ajuntament-arbrat-viari"}}, {"type": "Feature", "geometry": {"type": "Point", "coordinates": [2.153047, 41.386187]}, "properties": {"codi": "0089208AR", "species": "Platanus \u00d7 acerifolia", "address": "C\\ Comte d'Urgell, 135", "categoria_arbrat": "SEGONA", "emission_weight": 0.65, "source": "ajuntament-arbrat-viari"}}, {"type": "Feature", "geometry": {"type": "Point", "coordinates": [2.152193, 41.38684]}, "properties": {"codi": "0089245AR", "species": "Platanus \u00d7 acerifolia", "address": "C\\ Comte d'Urgell, 145", "categoria_arbrat": "PRIMERA", "emission_weight": 0.85, "source": "ajuntament-arbrat-viari"}}, {"type": "Feature", "geometry": {"type": "Point", "coordinates": [2.154072, 41.382416]}, "properties": {"codi": "0089274AR", "species": "Platanus \u00d7 acerifolia", "address": "C\\ Consell de Cent, 149", "categoria_arbrat": "EXEMPLAR", "emission_weight": 1.0, "source": "ajuntament-arbrat-viari"}}, {"type": "Feature", "geometry": {"type": "Point", "coordinates": [2.150275, 41.383194]}, "properties": {"codi": "0089299AR", "species": "Platanus \u00d7 acerifolia", "address": "C\\ Cal\u00e0bria, 183", "categoria_arbrat": "TERCERA", "emission_weight": 0.45, "source": "ajuntament-arbrat-viari"}}, {"type": "Feature", "geometry": {"type": "Point", "coordinates": [2.157713, 41.382679]}, "properties": {"codi": "0089318AR", "species": "Platanus \u00d7 acerifolia", "address": "C\\ Comte d'Urgell, 69", "categoria_arbrat": "EXEMPLAR", "emission_weight": 1.0, "source": "ajuntament-arbrat-viari"}}, {"type": "Feature", "geometry": {"type": "Point", "coordinates": [2.152725, 41.386282]}, "properties": {"codi": "0089334AR", "species": "Platanus \u00d7 acerifolia", "address": "C\\ Mallorca, 118", "categoria_arbrat": "TERCERA", "emission_weight": 0.45, "source": "ajuntament-arbrat-viari"}}, {"type": "Feature", "geometry": {"type": "Point", "coordinates": [2.149376, 41.382052]}, "properties": {"codi": "0089340AR", "species": "Platanus \u00d7 acerifolia", "address": "C\\ Val\u00e8ncia, 80", "categoria_arbrat": "EXEMPLAR", "emission_weight": 1.0, "source": "ajuntament-arbrat-viari"}}, {"type": "Feature", "geometry": {"type": "Point", "coordinates": [2.15418, 41.382346]}, "properties": {"codi": "0089343AR", "species": "Platanus \u00d7 acerifolia", "address": "C\\ Consell de Cent, 149", "categoria_arbrat": "SEGONA", "emission_weight": 0.65, "source": "ajuntament-arbrat-viari"}}, {"type": "Feature", "geometry": {"type": "Point", "coordinates": [2.152999, 41.386223]}, "properties": {"codi": "0089346AR", "species": "Platanus \u00d7 acerifolia", "address": "C\\ Comte d'Urgell, 135", "categoria_arbrat": "SEGONA", "emission_weight": 0.65, "source": "ajuntament-arbrat-viari"}}, {"type": "Feature", "geometry": {"type": "Point", "coordinates": [2.15751, 41.382831]}, "properties": {"codi": "0089382AR", "species": "Platanus \u00d7 acerifolia", "address": "C\\ Comte d'Urgell, 73", "categoria_arbrat": "SEGONA", "emission_weight": 0.65, "source": "ajuntament-arbrat-viari"}}, {"type": "Feature", "geometry": {"type": "Point", "coordinates": [2.149104, 41.389166]}, "properties": {"codi": "0089417AR", "species": "Platanus \u00d7 acerifolia", "address": "C\\ Comte d'Urgell, 189", "categoria_arbrat": "PRIMERA", "emission_weight": 0.85, "source": "ajuntament-arbrat-viari"}}, {"type": "Feature", "geometry": {"type": "Point", "coordinates": [2.149127, 41.384227]}, "properties": {"codi": "0089432AR", "species": "Platanus \u00d7 acerifolia", "address": "C\\ Cal\u00e0bria, 200", "categoria_arbrat": "SEGONA", "emission_weight": 0.65, "source": "ajuntament-arbrat-viari"}}, {"type": "Feature", "geometry": {"type": "Point", "coordinates": [2.15041, 41.383055]}, "properties": {"codi": "0089437AR", "species": "Platanus \u00d7 acerifolia", "address": "C\\ Val\u00e8ncia, 75", "categoria_arbrat": "EXEMPLAR", "emission_weight": 1.0, "source": "ajuntament-arbrat-viari"}}, {"type": "Feature", "geometry": {"type": "Point", "coordinates": [2.149558, 41.383744]}, "properties": {"codi": "0089452AR", "species": "Platanus \u00d7 acerifolia", "address": "C\\ Mallorca, 56", "categoria_arbrat": "EXEMPLAR", "emission_weight": 1.0, "source": "ajuntament-arbrat-viari"}}, {"type": "Feature", "geometry": {"type": "Point", "coordinates": [2.149201, 41.383692]}, "properties": {"codi": "0089490AR", "species": "Platanus \u00d7 acerifolia", "address": "C\\ Mallorca, 58", "categoria_arbrat": "TERCERA", "emission_weight": 0.45, "source": "ajuntament-arbrat-viari"}}, {"type": "Feature", "geometry": {"type": "Point", "coordinates": [2.152475, 41.382913]}, "properties": {"codi": "0089493AR", "species": "Platanus \u00d7 acerifolia", "address": "C\\ Arag\u00f3, 115", "categoria_arbrat": "SEGONA", "emission_weight": 0.65, "source": "ajuntament-arbrat-viari"}}, {"type": "Feature", "geometry": {"type": "Point", "coordinates": [2.153576, 41.382038]}, "properties": {"codi": "0089520AR", "species": "Platanus \u00d7 acerifolia", "address": "C\\ Consell de Cent, 143", "categoria_arbrat": "TERCERA", "emission_weight": 0.45, "source": "ajuntament-arbrat-viari"}}, {"type": "Feature", "geometry": {"type": "Point", "coordinates": [2.149276, 41.38904]}, "properties": {"codi": "0089522AR", "species": "Platanus \u00d7 acerifolia", "address": "C\\ Comte d'Urgell, 185", "categoria_arbrat": "EXEMPLAR", "emission_weight": 1.0, "source": "ajuntament-arbrat-viari"}}, {"type": "Feature", "geometry": {"type": "Point", "coordinates": [2.15059, 41.384962]}, "properties": {"codi": "0089532AR", "species": "Platanus \u00d7 acerifolia", "address": "C\\ Mallorca, 77", "categoria_arbrat": "TERCERA", "emission_weight": 0.45, "source": "ajuntament-arbrat-viari"}}, {"type": "Feature", "geometry": {"type": "Point", "coordinates": [2.155259, 41.38287]}, "properties": {"codi": "0089534AR", "species": "Platanus \u00d7 acerifolia", "address": "C\\ Comte Borrell, 152", "categoria_arbrat": "SEGONA", "emission_weight": 0.65, "source": "ajuntament-arbrat-viari"}}, {"type": "Feature", "geometry": {"type": "Point", "coordinates": [2.153326, 41.384532]}, "properties": {"codi": "0089539AR", "species": "Platanus \u00d7 acerifolia", "address": "Av Roma, 114", "categoria_arbrat": "SEGONA", "emission_weight": 0.65, "source": "ajuntament-arbrat-viari"}}, {"type": "Feature", "geometry": {"type": "Point", "coordinates": [2.149661, 41.382119]}, "properties": {"codi": "0089554AR", "species": "Platanus \u00d7 acerifolia", "address": "C\\ Val\u00e8ncia, 32", "categoria_arbrat": "TERCERA", "emission_weight": 0.45, "source": "ajuntament-arbrat-viari"}}, {"type": "Feature", "geometry": {"type": "Point", "coordinates": [2.14972, 41.387509]}, "properties": {"codi": "0089599AR", "species": "Platanus \u00d7 acerifolia", "address": "C\\ Rossell\u00f3, 90", "categoria_arbrat": "SEGONA", "emission_weight": 0.65, "source": "ajuntament-arbrat-viari"}}, {"type": "Feature", "geometry": {"type": "Point", "coordinates": [2.149249, 41.383311]}, "properties": {"codi": "0089602AR", "species": "Platanus \u00d7 acerifolia", "address": "Av Roma, 55", "categoria_arbrat": "EXEMPLAR", "emission_weight": 1.0, "source": "ajuntament-arbrat-viari"}}, {"type": "Feature", "geometry": {"type": "Point", "coordinates": [2.153573, 41.385434]}, "properties": {"codi": "0089609AR", "species": "Platanus \u00d7 acerifolia", "address": "C\\ Val\u00e8ncia, 95", "categoria_arbrat": "SEGONA", "emission_weight": 0.65, "source": "ajuntament-arbrat-viari"}}, {"type": "Feature", "geometry": {"type": "Point", "coordinates": [2.154309, 41.384144]}, "properties": {"codi": "0089610AR", "species": "Platanus \u00d7 acerifolia", "address": "C\\ Arag\u00f3, 110", "categoria_arbrat": "TERCERA", "emission_weight": 0.45, "source": "ajuntament-arbrat-viari"}}, {"type": "Feature", "geometry": {"type": "Point", "coordinates": [2.149221, 41.38908]}, "properties": {"codi": "0089613AR", "species": "Platanus \u00d7 acerifolia", "address": "C\\ Comte d'Urgell, 187", "categoria_arbrat": "EXEMPLAR", "emission_weight": 1.0, "source": "ajuntament-arbrat-viari"}}, {"type": "Feature", "geometry": {"type": "Point", "coordinates": [2.150157, 41.38515]}, "properties": {"codi": "0089617AR", "species": "Platanus \u00d7 acerifolia", "address": "C\\ Viladomat, 208", "categoria_arbrat": "TERCERA", "emission_weight": 0.45, "source": "ajuntament-arbrat-viari"}}, {"type": "Feature", "geometry": {"type": "Point", "coordinates": [2.153137, 41.383409]}, "properties": {"codi": "0089618AR", "species": "Platanus \u00d7 acerifolia", "address": "C\\ Arag\u00f3, 121", "categoria_arbrat": "TERCERA", "emission_weight": 0.45, "source": "ajuntament-arbrat-viari"}}, {"type": "Feature", "geometry": {"type": "Point", "coordinates": [2.153635, 41.384091]}, "properties": {"codi": "0089641AR", "species": "Platanus \u00d7 acerifolia", "address": "C\\ Comte Borrell, 177", "categoria_arbrat": "EXEMPLAR", "emission_weight": 1.0, "source": "ajuntament-arbrat-viari"}}, {"type": "Feature", "geometry": {"type": "Point", "coordinates": [2.151394, 41.385491]}, "properties": {"codi": "0089646AR", "species": "Platanus \u00d7 acerifolia", "address": "C\\ Mallorca, 93", "categoria_arbrat": "TERCERA", "emission_weight": 0.45, "source": "ajuntament-arbrat-viari"}}, {"type": "Feature", "geometry": {"type": "Point", "coordinates": [2.14964, 41.382477]}, "properties": {"codi": "0089648AR", "species": "Platanus \u00d7 acerifolia", "address": "C\\ Val\u00e8ncia, 59", "categoria_arbrat": "EXEMPLAR", "emission_weight": 1.0, "source": "ajuntament-arbrat-viari"}}, {"type": "Feature", "geometry": {"type": "Point", "coordinates": [2.149271, 41.383745]}, "properties": {"codi": "0089649AR", "species": "Platanus \u00d7 acerifolia", "address": "C\\ Mallorca, 44", "categoria_arbrat": "TERCERA", "emission_weight": 0.45, "source": "ajuntament-arbrat-viari"}}, {"type": "Feature", "geometry": {"type": "Point", "coordinates": [2.153513, 41.38369]}, "properties": {"codi": "0089652AR", "species": "Platanus \u00d7 acerifolia", "address": "C\\ Arag\u00f3, 121", "categoria_arbrat": "EXEMPLAR", "emission_weight": 1.0, "source": "ajuntament-arbrat-viari"}}, {"type": "Feature", "geometry": {"type": "Point", "coordinates": [2.15032, 41.386731]}, "properties": {"codi": "0089654AR", "species": "Platanus \u00d7 acerifolia", "address": "C\\ Comte Borrell, 228", "categoria_arbrat": "EXEMPLAR", "emission_weight": 1.0, "source": "ajuntament-arbrat-viari"}}, {"type": "Feature", "geometry": {"type": "Point", "coordinates": [2.151867, 41.383868]}, "properties": {"codi": "0089655AR", "species": "Platanus \u00d7 acerifolia", "address": "Av Roma, 94", "categoria_arbrat": "TERCERA", "emission_weight": 0.45, "source": "ajuntament-arbrat-viari"}}, {"type": "Feature", "geometry": {"type": "Point", "coordinates": [2.152545, 41.386505]}, "properties": {"codi": "0089665AR", "species": "Platanus \u00d7 acerifolia", "address": "C\\ Mallorca, 111", "categoria_arbrat": "EXEMPLAR", "emission_weight": 1.0, "source": "ajuntament-arbrat-viari"}}, {"type": "Feature", "geometry": {"type": "Point", "coordinates": [2.149108, 41.38719]}, "properties": {"codi": "0089696AR", "species": "Platanus \u00d7 acerifolia", "address": "C\\ Rossell\u00f3, 109", "categoria_arbrat": "EXEMPLAR", "emission_weight": 1.0, "source": "ajuntament-arbrat-viari"}}, {"type": "Feature", "geometry": {"type": "Point", "coordinates": [2.153318, 41.38464]}, "properties": {"codi": "0089702AR", "species": "Platanus \u00d7 acerifolia", "address": "Av Roma, 114", "categoria_arbrat": "SEGONA", "emission_weight": 0.65, "source": "ajuntament-arbrat-viari"}}, {"type": "Feature", "geometry": {"type": "Point", "coordinates": [2.152766, 41.384397]}, "properties": {"codi": "0089713AR", "species": "Platanus \u00d7 acerifolia", "address": "Av Roma, 108", "categoria_arbrat": "SEGONA", "emission_weight": 0.65, "source": "ajuntament-arbrat-viari"}}, {"type": "Feature", "geometry": {"type": "Point", "coordinates": [2.153337, 41.385973]}, "properties": {"codi": "0089749AR", "species": "Platanus \u00d7 acerifolia", "address": "C\\ Comte d'Urgell, 129", "categoria_arbrat": "SEGONA", "emission_weight": 0.65, "source": "ajuntament-arbrat-viari"}}, {"type": "Feature", "geometry": {"type": "Point", "coordinates": [2.154178, 41.382271]}, "properties": {"codi": "0089753AR", "species": "Platanus \u00d7 acerifolia", "address": "C\\ Consell de Cent, 148", "categoria_arbrat": "EXEMPLAR", "emission_weight": 1.0, "source": "ajuntament-arbrat-viari"}}, {"type": "Feature", "geometry": {"type": "Point", "coordinates": [2.157848, 41.38258]}, "properties": {"codi": "0089756AR", "species": "Platanus \u00d7 acerifolia", "address": "C\\ Comte d'Urgell, 67", "categoria_arbrat": "PRIMERA", "emission_weight": 0.85, "source": "ajuntament-arbrat-viari"}}, {"type": "Feature", "geometry": {"type": "Point", "coordinates": [2.15254, 41.386417]}, "properties": {"codi": "0089757AR", "species": "Platanus \u00d7 acerifolia", "address": "C\\ Mallorca, 109", "categoria_arbrat": "SEGONA", "emission_weight": 0.65, "source": "ajuntament-arbrat-viari"}}, {"type": "Feature", "geometry": {"type": "Point", "coordinates": [2.151379, 41.382085]}, "properties": {"codi": "0089777AR", "species": "Platanus \u00d7 acerifolia", "address": "C\\ Arag\u00f3, 97", "categoria_arbrat": "EXEMPLAR", "emission_weight": 1.0, "source": "ajuntament-arbrat-viari"}}, {"type": "Feature", "geometry": {"type": "Point", "coordinates": [2.14916, 41.389126]}, "properties": {"codi": "0089778AR", "species": "Platanus \u00d7 acerifolia", "address": "C\\ Comte d'Urgell, 215", "categoria_arbrat": "EXEMPLAR", "emission_weight": 1.0, "source": "ajuntament-arbrat-viari"}}, {"type": "Feature", "geometry": {"type": "Point", "coordinates": [2.150397, 41.384594]}, "properties": {"codi": "0089780AR", "species": "Platanus \u00d7 acerifolia", "address": "C\\ Mallorca, 62", "categoria_arbrat": "EXEMPLAR", "emission_weight": 1.0, "source": "ajuntament-arbrat-viari"}}, {"type": "Feature", "geometry": {"type": "Point", "coordinates": [2.152672, 41.384357]}, "properties": {"codi": "0089792AR", "species": "Platanus \u00d7 acerifolia", "address": "Av Roma, 98", "categoria_arbrat": "SEGONA", "emission_weight": 0.65, "source": "ajuntament-arbrat-viari"}}, {"type": "Feature", "geometry": {"type": "Point", "coordinates": [2.152456, 41.383423]}, "properties": {"codi": "0089795AR", "species": "Platanus \u00d7 acerifolia", "address": "C\\ Viladomat, 172", "categoria_arbrat": "TERCERA", "emission_weight": 0.45, "source": "ajuntament-arbrat-viari"}}, {"type": "Feature", "geometry": {"type": "Point", "coordinates": [2.150693, 41.384595]}, "properties": {"codi": "0089805AR", "species": "Platanus \u00d7 acerifolia", "address": "C\\ Mallorca, 78", "categoria_arbrat": "TERCERA", "emission_weight": 0.45, "source": "ajuntament-arbrat-viari"}}, {"type": "Feature", "geometry": {"type": "Point", "coordinates": [2.149698, 41.384217]}, "properties": {"codi": "0089816AR", "species": "Platanus \u00d7 acerifolia", "address": "C\\ Mallorca, 59", "categoria_arbrat": "TERCERA", "emission_weight": 0.45, "source": "ajuntament-arbrat-viari"}}, {"type": "Feature", "geometry": {"type": "Point", "coordinates": [2.149878, 41.383659]}, "properties": {"codi": "0089820AR", "species": "Platanus \u00d7 acerifolia", "address": "C\\ Cal\u00e0bria, 184", "categoria_arbrat": "EXEMPLAR", "emission_weight": 1.0, "source": "ajuntament-arbrat-viari"}}, {"type": "Feature", "geometry": {"type": "Point", "coordinates": [2.153583, 41.383747]}, "properties": {"codi": "0089822AR", "species": "Platanus \u00d7 acerifolia", "address": "C\\ Arag\u00f3, 123", "categoria_arbrat": "EXEMPLAR", "emission_weight": 1.0, "source": "ajuntament-arbrat-viari"}}, {"type": "Feature", "geometry": {"type": "Point", "coordinates": [2.153663, 41.385723]}, "properties": {"codi": "0089823AR", "species": "Platanus \u00d7 acerifolia", "address": "C\\ Comte d'Urgell, 125", "categoria_arbrat": "SEGONA", "emission_weight": 0.65, "source": "ajuntament-arbrat-viari"}}, {"type": "Feature", "geometry": {"type": "Point", "coordinates": [2.151571, 41.38433]}, "properties": {"codi": "0089840AR", "species": "Platanus \u00d7 acerifolia", "address": "Av Roma, 93", "categoria_arbrat": "SEGONA", "emission_weight": 0.65, "source": "ajuntament-arbrat-viari"}}, {"type": "Feature", "geometry": {"type": "Point", "coordinates": [2.151155, 41.384394]}, "properties": {"codi": "0089859AR", "species": "Platanus \u00d7 acerifolia", "address": "C\\ Viladomat, 188", "categoria_arbrat": "TERCERA", "emission_weight": 0.45, "source": "ajuntament-arbrat-viari"}}, {"type": "Feature", "geometry": {"type": "Point", "coordinates": [2.15251, 41.382783]}, "properties": {"codi": "0089870AR", "species": "Platanus \u00d7 acerifolia", "address": "C\\ Arag\u00f3, 84", "categoria_arbrat": "SEGONA", "emission_weight": 0.65, "source": "ajuntament-arbrat-viari"}}, {"type": "Feature", "geometry": {"type": "Point", "coordinates": [2.153741, 41.382445]}, "properties": {"codi": "0089871AR", "species": "Platanus \u00d7 acerifolia", "address": "C\\ Viladomat, 146", "categoria_arbrat": "TERCERA", "emission_weight": 0.45, "source": "ajuntament-arbrat-viari"}}, {"type": "Feature", "geometry": {"type": "Point", "coordinates": [2.154205, 41.382512]}, "properties": {"codi": "0089874AR", "species": "Platanus \u00d7 acerifolia", "address": "C\\ Consell de Cent, 153", "categoria_arbrat": "EXEMPLAR", "emission_weight": 1.0, "source": "ajuntament-arbrat-viari"}}, {"type": "Feature", "geometry": {"type": "Point", "coordinates": [2.150012, 41.383192]}, "properties": {"codi": "0089888AR", "species": "Platanus \u00d7 acerifolia", "address": "Av Roma, 90", "categoria_arbrat": "TERCERA", "emission_weight": 0.45, "source": "ajuntament-arbrat-viari"}}, {"type": "Feature", "geometry": {"type": "Point", "coordinates": [2.150476, 41.384961]}, "properties": {"codi": "0089889AR", "species": "Platanus \u00d7 acerifolia", "address": "C\\ Mallorca, 77", "categoria_arbrat": "TERCERA", "emission_weight": 0.45, "source": "ajuntament-arbrat-viari"}}, {"type": "Feature", "geometry": {"type": "Point", "coordinates": [2.150193, 41.384442]}, "properties": {"codi": "0089899AR", "species": "Platanus \u00d7 acerifolia", "address": "C\\ Mallorca, 62", "categoria_arbrat": "TERCERA", "emission_weight": 0.45, "source": "ajuntament-arbrat-viari"}}, {"type": "Feature", "geometry": {"type": "Point", "coordinates": [2.149984, 41.384286]}, "properties": {"codi": "0089912AR", "species": "Platanus \u00d7 acerifolia", "address": "C\\ Mallorca, 62", "categoria_arbrat": "TERCERA", "emission_weight": 0.45, "source": "ajuntament-arbrat-viari"}}, {"type": "Feature", "geometry": {"type": "Point", "coordinates": [2.154186, 41.385016]}, "properties": {"codi": "0089913AR", "species": "Platanus \u00d7 acerifolia", "address": "Av Roma, 126", "categoria_arbrat": "TERCERA", "emission_weight": 0.45, "source": "ajuntament-arbrat-viari"}}, {"type": "Feature", "geometry": {"type": "Point", "coordinates": [2.152527, 41.386355]}, "properties": {"codi": "0089930AR", "species": "Platanus \u00d7 acerifolia", "address": "C\\ Mallorca, 113", "categoria_arbrat": "TERCERA", "emission_weight": 0.45, "source": "ajuntament-arbrat-viari"}}, {"type": "Feature", "geometry": {"type": "Point", "coordinates": [2.149366, 41.382408]}, "properties": {"codi": "0089940AR", "species": "Platanus \u00d7 acerifolia", "address": "C\\ Val\u00e8ncia, 57", "categoria_arbrat": "TERCERA", "emission_weight": 0.45, "source": "ajuntament-arbrat-viari"}}, {"type": "Feature", "geometry": {"type": "Point", "coordinates": [2.151058, 41.38432]}, "properties": {"codi": "0089946AR", "species": "Platanus \u00d7 acerifolia", "address": "C\\ Viladomat, 199", "categoria_arbrat": "EXEMPLAR", "emission_weight": 1.0, "source": "ajuntament-arbrat-viari"}}, {"type": "Feature", "geometry": {"type": "Point", "coordinates": [2.153119, 41.386143]}, "properties": {"codi": "0089976AR", "species": "Platanus \u00d7 acerifolia", "address": "C\\ Comte d'Urgell, 135", "categoria_arbrat": "SEGONA", "emission_weight": 0.65, "source": "ajuntament-arbrat-viari"}}, {"type": "Feature", "geometry": {"type": "Point", "coordinates": [2.15198, 41.387]}, "properties": {"codi": "0090000AR", "species": "Platanus \u00d7 acerifolia", "address": "C\\ Comte d'Urgell, 145", "categoria_arbrat": "EXEMPLAR", "emission_weight": 1.0, "source": "ajuntament-arbrat-viari"}}, {"type": "Feature", "geometry": {"type": "Point", "coordinates": [2.152024, 41.385969]}, "properties": {"codi": "0090008AR", "species": "Platanus \u00d7 acerifolia", "address": "C\\ Mallorca, 101", "categoria_arbrat": "TERCERA", "emission_weight": 0.45, "source": "ajuntament-arbrat-viari"}}, {"type": "Feature", "geometry": {"type": "Point", "coordinates": [2.152862, 41.382907]}, "properties": {"codi": "0090016AR", "species": "Platanus \u00d7 acerifolia", "address": "C\\ Arag\u00f3, 84", "categoria_arbrat": "EXEMPLAR", "emission_weight": 1.0, "source": "ajuntament-arbrat-viari"}}, {"type": "Feature", "geometry": {"type": "Point", "coordinates": [2.151352, 41.385315]}, "properties": {"codi": "0090025AR", "species": "Platanus \u00d7 acerifolia", "address": "C\\ Mallorca, 94", "categoria_arbrat": "TERCERA", "emission_weight": 0.45, "source": "ajuntament-arbrat-viari"}}, {"type": "Feature", "geometry": {"type": "Point", "coordinates": [2.1537, 41.382131]}, "properties": {"codi": "0090040AR", "species": "Platanus \u00d7 acerifolia", "address": "C\\ Consell de Cent, 145", "categoria_arbrat": "EXEMPLAR", "emission_weight": 1.0, "source": "ajuntament-arbrat-viari"}}, {"type": "Feature", "geometry": {"type": "Point", "coordinates": [2.15651, 41.382066]}, "properties": {"codi": "0090042AR", "species": "Platanus \u00d7 acerifolia", "address": "C\\ Comte Borrell, 130", "categoria_arbrat": "SEGONA", "emission_weight": 0.65, "source": "ajuntament-arbrat-viari"}}, {"type": "Feature", "geometry": {"type": "Point", "coordinates": [2.152118, 41.384116]}, "properties": {"codi": "0090045AR", "species": "Platanus \u00d7 acerifolia", "address": "Av Roma, 94", "categoria_arbrat": "PRIMERA", "emission_weight": 0.85, "source": "ajuntament-arbrat-viari"}}, {"type": "Feature", "geometry": {"type": "Point", "coordinates": [2.152296, 41.386023]}, "properties": {"codi": "0090049AR", "species": "Platanus \u00d7 acerifolia", "address": "C\\ Mallorca, 104", "categoria_arbrat": "TERCERA", "emission_weight": 0.45, "source": "ajuntament-arbrat-viari"}}, {"type": "Feature", "geometry": {"type": "Point", "coordinates": [2.1504, 41.38311]}, "properties": {"codi": "0090089AR", "species": "Platanus \u00d7 acerifolia", "address": "C\\ Cal\u00e0bria, 181", "categoria_arbrat": "SEGONA", "emission_weight": 0.65, "source": "ajuntament-arbrat-viari"}}, {"type": "Feature", "geometry": {"type": "Point", "coordinates": [2.149214, 41.382853]}, "properties": {"codi": "0090093AR", "species": "Platanus \u00d7 acerifolia", "address": "Av Roma, 74", "categoria_arbrat": "EXEMPLAR", "emission_weight": 1.0, "source": "ajuntament-arbrat-viari"}}, {"type": "Feature", "geometry": {"type": "Point", "coordinates": [2.153365, 41.384296]}, "properties": {"codi": "0090095AR", "species": "Platanus \u00d7 acerifolia", "address": "C\\ Comte Borrell, 187", "categoria_arbrat": "EXEMPLAR", "emission_weight": 1.0, "source": "ajuntament-arbrat-viari"}}, {"type": "Feature", "geometry": {"type": "Point", "coordinates": [2.151327, 41.387491]}, "properties": {"codi": "0090148AR", "species": "Platanus \u00d7 acerifolia", "address": "C\\ Comte d'Urgell, 155", "categoria_arbrat": "PRIMERA", "emission_weight": 0.85, "source": "ajuntament-arbrat-viari"}}, {"type": "Feature", "geometry": {"type": "Point", "coordinates": [2.152026, 41.382034]}, "properties": {"codi": "0090161AR", "species": "Platanus \u00d7 acerifolia", "address": "C\\ Cal\u00e0bria, 152", "categoria_arbrat": "SEGONA", "emission_weight": 0.65, "source": "ajuntament-arbrat-viari"}}, {"type": "Feature", "geometry": {"type": "Point", "coordinates": [2.149681, 41.383609]}, "properties": {"codi": "0090174AR", "species": "Platanus \u00d7 acerifolia", "address": "Av Roma, 71", "categoria_arbrat": "TERCERA", "emission_weight": 0.45, "source": "ajuntament-arbrat-viari"}}, {"type": "Feature", "geometry": {"type": "Point", "coordinates": [2.15347, 41.385866]}, "properties": {"codi": "0090191AR", "species": "Platanus \u00d7 acerifolia", "address": "C\\ Comte d'Urgell, 127", "categoria_arbrat": "SEGONA", "emission_weight": 0.65, "source": "ajuntament-arbrat-viari"}}, {"type": "Feature", "geometry": {"type": "Point", "coordinates": [2.152333, 41.386732]}, "properties": {"codi": "0090195AR", "species": "Platanus \u00d7 acerifolia", "address": "C\\ Comte d'Urgell, 143", "categoria_arbrat": "EXEMPLAR", "emission_weight": 1.0, "source": "ajuntament-arbrat-viari"}}, {"type": "Feature", "geometry": {"type": "Point", "coordinates": [2.157443, 41.382878]}, "properties": {"codi": "0090202AR", "species": "Platanus \u00d7 acerifolia", "address": "C\\ Diputaci\u00f3, 148", "categoria_arbrat": "EXEMPLAR", "emission_weight": 1.0, "source": "ajuntament-arbrat-viari"}}, {"type": "Feature", "geometry": {"type": "Point", "coordinates": [2.152074, 41.385856]}, "properties": {"codi": "0090206AR", "species": "Platanus \u00d7 acerifolia", "address": "C\\ Mallorca, 104", "categoria_arbrat": "SEGONA", "emission_weight": 0.65, "source": "ajuntament-arbrat-viari"}}, {"type": "Feature", "geometry": {"type": "Point", "coordinates": [2.152278, 41.384625]}, "properties": {"codi": "0090214AR", "species": "Platanus \u00d7 acerifolia", "address": "Av Roma, 107", "categoria_arbrat": "TERCERA", "emission_weight": 0.45, "source": "ajuntament-arbrat-viari"}}, {"type": "Feature", "geometry": {"type": "Point", "coordinates": [2.14956, 41.384111]}, "properties": {"codi": "0090218AR", "species": "Platanus \u00d7 acerifolia", "address": "C\\ Mallorca, 55", "categoria_arbrat": "TERCERA", "emission_weight": 0.45, "source": "ajuntament-arbrat-viari"}}, {"type": "Feature", "geometry": {"type": "Point", "coordinates": [2.149473, 41.382407]}, "properties": {"codi": "0090259AR", "species": "Platanus \u00d7 acerifolia", "address": "C\\ Val\u00e8ncia, 57", "categoria_arbrat": "TERCERA", "emission_weight": 0.45, "source": "ajuntament-arbrat-viari"}}, {"type": "Feature", "geometry": {"type": "Point", "coordinates": [2.149017, 41.383553]}, "properties": {"codi": "0090322AR", "species": "Platanus \u00d7 acerifolia", "address": "C\\ Mallorca, 52", "categoria_arbrat": "SEGONA", "emission_weight": 0.65, "source": "ajuntament-arbrat-viari"}}, {"type": "Feature", "geometry": {"type": "Point", "coordinates": [2.152301, 41.384197]}, "properties": {"codi": "0090327AR", "species": "Platanus \u00d7 acerifolia", "address": "Av Roma, 98", "categoria_arbrat": "SEGONA", "emission_weight": 0.65, "source": "ajuntament-arbrat-viari"}}, {"type": "Feature", "geometry": {"type": "Point", "coordinates": [2.153022, 41.383322]}, "properties": {"codi": "0090356AR", "species": "Platanus \u00d7 acerifolia", "address": "C\\ Arag\u00f3, 119", "categoria_arbrat": "TERCERA", "emission_weight": 0.45, "source": "ajuntament-arbrat-viari"}}, {"type": "Feature", "geometry": {"type": "Point", "coordinates": [2.150799, 41.38788]}, "properties": {"codi": "0090358AR", "species": "Platanus \u00d7 acerifolia", "address": "C\\ Comte d'Urgell, 169", "categoria_arbrat": "SEGONA", "emission_weight": 0.65, "source": "ajuntament-arbrat-viari"}}, {"type": "Feature", "geometry": {"type": "Point", "coordinates": [2.150269, 41.388215]}, "properties": {"codi": "0090361AR", "species": "Platanus \u00d7 acerifolia", "address": "C\\ Rossell\u00f3, 109", "categoria_arbrat": "TERCERA", "emission_weight": 0.45, "source": "ajuntament-arbrat-viari"}}, {"type": "Feature", "geometry": {"type": "Point", "coordinates": [2.151339, 41.385815]}, "properties": {"codi": "0090388AR", "species": "Platanus \u00d7 acerifolia", "address": "C\\ Comte Borrell, 215", "categoria_arbrat": "TERCERA", "emission_weight": 0.45, "source": "ajuntament-arbrat-viari"}}, {"type": "Feature", "geometry": {"type": "Point", "coordinates": [2.149869, 41.387758]}, "properties": {"codi": "0090405AR", "species": "Platanus \u00d7 acerifolia", "address": "C\\ Rossell\u00f3, 109", "categoria_arbrat": "EXEMPLAR", "emission_weight": 1.0, "source": "ajuntament-arbrat-viari"}}, {"type": "Feature", "geometry": {"type": "Point", "coordinates": [2.153603, 41.385768]}, "properties": {"codi": "0090409AR", "species": "Platanus \u00d7 acerifolia", "address": "C\\ Comte d'Urgell, 125", "categoria_arbrat": "SEGONA", "emission_weight": 0.65, "source": "ajuntament-arbrat-viari"}}, {"type": "Feature", "geometry": {"type": "Point", "coordinates": [2.150207, 41.382904]}, "properties": {"codi": "0090425AR", "species": "Platanus \u00d7 acerifolia", "address": "C\\ Val\u00e8ncia, 73", "categoria_arbrat": "EXEMPLAR", "emission_weight": 1.0, "source": "ajuntament-arbrat-viari"}}, {"type": "Feature", "geometry": {"type": "Point", "coordinates": [2.153791, 41.382416]}, "properties": {"codi": "0090437AR", "species": "Platanus \u00d7 acerifolia", "address": "C\\ Consell de Cent, 149", "categoria_arbrat": "TERCERA", "emission_weight": 0.45, "source": "ajuntament-arbrat-viari"}}, {"type": "Feature", "geometry": {"type": "Point", "coordinates": [2.151082, 41.38445]}, "properties": {"codi": "0090469AR", "species": "Platanus \u00d7 acerifolia", "address": "C\\ Viladomat, 192", "categoria_arbrat": "TERCERA", "emission_weight": 0.45, "source": "ajuntament-arbrat-viari"}}, {"type": "Feature", "geometry": {"type": "Point", "coordinates": [2.154002, 41.384937]}, "properties": {"codi": "0090478AR", "species": "Platanus \u00d7 acerifolia", "address": "Av Roma, 120", "categoria_arbrat": "TERCERA", "emission_weight": 0.45, "source": "ajuntament-arbrat-viari"}}, {"type": "Feature", "geometry": {"type": "Point", "coordinates": [2.150266, 41.388072]}, "properties": {"codi": "0090487AR", "species": "Platanus \u00d7 acerifolia", "address": "C\\ Rossell\u00f3, 109", "categoria_arbrat": "EXEMPLAR", "emission_weight": 1.0, "source": "ajuntament-arbrat-viari"}}, {"type": "Feature", "geometry": {"type": "Point", "coordinates": [2.150852, 41.387842]}, "properties": {"codi": "0090492AR", "species": "Platanus \u00d7 acerifolia", "address": "C\\ Comte d'Urgell, 165", "categoria_arbrat": "SEGONA", "emission_weight": 0.65, "source": "ajuntament-arbrat-viari"}}, {"type": "Feature", "geometry": {"type": "Point", "coordinates": [2.151425, 41.382122]}, "properties": {"codi": "0090500AR", "species": "Platanus \u00d7 acerifolia", "address": "C\\ Arag\u00f3, 99", "categoria_arbrat": "TERCERA", "emission_weight": 0.45, "source": "ajuntament-arbrat-viari"}}, {"type": "Feature", "geometry": {"type": "Point", "coordinates": [2.157058, 41.3831]}, "properties": {"codi": "0090504AR", "species": "Platanus \u00d7 acerifolia", "address": "C\\ Diputaci\u00f3, 133", "categoria_arbrat": "EXEMPLAR", "emission_weight": 1.0, "source": "ajuntament-arbrat-viari"}}, {"type": "Feature", "geometry": {"type": "Point", "coordinates": [2.154178, 41.382201]}, "properties": {"codi": "0090516AR", "species": "Platanus \u00d7 acerifolia", "address": "C\\ Consell de Cent, 148", "categoria_arbrat": "EXEMPLAR", "emission_weight": 1.0, "source": "ajuntament-arbrat-viari"}}, {"type": "Feature", "geometry": {"type": "Point", "coordinates": [2.15099, 41.386079]}, "properties": {"codi": "0090538AR", "species": "Platanus \u00d7 acerifolia", "address": "C\\ Comte Borrell, 227", "categoria_arbrat": "TERCERA", "emission_weight": 0.45, "source": "ajuntament-arbrat-viari"}}, {"type": "Feature", "geometry": {"type": "Point", "coordinates": [2.154289, 41.385063]}, "properties": {"codi": "0090550AR", "species": "Platanus \u00d7 acerifolia", "address": "Av Roma, 126", "categoria_arbrat": "TERCERA", "emission_weight": 0.45, "source": "ajuntament-arbrat-viari"}}, {"type": "Feature", "geometry": {"type": "Point", "coordinates": [2.149168, 41.383822]}, "properties": {"codi": "0090573AR", "species": "Platanus \u00d7 acerifolia", "address": "C\\ Mallorca, 51", "categoria_arbrat": "TERCERA", "emission_weight": 0.45, "source": "ajuntament-arbrat-viari"}}, {"type": "Feature", "geometry": {"type": "Point", "coordinates": [2.151869, 41.383967]}, "properties": {"codi": "0090575AR", "species": "Platanus \u00d7 acerifolia", "address": "Av Roma, 94", "categoria_arbrat": "SEGONA", "emission_weight": 0.65, "source": "ajuntament-arbrat-viari"}}, {"type": "Feature", "geometry": {"type": "Point", "coordinates": [2.149815, 41.386961]}, "properties": {"codi": "0090594AR", "species": "Platanus \u00d7 acerifolia", "address": "C\\ Comte Borrell, 251", "categoria_arbrat": "EXEMPLAR", "emission_weight": 1.0, "source": "ajuntament-arbrat-viari"}}, {"type": "Feature", "geometry": {"type": "Point", "coordinates": [2.155874, 41.382404]}, "properties": {"codi": "0090624AR", "species": "Platanus \u00d7 acerifolia", "address": "C\\ Comte Borrell, 155", "categoria_arbrat": "SEGONA", "emission_weight": 0.65, "source": "ajuntament-arbrat-viari"}}, {"type": "Feature", "geometry": {"type": "Point", "coordinates": [2.14937, 41.383362]}, "properties": {"codi": "0090631AR", "species": "Platanus \u00d7 acerifolia", "address": "Av Roma, 55", "categoria_arbrat": "EXEMPLAR", "emission_weight": 1.0, "source": "ajuntament-arbrat-viari"}}, {"type": "Feature", "geometry": {"type": "Point", "coordinates": [2.14975, 41.38361]}, "properties": {"codi": "0090640AR", "species": "Platanus \u00d7 acerifolia", "address": "C\\ Cal\u00e0bria, 185", "categoria_arbrat": "SEGONA", "emission_weight": 0.65, "source": "ajuntament-arbrat-viari"}}, {"type": "Feature", "geometry": {"type": "Point", "coordinates": [2.153163, 41.38445]}, "properties": {"codi": "0090653AR", "species": "Platanus \u00d7 acerifolia", "address": "C\\ Comte Borrell, 195", "categoria_arbrat": "TERCERA", "emission_weight": 0.45, "source": "ajuntament-arbrat-viari"}}, {"type": "Feature", "geometry": {"type": "Point", "coordinates": [2.150123, 41.384536]}, "properties": {"codi": "0090665AR", "species": "Platanus \u00d7 acerifolia", "address": "C\\ Mallorca, 67", "categoria_arbrat": "SEGONA", "emission_weight": 0.65, "source": "ajuntament-arbrat-viari"}}, {"type": "Feature", "geometry": {"type": "Point", "coordinates": [2.153713, 41.384813]}, "properties": {"codi": "0090683AR", "species": "Platanus \u00d7 acerifolia", "address": "Av Roma, 120", "categoria_arbrat": "TERCERA", "emission_weight": 0.45, "source": "ajuntament-arbrat-viari"}}, {"type": "Feature", "geometry": {"type": "Point", "coordinates": [2.153608, 41.382552]}, "properties": {"codi": "0090720AR", "species": "Platanus \u00d7 acerifolia", "address": "C\\ Viladomat, 150", "categoria_arbrat": "EXEMPLAR", "emission_weight": 1.0, "source": "ajuntament-arbrat-viari"}}, {"type": "Feature", "geometry": {"type": "Point", "coordinates": [2.150724, 41.387948]}, "properties": {"codi": "0090737AR", "species": "Platanus \u00d7 acerifolia", "address": "C\\ Comte d'Urgell, 169", "categoria_arbrat": "EXEMPLAR", "emission_weight": 1.0, "source": "ajuntament-arbrat-viari"}}, {"type": "Feature", "geometry": {"type": "Point", "coordinates": [2.152483, 41.386311]}, "properties": {"codi": "0090743AR", "species": "Platanus \u00d7 acerifolia", "address": "C\\ Mallorca, 113", "categoria_arbrat": "SEGONA", "emission_weight": 0.65, "source": "ajuntament-arbrat-viari"}}, {"type": "Feature", "geometry": {"type": "Point", "coordinates": [2.153223, 41.384594]}, "properties": {"codi": "0090744AR", "species": "Platanus \u00d7 acerifolia", "address": "Av Roma, 114", "categoria_arbrat": "SEGONA", "emission_weight": 0.65, "source": "ajuntament-arbrat-viari"}}, {"type": "Feature", "geometry": {"type": "Point", "coordinates": [2.14948, 41.382966]}, "properties": {"codi": "0090754AR", "species": "Platanus \u00d7 acerifolia", "address": "Av Roma, 82", "categoria_arbrat": "TERCERA", "emission_weight": 0.45, "source": "ajuntament-arbrat-viari"}}, {"type": "Feature", "geometry": {"type": "Point", "coordinates": [2.14904, 41.382573]}, "properties": {"codi": "0090787AR", "species": "Platanus \u00d7 acerifolia", "address": "C\\ Rocafort, 156", "categoria_arbrat": "TERCERA", "emission_weight": 0.45, "source": "ajuntament-arbrat-viari"}}, {"type": "Feature", "geometry": {"type": "Point", "coordinates": [2.153452, 41.383643]}, "properties": {"codi": "0090810AR", "species": "Platanus \u00d7 acerifolia", "address": "C\\ Arag\u00f3, 121", "categoria_arbrat": "EXEMPLAR", "emission_weight": 1.0, "source": "ajuntament-arbrat-viari"}}, {"type": "Feature", "geometry": {"type": "Point", "coordinates": [2.158105, 41.382379]}, "properties": {"codi": "0090819AR", "species": "Platanus \u00d7 acerifolia", "address": "C\\ Comte d'Urgell, 59", "categoria_arbrat": "EXEMPLAR", "emission_weight": 1.0, "source": "ajuntament-arbrat-viari"}}, {"type": "Feature", "geometry": {"type": "Point", "coordinates": [2.153809, 41.384855]}, "properties": {"codi": "0090822AR", "species": "Platanus \u00d7 acerifolia", "address": "Av Roma, 120", "categoria_arbrat": "TERCERA", "emission_weight": 0.45, "source": "ajuntament-arbrat-viari"}}, {"type": "Feature", "geometry": {"type": "Point", "coordinates": [2.1538, 41.382054]}, "properties": {"codi": "0090823AR", "species": "Platanus \u00d7 acerifolia", "address": "C\\ Consell de Cent, 144", "categoria_arbrat": "EXEMPLAR", "emission_weight": 1.0, "source": "ajuntament-arbrat-viari"}}, {"type": "Feature", "geometry": {"type": "Point", "coordinates": [2.14982, 41.387725]}, "properties": {"codi": "0090831AR", "species": "Platanus \u00d7 acerifolia", "address": "C\\ Rossell\u00f3, 109", "categoria_arbrat": "SEGONA", "emission_weight": 0.65, "source": "ajuntament-arbrat-viari"}}, {"type": "Feature", "geometry": {"type": "Point", "coordinates": [2.152492, 41.384713]}, "properties": {"codi": "0090849AR", "species": "Platanus \u00d7 acerifolia", "address": "Av Roma, 109", "categoria_arbrat": "EXEMPLAR", "emission_weight": 1.0, "source": "ajuntament-arbrat-viari"}}, {"type": "Feature", "geometry": {"type": "Point", "coordinates": [2.149013, 41.382762]}, "properties": {"codi": "0090861AR", "species": "Platanus \u00d7 acerifolia", "address": "Av Roma, 70", "categoria_arbrat": "TERCERA", "emission_weight": 0.45, "source": "ajuntament-arbrat-viari"}}, {"type": "Feature", "geometry": {"type": "Point", "coordinates": [2.154797, 41.38466]}, "properties": {"codi": "0090871AR", "species": "Platanus \u00d7 acerifolia", "address": "C\\ Arag\u00f3, 147", "categoria_arbrat": "EXEMPLAR", "emission_weight": 1.0, "source": "ajuntament-arbrat-viari"}}, {"type": "Feature", "geometry": {"type": "Point", "coordinates": [2.155801, 41.382009]}, "properties": {"codi": "0090887AR", "species": "Platanus \u00d7 acerifolia", "address": "C\\ Diputaci\u00f3, 105", "categoria_arbrat": "TERCERA", "emission_weight": 0.45, "source": "ajuntament-arbrat-viari"}}, {"type": "Feature", "geometry": {"type": "Point", "coordinates": [2.151128, 41.387641]}, "properties": {"codi": "0090890AR", "species": "Platanus \u00d7 acerifolia", "address": "C\\ Comte d'Urgell, 157", "categoria_arbrat": "SEGONA", "emission_weight": 0.65, "source": "ajuntament-arbrat-viari"}}, {"type": "Feature", "geometry": {"type": "Point", "coordinates": [2.151816, 41.382044]}, "properties": {"codi": "0090892AR", "species": "Platanus \u00d7 acerifolia", "address": "C\\ Arag\u00f3, 64", "categoria_arbrat": "TERCERA", "emission_weight": 0.45, "source": "ajuntament-arbrat-viari"}}, {"type": "Feature", "geometry": {"type": "Point", "coordinates": [2.15519, 41.384582]}, "properties": {"codi": "0090915AR", "species": "Platanus \u00d7 acerifolia", "address": "C\\ Arag\u00f3, 124", "categoria_arbrat": "EXEMPLAR", "emission_weight": 1.0, "source": "ajuntament-arbrat-viari"}}, {"type": "Feature", "geometry": {"type": "Point", "coordinates": [2.150305, 41.384713]}, "properties": {"codi": "0090922AR", "species": "Platanus \u00d7 acerifolia", "address": "C\\ Mallorca, 67", "categoria_arbrat": "TERCERA", "emission_weight": 0.45, "source": "ajuntament-arbrat-viari"}}, {"type": "Feature", "geometry": {"type": "Point", "coordinates": [2.149147, 41.383265]}, "properties": {"codi": "0090942AR", "species": "Platanus \u00d7 acerifolia", "address": "Av Roma, 55", "categoria_arbrat": "EXEMPLAR", "emission_weight": 1.0, "source": "ajuntament-arbrat-viari"}}, {"type": "Feature", "geometry": {"type": "Point", "coordinates": [2.150783, 41.384686]}, "properties": {"codi": "0090966AR", "species": "Platanus \u00d7 acerifolia", "address": "C\\ Mallorca, 80", "categoria_arbrat": "TERCERA", "emission_weight": 0.45, "source": "ajuntament-arbrat-viari"}}, {"type": "Feature", "geometry": {"type": "Point", "coordinates": [2.155738, 41.382507]}, "properties": {"codi": "0090994AR", "species": "Platanus \u00d7 acerifolia", "address": "C\\ Comte Borrell, 157", "categoria_arbrat": "EXEMPLAR", "emission_weight": 1.0, "source": "ajuntament-arbrat-viari"}}, {"type": "Feature", "geometry": {"type": "Point", "coordinates": [2.154845, 41.383324]}, "properties": {"codi": "0091046AR", "species": "Platanus \u00d7 acerifolia", "address": "C\\ Comte Borrell, 158", "categoria_arbrat": "SEGONA", "emission_weight": 0.65, "source": "ajuntament-arbrat-viari"}}, {"type": "Feature", "geometry": {"type": "Point", "coordinates": [2.154389, 41.385102]}, "properties": {"codi": "0091051AR", "species": "Platanus \u00d7 acerifolia", "address": "Av Roma, 126", "categoria_arbrat": "EXEMPLAR", "emission_weight": 1.0, "source": "ajuntament-arbrat-viari"}}, {"type": "Feature", "geometry": {"type": "Point", "coordinates": [2.154249, 41.382067]}, "properties": {"codi": "0091063AR", "species": "Platanus \u00d7 acerifolia", "address": "C\\ Viladomat, 142", "categoria_arbrat": "EXEMPLAR", "emission_weight": 1.0, "source": "ajuntament-arbrat-viari"}}, {"type": "Feature", "geometry": {"type": "Point", "coordinates": [2.153521, 41.384729]}, "properties": {"codi": "0091075AR", "species": "Platanus \u00d7 acerifolia", "address": "Av Roma, 114", "categoria_arbrat": "SEGONA", "emission_weight": 0.65, "source": "ajuntament-arbrat-viari"}}, {"type": "Feature", "geometry": {"type": "Point", "coordinates": [2.149572, 41.383]}, "properties": {"codi": "0091086AR", "species": "Platanus \u00d7 acerifolia", "address": "Av Roma, 80", "categoria_arbrat": "SEGONA", "emission_weight": 0.65, "source": "ajuntament-arbrat-viari"}}, {"type": "Feature", "geometry": {"type": "Point", "coordinates": [2.149609, 41.384151]}, "properties": {"codi": "0091110AR", "species": "Platanus \u00d7 acerifolia", "address": "C\\ Mallorca, 57", "categoria_arbrat": "TERCERA", "emission_weight": 0.45, "source": "ajuntament-arbrat-viari"}}, {"type": "Feature", "geometry": {"type": "Point", "coordinates": [2.153386, 41.383596]}, "properties": {"codi": "0091148AR", "species": "Platanus \u00d7 acerifolia", "address": "C\\ Arag\u00f3, 121", "categoria_arbrat": "TERCERA", "emission_weight": 0.45, "source": "ajuntament-arbrat-viari"}}, {"type": "Feature", "geometry": {"type": "Point", "coordinates": [2.152926, 41.386277]}, "properties": {"codi": "0091165AR", "species": "Platanus \u00d7 acerifolia", "address": "C\\ Mallorca, 116", "categoria_arbrat": "SEGONA", "emission_weight": 0.65, "source": "ajuntament-arbrat-viari"}}, {"type": "Feature", "geometry": {"type": "Point", "coordinates": [2.151197, 41.38759]}, "properties": {"codi": "0091191AR", "species": "Platanus \u00d7 acerifolia", "address": "C\\ Comte d'Urgell, 157", "categoria_arbrat": "PRIMERA", "emission_weight": 0.85, "source": "ajuntament-arbrat-viari"}}, {"type": "Feature", "geometry": {"type": "Point", "coordinates": [2.150173, 41.384574]}, "properties": {"codi": "0091210AR", "species": "Platanus \u00d7 acerifolia", "address": "C\\ Mallorca, 67", "categoria_arbrat": "SEGONA", "emission_weight": 0.65, "source": "ajuntament-arbrat-viari"}}, {"type": "Feature", "geometry": {"type": "Point", "coordinates": [2.149562, 41.382415]}, "properties": {"codi": "0091224AR", "species": "Platanus \u00d7 acerifolia", "address": "C\\ Val\u00e8ncia, 57", "categoria_arbrat": "TERCERA", "emission_weight": 0.45, "source": "ajuntament-arbrat-viari"}}, {"type": "Feature", "geometry": {"type": "Point", "coordinates": [2.153068, 41.385052]}, "properties": {"codi": "0091233AR", "species": "Platanus \u00d7 acerifolia", "address": "C\\ Val\u00e8ncia, 79", "categoria_arbrat": "EXEMPLAR", "emission_weight": 1.0, "source": "ajuntament-arbrat-viari"}}, {"type": "Feature", "geometry": {"type": "Point", "coordinates": [2.15257, 41.384755]}, "properties": {"codi": "0091238AR", "species": "Platanus \u00d7 acerifolia", "address": "Av Roma, 109", "categoria_arbrat": "EXEMPLAR", "emission_weight": 1.0, "source": "ajuntament-arbrat-viari"}}, {"type": "Feature", "geometry": {"type": "Point", "coordinates": [2.155245, 41.384528]}, "properties": {"codi": "0091245AR", "species": "Platanus \u00d7 acerifolia", "address": "C\\ Comte d'Urgell, 109", "categoria_arbrat": "SEGONA", "emission_weight": 0.65, "source": "ajuntament-arbrat-viari"}}, {"type": "Feature", "geometry": {"type": "Point", "coordinates": [2.152009, 41.384508]}, "properties": {"codi": "0091250AR", "species": "Platanus \u00d7 acerifolia", "address": "Av Roma, 99", "categoria_arbrat": "TERCERA", "emission_weight": 0.45, "source": "ajuntament-arbrat-viari"}}, {"type": "Feature", "geometry": {"type": "Point", "coordinates": [2.149171, 41.384041]}, "properties": {"codi": "0091252AR", "species": "Platanus \u00d7 acerifolia", "address": "C\\ Mallorca, 53", "categoria_arbrat": "SEGONA", "emission_weight": 0.65, "source": "ajuntament-arbrat-viari"}}, {"type": "Feature", "geometry": {"type": "Point", "coordinates": [2.150339, 41.383158]}, "properties": {"codi": "0091281AR", "species": "Platanus \u00d7 acerifolia", "address": "C\\ Cal\u00e0bria, 181", "categoria_arbrat": "EXEMPLAR", "emission_weight": 1.0, "source": "ajuntament-arbrat-viari"}}, {"type": "Feature", "geometry": {"type": "Point", "coordinates": [2.15499, 41.384585]}, "properties": {"codi": "0091284AR", "species": "Platanus \u00d7 acerifolia", "address": "C\\ Arag\u00f3, 124", "categoria_arbrat": "EXEMPLAR", "emission_weight": 1.0, "source": "ajuntament-arbrat-viari"}}, {"type": "Feature", "geometry": {"type": "Point", "coordinates": [2.149049, 41.389202]}, "properties": {"codi": "0091286AR", "species": "Platanus \u00d7 acerifolia", "address": "C\\ Comte d'Urgell, 191", "categoria_arbrat": "SEGONA", "emission_weight": 0.65, "source": "ajuntament-arbrat-viari"}}, {"type": "Feature", "geometry": {"type": "Point", "coordinates": [2.15342, 41.384687]}, "properties": {"codi": "0091293AR", "species": "Platanus \u00d7 acerifolia", "address": "Av Roma, 114", "categoria_arbrat": "SEGONA", "emission_weight": 0.65, "source": "ajuntament-arbrat-viari"}}, {"type": "Feature", "geometry": {"type": "Point", "coordinates": [2.14918, 41.383919]}, "properties": {"codi": "0091296AR", "species": "Platanus \u00d7 acerifolia", "address": "C\\ Mallorca, 51", "categoria_arbrat": "TERCERA", "emission_weight": 0.45, "source": "ajuntament-arbrat-viari"}}, {"type": "Feature", "geometry": {"type": "Point", "coordinates": [2.154133, 41.382459]}, "properties": {"codi": "0091307AR", "species": "Platanus \u00d7 acerifolia", "address": "C\\ Consell de Cent, 151", "categoria_arbrat": "TERCERA", "emission_weight": 0.45, "source": "ajuntament-arbrat-viari"}}, {"type": "Feature", "geometry": {"type": "Point", "coordinates": [2.158047, 41.382424]}, "properties": {"codi": "0091325AR", "species": "Platanus \u00d7 acerifolia", "address": "C\\ Comte d'Urgell, 59", "categoria_arbrat": "PRIMERA", "emission_weight": 0.85, "source": "ajuntament-arbrat-viari"}}, {"type": "Feature", "geometry": {"type": "Point", "coordinates": [2.153735, 41.38567]}, "properties": {"codi": "0091343AR", "species": "Platanus \u00d7 acerifolia", "address": "C\\ Comte d'Urgell, 125", "categoria_arbrat": "SEGONA", "emission_weight": 0.65, "source": "ajuntament-arbrat-viari"}}, {"type": "Feature", "geometry": {"type": "Point", "coordinates": [2.154665, 41.384977]}, "properties": {"codi": "0091351AR", "species": "Platanus \u00d7 acerifolia", "address": "C\\ Comte d'Urgell, 117", "categoria_arbrat": "EXEMPLAR", "emission_weight": 1.0, "source": "ajuntament-arbrat-viari"}}, {"type": "Feature", "geometry": {"type": "Point", "coordinates": [2.15145, 41.385388]}, "properties": {"codi": "0091357AR", "species": "Platanus \u00d7 acerifolia", "address": "C\\ Mallorca, 96", "categoria_arbrat": "TERCERA", "emission_weight": 0.45, "source": "ajuntament-arbrat-viari"}}, {"type": "Feature", "geometry": {"type": "Point", "coordinates": [2.15347, 41.383511]}, "properties": {"codi": "0091382AR", "species": "Platanus \u00d7 acerifolia", "address": "C\\ Arag\u00f3, 96", "categoria_arbrat": "TERCERA", "emission_weight": 0.45, "source": "ajuntament-arbrat-viari"}}, {"type": "Feature", "geometry": {"type": "Point", "coordinates": [2.151969, 41.385925]}, "properties": {"codi": "0091389AR", "species": "Platanus \u00d7 acerifolia", "address": "C\\ Mallorca, 99", "categoria_arbrat": "TERCERA", "emission_weight": 0.45, "source": "ajuntament-arbrat-viari"}}, {"type": "Feature", "geometry": {"type": "Point", "coordinates": [2.150077, 41.384355]}, "properties": {"codi": "0091397AR", "species": "Platanus \u00d7 acerifolia", "address": "C\\ Mallorca, 62", "categoria_arbrat": "TERCERA", "emission_weight": 0.45, "source": "ajuntament-arbrat-viari"}}, {"type": "Feature", "geometry": {"type": "Point", "coordinates": [2.149956, 41.386857]}, "properties": {"codi": "0091430AR", "species": "Platanus \u00d7 acerifolia", "address": "C\\ Comte Borrell, 243", "categoria_arbrat": "SEGONA", "emission_weight": 0.65, "source": "ajuntament-arbrat-viari"}}, {"type": "Feature", "geometry": {"type": "Point", "coordinates": [2.150461, 41.387996]}, "properties": {"codi": "0091431AR", "species": "Platanus \u00d7 acerifolia", "address": "C\\ Rossell\u00f3, 106", "categoria_arbrat": "TERCERA", "emission_weight": 0.45, "source": "ajuntament-arbrat-viari"}}, {"type": "Feature", "geometry": {"type": "Point", "coordinates": [2.152178, 41.386084]}, "properties": {"codi": "0091444AR", "species": "Platanus \u00d7 acerifolia", "address": "C\\ Mallorca, 105", "categoria_arbrat": "SEGONA", "emission_weight": 0.65, "source": "ajuntament-arbrat-viari"}}, {"type": "Feature", "geometry": {"type": "Point", "coordinates": [2.150233, 41.384618]}, "properties": {"codi": "0091479AR", "species": "Platanus \u00d7 acerifolia", "address": "C\\ Mallorca, 67", "categoria_arbrat": "TERCERA", "emission_weight": 0.45, "source": "ajuntament-arbrat-viari"}}, {"type": "Feature", "geometry": {"type": "Point", "coordinates": [2.153134, 41.385101]}, "properties": {"codi": "0091498AR", "species": "Platanus \u00d7 acerifolia", "address": "C\\ Val\u00e8ncia, 83", "categoria_arbrat": "EXEMPLAR", "emission_weight": 1.0, "source": "ajuntament-arbrat-viari"}}, {"type": "Feature", "geometry": {"type": "Point", "coordinates": [2.150122, 41.383244]}, "properties": {"codi": "0091510AR", "species": "Platanus \u00d7 acerifolia", "address": "Av Roma, 92", "categoria_arbrat": "SEGONA", "emission_weight": 0.65, "source": "ajuntament-arbrat-viari"}}, {"type": "Feature", "geometry": {"type": "Point", "coordinates": [2.153397, 41.385929]}, "properties": {"codi": "0091511AR", "species": "Platanus \u00d7 acerifolia", "address": "C\\ Comte d'Urgell, 129", "categoria_arbrat": "SEGONA", "emission_weight": 0.65, "source": "ajuntament-arbrat-viari"}}, {"type": "Feature", "geometry": {"type": "Point", "coordinates": [2.152542, 41.386576]}, "properties": {"codi": "0091530AR", "species": "Platanus \u00d7 acerifolia", "address": "C\\ Mallorca, 111", "categoria_arbrat": "SEGONA", "emission_weight": 0.65, "source": "ajuntament-arbrat-viari"}}, {"type": "Feature", "geometry": {"type": "Point", "coordinates": [2.15424, 41.382392]}, "properties": {"codi": "0091549AR", "species": "Platanus \u00d7 acerifolia", "address": "C\\ Consell de Cent, 151", "categoria_arbrat": "TERCERA", "emission_weight": 0.45, "source": "ajuntament-arbrat-viari"}}, {"type": "Feature", "geometry": {"type": "Point", "coordinates": [2.150108, 41.387942]}, "properties": {"codi": "0091570AR", "species": "Platanus \u00d7 acerifolia", "address": "C\\ Rossell\u00f3, 109", "categoria_arbrat": "TERCERA", "emission_weight": 0.45, "source": "ajuntament-arbrat-viari"}}, {"type": "Feature", "geometry": {"type": "Point", "coordinates": [2.150812, 41.385055]}, "properties": {"codi": "0091599AR", "species": "Platanus \u00d7 acerifolia", "address": "C\\ Mallorca, 79", "categoria_arbrat": "TERCERA", "emission_weight": 0.45, "source": "ajuntament-arbrat-viari"}}, {"type": "Feature", "geometry": {"type": "Point", "coordinates": [2.149653, 41.382334]}, "properties": {"codi": "0091601AR", "species": "Platanus \u00d7 acerifolia", "address": "C\\ Val\u00e8ncia, 82", "categoria_arbrat": "TERCERA", "emission_weight": 0.45, "source": "ajuntament-arbrat-viari"}}, {"type": "Feature", "geometry": {"type": "Point", "coordinates": [2.153327, 41.384472]}, "properties": {"codi": "0091603AR", "species": "Platanus \u00d7 acerifolia", "address": "C\\ Comte Borrell, 182", "categoria_arbrat": "EXEMPLAR", "emission_weight": 1.0, "source": "ajuntament-arbrat-viari"}}, {"type": "Feature", "geometry": {"type": "Point", "coordinates": [2.154456, 41.3844]}, "properties": {"codi": "0091631AR", "species": "Platanus \u00d7 acerifolia", "address": "C\\ Arag\u00f3, 133", "categoria_arbrat": "SEGONA", "emission_weight": 0.65, "source": "ajuntament-arbrat-viari"}}, {"type": "Feature", "geometry": {"type": "Point", "coordinates": [2.152404, 41.382859]}, "properties": {"codi": "0091640AR", "species": "Platanus \u00d7 acerifolia", "address": "C\\ Arag\u00f3, 115", "categoria_arbrat": "EXEMPLAR", "emission_weight": 1.0, "source": "ajuntament-arbrat-viari"}}, {"type": "Feature", "geometry": {"type": "Point", "coordinates": [2.157348, 41.382877]}, "properties": {"codi": "0091645AR", "species": "Platanus \u00d7 acerifolia", "address": "C\\ Diputaci\u00f3, 148", "categoria_arbrat": "EXEMPLAR", "emission_weight": 1.0, "source": "ajuntament-arbrat-viari"}}, {"type": "Feature", "geometry": {"type": "Point", "coordinates": [2.149796, 41.382015]}, "properties": {"codi": "0091654AR", "species": "Platanus \u00d7 acerifolia", "address": "C\\ Rocafort, 146", "categoria_arbrat": "EXEMPLAR", "emission_weight": 1.0, "source": "ajuntament-arbrat-viari"}}, {"type": "Feature", "geometry": {"type": "Point", "coordinates": [2.151533, 41.382049]}, "properties": {"codi": "0091663AR", "species": "Platanus \u00d7 acerifolia", "address": "C\\ Arag\u00f3, 64", "categoria_arbrat": "SEGONA", "emission_weight": 0.65, "source": "ajuntament-arbrat-viari"}}, {"type": "Feature", "geometry": {"type": "Point", "coordinates": [2.153611, 41.38477]}, "properties": {"codi": "0091666AR", "species": "Platanus \u00d7 acerifolia", "address": "Av Roma, 120", "categoria_arbrat": "TERCERA", "emission_weight": 0.45, "source": "ajuntament-arbrat-viari"}}, {"type": "Feature", "geometry": {"type": "Point", "coordinates": [2.14998, 41.384426]}, "properties": {"codi": "0091673AR", "species": "Platanus \u00d7 acerifolia", "address": "C\\ Mallorca, 61", "categoria_arbrat": "TERCERA", "emission_weight": 0.45, "source": "ajuntament-arbrat-viari"}}, {"type": "Feature", "geometry": {"type": "Point", "coordinates": [2.157062, 41.383032]}, "properties": {"codi": "0091674AR", "species": "Platanus \u00d7 acerifolia", "address": "C\\ Diputaci\u00f3, 133", "categoria_arbrat": "EXEMPLAR", "emission_weight": 1.0, "source": "ajuntament-arbrat-viari"}}, {"type": "Feature", "geometry": {"type": "Point", "coordinates": [2.152022, 41.384074]}, "properties": {"codi": "0091695AR", "species": "Platanus \u00d7 acerifolia", "address": "Av Roma, 94", "categoria_arbrat": "SEGONA", "emission_weight": 0.65, "source": "ajuntament-arbrat-viari"}}, {"type": "Feature", "geometry": {"type": "Point", "coordinates": [2.149287, 41.387325]}, "properties": {"codi": "0091703AR", "species": "Platanus \u00d7 acerifolia", "address": "C\\ Rossell\u00f3, 109", "categoria_arbrat": "EXEMPLAR", "emission_weight": 1.0, "source": "ajuntament-arbrat-viari"}}, {"type": "Feature", "geometry": {"type": "Point", "coordinates": [2.149794, 41.384141]}, "properties": {"codi": "0091715AR", "species": "Platanus \u00d7 acerifolia", "address": "C\\ Mallorca, 62", "categoria_arbrat": "TERCERA", "emission_weight": 0.45, "source": "ajuntament-arbrat-viari"}}, {"type": "Feature", "geometry": {"type": "Point", "coordinates": [2.153637, 41.382385]}, "properties": {"codi": "0091717AR", "species": "Platanus \u00d7 acerifolia", "address": "C\\ Viladomat, 157", "categoria_arbrat": "SEGONA", "emission_weight": 0.65, "source": "ajuntament-arbrat-viari"}}, {"type": "Feature", "geometry": {"type": "Point", "coordinates": [2.152377, 41.386227]}, "properties": {"codi": "0091722AR", "species": "Platanus \u00d7 acerifolia", "address": "C\\ Mallorca, 109", "categoria_arbrat": "SEGONA", "emission_weight": 0.65, "source": "ajuntament-arbrat-viari"}}, {"type": "Feature", "geometry": {"type": "Point", "coordinates": [2.152121, 41.386894]}, "properties": {"codi": "0091733AR", "species": "Platanus \u00d7 acerifolia", "address": "C\\ Comte d'Urgell, 145", "categoria_arbrat": "EXEMPLAR", "emission_weight": 1.0, "source": "ajuntament-arbrat-viari"}}, {"type": "Feature", "geometry": {"type": "Point", "coordinates": [2.150051, 41.386933]}, "properties": {"codi": "0091747AR", "species": "Platanus \u00d7 acerifolia", "address": "C\\ Comte Borrell, 230", "categoria_arbrat": "EXEMPLAR", "emission_weight": 1.0, "source": "ajuntament-arbrat-viari"}}, {"type": "Feature", "geometry": {"type": "Point", "coordinates": [2.15089, 41.386154]}, "properties": {"codi": "0091761AR", "species": "Platanus \u00d7 acerifolia", "address": "C\\ Comte Borrell, 229", "categoria_arbrat": "SEGONA", "emission_weight": 0.65, "source": "ajuntament-arbrat-viari"}}, {"type": "Feature", "geometry": {"type": "Point", "coordinates": [2.154798, 41.384803]}, "properties": {"codi": "0091763AR", "species": "Platanus \u00d7 acerifolia", "address": "C\\ Arag\u00f3, 147", "categoria_arbrat": "EXEMPLAR", "emission_weight": 1.0, "source": "ajuntament-arbrat-viari"}}, {"type": "Feature", "geometry": {"type": "Point", "coordinates": [2.149906, 41.383153]}, "properties": {"codi": "0091776AR", "species": "Platanus \u00d7 acerifolia", "address": "Av Roma, 88", "categoria_arbrat": "SEGONA", "emission_weight": 0.65, "source": "ajuntament-arbrat-viari"}}, {"type": "Feature", "geometry": {"type": "Point", "coordinates": [2.15952, 41.382644]}, "properties": {"codi": "0091967AR", "species": "Platanus \u00d7 acerifolia", "address": "G.V. Corts Catalanes, 538", "categoria_arbrat": "SEGONA", "emission_weight": 0.65, "source": "ajuntament-arbrat-viari"}}, {"type": "Feature", "geometry": {"type": "Point", "coordinates": [2.161855, 41.384398]}, "properties": {"codi": "0091970AR", "species": "Platanus \u00d7 acerifolia", "address": "G.V. Corts Catalanes, 576", "categoria_arbrat": "SEGONA", "emission_weight": 0.65, "source": "ajuntament-arbrat-viari"}}, {"type": "Feature", "geometry": {"type": "Point", "coordinates": [2.160588, 41.383537]}, "properties": {"codi": "0091983AR", "species": "Platanus \u00d7 acerifolia", "address": "G.V. Corts Catalanes, 558", "categoria_arbrat": "SEGONA", "emission_weight": 0.65, "source": "ajuntament-arbrat-viari"}}, {"type": "Feature", "geometry": {"type": "Point", "coordinates": [2.163754, 41.385817]}, "properties": {"codi": "0091991AR", "species": "Platanus \u00d7 acerifolia", "address": "G.V. Corts Catalanes, 592", "categoria_arbrat": "SEGONA", "emission_weight": 0.65, "source": "ajuntament-arbrat-viari"}}, {"type": "Feature", "geometry": {"type": "Point", "coordinates": [2.159051, 41.382293]}, "properties": {"codi": "0091999AR", "species": "Platanus \u00d7 acerifolia", "address": "G.V. Corts Catalanes, 524", "categoria_arbrat": "SEGONA", "emission_weight": 0.65, "source": "ajuntament-arbrat-viari"}}, {"type": "Feature", "geometry": {"type": "Point", "coordinates": [2.163649, 41.38506]}, "properties": {"codi": "0092011AR", "species": "Platanus \u00d7 acerifolia", "address": "Pl Universitat, 3", "categoria_arbrat": "SEGONA", "emission_weight": 0.65, "source": "ajuntament-arbrat-viari"}}, {"type": "Feature", "geometry": {"type": "Point", "coordinates": [2.159598, 41.382697]}, "properties": {"codi": "0092026AR", "species": "Platanus \u00d7 acerifolia", "address": "G.V. Corts Catalanes, 538", "categoria_arbrat": "EXEMPLAR", "emission_weight": 1.0, "source": "ajuntament-arbrat-viari"}}, {"type": "Feature", "geometry": {"type": "Point", "coordinates": [2.163754, 41.385917]}, "properties": {"codi": "0092031AR", "species": "Platanus \u00d7 acerifolia", "address": "G.V. Corts Catalanes, 592", "categoria_arbrat": "SEGONA", "emission_weight": 0.65, "source": "ajuntament-arbrat-viari"}}, {"type": "Feature", "geometry": {"type": "Point", "coordinates": [2.158917, 41.382187]}, "properties": {"codi": "0092075AR", "species": "Platanus \u00d7 acerifolia", "address": "G.V. Corts Catalanes, 528", "categoria_arbrat": "SEGONA", "emission_weight": 0.65, "source": "ajuntament-arbrat-viari"}}, {"type": "Feature", "geometry": {"type": "Point", "coordinates": [2.160045, 41.382804]}, "properties": {"codi": "0092082AR", "species": "Platanus \u00d7 acerifolia", "address": "C\\ Villarroel, 52", "categoria_arbrat": "EXEMPLAR", "emission_weight": 1.0, "source": "ajuntament-arbrat-viari"}}, {"type": "Feature", "geometry": {"type": "Point", "coordinates": [2.16023, 41.38318]}, "properties": {"codi": "0092095AR", "species": "Platanus \u00d7 acerifolia", "address": "G.V. Corts Catalanes, 548", "categoria_arbrat": "PRIMERA", "emission_weight": 0.85, "source": "ajuntament-arbrat-viari"}}, {"type": "Feature", "geometry": {"type": "Point", "coordinates": [2.163536, 41.382717]}, "properties": {"codi": "0092105AR", "species": "Platanus \u00d7 acerifolia", "address": "Rda Sant Antoni, 41", "categoria_arbrat": "EXEMPLAR", "emission_weight": 1.0, "source": "ajuntament-arbrat-viari"}}, {"type": "Feature", "geometry": {"type": "Point", "coordinates": [2.162241, 41.384788]}, "properties": {"codi": "0092106AR", "species": "Platanus \u00d7 acerifolia", "address": "G.V. Corts Catalanes, 578", "categoria_arbrat": "SEGONA", "emission_weight": 0.65, "source": "ajuntament-arbrat-viari"}}, {"type": "Feature", "geometry": {"type": "Point", "coordinates": [2.160868, 41.383745]}, "properties": {"codi": "0092111AR", "species": "Platanus \u00d7 acerifolia", "address": "G.V. Corts Catalanes, 560", "categoria_arbrat": "SEGONA", "emission_weight": 0.65, "source": "ajuntament-arbrat-viari"}}, {"type": "Feature", "geometry": {"type": "Point", "coordinates": [2.163549, 41.382787]}, "properties": {"codi": "0092113AR", "species": "Platanus \u00d7 acerifolia", "address": "Rda Sant Antoni, 43", "categoria_arbrat": "TERCERA", "emission_weight": 0.45, "source": "ajuntament-arbrat-viari"}}, {"type": "Feature", "geometry": {"type": "Point", "coordinates": [2.164085, 41.386065]}, "properties": {"codi": "0092126AR", "species": "Platanus \u00d7 acerifolia", "address": "G.V. Corts Catalanes, 592", "categoria_arbrat": "SEGONA", "emission_weight": 0.65, "source": "ajuntament-arbrat-viari"}}, {"type": "Feature", "geometry": {"type": "Point", "coordinates": [2.163642, 41.383505]}, "properties": {"codi": "0092130AR", "species": "Platanus \u00d7 acerifolia", "address": "Pl Goya, 1", "categoria_arbrat": "EXEMPLAR", "emission_weight": 1.0, "source": "ajuntament-arbrat-viari"}}, {"type": "Feature", "geometry": {"type": "Point", "coordinates": [2.159596, 41.382792]}, "properties": {"codi": "0092149AR", "species": "Platanus \u00d7 acerifolia", "address": "G.V. Corts Catalanes, 540", "categoria_arbrat": "SEGONA", "emission_weight": 0.65, "source": "ajuntament-arbrat-viari"}}, {"type": "Feature", "geometry": {"type": "Point", "coordinates": [2.160416, 41.382526]}, "properties": {"codi": "0092150AR", "species": "Platanus \u00d7 acerifolia", "address": "C\\ Villarroel, 48", "categoria_arbrat": "EXEMPLAR", "emission_weight": 1.0, "source": "ajuntament-arbrat-viari"}}, {"type": "Feature", "geometry": {"type": "Point", "coordinates": [2.160239, 41.383274]}, "properties": {"codi": "0092167AR", "species": "Platanus \u00d7 acerifolia", "address": "G.V. Corts Catalanes, 550", "categoria_arbrat": "SEGONA", "emission_weight": 0.65, "source": "ajuntament-arbrat-viari"}}, {"type": "Feature", "geometry": {"type": "Point", "coordinates": [2.16152, 41.384242]}, "properties": {"codi": "0092205AR", "species": "Platanus \u00d7 acerifolia", "address": "G.V. Corts Catalanes, 570", "categoria_arbrat": "TERCERA", "emission_weight": 0.45, "source": "ajuntament-arbrat-viari"}}, {"type": "Feature", "geometry": {"type": "Point", "coordinates": [2.162302, 41.384736]}, "properties": {"codi": "0092254AR", "species": "Platanus \u00d7 acerifolia", "address": "G.V. Corts Catalanes, 578", "categoria_arbrat": "SEGONA", "emission_weight": 0.65, "source": "ajuntament-arbrat-viari"}}, {"type": "Feature", "geometry": {"type": "Point", "coordinates": [2.16369, 41.385871]}, "properties": {"codi": "0092256AR", "species": "Platanus \u00d7 acerifolia", "address": "G.V. Corts Catalanes, 592", "categoria_arbrat": "SEGONA", "emission_weight": 0.65, "source": "ajuntament-arbrat-viari"}}, {"type": "Feature", "geometry": {"type": "Point", "coordinates": [2.158845, 41.382136]}, "properties": {"codi": "0092262AR", "species": "Platanus \u00d7 acerifolia", "address": "G.V. Corts Catalanes, 524", "categoria_arbrat": "EXEMPLAR", "emission_weight": 1.0, "source": "ajuntament-arbrat-viari"}}, {"type": "Feature", "geometry": {"type": "Point", "coordinates": [2.163556, 41.382856]}, "properties": {"codi": "0092265AR", "species": "Platanus \u00d7 acerifolia", "address": "Rda Sant Antoni, 43", "categoria_arbrat": "TERCERA", "emission_weight": 0.45, "source": "ajuntament-arbrat-viari"}}, {"type": "Feature", "geometry": {"type": "Point", "coordinates": [2.163826, 41.385966]}, "properties": {"codi": "0092272AR", "species": "Platanus \u00d7 acerifolia", "address": "G.V. Corts Catalanes, 592", "categoria_arbrat": "SEGONA", "emission_weight": 0.65, "source": "ajuntament-arbrat-viari"}}, {"type": "Feature", "geometry": {"type": "Point", "coordinates": [2.161303, 41.38398]}, "properties": {"codi": "0092274AR", "species": "Platanus \u00d7 acerifolia", "address": "G.V. Corts Catalanes, 564", "categoria_arbrat": "EXEMPLAR", "emission_weight": 1.0, "source": "ajuntament-arbrat-viari"}}, {"type": "Feature", "geometry": {"type": "Point", "coordinates": [2.160518, 41.383392]}, "properties": {"codi": "0092278AR", "species": "Platanus \u00d7 acerifolia", "address": "G.V. Corts Catalanes, 554", "categoria_arbrat": "EXEMPLAR", "emission_weight": 1.0, "source": "ajuntament-arbrat-viari"}}, {"type": "Feature", "geometry": {"type": "Point", "coordinates": [2.162725, 41.385053]}, "properties": {"codi": "0092285AR", "species": "Platanus \u00d7 acerifolia", "address": "G.V. Corts Catalanes, 586", "categoria_arbrat": "SEGONA", "emission_weight": 0.65, "source": "ajuntament-arbrat-viari"}}, {"type": "Feature", "geometry": {"type": "Point", "coordinates": [2.163576, 41.383003]}, "properties": {"codi": "0092286AR", "species": "Platanus \u00d7 acerifolia", "address": "Rda Sant Antoni, 47", "categoria_arbrat": "EXEMPLAR", "emission_weight": 1.0, "source": "ajuntament-arbrat-viari"}}, {"type": "Feature", "geometry": {"type": "Point", "coordinates": [2.161869, 41.384499]}, "properties": {"codi": "0092305AR", "species": "Platanus \u00d7 acerifolia", "address": "G.V. Corts Catalanes, 576", "categoria_arbrat": "PRIMERA", "emission_weight": 0.85, "source": "ajuntament-arbrat-viari"}}, {"type": "Feature", "geometry": {"type": "Point", "coordinates": [2.163608, 41.383082]}, "properties": {"codi": "0092315AR", "species": "Platanus \u00d7 acerifolia", "address": "Rda Sant Antoni, 49", "categoria_arbrat": "PRIMERA", "emission_weight": 0.85, "source": "ajuntament-arbrat-viari"}}, {"type": "Feature", "geometry": {"type": "Point", "coordinates": [2.162674, 41.384085]}, "properties": {"codi": "0092316AR", "species": "Platanus \u00d7 acerifolia", "address": "C\\ Muntaner, 11", "categoria_arbrat": "SEGONA", "emission_weight": 0.65, "source": "ajuntament-arbrat-viari"}}, {"type": "Feature", "geometry": {"type": "Point", "coordinates": [2.163817, 41.385867]}, "properties": {"codi": "0092328AR", "species": "Platanus \u00d7 acerifolia", "address": "G.V. Corts Catalanes, 592", "categoria_arbrat": "SEGONA", "emission_weight": 0.65, "source": "ajuntament-arbrat-viari"}}, {"type": "Feature", "geometry": {"type": "Point", "coordinates": [2.162863, 41.385155]}, "properties": {"codi": "0092349AR", "species": "Platanus \u00d7 acerifolia", "address": "G.V. Corts Catalanes, 588", "categoria_arbrat": "EXEMPLAR", "emission_weight": 1.0, "source": "ajuntament-arbrat-viari"}}, {"type": "Feature", "geometry": {"type": "Point", "coordinates": [2.161366, 41.383367]}, "properties": {"codi": "0092351AR", "species": "Platanus \u00d7 acerifolia", "address": "C\\ Casanova, 29", "categoria_arbrat": "EXEMPLAR", "emission_weight": 1.0, "source": "ajuntament-arbrat-viari"}}, {"type": "Feature", "geometry": {"type": "Point", "coordinates": [2.159258, 41.382539]}, "properties": {"codi": "0092353AR", "species": "Platanus \u00d7 acerifolia", "address": "G.V. Corts Catalanes, 534", "categoria_arbrat": "SEGONA", "emission_weight": 0.65, "source": "ajuntament-arbrat-viari"}}, {"type": "Feature", "geometry": {"type": "Point", "coordinates": [2.164022, 41.386119]}, "properties": {"codi": "0092385AR", "species": "Platanus \u00d7 acerifolia", "address": "G.V. Corts Catalanes, 592", "categoria_arbrat": "SEGONA", "emission_weight": 0.65, "source": "ajuntament-arbrat-viari"}}, {"type": "Feature", "geometry": {"type": "Point", "coordinates": [2.159195, 41.382488]}, "properties": {"codi": "0092402AR", "species": "Platanus \u00d7 acerifolia", "address": "G.V. Corts Catalanes, 534", "categoria_arbrat": "SEGONA", "emission_weight": 0.65, "source": "ajuntament-arbrat-viari"}}, {"type": "Feature", "geometry": {"type": "Point", "coordinates": [2.159319, 41.382489]}, "properties": {"codi": "0092422AR", "species": "Platanus \u00d7 acerifolia", "address": "G.V. Corts Catalanes, 534", "categoria_arbrat": "EXEMPLAR", "emission_weight": 1.0, "source": "ajuntament-arbrat-viari"}}, {"type": "Feature", "geometry": {"type": "Point", "coordinates": [2.163707, 41.383982]}, "properties": {"codi": "0092445AR", "species": "Platanus \u00d7 acerifolia", "address": "Pl Goya, 1", "categoria_arbrat": "SEGONA", "emission_weight": 0.65, "source": "ajuntament-arbrat-viari"}}, {"type": "Feature", "geometry": {"type": "Point", "coordinates": [2.162656, 41.384998]}, "properties": {"codi": "0092450AR", "species": "Platanus \u00d7 acerifolia", "address": "G.V. Corts Catalanes, 584", "categoria_arbrat": "SEGONA", "emission_weight": 0.65, "source": "ajuntament-arbrat-viari"}}, {"type": "Feature", "geometry": {"type": "Point", "coordinates": [2.162196, 41.384655]}, "properties": {"codi": "0092452AR", "species": "Platanus \u00d7 acerifolia", "address": "G.V. Corts Catalanes, 578", "categoria_arbrat": "SEGONA", "emission_weight": 0.65, "source": "ajuntament-arbrat-viari"}}, {"type": "Feature", "geometry": {"type": "Point", "coordinates": [2.161852, 41.382998]}, "properties": {"codi": "0092456AR", "species": "Platanus \u00d7 acerifolia", "address": "C\\ Casanova, 21", "categoria_arbrat": "EXEMPLAR", "emission_weight": 1.0, "source": "ajuntament-arbrat-viari"}}, {"type": "Feature", "geometry": {"type": "Point", "coordinates": [2.161503, 41.384133]}, "properties": {"codi": "0092467AR", "species": "Platanus \u00d7 acerifolia", "address": "G.V. Corts Catalanes, 568", "categoria_arbrat": "SEGONA", "emission_weight": 0.65, "source": "ajuntament-arbrat-viari"}}, {"type": "Feature", "geometry": {"type": "Point", "coordinates": [2.16144, 41.38418]}, "properties": {"codi": "0092477AR", "species": "Platanus \u00d7 acerifolia", "address": "G.V. Corts Catalanes, 568", "categoria_arbrat": "EXEMPLAR", "emission_weight": 1.0, "source": "ajuntament-arbrat-viari"}}, {"type": "Feature", "geometry": {"type": "Point", "coordinates": [2.162514, 41.384354]}, "properties": {"codi": "0092503AR", "species": "Platanus \u00d7 acerifolia", "address": "C\\ Muntaner, 12", "categoria_arbrat": "TERCERA", "emission_weight": 0.45, "source": "ajuntament-arbrat-viari"}}, {"type": "Feature", "geometry": {"type": "Point", "coordinates": [2.163488, 41.385619]}, "properties": {"codi": "0092516AR", "species": "Platanus \u00d7 acerifolia", "address": "G.V. Corts Catalanes, 592", "categoria_arbrat": "SEGONA", "emission_weight": 0.65, "source": "ajuntament-arbrat-viari"}}, {"type": "Feature", "geometry": {"type": "Point", "coordinates": [2.16124, 41.382326]}, "properties": {"codi": "0092536AR", "species": "Platanus \u00d7 acerifolia", "address": "C\\ Sep\u00falveda, 151", "categoria_arbrat": "SEGONA", "emission_weight": 0.65, "source": "ajuntament-arbrat-viari"}}, {"type": "Feature", "geometry": {"type": "Point", "coordinates": [2.160092, 41.383078]}, "properties": {"codi": "0092539AR", "species": "Platanus \u00d7 acerifolia", "address": "G.V. Corts Catalanes, 544", "categoria_arbrat": "PRIMERA", "emission_weight": 0.85, "source": "ajuntament-arbrat-viari"}}, {"type": "Feature", "geometry": {"type": "Point", "coordinates": [2.159188, 41.382392]}, "properties": {"codi": "0092563AR", "species": "Platanus \u00d7 acerifolia", "address": "G.V. Corts Catalanes, 532", "categoria_arbrat": "EXEMPLAR", "emission_weight": 1.0, "source": "ajuntament-arbrat-viari"}}, {"type": "Feature", "geometry": {"type": "Point", "coordinates": [2.163664, 41.383698]}, "properties": {"codi": "0092584AR", "species": "Platanus \u00d7 acerifolia", "address": "Pl Goya, 1", "categoria_arbrat": "EXEMPLAR", "emission_weight": 1.0, "source": "ajuntament-arbrat-viari"}}, {"type": "Feature", "geometry": {"type": "Point", "coordinates": [2.163603, 41.383205]}, "properties": {"codi": "0092588AR", "species": "Platanus \u00d7 acerifolia", "address": "Rda Sant Antoni, 49", "categoria_arbrat": "SEGONA", "emission_weight": 0.65, "source": "ajuntament-arbrat-viari"}}, {"type": "Feature", "geometry": {"type": "Point", "coordinates": [2.162667, 41.384241]}, "properties": {"codi": "0092595AR", "species": "Platanus \u00d7 acerifolia", "address": "C\\ Muntaner, 6", "categoria_arbrat": "EXEMPLAR", "emission_weight": 1.0, "source": "ajuntament-arbrat-viari"}}, {"type": "Feature", "geometry": {"type": "Point", "coordinates": [2.162522, 41.384898]}, "properties": {"codi": "0092607AR", "species": "Platanus \u00d7 acerifolia", "address": "G.V. Corts Catalanes, 582", "categoria_arbrat": "SEGONA", "emission_weight": 0.65, "source": "ajuntament-arbrat-viari"}}, {"type": "Feature", "geometry": {"type": "Point", "coordinates": [2.162862, 41.385248]}, "properties": {"codi": "0092613AR", "species": "Platanus \u00d7 acerifolia", "address": "G.V. Corts Catalanes, 588", "categoria_arbrat": "EXEMPLAR", "emission_weight": 1.0, "source": "ajuntament-arbrat-viari"}}, {"type": "Feature", "geometry": {"type": "Point", "coordinates": [2.162973, 41.384009]}, "properties": {"codi": "0092614AR", "species": "Platanus \u00d7 acerifolia", "address": "C\\ Muntaner, 4", "categoria_arbrat": "SEGONA", "emission_weight": 0.65, "source": "ajuntament-arbrat-viari"}}, {"type": "Feature", "geometry": {"type": "Point", "coordinates": [2.16402, 41.386017]}, "properties": {"codi": "0092641AR", "species": "Platanus \u00d7 acerifolia", "address": "G.V. Corts Catalanes, 592", "categoria_arbrat": "SEGONA", "emission_weight": 0.65, "source": "ajuntament-arbrat-viari"}}, {"type": "Feature", "geometry": {"type": "Point", "coordinates": [2.160157, 41.383131]}, "properties": {"codi": "0092690AR", "species": "Platanus \u00d7 acerifolia", "address": "G.V. Corts Catalanes, 546", "categoria_arbrat": "EXEMPLAR", "emission_weight": 1.0, "source": "ajuntament-arbrat-viari"}}, {"type": "Feature", "geometry": {"type": "Point", "coordinates": [2.161097, 41.383826]}, "properties": {"codi": "0092691AR", "species": "Platanus \u00d7 acerifolia", "address": "G.V. Corts Catalanes, 562", "categoria_arbrat": "SEGONA", "emission_weight": 0.65, "source": "ajuntament-arbrat-viari"}}, {"type": "Feature", "geometry": {"type": "Point", "coordinates": [2.160649, 41.383493]}, "properties": {"codi": "0092714AR", "species": "Platanus \u00d7 acerifolia", "address": "G.V. Corts Catalanes, 558", "categoria_arbrat": "EXEMPLAR", "emission_weight": 1.0, "source": "ajuntament-arbrat-viari"}}, {"type": "Feature", "geometry": {"type": "Point", "coordinates": [2.160454, 41.383436]}, "properties": {"codi": "0092720AR", "species": "Platanus \u00d7 acerifolia", "address": "G.V. Corts Catalanes, 554", "categoria_arbrat": "SEGONA", "emission_weight": 0.65, "source": "ajuntament-arbrat-viari"}}, {"type": "Feature", "geometry": {"type": "Point", "coordinates": [2.162034, 41.382713]}, "properties": {"codi": "0092723AR", "species": "Platanus \u00d7 acerifolia", "address": "C\\ Sep\u00falveda, 168", "categoria_arbrat": "EXEMPLAR", "emission_weight": 1.0, "source": "ajuntament-arbrat-viari"}}, {"type": "Feature", "geometry": {"type": "Point", "coordinates": [2.161295, 41.383567]}, "properties": {"codi": "0092725AR", "species": "Platanus \u00d7 acerifolia", "address": "C\\ Casanova, 36", "categoria_arbrat": "EXEMPLAR", "emission_weight": 1.0, "source": "ajuntament-arbrat-viari"}}, {"type": "Feature", "geometry": {"type": "Point", "coordinates": [2.164088, 41.386169]}, "properties": {"codi": "0092731AR", "species": "Platanus \u00d7 acerifolia", "address": "G.V. Corts Catalanes, 592", "categoria_arbrat": "TERCERA", "emission_weight": 0.45, "source": "ajuntament-arbrat-viari"}}, {"type": "Feature", "geometry": {"type": "Point", "coordinates": [2.160858, 41.383649]}, "properties": {"codi": "0092752AR", "species": "Platanus \u00d7 acerifolia", "address": "G.V. Corts Catalanes, 560", "categoria_arbrat": "SEGONA", "emission_weight": 0.65, "source": "ajuntament-arbrat-viari"}}, {"type": "Feature", "geometry": {"type": "Point", "coordinates": [2.160035, 41.383122]}, "properties": {"codi": "0092764AR", "species": "Platanus \u00d7 acerifolia", "address": "G.V. Corts Catalanes, 546", "categoria_arbrat": "SEGONA", "emission_weight": 0.65, "source": "ajuntament-arbrat-viari"}}, {"type": "Feature", "geometry": {"type": "Point", "coordinates": [2.159134, 41.38244]}, "properties": {"codi": "0092768AR", "species": "Platanus \u00d7 acerifolia", "address": "G.V. Corts Catalanes, 532", "categoria_arbrat": "SEGONA", "emission_weight": 0.65, "source": "ajuntament-arbrat-viari"}}, {"type": "Feature", "geometry": {"type": "Point", "coordinates": [2.163329, 41.385597]}, "properties": {"codi": "0092774AR", "species": "Platanus \u00d7 acerifolia", "address": "G.V. Corts Catalanes, 592", "categoria_arbrat": "SEGONA", "emission_weight": 0.65, "source": "ajuntament-arbrat-viari"}}, {"type": "Feature", "geometry": {"type": "Point", "coordinates": [2.163774, 41.384517]}, "properties": {"codi": "0092778AR", "species": "Platanus \u00d7 acerifolia", "address": "Rda Sant Antoni, 59", "categoria_arbrat": "EXEMPLAR", "emission_weight": 1.0, "source": "ajuntament-arbrat-viari"}}, {"type": "Feature", "geometry": {"type": "Point", "coordinates": [2.162791, 41.385099]}, "properties": {"codi": "0092825AR", "species": "Platanus \u00d7 acerifolia", "address": "G.V. Corts Catalanes, 586", "categoria_arbrat": "EXEMPLAR", "emission_weight": 1.0, "source": "ajuntament-arbrat-viari"}}, {"type": "Feature", "geometry": {"type": "Point", "coordinates": [2.164152, 41.38612]}, "properties": {"codi": "0092827AR", "species": "Platanus \u00d7 acerifolia", "address": "G.V. Corts Catalanes, 592", "categoria_arbrat": "SEGONA", "emission_weight": 0.65, "source": "ajuntament-arbrat-viari"}}, {"type": "Feature", "geometry": {"type": "Point", "coordinates": [2.162662, 41.385096]}, "properties": {"codi": "0092831AR", "species": "Platanus \u00d7 acerifolia", "address": "G.V. Corts Catalanes, 586", "categoria_arbrat": "SEGONA", "emission_weight": 0.65, "source": "ajuntament-arbrat-viari"}}, {"type": "Feature", "geometry": {"type": "Point", "coordinates": [2.163719, 41.384045]}, "properties": {"codi": "0092835AR", "species": "Platanus \u00d7 acerifolia", "address": "Pl Goya, 1", "categoria_arbrat": "EXEMPLAR", "emission_weight": 1.0, "source": "ajuntament-arbrat-viari"}}, {"type": "Feature", "geometry": {"type": "Point", "coordinates": [2.162376, 41.384461]}, "properties": {"codi": "0092841AR", "species": "Platanus \u00d7 acerifolia", "address": "C\\ Muntaner, 14", "categoria_arbrat": "SEGONA", "emission_weight": 0.65, "source": "ajuntament-arbrat-viari"}}, {"type": "Feature", "geometry": {"type": "Point", "coordinates": [2.160016, 41.382679]}, "properties": {"codi": "0092842AR", "species": "Platanus \u00d7 acerifolia", "address": "C\\ Villarroel, 49", "categoria_arbrat": "TERCERA", "emission_weight": 0.45, "source": "ajuntament-arbrat-viari"}}, {"type": "Feature", "geometry": {"type": "Point", "coordinates": [2.162374, 41.384788]}, "properties": {"codi": "0092847AR", "species": "Platanus \u00d7 acerifolia", "address": "G.V. Corts Catalanes, 580", "categoria_arbrat": "SEGONA", "emission_weight": 0.65, "source": "ajuntament-arbrat-viari"}}, {"type": "Feature", "geometry": {"type": "Point", "coordinates": [2.159959, 41.382983]}, "properties": {"codi": "0092864AR", "species": "Platanus \u00d7 acerifolia", "address": "G.V. Corts Catalanes, 544", "categoria_arbrat": "SEGONA", "emission_weight": 0.65, "source": "ajuntament-arbrat-viari"}}, {"type": "Feature", "geometry": {"type": "Point", "coordinates": [2.160725, 41.383641]}, "properties": {"codi": "0092865AR", "species": "Platanus \u00d7 acerifolia", "address": "G.V. Corts Catalanes, 560", "categoria_arbrat": "SEGONA", "emission_weight": 0.65, "source": "ajuntament-arbrat-viari"}}, {"type": "Feature", "geometry": {"type": "Point", "coordinates": [2.160373, 41.383283]}, "properties": {"codi": "0092878AR", "species": "Platanus \u00d7 acerifolia", "address": "G.V. Corts Catalanes, 550", "categoria_arbrat": "EXEMPLAR", "emission_weight": 1.0, "source": "ajuntament-arbrat-viari"}}, {"type": "Feature", "geometry": {"type": "Point", "coordinates": [2.161857, 41.382928]}, "properties": {"codi": "0092881AR", "species": "Platanus \u00d7 acerifolia", "address": "C\\ Sep\u00falveda, 165", "categoria_arbrat": "SEGONA", "emission_weight": 0.65, "source": "ajuntament-arbrat-viari"}}, {"type": "Feature", "geometry": {"type": "Point", "coordinates": [2.159895, 41.383017]}, "properties": {"codi": "0092882AR", "species": "Platanus \u00d7 acerifolia", "address": "G.V. Corts Catalanes, 544", "categoria_arbrat": "SEGONA", "emission_weight": 0.65, "source": "ajuntament-arbrat-viari"}}, {"type": "Feature", "geometry": {"type": "Point", "coordinates": [2.163756, 41.384363]}, "properties": {"codi": "0092888AR", "species": "Platanus \u00d7 acerifolia", "address": "Rda Sant Antoni, 57", "categoria_arbrat": "PRIMERA", "emission_weight": 0.85, "source": "ajuntament-arbrat-viari"}}, {"type": "Feature", "geometry": {"type": "Point", "coordinates": [2.161164, 41.383877]}, "properties": {"codi": "0092889AR", "species": "Platanus \u00d7 acerifolia", "address": "G.V. Corts Catalanes, 562", "categoria_arbrat": "EXEMPLAR", "emission_weight": 1.0, "source": "ajuntament-arbrat-viari"}}, {"type": "Feature", "geometry": {"type": "Point", "coordinates": [2.162924, 41.384045]}, "properties": {"codi": "0092923AR", "species": "Platanus \u00d7 acerifolia", "address": "C\\ Muntaner, 4", "categoria_arbrat": "TERCERA", "emission_weight": 0.45, "source": "ajuntament-arbrat-viari"}}, {"type": "Feature", "geometry": {"type": "Point", "coordinates": [2.159327, 41.38259]}, "properties": {"codi": "0092957AR", "species": "Platanus \u00d7 acerifolia", "address": "G.V. Corts Catalanes, 534", "categoria_arbrat": "SEGONA", "emission_weight": 0.65, "source": "ajuntament-arbrat-viari"}}, {"type": "Feature", "geometry": {"type": "Point", "coordinates": [2.163494, 41.38572]}, "properties": {"codi": "0092961AR", "species": "Platanus \u00d7 acerifolia", "address": "G.V. Corts Catalanes, 592", "categoria_arbrat": "SEGONA", "emission_weight": 0.65, "source": "ajuntament-arbrat-viari"}}, {"type": "Feature", "geometry": {"type": "Point", "coordinates": [2.162125, 41.382716]}, "properties": {"codi": "0092969AR", "species": "Platanus \u00d7 acerifolia", "address": "C\\ Sep\u00falveda, 168", "categoria_arbrat": "EXEMPLAR", "emission_weight": 1.0, "source": "ajuntament-arbrat-viari"}}, {"type": "Feature", "geometry": {"type": "Point", "coordinates": [2.159729, 41.382894]}, "properties": {"codi": "0093000AR", "species": "Platanus \u00d7 acerifolia", "address": "G.V. Corts Catalanes, 540", "categoria_arbrat": "SEGONA", "emission_weight": 0.65, "source": "ajuntament-arbrat-viari"}}, {"type": "Feature", "geometry": {"type": "Point", "coordinates": [2.158786, 41.382183]}, "properties": {"codi": "0093007AR", "species": "Platanus \u00d7 acerifolia", "address": "G.V. Corts Catalanes, 524", "categoria_arbrat": "PRIMERA", "emission_weight": 0.85, "source": "ajuntament-arbrat-viari"}}, {"type": "Feature", "geometry": {"type": "Point", "coordinates": [2.162776, 41.38348]}, "properties": {"codi": "0093033AR", "species": "Platanus \u00d7 acerifolia", "address": "C\\ Sep\u00falveda, 177", "categoria_arbrat": "TERCERA", "emission_weight": 0.45, "source": "ajuntament-arbrat-viari"}}, {"type": "Feature", "geometry": {"type": "Point", "coordinates": [2.160295, 41.383222]}, "properties": {"codi": "0093048AR", "species": "Platanus \u00d7 acerifolia", "address": "G.V. Corts Catalanes, 550", "categoria_arbrat": "SEGONA", "emission_weight": 0.65, "source": "ajuntament-arbrat-viari"}}, {"type": "Feature", "geometry": {"type": "Point", "coordinates": [2.160311, 41.38333]}, "properties": {"codi": "0093053AR", "species": "Platanus \u00d7 acerifolia", "address": "G.V. Corts Catalanes, 552", "categoria_arbrat": "SEGONA", "emission_weight": 0.65, "source": "ajuntament-arbrat-viari"}}, {"type": "Feature", "geometry": {"type": "Point", "coordinates": [2.161989, 41.384497]}, "properties": {"codi": "0093061AR", "species": "Platanus \u00d7 acerifolia", "address": "G.V. Corts Catalanes, 576", "categoria_arbrat": "SEGONA", "emission_weight": 0.65, "source": "ajuntament-arbrat-viari"}}, {"type": "Feature", "geometry": {"type": "Point", "coordinates": [2.159458, 41.382593]}, "properties": {"codi": "0093066AR", "species": "Platanus \u00d7 acerifolia", "address": "G.V. Corts Catalanes, 536", "categoria_arbrat": "EXEMPLAR", "emission_weight": 1.0, "source": "ajuntament-arbrat-viari"}}, {"type": "Feature", "geometry": {"type": "Point", "coordinates": [2.159793, 41.382848]}, "properties": {"codi": "0093067AR", "species": "Platanus \u00d7 acerifolia", "address": "G.V. Corts Catalanes, 540", "categoria_arbrat": "SEGONA", "emission_weight": 0.65, "source": "ajuntament-arbrat-viari"}}, {"type": "Feature", "geometry": {"type": "Point", "coordinates": [2.163889, 41.386019]}, "properties": {"codi": "0093069AR", "species": "Platanus \u00d7 acerifolia", "address": "G.V. Corts Catalanes, 592", "categoria_arbrat": "SEGONA", "emission_weight": 0.65, "source": "ajuntament-arbrat-viari"}}, {"type": "Feature", "geometry": {"type": "Point", "coordinates": [2.162394, 41.384895]}, "properties": {"codi": "0093080AR", "species": "Platanus \u00d7 acerifolia", "address": "G.V. Corts Catalanes, 580", "categoria_arbrat": "SEGONA", "emission_weight": 0.65, "source": "ajuntament-arbrat-viari"}}, {"type": "Feature", "geometry": {"type": "Point", "coordinates": [2.162428, 41.382565]}, "properties": {"codi": "0093083AR", "species": "Platanus \u00d7 acerifolia", "address": "C\\ Casanova, 15", "categoria_arbrat": "EXEMPLAR", "emission_weight": 1.0, "source": "ajuntament-arbrat-viari"}}, {"type": "Feature", "geometry": {"type": "Point", "coordinates": [2.162798, 41.385198]}, "properties": {"codi": "0093091AR", "species": "Platanus \u00d7 acerifolia", "address": "G.V. Corts Catalanes, 588", "categoria_arbrat": "SEGONA", "emission_weight": 0.65, "source": "ajuntament-arbrat-viari"}}, {"type": "Feature", "geometry": {"type": "Point", "coordinates": [2.161374, 41.384037]}, "properties": {"codi": "0093096AR", "species": "Platanus \u00d7 acerifolia", "address": "G.V. Corts Catalanes, 566", "categoria_arbrat": "SEGONA", "emission_weight": 0.65, "source": "ajuntament-arbrat-viari"}}, {"type": "Feature", "geometry": {"type": "Point", "coordinates": [2.159965, 41.38307]}, "properties": {"codi": "0093146AR", "species": "Platanus \u00d7 acerifolia", "address": "G.V. Corts Catalanes, 544", "categoria_arbrat": "SEGONA", "emission_weight": 0.65, "source": "ajuntament-arbrat-viari"}}, {"type": "Feature", "geometry": {"type": "Point", "coordinates": [2.160978, 41.383831]}, "properties": {"codi": "0093150AR", "species": "Platanus \u00d7 acerifolia", "address": "G.V. Corts Catalanes, 562", "categoria_arbrat": "SEGONA", "emission_weight": 0.65, "source": "ajuntament-arbrat-viari"}}, {"type": "Feature", "geometry": {"type": "Point", "coordinates": [2.158988, 41.38224]}, "properties": {"codi": "0093157AR", "species": "Platanus \u00d7 acerifolia", "address": "G.V. Corts Catalanes, 524", "categoria_arbrat": "SEGONA", "emission_weight": 0.65, "source": "ajuntament-arbrat-viari"}}, {"type": "Feature", "geometry": {"type": "Point", "coordinates": [2.162527, 41.384995]}, "properties": {"codi": "0093158AR", "species": "Platanus \u00d7 acerifolia", "address": "G.V. Corts Catalanes, 584", "categoria_arbrat": "SEGONA", "emission_weight": 0.65, "source": "ajuntament-arbrat-viari"}}, {"type": "Feature", "geometry": {"type": "Point", "coordinates": [2.163624, 41.385721]}, "properties": {"codi": "0093159AR", "species": "Platanus \u00d7 acerifolia", "address": "G.V. Corts Catalanes, 592", "categoria_arbrat": "SEGONA", "emission_weight": 0.65, "source": "ajuntament-arbrat-viari"}}, {"type": "Feature", "geometry": {"type": "Point", "coordinates": [2.161103, 41.383925]}, "properties": {"codi": "0093160AR", "species": "Platanus \u00d7 acerifolia", "address": "G.V. Corts Catalanes, 562", "categoria_arbrat": "SEGONA", "emission_weight": 0.65, "source": "ajuntament-arbrat-viari"}}, {"type": "Feature", "geometry": {"type": "Point", "coordinates": [2.163888, 41.385918]}, "properties": {"codi": "0093169AR", "species": "Platanus \u00d7 acerifolia", "address": "G.V. Corts Catalanes, 592", "categoria_arbrat": "SEGONA", "emission_weight": 0.65, "source": "ajuntament-arbrat-viari"}}, {"type": "Feature", "geometry": {"type": "Point", "coordinates": [2.162997, 41.385349]}, "properties": {"codi": "0093219AR", "species": "Platanus \u00d7 acerifolia", "address": "G.V. Corts Catalanes, 590", "categoria_arbrat": "SEGONA", "emission_weight": 0.65, "source": "ajuntament-arbrat-viari"}}, {"type": "Feature", "geometry": {"type": "Point", "coordinates": [2.163627, 41.385814]}, "properties": {"codi": "0093273AR", "species": "Platanus \u00d7 acerifolia", "address": "G.V. Corts Catalanes, 592", "categoria_arbrat": "SEGONA", "emission_weight": 0.65, "source": "ajuntament-arbrat-viari"}}, {"type": "Feature", "geometry": {"type": "Point", "coordinates": [2.160443, 41.383335]}, "properties": {"codi": "0093285AR", "species": "Platanus \u00d7 acerifolia", "address": "G.V. Corts Catalanes, 552", "categoria_arbrat": "EXEMPLAR", "emission_weight": 1.0, "source": "ajuntament-arbrat-viari"}}, {"type": "Feature", "geometry": {"type": "Point", "coordinates": [2.161791, 41.38444]}, "properties": {"codi": "0093325AR", "species": "Platanus \u00d7 acerifolia", "address": "G.V. Corts Catalanes, 576", "categoria_arbrat": "SEGONA", "emission_weight": 0.65, "source": "ajuntament-arbrat-viari"}}, {"type": "Feature", "geometry": {"type": "Point", "coordinates": [2.162644, 41.383385]}, "properties": {"codi": "0093328AR", "species": "Platanus \u00d7 acerifolia", "address": "C\\ Sep\u00falveda, 175", "categoria_arbrat": "TERCERA", "emission_weight": 0.45, "source": "ajuntament-arbrat-viari"}}, {"type": "Feature", "geometry": {"type": "Point", "coordinates": [2.16104, 41.383876]}, "properties": {"codi": "0093329AR", "species": "Platanus \u00d7 acerifolia", "address": "G.V. Corts Catalanes, 562", "categoria_arbrat": "SEGONA", "emission_weight": 0.65, "source": "ajuntament-arbrat-viari"}}, {"type": "Feature", "geometry": {"type": "Point", "coordinates": [2.160031, 41.383034]}, "properties": {"codi": "0093332AR", "species": "Platanus \u00d7 acerifolia", "address": "G.V. Corts Catalanes, 544", "categoria_arbrat": "SEGONA", "emission_weight": 0.65, "source": "ajuntament-arbrat-viari"}}, {"type": "Feature", "geometry": {"type": "Point", "coordinates": [2.15879, 41.382103]}, "properties": {"codi": "0093353AR", "species": "Platanus \u00d7 acerifolia", "address": "G.V. Corts Catalanes, 524", "categoria_arbrat": "SEGONA", "emission_weight": 0.65, "source": "ajuntament-arbrat-viari"}}, {"type": "Feature", "geometry": {"type": "Point", "coordinates": [2.163101, 41.382203]}, "properties": {"codi": "0093389AR", "species": "Platanus \u00d7 acerifolia", "address": "C\\ Casanova, 2", "categoria_arbrat": "TERCERA", "emission_weight": 0.45, "source": "ajuntament-arbrat-viari"}}, {"type": "Feature", "geometry": {"type": "Point", "coordinates": [2.162565, 41.384319]}, "properties": {"codi": "0093393AR", "species": "Platanus \u00d7 acerifolia", "address": "C\\ Muntaner, 10", "categoria_arbrat": "TERCERA", "emission_weight": 0.45, "source": "ajuntament-arbrat-viari"}}, {"type": "Feature", "geometry": {"type": "Point", "coordinates": [2.163508, 41.382505]}, "properties": {"codi": "0093422AR", "species": "Platanus \u00d7 acerifolia", "address": "Rda Sant Antoni, 39", "categoria_arbrat": "EXEMPLAR", "emission_weight": 1.0, "source": "ajuntament-arbrat-viari"}}, {"type": "Feature", "geometry": {"type": "Point", "coordinates": [2.163555, 41.385669]}, "properties": {"codi": "0093429AR", "species": "Platanus \u00d7 acerifolia", "address": "G.V. Corts Catalanes, 592", "categoria_arbrat": "SEGONA", "emission_weight": 0.65, "source": "ajuntament-arbrat-viari"}}, {"type": "Feature", "geometry": {"type": "Point", "coordinates": [2.162595, 41.385047]}, "properties": {"codi": "0093442AR", "species": "Platanus \u00d7 acerifolia", "address": "G.V. Corts Catalanes, 584", "categoria_arbrat": "SEGONA", "emission_weight": 0.65, "source": "ajuntament-arbrat-viari"}}, {"type": "Feature", "geometry": {"type": "Point", "coordinates": [2.163729, 41.385169]}, "properties": {"codi": "0093450AR", "species": "Platanus \u00d7 acerifolia", "address": "Pl Universitat, 0", "categoria_arbrat": "SEGONA", "emission_weight": 0.65, "source": "ajuntament-arbrat-viari"}}, {"type": "Feature", "geometry": {"type": "Point", "coordinates": [2.162539, 41.383156]}, "properties": {"codi": "0093470AR", "species": "Platanus \u00d7 acerifolia", "address": "C\\ Sep\u00falveda, 174", "categoria_arbrat": "TERCERA", "emission_weight": 0.45, "source": "ajuntament-arbrat-viari"}}, {"type": "Feature", "geometry": {"type": "Point", "coordinates": [2.163769, 41.384457]}, "properties": {"codi": "0093472AR", "species": "Platanus \u00d7 acerifolia", "address": "Rda Sant Antoni, 57", "categoria_arbrat": "EXEMPLAR", "emission_weight": 1.0, "source": "ajuntament-arbrat-viari"}}, {"type": "Feature", "geometry": {"type": "Point", "coordinates": [2.159388, 41.382638]}, "properties": {"codi": "0093501AR", "species": "Platanus \u00d7 acerifolia", "address": "G.V. Corts Catalanes, 536", "categoria_arbrat": "SEGONA", "emission_weight": 0.65, "source": "ajuntament-arbrat-viari"}}, {"type": "Feature", "geometry": {"type": "Point", "coordinates": [2.162457, 41.384403]}, "properties": {"codi": "0093508AR", "species": "Platanus \u00d7 acerifolia", "address": "C\\ Muntaner, 14", "categoria_arbrat": "TERCERA", "emission_weight": 0.45, "source": "ajuntament-arbrat-viari"}}, {"type": "Feature", "geometry": {"type": "Point", "coordinates": [2.162047, 41.383067]}, "properties": {"codi": "0093572AR", "species": "Platanus \u00d7 acerifolia", "address": "C\\ Sep\u00falveda, 165", "categoria_arbrat": "EXEMPLAR", "emission_weight": 1.0, "source": "ajuntament-arbrat-viari"}}, {"type": "Feature", "geometry": {"type": "Point", "coordinates": [2.160926, 41.383702]}, "properties": {"codi": "0093593AR", "species": "Platanus \u00d7 acerifolia", "address": "G.V. Corts Catalanes, 560", "categoria_arbrat": "SEGONA", "emission_weight": 0.65, "source": "ajuntament-arbrat-viari"}}, {"type": "Feature", "geometry": {"type": "Point", "coordinates": [2.158993, 41.382339]}, "properties": {"codi": "0093606AR", "species": "Platanus \u00d7 acerifolia", "address": "G.V. Corts Catalanes, 524", "categoria_arbrat": "SEGONA", "emission_weight": 0.65, "source": "ajuntament-arbrat-viari"}}, {"type": "Feature", "geometry": {"type": "Point", "coordinates": [2.163164, 41.385378]}, "properties": {"codi": "0093614AR", "species": "Platanus \u00d7 acerifolia", "address": "G.V. Corts Catalanes, 590", "categoria_arbrat": "SEGONA", "emission_weight": 0.65, "source": "ajuntament-arbrat-viari"}}, {"type": "Feature", "geometry": {"type": "Point", "coordinates": [2.161969, 41.384574]}, "properties": {"codi": "0093618AR", "species": "Platanus \u00d7 acerifolia", "address": "G.V. Corts Catalanes, 576", "categoria_arbrat": "SEGONA", "emission_weight": 0.65, "source": "ajuntament-arbrat-viari"}}, {"type": "Feature", "geometry": {"type": "Point", "coordinates": [2.161944, 41.382708]}, "properties": {"codi": "0093635AR", "species": "Platanus \u00d7 acerifolia", "address": "C\\ Sep\u00falveda, 168", "categoria_arbrat": "SEGONA", "emission_weight": 0.65, "source": "ajuntament-arbrat-viari"}}, {"type": "Feature", "geometry": {"type": "Point", "coordinates": [2.161786, 41.384346]}, "properties": {"codi": "0093641AR", "species": "Platanus \u00d7 acerifolia", "address": "G.V. Corts Catalanes, 574", "categoria_arbrat": "EXEMPLAR", "emission_weight": 1.0, "source": "ajuntament-arbrat-viari"}}, {"type": "Feature", "geometry": {"type": "Point", "coordinates": [2.16357, 41.38293]}, "properties": {"codi": "0093647AR", "species": "Platanus \u00d7 acerifolia", "address": "Rda Sant Antoni, 45", "categoria_arbrat": "EXEMPLAR", "emission_weight": 1.0, "source": "ajuntament-arbrat-viari"}}, {"type": "Feature", "geometry": {"type": "Point", "coordinates": [2.161795, 41.383042]}, "properties": {"codi": "0093690AR", "species": "Platanus \u00d7 acerifolia", "address": "C\\ Casanova, 23", "categoria_arbrat": "EXEMPLAR", "emission_weight": 1.0, "source": "ajuntament-arbrat-viari"}}, {"type": "Feature", "geometry": {"type": "Point", "coordinates": [2.162418, 41.384431]}, "properties": {"codi": "0093694AR", "species": "Platanus \u00d7 acerifolia", "address": "C\\ Muntaner, 12", "categoria_arbrat": "SEGONA", "emission_weight": 0.65, "source": "ajuntament-arbrat-viari"}}, {"type": "Feature", "geometry": {"type": "Point", "coordinates": [2.163729, 41.385005]}, "properties": {"codi": "0093717AR", "species": "Platanus \u00d7 acerifolia", "address": "Pl Universitat, 4", "categoria_arbrat": "EXEMPLAR", "emission_weight": 1.0, "source": "ajuntament-arbrat-viari"}}, {"type": "Feature", "geometry": {"type": "Point", "coordinates": [2.159666, 41.382843]}, "properties": {"codi": "0093745AR", "species": "Platanus \u00d7 acerifolia", "address": "G.V. Corts Catalanes, 540", "categoria_arbrat": "SEGONA", "emission_weight": 0.65, "source": "ajuntament-arbrat-viari"}}, {"type": "Feature", "geometry": {"type": "Point", "coordinates": [2.161854, 41.382863]}, "properties": {"codi": "0093756AR", "species": "Platanus \u00d7 acerifolia", "address": "C\\ Sep\u00falveda, 165", "categoria_arbrat": "TERCERA", "emission_weight": 0.45, "source": "ajuntament-arbrat-viari"}}, {"type": "Feature", "geometry": {"type": "Point", "coordinates": [2.158925, 41.382284]}, "properties": {"codi": "0093757AR", "species": "Platanus \u00d7 acerifolia", "address": "G.V. Corts Catalanes, 524", "categoria_arbrat": "SEGONA", "emission_weight": 0.65, "source": "ajuntament-arbrat-viari"}}, {"type": "Feature", "geometry": {"type": "Point", "coordinates": [2.161377, 41.384132]}, "properties": {"codi": "0093771AR", "species": "Platanus \u00d7 acerifolia", "address": "G.V. Corts Catalanes, 568", "categoria_arbrat": "SEGONA", "emission_weight": 0.65, "source": "ajuntament-arbrat-viari"}}, {"type": "Feature", "geometry": {"type": "Point", "coordinates": [2.160378, 41.383384]}, "properties": {"codi": "0093808AR", "species": "Platanus \u00d7 acerifolia", "address": "G.V. Corts Catalanes, 552", "categoria_arbrat": "SEGONA", "emission_weight": 0.65, "source": "ajuntament-arbrat-viari"}}, {"type": "Feature", "geometry": {"type": "Point", "coordinates": [2.163788, 41.384581]}, "properties": {"codi": "0093834AR", "species": "Platanus \u00d7 acerifolia", "address": "Rda Sant Antoni, 59", "categoria_arbrat": "PRIMERA", "emission_weight": 0.85, "source": "ajuntament-arbrat-viari"}}, {"type": "Feature", "geometry": {"type": "Point", "coordinates": [2.160795, 41.383695]}, "properties": {"codi": "0093840AR", "species": "Platanus \u00d7 acerifolia", "address": "G.V. Corts Catalanes, 560", "categoria_arbrat": "SEGONA", "emission_weight": 0.65, "source": "ajuntament-arbrat-viari"}}, {"type": "Feature", "geometry": {"type": "Point", "coordinates": [2.15973, 41.382796]}, "properties": {"codi": "0093848AR", "species": "Platanus \u00d7 acerifolia", "address": "G.V. Corts Catalanes, 540", "categoria_arbrat": "SEGONA", "emission_weight": 0.65, "source": "ajuntament-arbrat-viari"}}, {"type": "Feature", "geometry": {"type": "Point", "coordinates": [2.159255, 41.382441]}, "properties": {"codi": "0093850AR", "species": "Platanus \u00d7 acerifolia", "address": "G.V. Corts Catalanes, 532", "categoria_arbrat": "EXEMPLAR", "emission_weight": 1.0, "source": "ajuntament-arbrat-viari"}}, {"type": "Feature", "geometry": {"type": "Point", "coordinates": [2.161724, 41.38439]}, "properties": {"codi": "0093854AR", "species": "Platanus \u00d7 acerifolia", "address": "G.V. Corts Catalanes, 574", "categoria_arbrat": "SEGONA", "emission_weight": 0.65, "source": "ajuntament-arbrat-viari"}}, {"type": "Feature", "geometry": {"type": "Point", "coordinates": [2.162623, 41.384123]}, "properties": {"codi": "0093859AR", "species": "Platanus \u00d7 acerifolia", "address": "C\\ Muntaner, 11", "categoria_arbrat": "TERCERA", "emission_weight": 0.45, "source": "ajuntament-arbrat-viari"}}, {"type": "Feature", "geometry": {"type": "Point", "coordinates": [2.159533, 41.382744]}, "properties": {"codi": "0093863AR", "species": "Platanus \u00d7 acerifolia", "address": "G.V. Corts Catalanes, 538", "categoria_arbrat": "SEGONA", "emission_weight": 0.65, "source": "ajuntament-arbrat-viari"}}, {"type": "Feature", "geometry": {"type": "Point", "coordinates": [2.162459, 41.384945]}, "properties": {"codi": "0093894AR", "species": "Platanus \u00d7 acerifolia", "address": "G.V. Corts Catalanes, 582", "categoria_arbrat": "SEGONA", "emission_weight": 0.65, "source": "ajuntament-arbrat-viari"}}, {"type": "Feature", "geometry": {"type": "Point", "coordinates": [2.161442, 41.384087]}, "properties": {"codi": "0093903AR", "species": "Platanus \u00d7 acerifolia", "address": "G.V. Corts Catalanes, 566", "categoria_arbrat": "EXEMPLAR", "emission_weight": 1.0, "source": "ajuntament-arbrat-viari"}}, {"type": "Feature", "geometry": {"type": "Point", "coordinates": [2.163519, 41.382575]}, "properties": {"codi": "0093908AR", "species": "Platanus \u00d7 acerifolia", "address": "Rda Sant Antoni, 41", "categoria_arbrat": "EXEMPLAR", "emission_weight": 1.0, "source": "ajuntament-arbrat-viari"}}, {"type": "Feature", "geometry": {"type": "Point", "coordinates": [2.161577, 41.384188]}, "properties": {"codi": "0093932AR", "species": "Platanus \u00d7 acerifolia", "address": "G.V. Corts Catalanes, 570", "categoria_arbrat": "SEGONA", "emission_weight": 0.65, "source": "ajuntament-arbrat-viari"}}, {"type": "Feature", "geometry": {"type": "Point", "coordinates": [2.1631, 41.385424]}, "properties": {"codi": "0093934AR", "species": "Platanus \u00d7 acerifolia", "address": "G.V. Corts Catalanes, 590", "categoria_arbrat": "SEGONA", "emission_weight": 0.65, "source": "ajuntament-arbrat-viari"}}, {"type": "Feature", "geometry": {"type": "Point", "coordinates": [2.163613, 41.383288]}, "properties": {"codi": "0093951AR", "species": "Platanus \u00d7 acerifolia", "address": "Rda Sant Antoni, 51", "categoria_arbrat": "EXEMPLAR", "emission_weight": 1.0, "source": "ajuntament-arbrat-viari"}}, {"type": "Feature", "geometry": {"type": "Point", "coordinates": [2.163319, 41.385312]}, "properties": {"codi": "0093958AR", "species": "Platanus \u00d7 acerifolia", "address": "Pl Universitat, 1", "categoria_arbrat": "EXEMPLAR", "emission_weight": 1.0, "source": "ajuntament-arbrat-viari"}}, {"type": "Feature", "geometry": {"type": "Point", "coordinates": [2.163954, 41.385966]}, "properties": {"codi": "0093965AR", "species": "Platanus \u00d7 acerifolia", "address": "G.V. Corts Catalanes, 592", "categoria_arbrat": "SEGONA", "emission_weight": 0.65, "source": "ajuntament-arbrat-viari"}}, {"type": "Feature", "geometry": {"type": "Point", "coordinates": [2.163558, 41.385768]}, "properties": {"codi": "0093966AR", "species": "Platanus \u00d7 acerifolia", "address": "G.V. Corts Catalanes, 592", "categoria_arbrat": "PRIMERA", "emission_weight": 0.85, "source": "ajuntament-arbrat-viari"}}, {"type": "Feature", "geometry": {"type": "Point", "coordinates": [2.163217, 41.382116]}, "properties": {"codi": "0093983AR", "species": "Platanus \u00d7 acerifolia", "address": "C\\ Floridablanca, 147", "categoria_arbrat": "EXEMPLAR", "emission_weight": 1.0, "source": "ajuntament-arbrat-viari"}}, {"type": "Feature", "geometry": {"type": "Point", "coordinates": [2.162321, 41.384842]}, "properties": {"codi": "0093985AR", "species": "Platanus \u00d7 acerifolia", "address": "G.V. Corts Catalanes, 580", "categoria_arbrat": "SEGONA", "emission_weight": 0.65, "source": "ajuntament-arbrat-viari"}}, {"type": "Feature", "geometry": {"type": "Point", "coordinates": [2.162806, 41.383357]}, "properties": {"codi": "0093994AR", "species": "Platanus \u00d7 acerifolia", "address": "C\\ Sep\u00falveda, 180", "categoria_arbrat": "TERCERA", "emission_weight": 0.45, "source": "ajuntament-arbrat-viari"}}, {"type": "Feature", "geometry": {"type": "Point", "coordinates": [2.163684, 41.385767]}, "properties": {"codi": "0093995AR", "species": "Platanus \u00d7 acerifolia", "address": "G.V. Corts Catalanes, 592", "categoria_arbrat": "SEGONA", "emission_weight": 0.65, "source": "ajuntament-arbrat-viari"}}, {"type": "Feature", "geometry": {"type": "Point", "coordinates": [2.161093, 41.382218]}, "properties": {"codi": "0094007AR", "species": "Platanus \u00d7 acerifolia", "address": "C\\ Sep\u00falveda, 147", "categoria_arbrat": "SEGONA", "emission_weight": 0.65, "source": "ajuntament-arbrat-viari"}}, {"type": "Feature", "geometry": {"type": "Point", "coordinates": [2.163283, 41.382164]}, "properties": {"codi": "0094011AR", "species": "Platanus \u00d7 acerifolia", "address": "C\\ Floridablanca, 147", "categoria_arbrat": "TERCERA", "emission_weight": 0.45, "source": "ajuntament-arbrat-viari"}}, {"type": "Feature", "geometry": {"type": "Point", "coordinates": [2.161382, 41.382433]}, "properties": {"codi": "0094018AR", "species": "Platanus \u00d7 acerifolia", "address": "C\\ Sep\u00falveda, 153", "categoria_arbrat": "EXEMPLAR", "emission_weight": 1.0, "source": "ajuntament-arbrat-viari"}}, {"type": "Feature", "geometry": {"type": "Point", "coordinates": [2.159056, 41.382386]}, "properties": {"codi": "0094035AR", "species": "Platanus \u00d7 acerifolia", "address": "G.V. Corts Catalanes, 530", "categoria_arbrat": "SEGONA", "emission_weight": 0.65, "source": "ajuntament-arbrat-viari"}}, {"type": "Feature", "geometry": {"type": "Point", "coordinates": [2.160718, 41.383546]}, "properties": {"codi": "0094049AR", "species": "Platanus \u00d7 acerifolia", "address": "G.V. Corts Catalanes, 560", "categoria_arbrat": "EXEMPLAR", "emission_weight": 1.0, "source": "ajuntament-arbrat-viari"}}, {"type": "Feature", "geometry": {"type": "Point", "coordinates": [2.162502, 41.383275]}, "properties": {"codi": "0094054AR", "species": "Platanus \u00d7 acerifolia", "address": "C\\ Sep\u00falveda, 173", "categoria_arbrat": "SEGONA", "emission_weight": 0.65, "source": "ajuntament-arbrat-viari"}}, {"type": "Feature", "geometry": {"type": "Point", "coordinates": [2.162738, 41.383305]}, "properties": {"codi": "0094069AR", "species": "Platanus \u00d7 acerifolia", "address": "C\\ Sep\u00falveda, 178", "categoria_arbrat": "TERCERA", "emission_weight": 0.45, "source": "ajuntament-arbrat-viari"}}, {"type": "Feature", "geometry": {"type": "Point", "coordinates": [2.160103, 41.383172]}, "properties": {"codi": "0094087AR", "species": "Platanus \u00d7 acerifolia", "address": "G.V. Corts Catalanes, 546", "categoria_arbrat": "SEGONA", "emission_weight": 0.65, "source": "ajuntament-arbrat-viari"}}, {"type": "Feature", "geometry": {"type": "Point", "coordinates": [2.161931, 41.384543]}, "properties": {"codi": "0094123AR", "species": "Platanus \u00d7 acerifolia", "address": "G.V. Corts Catalanes, 576", "categoria_arbrat": "SEGONA", "emission_weight": 0.65, "source": "ajuntament-arbrat-viari"}}, {"type": "Feature", "geometry": {"type": "Point", "coordinates": [2.161172, 41.383976]}, "properties": {"codi": "0094124AR", "species": "Platanus \u00d7 acerifolia", "address": "G.V. Corts Catalanes, 562", "categoria_arbrat": "EXEMPLAR", "emission_weight": 1.0, "source": "ajuntament-arbrat-viari"}}, {"type": "Feature", "geometry": {"type": "Point", "coordinates": [2.161791, 41.382737]}, "properties": {"codi": "0094131AR", "species": "Platanus \u00d7 acerifolia", "address": "C\\ Sep\u00falveda, 163", "categoria_arbrat": "EXEMPLAR", "emission_weight": 1.0, "source": "ajuntament-arbrat-viari"}}, {"type": "Feature", "geometry": {"type": "Point", "coordinates": [2.161235, 41.383616]}, "properties": {"codi": "0094157AR", "species": "Platanus \u00d7 acerifolia", "address": "C\\ Casanova, 36", "categoria_arbrat": "EXEMPLAR", "emission_weight": 1.0, "source": "ajuntament-arbrat-viari"}}, {"type": "Feature", "geometry": {"type": "Point", "coordinates": [2.163006, 41.383509]}, "properties": {"codi": "0094175AR", "species": "Platanus \u00d7 acerifolia", "address": "C\\ Sep\u00falveda, 184", "categoria_arbrat": "TERCERA", "emission_weight": 0.45, "source": "ajuntament-arbrat-viari"}}, {"type": "Feature", "geometry": {"type": "Point", "coordinates": [2.161644, 41.38424]}, "properties": {"codi": "0094192AR", "species": "Platanus \u00d7 acerifolia", "address": "G.V. Corts Catalanes, 570", "categoria_arbrat": "EXEMPLAR", "emission_weight": 1.0, "source": "ajuntament-arbrat-viari"}}, {"type": "Feature", "geometry": {"type": "Point", "coordinates": [2.16353, 41.382652]}, "properties": {"codi": "0094212AR", "species": "Platanus \u00d7 acerifolia", "address": "Rda Sant Antoni, 41", "categoria_arbrat": "EXEMPLAR", "emission_weight": 1.0, "source": "ajuntament-arbrat-viari"}}, {"type": "Feature", "geometry": {"type": "Point", "coordinates": [2.163486, 41.382317]}, "properties": {"codi": "0094225AR", "species": "Platanus \u00d7 acerifolia", "address": "Rda Sant Antoni, 37", "categoria_arbrat": "EXEMPLAR", "emission_weight": 1.0, "source": "ajuntament-arbrat-viari"}}, {"type": "Feature", "geometry": {"type": "Point", "coordinates": [2.160792, 41.383599]}, "properties": {"codi": "0094235AR", "species": "Platanus \u00d7 acerifolia", "address": "G.V. Corts Catalanes, 560", "categoria_arbrat": "EXEMPLAR", "emission_weight": 1.0, "source": "ajuntament-arbrat-viari"}}, {"type": "Feature", "geometry": {"type": "Point", "coordinates": [2.162591, 41.384951]}, "properties": {"codi": "0094247AR", "species": "Platanus \u00d7 acerifolia", "address": "G.V. Corts Catalanes, 584", "categoria_arbrat": "SEGONA", "emission_weight": 0.65, "source": "ajuntament-arbrat-viari"}}, {"type": "Feature", "geometry": {"type": "Point", "coordinates": [2.162764, 41.382313]}, "properties": {"codi": "0094263AR", "species": "Platanus \u00d7 acerifolia", "address": "C\\ Casanova, 9", "categoria_arbrat": "EXEMPLAR", "emission_weight": 1.0, "source": "ajuntament-arbrat-viari"}}, {"type": "Feature", "geometry": {"type": "Point", "coordinates": [2.162835, 41.38412]}, "properties": {"codi": "0094276AR", "species": "Platanus \u00d7 acerifolia", "address": "C\\ Muntaner, 6", "categoria_arbrat": "EXEMPLAR", "emission_weight": 1.0, "source": "ajuntament-arbrat-viari"}}, {"type": "Feature", "geometry": {"type": "Point", "coordinates": [2.161308, 41.384081]}, "properties": {"codi": "0094294AR", "species": "Platanus \u00d7 acerifolia", "address": "G.V. Corts Catalanes, 566", "categoria_arbrat": "EXEMPLAR", "emission_weight": 1.0, "source": "ajuntament-arbrat-viari"}}, {"type": "Feature", "geometry": {"type": "Point", "coordinates": [2.163017, 41.383977]}, "properties": {"codi": "0094314AR", "species": "Platanus \u00d7 acerifolia", "address": "C\\ Muntaner, 2", "categoria_arbrat": "TERCERA", "emission_weight": 0.45, "source": "ajuntament-arbrat-viari"}}, {"type": "Feature", "geometry": {"type": "Point", "coordinates": [2.16246, 41.38485]}, "properties": {"codi": "0094331AR", "species": "Platanus \u00d7 acerifolia", "address": "G.V. Corts Catalanes, 580", "categoria_arbrat": "SEGONA", "emission_weight": 0.65, "source": "ajuntament-arbrat-viari"}}, {"type": "Feature", "geometry": {"type": "Point", "coordinates": [2.162033, 41.384531]}, "properties": {"codi": "0094335AR", "species": "Platanus \u00d7 acerifolia", "address": "G.V. Corts Catalanes, 576", "categoria_arbrat": "SEGONA", "emission_weight": 0.65, "source": "ajuntament-arbrat-viari"}}, {"type": "Feature", "geometry": {"type": "Point", "coordinates": [2.160173, 41.383224]}, "properties": {"codi": "0094343AR", "species": "Platanus \u00d7 acerifolia", "address": "G.V. Corts Catalanes, 548", "categoria_arbrat": "SEGONA", "emission_weight": 0.65, "source": "ajuntament-arbrat-viari"}}, {"type": "Feature", "geometry": {"type": "Point", "coordinates": [2.158853, 41.38223]}, "properties": {"codi": "0094345AR", "species": "Platanus \u00d7 acerifolia", "address": "G.V. Corts Catalanes, 524", "categoria_arbrat": "SEGONA", "emission_weight": 0.65, "source": "ajuntament-arbrat-viari"}}, {"type": "Feature", "geometry": {"type": "Point", "coordinates": [2.161269, 41.382201]}, "properties": {"codi": "0094349AR", "species": "Platanus \u00d7 acerifolia", "address": "C\\ Sep\u00falveda, 154", "categoria_arbrat": "SEGONA", "emission_weight": 0.65, "source": "ajuntament-arbrat-viari"}}, {"type": "Feature", "geometry": {"type": "Point", "coordinates": [2.16306, 41.383691]}, "properties": {"codi": "0094361AR", "species": "Platanus \u00d7 acerifolia", "address": "C\\ Sep\u00falveda, 181", "categoria_arbrat": "TERCERA", "emission_weight": 0.45, "source": "ajuntament-arbrat-viari"}}, {"type": "Feature", "geometry": {"type": "Point", "coordinates": [2.163427, 41.385669]}, "properties": {"codi": "0094379AR", "species": "Platanus \u00d7 acerifolia", "address": "G.V. Corts Catalanes, 592", "categoria_arbrat": "SEGONA", "emission_weight": 0.65, "source": "ajuntament-arbrat-viari"}}, {"type": "Feature", "geometry": {"type": "Point", "coordinates": [2.161763, 41.38322]}, "properties": {"codi": "0094381AR", "species": "Platanus \u00d7 acerifolia", "address": "C\\ Casanova, 26", "categoria_arbrat": "SEGONA", "emission_weight": 0.65, "source": "ajuntament-arbrat-viari"}}, {"type": "Feature", "geometry": {"type": "Point", "coordinates": [2.159662, 41.382748]}, "properties": {"codi": "0094384AR", "species": "Platanus \u00d7 acerifolia", "address": "G.V. Corts Catalanes, 540", "categoria_arbrat": "SEGONA", "emission_weight": 0.65, "source": "ajuntament-arbrat-viari"}}, {"type": "Feature", "geometry": {"type": "Point", "coordinates": [2.159462, 41.382693]}, "properties": {"codi": "0094389AR", "species": "Platanus \u00d7 acerifolia", "address": "G.V. Corts Catalanes, 538", "categoria_arbrat": "SEGONA", "emission_weight": 0.65, "source": "ajuntament-arbrat-viari"}}, {"type": "Feature", "geometry": {"type": "Point", "coordinates": [2.16196, 41.383072]}, "properties": {"codi": "0094404AR", "species": "Platanus \u00d7 acerifolia", "address": "C\\ Casanova, 22", "categoria_arbrat": "EXEMPLAR", "emission_weight": 1.0, "source": "ajuntament-arbrat-viari"}}, {"type": "Feature", "geometry": {"type": "Point", "coordinates": [2.161037, 41.383781]}, "properties": {"codi": "0094406AR", "species": "Platanus \u00d7 acerifolia", "address": "G.V. Corts Catalanes, 562", "categoria_arbrat": "SEGONA", "emission_weight": 0.65, "source": "ajuntament-arbrat-viari"}}, {"type": "Feature", "geometry": {"type": "Point", "coordinates": [2.16293, 41.385297]}, "properties": {"codi": "0094417AR", "species": "Platanus \u00d7 acerifolia", "address": "G.V. Corts Catalanes, 590", "categoria_arbrat": "SEGONA", "emission_weight": 0.65, "source": "ajuntament-arbrat-viari"}}, {"type": "Feature", "geometry": {"type": "Point", "coordinates": [2.163522, 41.385156]}, "properties": {"codi": "0094433AR", "species": "Platanus \u00d7 acerifolia", "address": "Pl Universitat, 2", "categoria_arbrat": "EXEMPLAR", "emission_weight": 1.0, "source": "ajuntament-arbrat-viari"}}, {"type": "Feature", "geometry": {"type": "Point", "coordinates": [2.159121, 41.382342]}, "properties": {"codi": "0094435AR", "species": "Platanus \u00d7 acerifolia", "address": "G.V. Corts Catalanes, 530", "categoria_arbrat": "TERCERA", "emission_weight": 0.45, "source": "ajuntament-arbrat-viari"}}, {"type": "Feature", "geometry": {"type": "Point", "coordinates": [2.163502, 41.382435]}, "properties": {"codi": "0094459AR", "species": "Platanus \u00d7 acerifolia", "address": "Rda Sant Antoni, 39", "categoria_arbrat": "EXEMPLAR", "emission_weight": 1.0, "source": "ajuntament-arbrat-viari"}}, {"type": "Feature", "geometry": {"type": "Point", "coordinates": [2.160517, 41.383488]}, "properties": {"codi": "0094464AR", "species": "Platanus \u00d7 acerifolia", "address": "G.V. Corts Catalanes, 556", "categoria_arbrat": "SEGONA", "emission_weight": 0.65, "source": "ajuntament-arbrat-viari"}}, {"type": "Feature", "geometry": {"type": "Point", "coordinates": [2.162222, 41.384423]}, "properties": {"codi": "0094466AR", "species": "Platanus \u00d7 acerifolia", "address": "C\\ Muntaner, 21", "categoria_arbrat": "TERCERA", "emission_weight": 0.45, "source": "ajuntament-arbrat-viari"}}, {"type": "Feature", "geometry": {"type": "Point", "coordinates": [2.163556, 41.385302]}, "properties": {"codi": "0094470AR", "species": "Platanus \u00d7 acerifolia", "address": "Pl Universitat, 0", "categoria_arbrat": "TERCERA", "emission_weight": 0.45, "source": "ajuntament-arbrat-viari"}}, {"type": "Feature", "geometry": {"type": "Point", "coordinates": [2.159913, 41.382954]}, "properties": {"codi": "0094485AR", "species": "Platanus \u00d7 acerifolia", "address": "G.V. Corts Catalanes, 544", "categoria_arbrat": "SEGONA", "emission_weight": 0.65, "source": "ajuntament-arbrat-viari"}}, {"type": "Feature", "geometry": {"type": "Point", "coordinates": [2.162456, 41.382688]}, "properties": {"codi": "0094492AR", "species": "Platanus \u00d7 acerifolia", "address": "C\\ Casanova, 18", "categoria_arbrat": "EXEMPLAR", "emission_weight": 1.0, "source": "ajuntament-arbrat-viari"}}, {"type": "Feature", "geometry": {"type": "Point", "coordinates": [2.163062, 41.385304]}, "properties": {"codi": "0094496AR", "species": "Platanus \u00d7 acerifolia", "address": "G.V. Corts Catalanes, 590", "categoria_arbrat": "SEGONA", "emission_weight": 0.65, "source": "ajuntament-arbrat-viari"}}, {"type": "Feature", "geometry": {"type": "Point", "coordinates": [2.160583, 41.383442]}, "properties": {"codi": "0094508AR", "species": "Platanus \u00d7 acerifolia", "address": "G.V. Corts Catalanes, 556", "categoria_arbrat": "EXEMPLAR", "emission_weight": 1.0, "source": "ajuntament-arbrat-viari"}}, {"type": "Feature", "geometry": {"type": "Point", "coordinates": [2.159853, 41.382991]}, "properties": {"codi": "0094513AR", "species": "Platanus \u00d7 acerifolia", "address": "G.V. Corts Catalanes, 544", "categoria_arbrat": "SEGONA", "emission_weight": 0.65, "source": "ajuntament-arbrat-viari"}}, {"type": "Feature", "geometry": {"type": "Point", "coordinates": [2.162923, 41.385197]}, "properties": {"codi": "0094540AR", "species": "Platanus \u00d7 acerifolia", "address": "G.V. Corts Catalanes, 588", "categoria_arbrat": "PRIMERA", "emission_weight": 0.85, "source": "ajuntament-arbrat-viari"}}, {"type": "Feature", "geometry": {"type": "Point", "coordinates": [2.160653, 41.383587]}, "properties": {"codi": "0094580AR", "species": "Platanus \u00d7 acerifolia", "address": "G.V. Corts Catalanes, 560", "categoria_arbrat": "SEGONA", "emission_weight": 0.65, "source": "ajuntament-arbrat-viari"}}, {"type": "Feature", "geometry": {"type": "Point", "coordinates": [2.163157, 41.382163]}, "properties": {"codi": "0094587AR", "species": "Platanus \u00d7 acerifolia", "address": "C\\ Casanova, 2", "categoria_arbrat": "EXEMPLAR", "emission_weight": 1.0, "source": "ajuntament-arbrat-viari"}}, {"type": "Feature", "geometry": {"type": "Point", "coordinates": [2.15689, 41.395719]}, "properties": {"codi": "0094632AR", "species": "Platanus \u00d7 acerifolia", "address": "Av Diagonal, 397", "categoria_arbrat": "SEGONA", "emission_weight": 0.65, "source": "ajuntament-arbrat-viari"}}, {"type": "Feature", "geometry": {"type": "Point", "coordinates": [2.155165, 41.395354]}, "properties": {"codi": "0094636AR", "species": "Platanus \u00d7 acerifolia", "address": "Av Diagonal, 407", "categoria_arbrat": "PRIMERA", "emission_weight": 0.85, "source": "ajuntament-arbrat-viari"}}, {"type": "Feature", "geometry": {"type": "Point", "coordinates": [2.156705, 41.395667]}, "properties": {"codi": "0094643AR", "species": "Platanus \u00d7 acerifolia", "address": "Av Diagonal, 397", "categoria_arbrat": "EXEMPLAR", "emission_weight": 1.0, "source": "ajuntament-arbrat-viari"}}, {"type": "Feature", "geometry": {"type": "Point", "coordinates": [2.155527, 41.395371]}, "properties": {"codi": "0094644AR", "species": "Platanus \u00d7 acerifolia", "address": "Av Diagonal, 407", "categoria_arbrat": "EXEMPLAR", "emission_weight": 1.0, "source": "ajuntament-arbrat-viari"}}, {"type": "Feature", "geometry": {"type": "Point", "coordinates": [2.156077, 41.395575]}, "properties": {"codi": "0094653AR", "species": "Platanus \u00d7 acerifolia", "address": "Av Diagonal, 405", "categoria_arbrat": "SEGONA", "emission_weight": 0.65, "source": "ajuntament-arbrat-viari"}}, {"type": "Feature", "geometry": {"type": "Point", "coordinates": [2.15534, 41.395319]}, "properties": {"codi": "0094654AR", "species": "Platanus \u00d7 acerifolia", "address": "Av Diagonal, 407", "categoria_arbrat": "EXEMPLAR", "emission_weight": 1.0, "source": "ajuntament-arbrat-viari"}}, {"type": "Feature", "geometry": {"type": "Point", "coordinates": [2.156508, 41.395615]}, "properties": {"codi": "0094659AR", "species": "Platanus \u00d7 acerifolia", "address": "Av Diagonal, 401", "categoria_arbrat": "SEGONA", "emission_weight": 0.65, "source": "ajuntament-arbrat-viari"}}, {"type": "Feature", "geometry": {"type": "Point", "coordinates": [2.156255, 41.395621]}, "properties": {"codi": "0094681AR", "species": "Platanus \u00d7 acerifolia", "address": "Av Diagonal, 403", "categoria_arbrat": "SEGONA", "emission_weight": 0.65, "source": "ajuntament-arbrat-viari"}}, {"type": "Feature", "geometry": {"type": "Point", "coordinates": [2.155143, 41.39527]}, "properties": {"codi": "0094686AR", "species": "Platanus \u00d7 acerifolia", "address": "Av Diagonal, 407", "categoria_arbrat": "TERCERA", "emission_weight": 0.45, "source": "ajuntament-arbrat-viari"}}, {"type": "Feature", "geometry": {"type": "Point", "coordinates": [2.166732, 41.38806]}, "properties": {"codi": "0094763AR", "species": "Platanus \u00d7 acerifolia", "address": "G.V. Corts Catalanes, 622", "categoria_arbrat": "PRIMERA", "emission_weight": 0.85, "source": "ajuntament-arbrat-viari"}}, {"type": "Feature", "geometry": {"type": "Point", "coordinates": [2.163571, 41.39352]}, "properties": {"codi": "0094766AR", "species": "Platanus \u00d7 acerifolia", "address": "Pg Gr\u00e0cia, 74", "categoria_arbrat": "SEGONA", "emission_weight": 0.65, "source": "ajuntament-arbrat-viari"}}, {"type": "Feature", "geometry": {"type": "Point", "coordinates": [2.166181, 41.388055]}, "properties": {"codi": "0094778AR", "species": "Platanus \u00d7 acerifolia", "address": "G.V. Corts Catalanes, 595", "categoria_arbrat": "SEGONA", "emission_weight": 0.65, "source": "ajuntament-arbrat-viari"}}, {"type": "Feature", "geometry": {"type": "Point", "coordinates": [2.167641, 41.392626]}, "properties": {"codi": "0094784AR", "species": "Platanus \u00d7 acerifolia", "address": "C\\ Consell de Cent, 363", "categoria_arbrat": "EXEMPLAR", "emission_weight": 1.0, "source": "ajuntament-arbrat-viari"}}, {"type": "Feature", "geometry": {"type": "Point", "coordinates": [2.166111, 41.390924]}, "properties": {"codi": "0094787AR", "species": "Platanus \u00d7 acerifolia", "address": "Pg Gr\u00e0cia, 29", "categoria_arbrat": "EXEMPLAR", "emission_weight": 1.0, "source": "ajuntament-arbrat-viari"}}, {"type": "Feature", "geometry": {"type": "Point", "coordinates": [2.16933, 41.388317]}, "properties": {"codi": "0094792AR", "species": "Platanus \u00d7 acerifolia", "address": "Pg Gr\u00e0cia, 3", "categoria_arbrat": "PRIMERA", "emission_weight": 0.85, "source": "ajuntament-arbrat-viari"}}, {"type": "Feature", "geometry": {"type": "Point", "coordinates": [2.169028, 41.386902]}, "properties": {"codi": "0094793AR", "species": "Platanus \u00d7 acerifolia", "address": "Pl Catalunya, 5", "categoria_arbrat": "PRIMERA", "emission_weight": 0.85, "source": "ajuntament-arbrat-viari"}}, {"type": "Feature", "geometry": {"type": "Point", "coordinates": [2.16229, 41.394546]}, "properties": {"codi": "0094798AR", "species": "Platanus \u00d7 acerifolia", "address": "Pg Gr\u00e0cia, 84", "categoria_arbrat": "SEGONA", "emission_weight": 0.65, "source": "ajuntament-arbrat-viari"}}, {"type": "Feature", "geometry": {"type": "Point", "coordinates": [2.169932, 41.388231]}, "properties": {"codi": "0094800AR", "species": "Platanus \u00d7 acerifolia", "address": "Pg Gr\u00e0cia, 2", "categoria_arbrat": "SEGONA", "emission_weight": 0.65, "source": "ajuntament-arbrat-viari"}}, {"type": "Feature", "geometry": {"type": "Point", "coordinates": [2.167705, 41.389629]}, "properties": {"codi": "0094811AR", "species": "Platanus \u00d7 acerifolia", "address": "Pg Gr\u00e0cia, 13", "categoria_arbrat": "SEGONA", "emission_weight": 0.65, "source": "ajuntament-arbrat-viari"}}, {"type": "Feature", "geometry": {"type": "Point", "coordinates": [2.167353, 41.389917]}, "properties": {"codi": "0094816AR", "species": "Platanus \u00d7 acerifolia", "address": "Pg Gr\u00e0cia, 17", "categoria_arbrat": "SEGONA", "emission_weight": 0.65, "source": "ajuntament-arbrat-viari"}}, {"type": "Feature", "geometry": {"type": "Point", "coordinates": [2.165775, 41.391044]}, "properties": {"codi": "0094819AR", "species": "Platanus \u00d7 acerifolia", "address": "C\\ Consell de Cent, 310", "categoria_arbrat": "SEGONA", "emission_weight": 0.65, "source": "ajuntament-arbrat-viari"}}, {"type": "Feature", "geometry": {"type": "Point", "coordinates": [2.156531, 41.39569]}, "properties": {"codi": "0094822AR", "species": "Platanus \u00d7 acerifolia", "address": "Av Diagonal, 401", "categoria_arbrat": "EXEMPLAR", "emission_weight": 1.0, "source": "ajuntament-arbrat-viari"}}, {"type": "Feature", "geometry": {"type": "Point", "coordinates": [2.160299, 41.393908]}, "properties": {"codi": "0094831AR", "species": "Platanus \u00d7 acerifolia", "address": "C\\ Proven\u00e7a, 243", "categoria_arbrat": "EXEMPLAR", "emission_weight": 1.0, "source": "ajuntament-arbrat-viari"}}, {"type": "Feature", "geometry": {"type": "Point", "coordinates": [2.166319, 41.390759]}, "properties": {"codi": "0094832AR", "species": "Platanus \u00d7 acerifolia", "address": "Pg Gr\u00e0cia, 27", "categoria_arbrat": "EXEMPLAR", "emission_weight": 1.0, "source": "ajuntament-arbrat-viari"}}, {"type": "Feature", "geometry": {"type": "Point", "coordinates": [2.155982, 41.395554]}, "properties": {"codi": "0094834AR", "species": "Platanus \u00d7 acerifolia", "address": "Av Diagonal, 405", "categoria_arbrat": "EXEMPLAR", "emission_weight": 1.0, "source": "ajuntament-arbrat-viari"}}, {"type": "Feature", "geometry": {"type": "Point", "coordinates": [2.169466, 41.388348]}, "properties": {"codi": "0094835AR", "species": "Platanus \u00d7 acerifolia", "address": "Pg Gr\u00e0cia, 3", "categoria_arbrat": "SEGONA", "emission_weight": 0.65, "source": "ajuntament-arbrat-viari"}}, {"type": "Feature", "geometry": {"type": "Point", "coordinates": [2.169758, 41.388366]}, "properties": {"codi": "0094840AR", "species": "Platanus \u00d7 acerifolia", "address": "Pg Gr\u00e0cia, 2", "categoria_arbrat": "SEGONA", "emission_weight": 0.65, "source": "ajuntament-arbrat-viari"}}, {"type": "Feature", "geometry": {"type": "Point", "coordinates": [2.16976, 41.390338]}, "properties": {"codi": "0094845AR", "species": "Platanus \u00d7 acerifolia", "address": "G.V. Corts Catalanes, 646", "categoria_arbrat": "SEGONA", "emission_weight": 0.65, "source": "ajuntament-arbrat-viari"}}, {"type": "Feature", "geometry": {"type": "Point", "coordinates": [2.164109, 41.391458]}, "properties": {"codi": "0094852AR", "species": "Platanus \u00d7 acerifolia", "address": "C\\ Arag\u00f3, 270", "categoria_arbrat": "PRIMERA", "emission_weight": 0.85, "source": "ajuntament-arbrat-viari"}}, {"type": "Feature", "geometry": {"type": "Point", "coordinates": [2.169569, 41.386282]}, "properties": {"codi": "0094856AR", "species": "Platanus \u00d7 acerifolia", "address": "Pl Catalunya, 1", "categoria_arbrat": "SEGONA", "emission_weight": 0.65, "source": "ajuntament-arbrat-viari"}}, {"type": "Feature", "geometry": {"type": "Point", "coordinates": [2.163098, 41.393753]}, "properties": {"codi": "0094858AR", "species": "Platanus \u00d7 acerifolia", "address": "Pg Gr\u00e0cia, 78", "categoria_arbrat": "SEGONA", "emission_weight": 0.65, "source": "ajuntament-arbrat-viari"}}, {"type": "Feature", "geometry": {"type": "Point", "coordinates": [2.16312, 41.389227]}, "properties": {"codi": "0094860AR", "species": "Platanus \u00d7 acerifolia", "address": "C\\ Consell de Cent, 311", "categoria_arbrat": "TERCERA", "emission_weight": 0.45, "source": "ajuntament-arbrat-viari"}}, {"type": "Feature", "geometry": {"type": "Point", "coordinates": [2.163706, 41.393245]}, "properties": {"codi": "0094861AR", "species": "Platanus \u00d7 acerifolia", "address": "Pg Gr\u00e0cia, 68", "categoria_arbrat": "PRIMERA", "emission_weight": 0.85, "source": "ajuntament-arbrat-viari"}}, {"type": "Feature", "geometry": {"type": "Point", "coordinates": [2.169277, 41.392876]}, "properties": {"codi": "0094865AR", "species": "Platanus \u00d7 acerifolia", "address": "C\\ Roger de Ll\u00faria, 52", "categoria_arbrat": "SEGONA", "emission_weight": 0.65, "source": "ajuntament-arbrat-viari"}}, {"type": "Feature", "geometry": {"type": "Point", "coordinates": [2.169197, 41.38882]}, "properties": {"codi": "0094873AR", "species": "Platanus \u00d7 acerifolia", "address": "Pg Gr\u00e0cia, 6", "categoria_arbrat": "TERCERA", "emission_weight": 0.45, "source": "ajuntament-arbrat-viari"}}, {"type": "Feature", "geometry": {"type": "Point", "coordinates": [2.166015, 41.395199]}, "properties": {"codi": "0094874AR", "species": "Platanus \u00d7 acerifolia", "address": "C\\ Roger de Ll\u00faria, 89", "categoria_arbrat": "EXEMPLAR", "emission_weight": 1.0, "source": "ajuntament-arbrat-viari"}}, {"type": "Feature", "geometry": {"type": "Point", "coordinates": [2.165497, 41.387538]}, "properties": {"codi": "0094886AR", "species": "Platanus \u00d7 acerifolia", "address": "G.V. Corts Catalanes, 587", "categoria_arbrat": "TERCERA", "emission_weight": 0.45, "source": "ajuntament-arbrat-viari"}}, {"type": "Feature", "geometry": {"type": "Point", "coordinates": [2.162949, 41.392493]}, "properties": {"codi": "0094890AR", "species": "Platanus \u00d7 acerifolia", "address": "C\\ Val\u00e8ncia, 247", "categoria_arbrat": "EXEMPLAR", "emission_weight": 1.0, "source": "ajuntament-arbrat-viari"}}, {"type": "Feature", "geometry": {"type": "Point", "coordinates": [2.162978, 41.394232]}, "properties": {"codi": "0094892AR", "species": "Platanus \u00d7 acerifolia", "address": "C\\ Mallorca, 265", "categoria_arbrat": "EXEMPLAR", "emission_weight": 1.0, "source": "ajuntament-arbrat-viari"}}, {"type": "Feature", "geometry": {"type": "Point", "coordinates": [2.164134, 41.393059]}, "properties": {"codi": "0094899AR", "species": "Platanus \u00d7 acerifolia", "address": "Pg Gr\u00e0cia, 66", "categoria_arbrat": "EXEMPLAR", "emission_weight": 1.0, "source": "ajuntament-arbrat-viari"}}, {"type": "Feature", "geometry": {"type": "Point", "coordinates": [2.164435, 41.392417]}, "properties": {"codi": "0094904AR", "species": "Platanus \u00d7 acerifolia", "address": "Pg Gr\u00e0cia, 49", "categoria_arbrat": "PRIMERA", "emission_weight": 0.85, "source": "ajuntament-arbrat-viari"}}, {"type": "Feature", "geometry": {"type": "Point", "coordinates": [2.157964, 41.395412]}, "properties": {"codi": "0094906AR", "species": "Platanus \u00d7 acerifolia", "address": "C\\ C\u00f2rsega, 296", "categoria_arbrat": "EXEMPLAR", "emission_weight": 1.0, "source": "ajuntament-arbrat-viari"}}, {"type": "Feature", "geometry": {"type": "Point", "coordinates": [2.167093, 41.395464]}, "properties": {"codi": "0094910AR", "species": "Platanus \u00d7 acerifolia", "address": "C\\ Val\u00e8ncia, 320", "categoria_arbrat": "SEGONA", "emission_weight": 0.65, "source": "ajuntament-arbrat-viari"}}, {"type": "Feature", "geometry": {"type": "Point", "coordinates": [2.165199, 41.390789]}, "properties": {"codi": "0094912AR", "species": "Platanus \u00d7 acerifolia", "address": "C\\ Consell de Cent, 347", "categoria_arbrat": "SEGONA", "emission_weight": 0.65, "source": "ajuntament-arbrat-viari"}}, {"type": "Feature", "geometry": {"type": "Point", "coordinates": [2.169235, 41.386662]}, "properties": {"codi": "0094919AR", "species": "Platanus \u00d7 acerifolia", "address": "Pl Catalunya, 5", "categoria_arbrat": "PRIMERA", "emission_weight": 0.85, "source": "ajuntament-arbrat-viari"}}, {"type": "Feature", "geometry": {"type": "Point", "coordinates": [2.167876, 41.395641]}, "properties": {"codi": "0094920AR", "species": "Platanus \u00d7 acerifolia", "address": "C\\ Bruc, 104", "categoria_arbrat": "SEGONA", "emission_weight": 0.65, "source": "ajuntament-arbrat-viari"}}, {"type": "Feature", "geometry": {"type": "Point", "coordinates": [2.161081, 41.394357]}, "properties": {"codi": "0094922AR", "species": "Platanus \u00d7 acerifolia", "address": "C\\ Proven\u00e7a, 292", "categoria_arbrat": "TERCERA", "emission_weight": 0.45, "source": "ajuntament-arbrat-viari"}}, {"type": "Feature", "geometry": {"type": "Point", "coordinates": [2.16504, 41.391793]}, "properties": {"codi": "0094927AR", "species": "Platanus \u00d7 acerifolia", "address": "Pg Gr\u00e0cia, 43", "categoria_arbrat": "TERCERA", "emission_weight": 0.45, "source": "ajuntament-arbrat-viari"}}, {"type": "Feature", "geometry": {"type": "Point", "coordinates": [2.162666, 41.390375]}, "properties": {"codi": "0094928AR", "species": "Platanus \u00d7 acerifolia", "address": "C\\ Arag\u00f3, 250", "categoria_arbrat": "SEGONA", "emission_weight": 0.65, "source": "ajuntament-arbrat-viari"}}, {"type": "Feature", "geometry": {"type": "Point", "coordinates": [2.163697, 41.395392]}, "properties": {"codi": "0094933AR", "species": "Platanus \u00d7 acerifolia", "address": "C\\ Pau Claris, 170", "categoria_arbrat": "SEGONA", "emission_weight": 0.65, "source": "ajuntament-arbrat-viari"}}, {"type": "Feature", "geometry": {"type": "Point", "coordinates": [2.163467, 41.392904]}, "properties": {"codi": "0094935AR", "species": "Platanus \u00d7 acerifolia", "address": "C\\ Val\u00e8ncia, 249", "categoria_arbrat": "EXEMPLAR", "emission_weight": 1.0, "source": "ajuntament-arbrat-viari"}}, {"type": "Feature", "geometry": {"type": "Point", "coordinates": [2.164732, 41.394607]}, "properties": {"codi": "0094937AR", "species": "Platanus \u00d7 acerifolia", "address": "C\\ Pau Claris, 158", "categoria_arbrat": "SEGONA", "emission_weight": 0.65, "source": "ajuntament-arbrat-viari"}}, {"type": "Feature", "geometry": {"type": "Point", "coordinates": [2.165894, 41.387432]}, "properties": {"codi": "0094947AR", "species": "Platanus \u00d7 acerifolia", "address": "G.V. Corts Catalanes, 610", "categoria_arbrat": "EXEMPLAR", "emission_weight": 1.0, "source": "ajuntament-arbrat-viari"}}, {"type": "Feature", "geometry": {"type": "Point", "coordinates": [2.162323, 41.394123]}, "properties": {"codi": "0094950AR", "species": "Platanus \u00d7 acerifolia", "address": "Pg Gr\u00e0cia, 77", "categoria_arbrat": "SEGONA", "emission_weight": 0.65, "source": "ajuntament-arbrat-viari"}}, {"type": "Feature", "geometry": {"type": "Point", "coordinates": [2.168998, 41.394794]}, "properties": {"codi": "0094956AR", "species": "Platanus \u00d7 acerifolia", "address": "C\\ Bruc, 96", "categoria_arbrat": "EXEMPLAR", "emission_weight": 1.0, "source": "ajuntament-arbrat-viari"}}, {"type": "Feature", "geometry": {"type": "Point", "coordinates": [2.169051, 41.389893]}, "properties": {"codi": "0094960AR", "species": "Platanus \u00d7 acerifolia", "address": "G.V. Corts Catalanes, 638", "categoria_arbrat": "PRIMERA", "emission_weight": 0.85, "source": "ajuntament-arbrat-viari"}}, {"type": "Feature", "geometry": {"type": "Point", "coordinates": [2.16905, 41.390211]}, "properties": {"codi": "0094972AR", "species": "Platanus \u00d7 acerifolia", "address": "G.V. Corts Catalanes, 615", "categoria_arbrat": "SEGONA", "emission_weight": 0.65, "source": "ajuntament-arbrat-viari"}}, {"type": "Feature", "geometry": {"type": "Point", "coordinates": [2.167796, 41.395553]}, "properties": {"codi": "0094973AR", "species": "Platanus \u00d7 acerifolia", "address": "C\\ Bruc, 97", "categoria_arbrat": "SEGONA", "emission_weight": 0.65, "source": "ajuntament-arbrat-viari"}}, {"type": "Feature", "geometry": {"type": "Point", "coordinates": [2.159881, 41.393389]}, "properties": {"codi": "0094985AR", "species": "Platanus \u00d7 acerifolia", "address": "C\\ Proven\u00e7a, 270", "categoria_arbrat": "SEGONA", "emission_weight": 0.65, "source": "ajuntament-arbrat-viari"}}, {"type": "Feature", "geometry": {"type": "Point", "coordinates": [2.162164, 41.394107]}, "properties": {"codi": "0094994AR", "species": "Platanus \u00d7 acerifolia", "address": "Pg Gr\u00e0cia, 79", "categoria_arbrat": "EXEMPLAR", "emission_weight": 1.0, "source": "ajuntament-arbrat-viari"}}, {"type": "Feature", "geometry": {"type": "Point", "coordinates": [2.16814, 41.395294]}, "properties": {"codi": "0095000AR", "species": "Platanus \u00d7 acerifolia", "address": "C\\ Bruc, 89", "categoria_arbrat": "EXEMPLAR", "emission_weight": 1.0, "source": "ajuntament-arbrat-viari"}}, {"type": "Feature", "geometry": {"type": "Point", "coordinates": [2.166662, 41.388006]}, "properties": {"codi": "0095008AR", "species": "Platanus \u00d7 acerifolia", "address": "G.V. Corts Catalanes, 620", "categoria_arbrat": "EXEMPLAR", "emission_weight": 1.0, "source": "ajuntament-arbrat-viari"}}, {"type": "Feature", "geometry": {"type": "Point", "coordinates": [2.161014, 41.395035]}, "properties": {"codi": "0095009AR", "species": "Platanus \u00d7 acerifolia", "address": "Pg Gr\u00e0cia, 93", "categoria_arbrat": "EXEMPLAR", "emission_weight": 1.0, "source": "ajuntament-arbrat-viari"}}, {"type": "Feature", "geometry": {"type": "Point", "coordinates": [2.169059, 41.386658]}, "properties": {"codi": "0095013AR", "species": "Platanus \u00d7 acerifolia", "address": "Pl Catalunya, 5", "categoria_arbrat": "PRIMERA", "emission_weight": 0.85, "source": "ajuntament-arbrat-viari"}}, {"type": "Feature", "geometry": {"type": "Point", "coordinates": [2.164924, 41.386797]}, "properties": {"codi": "0095015AR", "species": "Platanus \u00d7 acerifolia", "address": "G.V. Corts Catalanes, 598", "categoria_arbrat": "PRIMERA", "emission_weight": 0.85, "source": "ajuntament-arbrat-viari"}}, {"type": "Feature", "geometry": {"type": "Point", "coordinates": [2.169878, 41.388278]}, "properties": {"codi": "0095016AR", "species": "Platanus \u00d7 acerifolia", "address": "Pg Gr\u00e0cia, 2", "categoria_arbrat": "TERCERA", "emission_weight": 0.45, "source": "ajuntament-arbrat-viari"}}, {"type": "Feature", "geometry": {"type": "Point", "coordinates": [2.167545, 41.389142]}, "properties": {"codi": "0095024AR", "species": "Platanus \u00d7 acerifolia", "address": "G.V. Corts Catalanes, 609", "categoria_arbrat": "SEGONA", "emission_weight": 0.65, "source": "ajuntament-arbrat-viari"}}, {"type": "Feature", "geometry": {"type": "Point", "coordinates": [2.169252, 41.388928]}, "properties": {"codi": "0095035AR", "species": "Platanus \u00d7 acerifolia", "address": "Pg Gr\u00e0cia, 8", "categoria_arbrat": "EXEMPLAR", "emission_weight": 1.0, "source": "ajuntament-arbrat-viari"}}, {"type": "Feature", "geometry": {"type": "Point", "coordinates": [2.164543, 41.393696]}, "properties": {"codi": "0095038AR", "species": "Platanus \u00d7 acerifolia", "address": "C\\ Val\u00e8ncia, 251", "categoria_arbrat": "EXEMPLAR", "emission_weight": 1.0, "source": "ajuntament-arbrat-viari"}}, {"type": "Feature", "geometry": {"type": "Point", "coordinates": [2.167182, 41.390196]}, "properties": {"codi": "0095039AR", "species": "Platanus \u00d7 acerifolia", "address": "Pg Gr\u00e0cia, 19", "categoria_arbrat": "EXEMPLAR", "emission_weight": 1.0, "source": "ajuntament-arbrat-viari"}}, {"type": "Feature", "geometry": {"type": "Point", "coordinates": [2.165776, 41.391732]}, "properties": {"codi": "0095042AR", "species": "Platanus \u00d7 acerifolia", "address": "Pg Gr\u00e0cia, 46", "categoria_arbrat": "EXEMPLAR", "emission_weight": 1.0, "source": "ajuntament-arbrat-viari"}}, {"type": "Feature", "geometry": {"type": "Point", "coordinates": [2.169661, 41.388189]}, "properties": {"codi": "0095048AR", "species": "Platanus \u00d7 acerifolia", "address": "Pg Gr\u00e0cia, 3", "categoria_arbrat": "PRIMERA", "emission_weight": 0.85, "source": "ajuntament-arbrat-viari"}}, {"type": "Feature", "geometry": {"type": "Point", "coordinates": [2.16251, 41.393693]}, "properties": {"codi": "0095049AR", "species": "Platanus \u00d7 acerifolia", "address": "Pg Gr\u00e0cia, 73", "categoria_arbrat": "EXEMPLAR", "emission_weight": 1.0, "source": "ajuntament-arbrat-viari"}}, {"type": "Feature", "geometry": {"type": "Point", "coordinates": [2.160885, 41.395921]}, "properties": {"codi": "0095061AR", "species": "Platanus \u00d7 acerifolia", "address": "C\\ Rossell\u00f3, 236", "categoria_arbrat": "EXEMPLAR", "emission_weight": 1.0, "source": "ajuntament-arbrat-viari"}}, {"type": "Feature", "geometry": {"type": "Point", "coordinates": [2.169325, 41.390008]}, "properties": {"codi": "0095074AR", "species": "Platanus \u00d7 acerifolia", "address": "G.V. Corts Catalanes, 640", "categoria_arbrat": "SEGONA", "emission_weight": 0.65, "source": "ajuntament-arbrat-viari"}}, {"type": "Feature", "geometry": {"type": "Point", "coordinates": [2.160403, 41.395929]}, "properties": {"codi": "0095075AR", "species": "Platanus \u00d7 acerifolia", "address": "Pg Gr\u00e0cia, 104", "categoria_arbrat": "SEGONA", "emission_weight": 0.65, "source": "ajuntament-arbrat-viari"}}, {"type": "Feature", "geometry": {"type": "Point", "coordinates": [2.169002, 41.388581]}, "properties": {"codi": "0095076AR", "species": "Platanus \u00d7 acerifolia", "address": "Pg Gr\u00e0cia, 7", "categoria_arbrat": "EXEMPLAR", "emission_weight": 1.0, "source": "ajuntament-arbrat-viari"}}, {"type": "Feature", "geometry": {"type": "Point", "coordinates": [2.166387, 41.387798]}, "properties": {"codi": "0095077AR", "species": "Platanus \u00d7 acerifolia", "address": "G.V. Corts Catalanes, 616", "categoria_arbrat": "SEGONA", "emission_weight": 0.65, "source": "ajuntament-arbrat-viari"}}, {"type": "Feature", "geometry": {"type": "Point", "coordinates": [2.166042, 41.38754]}, "properties": {"codi": "0095088AR", "species": "Platanus \u00d7 acerifolia", "address": "G.V. Corts Catalanes, 612", "categoria_arbrat": "TERCERA", "emission_weight": 0.45, "source": "ajuntament-arbrat-viari"}}, {"type": "Feature", "geometry": {"type": "Point", "coordinates": [2.165752, 41.391355]}, "properties": {"codi": "0095090AR", "species": "Platanus \u00d7 acerifolia", "address": "Pg Gr\u00e0cia, 35", "categoria_arbrat": "TERCERA", "emission_weight": 0.45, "source": "ajuntament-arbrat-viari"}}, {"type": "Feature", "geometry": {"type": "Point", "coordinates": [2.166106, 41.387592]}, "properties": {"codi": "0095094AR", "species": "Platanus \u00d7 acerifolia", "address": "G.V. Corts Catalanes, 612", "categoria_arbrat": "SEGONA", "emission_weight": 0.65, "source": "ajuntament-arbrat-viari"}}, {"type": "Feature", "geometry": {"type": "Point", "coordinates": [2.16986, 41.390819]}, "properties": {"codi": "0095096AR", "species": "Platanus \u00d7 acerifolia", "address": "G.V. Corts Catalanes, 623", "categoria_arbrat": "EXEMPLAR", "emission_weight": 1.0, "source": "ajuntament-arbrat-viari"}}, {"type": "Feature", "geometry": {"type": "Point", "coordinates": [2.168587, 41.393124]}, "properties": {"codi": "0095097AR", "species": "Platanus \u00d7 acerifolia", "address": "C\\ Consell de Cent, 340", "categoria_arbrat": "EXEMPLAR", "emission_weight": 1.0, "source": "ajuntament-arbrat-viari"}}, {"type": "Feature", "geometry": {"type": "Point", "coordinates": [2.156164, 41.395599]}, "properties": {"codi": "0095098AR", "species": "Platanus \u00d7 acerifolia", "address": "Av Diagonal, 403", "categoria_arbrat": "EXEMPLAR", "emission_weight": 1.0, "source": "ajuntament-arbrat-viari"}}, {"type": "Feature", "geometry": {"type": "Point", "coordinates": [2.162211, 41.394213]}, "properties": {"codi": "0095102AR", "species": "Platanus \u00d7 acerifolia", "address": "Pg Gr\u00e0cia, 79", "categoria_arbrat": "SEGONA", "emission_weight": 0.65, "source": "ajuntament-arbrat-viari"}}, {"type": "Feature", "geometry": {"type": "Point", "coordinates": [2.162629, 41.392104]}, "properties": {"codi": "0095104AR", "species": "Platanus \u00d7 acerifolia", "address": "C\\ Val\u00e8ncia, 260", "categoria_arbrat": "EXEMPLAR", "emission_weight": 1.0, "source": "ajuntament-arbrat-viari"}}, {"type": "Feature", "geometry": {"type": "Point", "coordinates": [2.164706, 41.386106]}, "properties": {"codi": "0095106AR", "species": "Platanus \u00d7 acerifolia", "address": "Pl Universitat, 11", "categoria_arbrat": "SEGONA", "emission_weight": 0.65, "source": "ajuntament-arbrat-viari"}}, {"type": "Feature", "geometry": {"type": "Point", "coordinates": [2.164527, 41.386497]}, "properties": {"codi": "0095109AR", "species": "Platanus \u00d7 acerifolia", "address": "G.V. Corts Catalanes, 592", "categoria_arbrat": "EXEMPLAR", "emission_weight": 1.0, "source": "ajuntament-arbrat-viari"}}, {"type": "Feature", "geometry": {"type": "Point", "coordinates": [2.161363, 41.391297]}, "properties": {"codi": "0095111AR", "species": "Platanus \u00d7 acerifolia", "address": "C\\ Val\u00e8ncia, 229", "categoria_arbrat": "EXEMPLAR", "emission_weight": 1.0, "source": "ajuntament-arbrat-viari"}}, {"type": "Feature", "geometry": {"type": "Point", "coordinates": [2.169029, 41.386424]}, "properties": {"codi": "0095121AR", "species": "Platanus \u00d7 acerifolia", "address": "Pl Catalunya, 4", "categoria_arbrat": "SEGONA", "emission_weight": 0.65, "source": "ajuntament-arbrat-viari"}}, {"type": "Feature", "geometry": {"type": "Point", "coordinates": [2.162347, 41.391714]}, "properties": {"codi": "0095124AR", "species": "Platanus \u00d7 acerifolia", "address": "C\\ Val\u00e8ncia, 256", "categoria_arbrat": "TERCERA", "emission_weight": 0.45, "source": "ajuntament-arbrat-viari"}}, {"type": "Feature", "geometry": {"type": "Point", "coordinates": [2.166085, 41.389599]}, "properties": {"codi": "0095135AR", "species": "Platanus \u00d7 acerifolia", "address": "C\\ Diputaci\u00f3, 254", "categoria_arbrat": "EXEMPLAR", "emission_weight": 1.0, "source": "ajuntament-arbrat-viari"}}, {"type": "Feature", "geometry": {"type": "Point", "coordinates": [2.166381, 41.390703]}, "properties": {"codi": "0095136AR", "species": "Platanus \u00d7 acerifolia", "address": "Pg Gr\u00e0cia, 27", "categoria_arbrat": "SEGONA", "emission_weight": 0.65, "source": "ajuntament-arbrat-viari"}}, {"type": "Feature", "geometry": {"type": "Point", "coordinates": [2.164441, 41.392666]}, "properties": {"codi": "0095142AR", "species": "Platanus \u00d7 acerifolia", "address": "Pg Gr\u00e0cia, 60", "categoria_arbrat": "EXEMPLAR", "emission_weight": 1.0, "source": "ajuntament-arbrat-viari"}}, {"type": "Feature", "geometry": {"type": "Point", "coordinates": [2.16824, 41.395366]}, "properties": {"codi": "0095153AR", "species": "Platanus \u00d7 acerifolia", "address": "C\\ Bruc, 102", "categoria_arbrat": "TERCERA", "emission_weight": 0.45, "source": "ajuntament-arbrat-viari"}}, {"type": "Feature", "geometry": {"type": "Point", "coordinates": [2.161102, 41.394518]}, "properties": {"codi": "0095154AR", "species": "Platanus \u00d7 acerifolia", "address": "C\\ Proven\u00e7a, 259", "categoria_arbrat": "EXEMPLAR", "emission_weight": 1.0, "source": "ajuntament-arbrat-viari"}}, {"type": "Feature", "geometry": {"type": "Point", "coordinates": [2.161013, 41.395576]}, "properties": {"codi": "0095157AR", "species": "Platanus \u00d7 acerifolia", "address": "Pg Gr\u00e0cia, 100", "categoria_arbrat": "EXEMPLAR", "emission_weight": 1.0, "source": "ajuntament-arbrat-viari"}}, {"type": "Feature", "geometry": {"type": "Point", "coordinates": [2.165525, 41.394432]}, "properties": {"codi": "0095169AR", "species": "Platanus \u00d7 acerifolia", "address": "C\\ Val\u00e8ncia, 271", "categoria_arbrat": "EXEMPLAR", "emission_weight": 1.0, "source": "ajuntament-arbrat-viari"}}, {"type": "Feature", "geometry": {"type": "Point", "coordinates": [2.15749, 41.395866]}, "properties": {"codi": "0095170AR", "species": "Platanus \u00d7 acerifolia", "address": "Av Diagonal, 393", "categoria_arbrat": "EXEMPLAR", "emission_weight": 1.0, "source": "ajuntament-arbrat-viari"}}, {"type": "Feature", "geometry": {"type": "Point", "coordinates": [2.160904, 41.395523]}, "properties": {"codi": "0095173AR", "species": "Platanus \u00d7 acerifolia", "address": "Pg Gr\u00e0cia, 100", "categoria_arbrat": "EXEMPLAR", "emission_weight": 1.0, "source": "ajuntament-arbrat-viari"}}, {"type": "Feature", "geometry": {"type": "Point", "coordinates": [2.165958, 41.38748]}, "properties": {"codi": "0095174AR", "species": "Platanus \u00d7 acerifolia", "address": "G.V. Corts Catalanes, 610", "categoria_arbrat": "EXEMPLAR", "emission_weight": 1.0, "source": "ajuntament-arbrat-viari"}}, {"type": "Feature", "geometry": {"type": "Point", "coordinates": [2.163444, 41.393081]}, "properties": {"codi": "0095190AR", "species": "Platanus \u00d7 acerifolia", "address": "Pg Gr\u00e0cia, 61", "categoria_arbrat": "EXEMPLAR", "emission_weight": 1.0, "source": "ajuntament-arbrat-viari"}}, {"type": "Feature", "geometry": {"type": "Point", "coordinates": [2.162011, 41.391959]}, "properties": {"codi": "0095192AR", "species": "Platanus \u00d7 acerifolia", "address": "C\\ Val\u00e8ncia, 237", "categoria_arbrat": "EXEMPLAR", "emission_weight": 1.0, "source": "ajuntament-arbrat-viari"}}, {"type": "Feature", "geometry": {"type": "Point", "coordinates": [2.165825, 41.387686]}, "properties": {"codi": "0095196AR", "species": "Platanus \u00d7 acerifolia", "address": "G.V. Corts Catalanes, 587", "categoria_arbrat": "PRIMERA", "emission_weight": 0.85, "source": "ajuntament-arbrat-viari"}}, {"type": "Feature", "geometry": {"type": "Point", "coordinates": [2.165009, 41.394179]}, "properties": {"codi": "0095197AR", "species": "Platanus \u00d7 acerifolia", "address": "C\\ Val\u00e8ncia, 269", "categoria_arbrat": "EXEMPLAR", "emission_weight": 1.0, "source": "ajuntament-arbrat-viari"}}, {"type": "Feature", "geometry": {"type": "Point", "coordinates": [2.157432, 41.395919]}, "properties": {"codi": "0095201AR", "species": "Platanus \u00d7 acerifolia", "address": "Av Diagonal, 395", "categoria_arbrat": "EXEMPLAR", "emission_weight": 1.0, "source": "ajuntament-arbrat-viari"}}, {"type": "Feature", "geometry": {"type": "Point", "coordinates": [2.164747, 41.39046]}, "properties": {"codi": "0095209AR", "species": "Platanus \u00d7 acerifolia", "address": "C\\ Consell de Cent, 339", "categoria_arbrat": "EXEMPLAR", "emission_weight": 1.0, "source": "ajuntament-arbrat-viari"}}, {"type": "Feature", "geometry": {"type": "Point", "coordinates": [2.165122, 41.386947]}, "properties": {"codi": "0095211AR", "species": "Platanus \u00d7 acerifolia", "address": "G.V. Corts Catalanes, 604", "categoria_arbrat": "PRIMERA", "emission_weight": 0.85, "source": "ajuntament-arbrat-viari"}}, {"type": "Feature", "geometry": {"type": "Point", "coordinates": [2.167359, 41.39031]}, "properties": {"codi": "0095224AR", "species": "Platanus \u00d7 acerifolia", "address": "Pg Gr\u00e0cia, 28", "categoria_arbrat": "PRIMERA", "emission_weight": 0.85, "source": "ajuntament-arbrat-viari"}}, {"type": "Feature", "geometry": {"type": "Point", "coordinates": [2.164929, 41.395693]}, "properties": {"codi": "0095227AR", "species": "Platanus \u00d7 acerifolia", "address": "C\\ Mallorca, 283", "categoria_arbrat": "SEGONA", "emission_weight": 0.65, "source": "ajuntament-arbrat-viari"}}, {"type": "Feature", "geometry": {"type": "Point", "coordinates": [2.164865, 41.390267]}, "properties": {"codi": "0095232AR", "species": "Platanus \u00d7 acerifolia", "address": "C\\ Consell de Cent, 298", "categoria_arbrat": "TERCERA", "emission_weight": 0.45, "source": "ajuntament-arbrat-viari"}}, {"type": "Feature", "geometry": {"type": "Point", "coordinates": [2.163136, 41.393865]}, "properties": {"codi": "0095234AR", "species": "Platanus \u00d7 acerifolia", "address": "Pg Gr\u00e0cia, 78", "categoria_arbrat": "EXEMPLAR", "emission_weight": 1.0, "source": "ajuntament-arbrat-viari"}}, {"type": "Feature", "geometry": {"type": "Point", "coordinates": [2.162993, 41.393838]}, "properties": {"codi": "0095248AR", "species": "Platanus \u00d7 acerifolia", "address": "Pg Gr\u00e0cia, 80", "categoria_arbrat": "PRIMERA", "emission_weight": 0.85, "source": "ajuntament-arbrat-viari"}}, {"type": "Feature", "geometry": {"type": "Point", "coordinates": [2.162808, 41.39359]}, "properties": {"codi": "0095250AR", "species": "Platanus \u00d7 acerifolia", "address": "Pg Gr\u00e0cia, 71", "categoria_arbrat": "EXEMPLAR", "emission_weight": 1.0, "source": "ajuntament-arbrat-viari"}}, {"type": "Feature", "geometry": {"type": "Point", "coordinates": [2.165729, 41.391238]}, "properties": {"codi": "0095253AR", "species": "Platanus \u00d7 acerifolia", "address": "Pg Gr\u00e0cia, 35", "categoria_arbrat": "EXEMPLAR", "emission_weight": 1.0, "source": "ajuntament-arbrat-viari"}}, {"type": "Feature", "geometry": {"type": "Point", "coordinates": [2.162933, 41.393487]}, "properties": {"codi": "0095263AR", "species": "Platanus \u00d7 acerifolia", "address": "Pg Gr\u00e0cia, 69", "categoria_arbrat": "SEGONA", "emission_weight": 0.65, "source": "ajuntament-arbrat-viari"}}, {"type": "Feature", "geometry": {"type": "Point", "coordinates": [2.169964, 41.393915]}, "properties": {"codi": "0095266AR", "species": "Platanus \u00d7 acerifolia", "address": "C\\ Bruc, 69", "categoria_arbrat": "EXEMPLAR", "emission_weight": 1.0, "source": "ajuntament-arbrat-viari"}}, {"type": "Feature", "geometry": {"type": "Point", "coordinates": [2.165561, 41.38759]}, "properties": {"codi": "0095267AR", "species": "Platanus \u00d7 acerifolia", "address": "G.V. Corts Catalanes, 587", "categoria_arbrat": "EXEMPLAR", "emission_weight": 1.0, "source": "ajuntament-arbrat-viari"}}, {"type": "Feature", "geometry": {"type": "Point", "coordinates": [2.162549, 41.394339]}, "properties": {"codi": "0095271AR", "species": "Platanus \u00d7 acerifolia", "address": "Pg Gr\u00e0cia, 82", "categoria_arbrat": "PRIMERA", "emission_weight": 0.85, "source": "ajuntament-arbrat-viari"}}, {"type": "Feature", "geometry": {"type": "Point", "coordinates": [2.166013, 41.389488]}, "properties": {"codi": "0095288AR", "species": "Platanus \u00d7 acerifolia", "address": "C\\ Diputaci\u00f3, 254", "categoria_arbrat": "SEGONA", "emission_weight": 0.65, "source": "ajuntament-arbrat-viari"}}, {"type": "Feature", "geometry": {"type": "Point", "coordinates": [2.16076, 41.395242]}, "properties": {"codi": "0095293AR", "species": "Platanus \u00d7 acerifolia", "address": "Pg Gr\u00e0cia, 95", "categoria_arbrat": "PRIMERA", "emission_weight": 0.85, "source": "ajuntament-arbrat-viari"}}, {"type": "Feature", "geometry": {"type": "Point", "coordinates": [2.163032, 41.393808]}, "properties": {"codi": "0095296AR", "species": "Platanus \u00d7 acerifolia", "address": "Pg Gr\u00e0cia, 78", "categoria_arbrat": "PRIMERA", "emission_weight": 0.85, "source": "ajuntament-arbrat-viari"}}, {"type": "Feature", "geometry": {"type": "Point", "coordinates": [2.163217, 41.394259]}, "properties": {"codi": "0095300AR", "species": "Platanus \u00d7 acerifolia", "address": "C\\ Mallorca, 256", "categoria_arbrat": "SEGONA", "emission_weight": 0.65, "source": "ajuntament-arbrat-viari"}}, {"type": "Feature", "geometry": {"type": "Point", "coordinates": [2.166874, 41.388164]}, "properties": {"codi": "0095302AR", "species": "Platanus \u00d7 acerifolia", "address": "G.V. Corts Catalanes, 624", "categoria_arbrat": "EXEMPLAR", "emission_weight": 1.0, "source": "ajuntament-arbrat-viari"}}, {"type": "Feature", "geometry": {"type": "Point", "coordinates": [2.161918, 41.394305]}, "properties": {"codi": "0095306AR", "species": "Platanus \u00d7 acerifolia", "address": "Pg Gr\u00e0cia, 83", "categoria_arbrat": "EXEMPLAR", "emission_weight": 1.0, "source": "ajuntament-arbrat-viari"}}, {"type": "Feature", "geometry": {"type": "Point", "coordinates": [2.160871, 41.395806]}, "properties": {"codi": "0095314AR", "species": "Platanus \u00d7 acerifolia", "address": "Pg Gr\u00e0cia, 102", "categoria_arbrat": "EXEMPLAR", "emission_weight": 1.0, "source": "ajuntament-arbrat-viari"}}, {"type": "Feature", "geometry": {"type": "Point", "coordinates": [2.16063, 41.395347]}, "properties": {"codi": "0095322AR", "species": "Platanus \u00d7 acerifolia", "address": "Pg Gr\u00e0cia, 97", "categoria_arbrat": "EXEMPLAR", "emission_weight": 1.0, "source": "ajuntament-arbrat-viari"}}, {"type": "Feature", "geometry": {"type": "Point", "coordinates": [2.166614, 41.395103]}, "properties": {"codi": "0095323AR", "species": "Platanus \u00d7 acerifolia", "address": "C\\ Val\u00e8ncia, 312", "categoria_arbrat": "TERCERA", "emission_weight": 0.45, "source": "ajuntament-arbrat-viari"}}, {"type": "Feature", "geometry": {"type": "Point", "coordinates": [2.155526, 41.395292]}, "properties": {"codi": "0095329AR", "species": "Platanus \u00d7 acerifolia", "address": "Av Diagonal, 407", "categoria_arbrat": "EXEMPLAR", "emission_weight": 1.0, "source": "ajuntament-arbrat-viari"}}, {"type": "Feature", "geometry": {"type": "Point", "coordinates": [2.160532, 41.392382]}, "properties": {"codi": "0095330AR", "species": "Platanus \u00d7 acerifolia", "address": "C\\ Mallorca, 243", "categoria_arbrat": "SEGONA", "emission_weight": 0.65, "source": "ajuntament-arbrat-viari"}}, {"type": "Feature", "geometry": {"type": "Point", "coordinates": [2.169497, 41.388178]}, "properties": {"codi": "0095331AR", "species": "Platanus \u00d7 acerifolia", "address": "Pg Gr\u00e0cia, 1", "categoria_arbrat": "EXEMPLAR", "emission_weight": 1.0, "source": "ajuntament-arbrat-viari"}}, {"type": "Feature", "geometry": {"type": "Point", "coordinates": [2.169723, 41.385901]}, "properties": {"codi": "0095334AR", "species": "Platanus \u00d7 acerifolia", "address": "Pl Catalunya, 1", "categoria_arbrat": "EXEMPLAR", "emission_weight": 1.0, "source": "ajuntament-arbrat-viari"}}, {"type": "Feature", "geometry": {"type": "Point", "coordinates": [2.161204, 41.395423]}, "properties": {"codi": "0095341AR", "species": "Platanus \u00d7 acerifolia", "address": "Pg Gr\u00e0cia, 96", "categoria_arbrat": "PRIMERA", "emission_weight": 0.85, "source": "ajuntament-arbrat-viari"}}, {"type": "Feature", "geometry": {"type": "Point", "coordinates": [2.166702, 41.390989]}, "properties": {"codi": "0095344AR", "species": "Platanus \u00d7 acerifolia", "address": "Pg Gr\u00e0cia, 36", "categoria_arbrat": "EXEMPLAR", "emission_weight": 1.0, "source": "ajuntament-arbrat-viari"}}, {"type": "Feature", "geometry": {"type": "Point", "coordinates": [2.167263, 41.388933]}, "properties": {"codi": "0095356AR", "species": "Platanus \u00d7 acerifolia", "address": "G.V. Corts Catalanes, 605", "categoria_arbrat": "SEGONA", "emission_weight": 0.65, "source": "ajuntament-arbrat-viari"}}, {"type": "Feature", "geometry": {"type": "Point", "coordinates": [2.169853, 41.388436]}, "properties": {"codi": "0095362AR", "species": "Platanus \u00d7 acerifolia", "address": "Pg Gr\u00e0cia, 2", "categoria_arbrat": "EXEMPLAR", "emission_weight": 1.0, "source": "ajuntament-arbrat-viari"}}, {"type": "Feature", "geometry": {"type": "Point", "coordinates": [2.160959, 41.395221]}, "properties": {"codi": "0095367AR", "species": "Platanus \u00d7 acerifolia", "address": "Pg Gr\u00e0cia, 95", "categoria_arbrat": "EXEMPLAR", "emission_weight": 1.0, "source": "ajuntament-arbrat-viari"}}, {"type": "Feature", "geometry": {"type": "Point", "coordinates": [2.167478, 41.389815]}, "properties": {"codi": "0095370AR", "species": "Platanus \u00d7 acerifolia", "address": "Pg Gr\u00e0cia, 15", "categoria_arbrat": "SEGONA", "emission_weight": 0.65, "source": "ajuntament-arbrat-viari"}}, {"type": "Feature", "geometry": {"type": "Point", "coordinates": [2.15617, 41.395532]}, "properties": {"codi": "0095375AR", "species": "Platanus \u00d7 acerifolia", "address": "Av Diagonal, 403", "categoria_arbrat": "TERCERA", "emission_weight": 0.45, "source": "ajuntament-arbrat-viari"}}, {"type": "Feature", "geometry": {"type": "Point", "coordinates": [2.163697, 41.394618]}, "properties": {"codi": "0095383AR", "species": "Platanus \u00d7 acerifolia", "address": "C\\ Mallorca, 264", "categoria_arbrat": "SEGONA", "emission_weight": 0.65, "source": "ajuntament-arbrat-viari"}}, {"type": "Feature", "geometry": {"type": "Point", "coordinates": [2.169193, 41.388564]}, "properties": {"codi": "0095384AR", "species": "Platanus \u00d7 acerifolia", "address": "Pg Gr\u00e0cia, 5", "categoria_arbrat": "SEGONA", "emission_weight": 0.65, "source": "ajuntament-arbrat-viari"}}, {"type": "Feature", "geometry": {"type": "Point", "coordinates": [2.166315, 41.38806]}, "properties": {"codi": "0095390AR", "species": "Platanus \u00d7 acerifolia", "address": "G.V. Corts Catalanes, 595", "categoria_arbrat": "SEGONA", "emission_weight": 0.65, "source": "ajuntament-arbrat-viari"}}, {"type": "Feature", "geometry": {"type": "Point", "coordinates": [2.1615, 41.394642]}, "properties": {"codi": "0095400AR", "species": "Platanus \u00d7 acerifolia", "address": "Pg Gr\u00e0cia, 87", "categoria_arbrat": "PRIMERA", "emission_weight": 0.85, "source": "ajuntament-arbrat-viari"}}, {"type": "Feature", "geometry": {"type": "Point", "coordinates": [2.166048, 41.390976]}, "properties": {"codi": "0095406AR", "species": "Platanus \u00d7 acerifolia", "address": "Pg Gr\u00e0cia, 33", "categoria_arbrat": "EXEMPLAR", "emission_weight": 1.0, "source": "ajuntament-arbrat-viari"}}, {"type": "Feature", "geometry": {"type": "Point", "coordinates": [2.169717, 41.394323]}, "properties": {"codi": "0095408AR", "species": "Platanus \u00d7 acerifolia", "address": "C\\ Consell de Cent, 387", "categoria_arbrat": "SEGONA", "emission_weight": 0.65, "source": "ajuntament-arbrat-viari"}}, {"type": "Feature", "geometry": {"type": "Point", "coordinates": [2.169196, 41.390003]}, "properties": {"codi": "0095432AR", "species": "Platanus \u00d7 acerifolia", "address": "G.V. Corts Catalanes, 640", "categoria_arbrat": "PRIMERA", "emission_weight": 0.85, "source": "ajuntament-arbrat-viari"}}, {"type": "Feature", "geometry": {"type": "Point", "coordinates": [2.161856, 41.394357]}, "properties": {"codi": "0095441AR", "species": "Platanus \u00d7 acerifolia", "address": "Pg Gr\u00e0cia, 83", "categoria_arbrat": "EXEMPLAR", "emission_weight": 1.0, "source": "ajuntament-arbrat-viari"}}, {"type": "Feature", "geometry": {"type": "Point", "coordinates": [2.162104, 41.394546]}, "properties": {"codi": "0095451AR", "species": "Platanus \u00d7 acerifolia", "address": "Pg Gr\u00e0cia, 86", "categoria_arbrat": "SEGONA", "emission_weight": 0.65, "source": "ajuntament-arbrat-viari"}}, {"type": "Feature", "geometry": {"type": "Point", "coordinates": [2.158579, 41.395879]}, "properties": {"codi": "0095452AR", "species": "Platanus \u00d7 acerifolia", "address": "C\\ C\u00f2rsega, 306", "categoria_arbrat": "TERCERA", "emission_weight": 0.45, "source": "ajuntament-arbrat-viari"}}, {"type": "Feature", "geometry": {"type": "Point", "coordinates": [2.162418, 41.394445]}, "properties": {"codi": "0095457AR", "species": "Platanus \u00d7 acerifolia", "address": "Pg Gr\u00e0cia, 84", "categoria_arbrat": "EXEMPLAR", "emission_weight": 1.0, "source": "ajuntament-arbrat-viari"}}, {"type": "Feature", "geometry": {"type": "Point", "coordinates": [2.166068, 41.394843]}, "properties": {"codi": "0095458AR", "species": "Platanus \u00d7 acerifolia", "address": "C\\ Val\u00e8ncia, 283", "categoria_arbrat": "SEGONA", "emission_weight": 0.65, "source": "ajuntament-arbrat-viari"}}, {"type": "Feature", "geometry": {"type": "Point", "coordinates": [2.16466, 41.386504]}, "properties": {"codi": "0095466AR", "species": "Platanus \u00d7 acerifolia", "address": "G.V. Corts Catalanes, 594", "categoria_arbrat": "SEGONA", "emission_weight": 0.65, "source": "ajuntament-arbrat-viari"}}, {"type": "Feature", "geometry": {"type": "Point", "coordinates": [2.164719, 41.386548]}, "properties": {"codi": "0095471AR", "species": "Platanus \u00d7 acerifolia", "address": "G.V. Corts Catalanes, 594", "categoria_arbrat": "EXEMPLAR", "emission_weight": 1.0, "source": "ajuntament-arbrat-viari"}}, {"type": "Feature", "geometry": {"type": "Point", "coordinates": [2.16599, 41.391413]}, "properties": {"codi": "0095472AR", "species": "Platanus \u00d7 acerifolia", "address": "Pg Gr\u00e0cia, 44", "categoria_arbrat": "EXEMPLAR", "emission_weight": 1.0, "source": "ajuntament-arbrat-viari"}}, {"type": "Feature", "geometry": {"type": "Point", "coordinates": [2.163266, 41.393613]}, "properties": {"codi": "0095485AR", "species": "Platanus \u00d7 acerifolia", "address": "Pg Gr\u00e0cia, 76", "categoria_arbrat": "EXEMPLAR", "emission_weight": 1.0, "source": "ajuntament-arbrat-viari"}}, {"type": "Feature", "geometry": {"type": "Point", "coordinates": [2.164249, 41.394824]}, "properties": {"codi": "0095486AR", "species": "Platanus \u00d7 acerifolia", "address": "C\\ Mallorca, 268", "categoria_arbrat": "SEGONA", "emission_weight": 0.65, "source": "ajuntament-arbrat-viari"}}, {"type": "Feature", "geometry": {"type": "Point", "coordinates": [2.168003, 41.389937]}, "properties": {"codi": "0095490AR", "species": "Platanus \u00d7 acerifolia", "address": "Pg Gr\u00e0cia, 20", "categoria_arbrat": "EXEMPLAR", "emission_weight": 1.0, "source": "ajuntament-arbrat-viari"}}, {"type": "Feature", "geometry": {"type": "Point", "coordinates": [2.16949, 41.390539]}, "properties": {"codi": "0095492AR", "species": "Platanus \u00d7 acerifolia", "address": "G.V. Corts Catalanes, 621", "categoria_arbrat": "SEGONA", "emission_weight": 0.65, "source": "ajuntament-arbrat-viari"}}, {"type": "Feature", "geometry": {"type": "Point", "coordinates": [2.167455, 41.388915]}, "properties": {"codi": "0095496AR", "species": "Platanus \u00d7 acerifolia", "address": "G.V. Corts Catalanes, 605", "categoria_arbrat": "PRIMERA", "emission_weight": 0.85, "source": "ajuntament-arbrat-viari"}}, {"type": "Feature", "geometry": {"type": "Point", "coordinates": [2.166802, 41.388107]}, "properties": {"codi": "0095499AR", "species": "Platanus \u00d7 acerifolia", "address": "G.V. Corts Catalanes, 622", "categoria_arbrat": "PRIMERA", "emission_weight": 0.85, "source": "ajuntament-arbrat-viari"}}, {"type": "Feature", "geometry": {"type": "Point", "coordinates": [2.1645, 41.392766]}, "properties": {"codi": "0095501AR", "species": "Platanus \u00d7 acerifolia", "address": "Pg Gr\u00e0cia, 60", "categoria_arbrat": "EXEMPLAR", "emission_weight": 1.0, "source": "ajuntament-arbrat-viari"}}, {"type": "Feature", "geometry": {"type": "Point", "coordinates": [2.165715, 41.391787]}, "properties": {"codi": "0095503AR", "species": "Platanus \u00d7 acerifolia", "address": "Pg Gr\u00e0cia, 48", "categoria_arbrat": "SEGONA", "emission_weight": 0.65, "source": "ajuntament-arbrat-viari"}}, {"type": "Feature", "geometry": {"type": "Point", "coordinates": [2.156456, 41.394199]}, "properties": {"codi": "0095504AR", "species": "Platanus \u00d7 acerifolia", "address": "C\\ C\u00f2rsega, 268", "categoria_arbrat": "EXEMPLAR", "emission_weight": 1.0, "source": "ajuntament-arbrat-viari"}}, {"type": "Feature", "geometry": {"type": "Point", "coordinates": [2.161291, 41.394951]}, "properties": {"codi": "0095505AR", "species": "Platanus \u00d7 acerifolia", "address": "Pg Gr\u00e0cia, 89", "categoria_arbrat": "SEGONA", "emission_weight": 0.65, "source": "ajuntament-arbrat-viari"}}, {"type": "Feature", "geometry": {"type": "Point", "coordinates": [2.169527, 41.394041]}, "properties": {"codi": "0095506AR", "species": "Platanus \u00d7 acerifolia", "address": "C\\ Consell de Cent, 383", "categoria_arbrat": "SEGONA", "emission_weight": 0.65, "source": "ajuntament-arbrat-viari"}}, {"type": "Feature", "geometry": {"type": "Point", "coordinates": [2.167128, 41.390646]}, "properties": {"codi": "0095512AR", "species": "Platanus \u00d7 acerifolia", "address": "Pg Gr\u00e0cia, 32", "categoria_arbrat": "EXEMPLAR", "emission_weight": 1.0, "source": "ajuntament-arbrat-viari"}}, {"type": "Feature", "geometry": {"type": "Point", "coordinates": [2.16089, 41.395677]}, "properties": {"codi": "0095516AR", "species": "Platanus \u00d7 acerifolia", "address": "Pg Gr\u00e0cia, 102", "categoria_arbrat": "EXEMPLAR", "emission_weight": 1.0, "source": "ajuntament-arbrat-viari"}}, {"type": "Feature", "geometry": {"type": "Point", "coordinates": [2.168743, 41.388928]}, "properties": {"codi": "0095529AR", "species": "Platanus \u00d7 acerifolia", "address": "Pg Gr\u00e0cia, 11", "categoria_arbrat": "SEGONA", "emission_weight": 0.65, "source": "ajuntament-arbrat-viari"}}, {"type": "Feature", "geometry": {"type": "Point", "coordinates": [2.167887, 41.390036]}, "properties": {"codi": "0095537AR", "species": "Platanus \u00d7 acerifolia", "address": "Pg Gr\u00e0cia, 22", "categoria_arbrat": "SEGONA", "emission_weight": 0.65, "source": "ajuntament-arbrat-viari"}}, {"type": "Feature", "geometry": {"type": "Point", "coordinates": [2.166386, 41.389974]}, "properties": {"codi": "0095539AR", "species": "Platanus \u00d7 acerifolia", "address": "C\\ Diputaci\u00f3, 259", "categoria_arbrat": "TERCERA", "emission_weight": 0.45, "source": "ajuntament-arbrat-viari"}}, {"type": "Feature", "geometry": {"type": "Point", "coordinates": [2.164641, 41.386156]}, "properties": {"codi": "0095541AR", "species": "Platanus \u00d7 acerifolia", "address": "Pl Universitat, 11", "categoria_arbrat": "EXEMPLAR", "emission_weight": 1.0, "source": "ajuntament-arbrat-viari"}}, {"type": "Feature", "geometry": {"type": "Point", "coordinates": [2.157697, 41.395482]}, "properties": {"codi": "0095543AR", "species": "Platanus \u00d7 acerifolia", "address": "C\\ C\u00f2rsega, 311", "categoria_arbrat": "TERCERA", "emission_weight": 0.45, "source": "ajuntament-arbrat-viari"}}, {"type": "Feature", "geometry": {"type": "Point", "coordinates": [2.163428, 41.393231]}, "properties": {"codi": "0095545AR", "species": "Platanus \u00d7 acerifolia", "address": "Pg Gr\u00e0cia, 63", "categoria_arbrat": "SEGONA", "emission_weight": 0.65, "source": "ajuntament-arbrat-viari"}}, {"type": "Feature", "geometry": {"type": "Point", "coordinates": [2.156895, 41.395784]}, "properties": {"codi": "0095557AR", "species": "Platanus \u00d7 acerifolia", "address": "Av Diagonal, 397", "categoria_arbrat": "EXEMPLAR", "emission_weight": 1.0, "source": "ajuntament-arbrat-viari"}}, {"type": "Feature", "geometry": {"type": "Point", "coordinates": [2.167132, 41.395642]}, "properties": {"codi": "0095558AR", "species": "Platanus \u00d7 acerifolia", "address": "C\\ Val\u00e8ncia, 297", "categoria_arbrat": "EXEMPLAR", "emission_weight": 1.0, "source": "ajuntament-arbrat-viari"}}, {"type": "Feature", "geometry": {"type": "Point", "coordinates": [2.169263, 41.390055]}, "properties": {"codi": "0095560AR", "species": "Platanus \u00d7 acerifolia", "address": "G.V. Corts Catalanes, 640", "categoria_arbrat": "SEGONA", "emission_weight": 0.65, "source": "ajuntament-arbrat-viari"}}, {"type": "Feature", "geometry": {"type": "Point", "coordinates": [2.166294, 41.391616]}, "properties": {"codi": "0095563AR", "species": "Platanus \u00d7 acerifolia", "address": "C\\ Consell de Cent, 353", "categoria_arbrat": "SEGONA", "emission_weight": 0.65, "source": "ajuntament-arbrat-viari"}}, {"type": "Feature", "geometry": {"type": "Point", "coordinates": [2.169424, 41.388639]}, "properties": {"codi": "0095564AR", "species": "Platanus \u00d7 acerifolia", "address": "Pg Gr\u00e0cia, 6", "categoria_arbrat": "PRIMERA", "emission_weight": 0.85, "source": "ajuntament-arbrat-viari"}}, {"type": "Feature", "geometry": {"type": "Point", "coordinates": [2.169008, 41.386718]}, "properties": {"codi": "0095566AR", "species": "Platanus \u00d7 acerifolia", "address": "Pl Catalunya, 5", "categoria_arbrat": "EXEMPLAR", "emission_weight": 1.0, "source": "ajuntament-arbrat-viari"}}, {"type": "Feature", "geometry": {"type": "Point", "coordinates": [2.164668, 41.39046]}, "properties": {"codi": "0095568AR", "species": "Platanus \u00d7 acerifolia", "address": "C\\ Consell de Cent, 339", "categoria_arbrat": "EXEMPLAR", "emission_weight": 1.0, "source": "ajuntament-arbrat-viari"}}, {"type": "Feature", "geometry": {"type": "Point", "coordinates": [2.166378, 41.391254]}, "properties": {"codi": "0095577AR", "species": "Platanus \u00d7 acerifolia", "address": "Pg Gr\u00e0cia, 42", "categoria_arbrat": "EXEMPLAR", "emission_weight": 1.0, "source": "ajuntament-arbrat-viari"}}, {"type": "Feature", "geometry": {"type": "Point", "coordinates": [2.169633, 41.390648]}, "properties": {"codi": "0095578AR", "species": "Platanus \u00d7 acerifolia", "address": "G.V. Corts Catalanes, 621", "categoria_arbrat": "SEGONA", "emission_weight": 0.65, "source": "ajuntament-arbrat-viari"}}, {"type": "Feature", "geometry": {"type": "Point", "coordinates": [2.164673, 41.393794]}, "properties": {"codi": "0095579AR", "species": "Platanus \u00d7 acerifolia", "address": "C\\ Val\u00e8ncia, 261", "categoria_arbrat": "SEGONA", "emission_weight": 0.65, "source": "ajuntament-arbrat-viari"}}, {"type": "Feature", "geometry": {"type": "Point", "coordinates": [2.166259, 41.390943]}, "properties": {"codi": "0095584AR", "species": "Platanus \u00d7 acerifolia", "address": "Pg Gr\u00e0cia, 29", "categoria_arbrat": "SEGONA", "emission_weight": 0.65, "source": "ajuntament-arbrat-viari"}}, {"type": "Feature", "geometry": {"type": "Point", "coordinates": [2.165695, 41.387691]}, "properties": {"codi": "0095601AR", "species": "Platanus \u00d7 acerifolia", "address": "G.V. Corts Catalanes, 587", "categoria_arbrat": "SEGONA", "emission_weight": 0.65, "source": "ajuntament-arbrat-viari"}}, {"type": "Feature", "geometry": {"type": "Point", "coordinates": [2.165895, 41.391638]}, "properties": {"codi": "0095605AR", "species": "Platanus \u00d7 acerifolia", "address": "Pg Gr\u00e0cia, 44", "categoria_arbrat": "EXEMPLAR", "emission_weight": 1.0, "source": "ajuntament-arbrat-viari"}}, {"type": "Feature", "geometry": {"type": "Point", "coordinates": [2.165898, 41.387746]}, "properties": {"codi": "0095607AR", "species": "Platanus \u00d7 acerifolia", "address": "G.V. Corts Catalanes, 587", "categoria_arbrat": "PRIMERA", "emission_weight": 0.85, "source": "ajuntament-arbrat-viari"}}, {"type": "Feature", "geometry": {"type": "Point", "coordinates": [2.169537, 41.394172]}, "properties": {"codi": "0095609AR", "species": "Platanus \u00d7 acerifolia", "address": "C\\ Consell de Cent, 383", "categoria_arbrat": "SEGONA", "emission_weight": 0.65, "source": "ajuntament-arbrat-viari"}}, {"type": "Feature", "geometry": {"type": "Point", "coordinates": [2.167222, 41.390019]}, "properties": {"codi": "0095614AR", "species": "Platanus \u00d7 acerifolia", "address": "Pg Gr\u00e0cia, 19", "categoria_arbrat": "EXEMPLAR", "emission_weight": 1.0, "source": "ajuntament-arbrat-viari"}}, {"type": "Feature", "geometry": {"type": "Point", "coordinates": [2.161397, 41.395267]}, "properties": {"codi": "0095615AR", "species": "Platanus \u00d7 acerifolia", "address": "Pg Gr\u00e0cia, 94", "categoria_arbrat": "EXEMPLAR", "emission_weight": 1.0, "source": "ajuntament-arbrat-viari"}}, {"type": "Feature", "geometry": {"type": "Point", "coordinates": [2.169554, 41.390275]}, "properties": {"codi": "0095625AR", "species": "Platanus \u00d7 acerifolia", "address": "G.V. Corts Catalanes, 644", "categoria_arbrat": "SEGONA", "emission_weight": 0.65, "source": "ajuntament-arbrat-viari"}}, {"type": "Feature", "geometry": {"type": "Point", "coordinates": [2.164334, 41.392361]}, "properties": {"codi": "0095626AR", "species": "Platanus \u00d7 acerifolia", "address": "Pg Gr\u00e0cia, 49", "categoria_arbrat": "EXEMPLAR", "emission_weight": 1.0, "source": "ajuntament-arbrat-viari"}}, {"type": "Feature", "geometry": {"type": "Point", "coordinates": [2.165848, 41.391022]}, "properties": {"codi": "0095630AR", "species": "Platanus \u00d7 acerifolia", "address": "C\\ Consell de Cent, 349", "categoria_arbrat": "TERCERA", "emission_weight": 0.45, "source": "ajuntament-arbrat-viari"}}, {"type": "Feature", "geometry": {"type": "Point", "coordinates": [2.164295, 41.390267]}, "properties": {"codi": "0095634AR", "species": "Platanus \u00d7 acerifolia", "address": "C\\ Consell de Cent, 337", "categoria_arbrat": "EXEMPLAR", "emission_weight": 1.0, "source": "ajuntament-arbrat-viari"}}, {"type": "Feature", "geometry": {"type": "Point", "coordinates": [2.156733, 41.394633]}, "properties": {"codi": "0095644AR", "species": "Platanus \u00d7 acerifolia", "address": "C\\ C\u00f2rsega, 293", "categoria_arbrat": "EXEMPLAR", "emission_weight": 1.0, "source": "ajuntament-arbrat-viari"}}, {"type": "Feature", "geometry": {"type": "Point", "coordinates": [2.160905, 41.392516]}, "properties": {"codi": "0095646AR", "species": "Platanus \u00d7 acerifolia", "address": "C\\ Mallorca, 238", "categoria_arbrat": "EXEMPLAR", "emission_weight": 1.0, "source": "ajuntament-arbrat-viari"}}, {"type": "Feature", "geometry": {"type": "Point", "coordinates": [2.157138, 41.394939]}, "properties": {"codi": "0095648AR", "species": "Platanus \u00d7 acerifolia", "address": "C\\ C\u00f2rsega, 301", "categoria_arbrat": "EXEMPLAR", "emission_weight": 1.0, "source": "ajuntament-arbrat-viari"}}, {"type": "Feature", "geometry": {"type": "Point", "coordinates": [2.168621, 41.388889]}, "properties": {"codi": "0095651AR", "species": "Platanus \u00d7 acerifolia", "address": "Pg Gr\u00e0cia, 11", "categoria_arbrat": "EXEMPLAR", "emission_weight": 1.0, "source": "ajuntament-arbrat-viari"}}, {"type": "Feature", "geometry": {"type": "Point", "coordinates": [2.169669, 41.386158]}, "properties": {"codi": "0095652AR", "species": "Platanus \u00d7 acerifolia", "address": "Pl Catalunya, 1", "categoria_arbrat": "PRIMERA", "emission_weight": 0.85, "source": "ajuntament-arbrat-viari"}}, {"type": "Feature", "geometry": {"type": "Point", "coordinates": [2.167776, 41.394015]}, "properties": {"codi": "0095661AR", "species": "Platanus \u00d7 acerifolia", "address": "C\\ Roger de Ll\u00faria, 64", "categoria_arbrat": "EXEMPLAR", "emission_weight": 1.0, "source": "ajuntament-arbrat-viari"}}, {"type": "Feature", "geometry": {"type": "Point", "coordinates": [2.160734, 41.395659]}, "properties": {"codi": "0095672AR", "species": "Platanus \u00d7 acerifolia", "address": "Pg Gr\u00e0cia, 102", "categoria_arbrat": "SEGONA", "emission_weight": 0.65, "source": "ajuntament-arbrat-viari"}}, {"type": "Feature", "geometry": {"type": "Point", "coordinates": [2.167496, 41.389106]}, "properties": {"codi": "0095673AR", "species": "Platanus \u00d7 acerifolia", "address": "G.V. Corts Catalanes, 609", "categoria_arbrat": "SEGONA", "emission_weight": 0.65, "source": "ajuntament-arbrat-viari"}}, {"type": "Feature", "geometry": {"type": "Point", "coordinates": [2.164274, 41.392803]}, "properties": {"codi": "0095682AR", "species": "Platanus \u00d7 acerifolia", "address": "Pg Gr\u00e0cia, 62", "categoria_arbrat": "PRIMERA", "emission_weight": 0.85, "source": "ajuntament-arbrat-viari"}}, {"type": "Feature", "geometry": {"type": "Point", "coordinates": [2.165988, 41.394634]}, "properties": {"codi": "0095686AR", "species": "Platanus \u00d7 acerifolia", "address": "C\\ Val\u00e8ncia, 304", "categoria_arbrat": "SEGONA", "emission_weight": 0.65, "source": "ajuntament-arbrat-viari"}}, {"type": "Feature", "geometry": {"type": "Point", "coordinates": [2.165949, 41.39475]}, "properties": {"codi": "0095692AR", "species": "Platanus \u00d7 acerifolia", "address": "C\\ Val\u00e8ncia, 281", "categoria_arbrat": "SEGONA", "emission_weight": 0.65, "source": "ajuntament-arbrat-viari"}}, {"type": "Feature", "geometry": {"type": "Point", "coordinates": [2.164522, 41.3864]}, "properties": {"codi": "0095710AR", "species": "Platanus \u00d7 acerifolia", "address": "G.V. Corts Catalanes, 592", "categoria_arbrat": "EXEMPLAR", "emission_weight": 1.0, "source": "ajuntament-arbrat-viari"}}, {"type": "Feature", "geometry": {"type": "Point", "coordinates": [2.1602, 41.39213]}, "properties": {"codi": "0095720AR", "species": "Platanus \u00d7 acerifolia", "address": "C\\ Mallorca, 237", "categoria_arbrat": "TERCERA", "emission_weight": 0.45, "source": "ajuntament-arbrat-viari"}}, {"type": "Feature", "geometry": {"type": "Point", "coordinates": [2.167287, 41.389972]}, "properties": {"codi": "0095725AR", "species": "Platanus \u00d7 acerifolia", "address": "Pg Gr\u00e0cia, 19", "categoria_arbrat": "EXEMPLAR", "emission_weight": 1.0, "source": "ajuntament-arbrat-viari"}}, {"type": "Feature", "geometry": {"type": "Point", "coordinates": [2.168863, 41.391562]}, "properties": {"codi": "0095726AR", "species": "Platanus \u00d7 acerifolia", "address": "C\\ Diputaci\u00f3, 274", "categoria_arbrat": "TERCERA", "emission_weight": 0.45, "source": "ajuntament-arbrat-viari"}}, {"type": "Feature", "geometry": {"type": "Point", "coordinates": [2.157101, 41.394764]}, "properties": {"codi": "0095729AR", "species": "Platanus \u00d7 acerifolia", "address": "C\\ C\u00f2rsega, 288", "categoria_arbrat": "EXEMPLAR", "emission_weight": 1.0, "source": "ajuntament-arbrat-viari"}}, {"type": "Feature", "geometry": {"type": "Point", "coordinates": [2.167998, 41.395398]}, "properties": {"codi": "0095730AR", "species": "Platanus \u00d7 acerifolia", "address": "C\\ Bruc, 91", "categoria_arbrat": "EXEMPLAR", "emission_weight": 1.0, "source": "ajuntament-arbrat-viari"}}, {"type": "Feature", "geometry": {"type": "Point", "coordinates": [2.158667, 41.392673]}, "properties": {"codi": "0095739AR", "species": "Platanus \u00d7 acerifolia", "address": "C\\ Proven\u00e7a, 213", "categoria_arbrat": "EXEMPLAR", "emission_weight": 1.0, "source": "ajuntament-arbrat-viari"}}, {"type": "Feature", "geometry": {"type": "Point", "coordinates": [2.159818, 41.395992]}, "properties": {"codi": "0095741AR", "species": "Platanus \u00d7 acerifolia", "address": "Pg Gr\u00e0cia, 105", "categoria_arbrat": "EXEMPLAR", "emission_weight": 1.0, "source": "ajuntament-arbrat-viari"}}, {"type": "Feature", "geometry": {"type": "Point", "coordinates": [2.161231, 41.391198]}, "properties": {"codi": "0095751AR", "species": "Platanus \u00d7 acerifolia", "address": "C\\ Val\u00e8ncia, 227", "categoria_arbrat": "SEGONA", "emission_weight": 0.65, "source": "ajuntament-arbrat-viari"}}, {"type": "Feature", "geometry": {"type": "Point", "coordinates": [2.167655, 41.389061]}, "properties": {"codi": "0095761AR", "species": "Platanus \u00d7 acerifolia", "address": "G.V. Corts Catalanes, 609", "categoria_arbrat": "SEGONA", "emission_weight": 0.65, "source": "ajuntament-arbrat-viari"}}, {"type": "Feature", "geometry": {"type": "Point", "coordinates": [2.166156, 41.391025]}, "properties": {"codi": "0095762AR", "species": "Platanus \u00d7 acerifolia", "address": "Pg Gr\u00e0cia, 33", "categoria_arbrat": "TERCERA", "emission_weight": 0.45, "source": "ajuntament-arbrat-viari"}}, {"type": "Feature", "geometry": {"type": "Point", "coordinates": [2.16538, 41.391653]}, "properties": {"codi": "0095768AR", "species": "Platanus \u00d7 acerifolia", "address": "Pg Gr\u00e0cia, 39", "categoria_arbrat": "PRIMERA", "emission_weight": 0.85, "source": "ajuntament-arbrat-viari"}}, {"type": "Feature", "geometry": {"type": "Point", "coordinates": [2.169255, 41.390273]}, "properties": {"codi": "0095772AR", "species": "Platanus \u00d7 acerifolia", "address": "G.V. Corts Catalanes, 617", "categoria_arbrat": "SEGONA", "emission_weight": 0.65, "source": "ajuntament-arbrat-viari"}}, {"type": "Feature", "geometry": {"type": "Point", "coordinates": [2.169462, 41.386402]}, "properties": {"codi": "0095773AR", "species": "Platanus \u00d7 acerifolia", "address": "Pl Catalunya, 1", "categoria_arbrat": "SEGONA", "emission_weight": 0.65, "source": "ajuntament-arbrat-viari"}}, {"type": "Feature", "geometry": {"type": "Point", "coordinates": [2.163151, 41.393706]}, "properties": {"codi": "0095774AR", "species": "Platanus \u00d7 acerifolia", "address": "Pg Gr\u00e0cia, 78", "categoria_arbrat": "SEGONA", "emission_weight": 0.65, "source": "ajuntament-arbrat-viari"}}, {"type": "Feature", "geometry": {"type": "Point", "coordinates": [2.164102, 41.392689]}, "properties": {"codi": "0095790AR", "species": "Platanus \u00d7 acerifolia", "address": "Pg Gr\u00e0cia, 55", "categoria_arbrat": "TERCERA", "emission_weight": 0.45, "source": "ajuntament-arbrat-viari"}}, {"type": "Feature", "geometry": {"type": "Point", "coordinates": [2.162154, 41.394504]}, "properties": {"codi": "0095798AR", "species": "Platanus \u00d7 acerifolia", "address": "Pg Gr\u00e0cia, 84", "categoria_arbrat": "SEGONA", "emission_weight": 0.65, "source": "ajuntament-arbrat-viari"}}, {"type": "Feature", "geometry": {"type": "Point", "coordinates": [2.162301, 41.393999]}, "properties": {"codi": "0095801AR", "species": "Platanus \u00d7 acerifolia", "address": "Pg Gr\u00e0cia, 77", "categoria_arbrat": "SEGONA", "emission_weight": 0.65, "source": "ajuntament-arbrat-viari"}}, {"type": "Feature", "geometry": {"type": "Point", "coordinates": [2.167811, 41.395691]}, "properties": {"codi": "0095814AR", "species": "Platanus \u00d7 acerifolia", "address": "C\\ Bruc, 104", "categoria_arbrat": "SEGONA", "emission_weight": 0.65, "source": "ajuntament-arbrat-viari"}}, {"type": "Feature", "geometry": {"type": "Point", "coordinates": [2.163208, 41.393407]}, "properties": {"codi": "0095816AR", "species": "Platanus \u00d7 acerifolia", "address": "Pg Gr\u00e0cia, 67", "categoria_arbrat": "TERCERA", "emission_weight": 0.45, "source": "ajuntament-arbrat-viari"}}, {"type": "Feature", "geometry": {"type": "Point", "coordinates": [2.164382, 41.39246]}, "properties": {"codi": "0095817AR", "species": "Platanus \u00d7 acerifolia", "address": "Pg Gr\u00e0cia, 51", "categoria_arbrat": "TERCERA", "emission_weight": 0.45, "source": "ajuntament-arbrat-viari"}}, {"type": "Feature", "geometry": {"type": "Point", "coordinates": [2.169491, 41.395909]}, "properties": {"codi": "0095829AR", "species": "Platanus \u00d7 acerifolia", "address": "C\\ Arag\u00f3, 317", "categoria_arbrat": "EXEMPLAR", "emission_weight": 1.0, "source": "ajuntament-arbrat-viari"}}, {"type": "Feature", "geometry": {"type": "Point", "coordinates": [2.164081, 41.392565]}, "properties": {"codi": "0095844AR", "species": "Platanus \u00d7 acerifolia", "address": "Pg Gr\u00e0cia, 55", "categoria_arbrat": "SEGONA", "emission_weight": 0.65, "source": "ajuntament-arbrat-viari"}}, {"type": "Feature", "geometry": {"type": "Point", "coordinates": [2.168817, 41.389281]}, "properties": {"codi": "0095853AR", "species": "Platanus \u00d7 acerifolia", "address": "Pg Gr\u00e0cia, 16", "categoria_arbrat": "EXEMPLAR", "emission_weight": 1.0, "source": "ajuntament-arbrat-viari"}}, {"type": "Feature", "geometry": {"type": "Point", "coordinates": [2.166045, 41.387953]}, "properties": {"codi": "0095861AR", "species": "Platanus \u00d7 acerifolia", "address": "G.V. Corts Catalanes, 593", "categoria_arbrat": "SEGONA", "emission_weight": 0.65, "source": "ajuntament-arbrat-viari"}}, {"type": "Feature", "geometry": {"type": "Point", "coordinates": [2.167208, 41.39259]}, "properties": {"codi": "0095862AR", "species": "Platanus \u00d7 acerifolia", "address": "C\\ Pau Claris, 121", "categoria_arbrat": "TERCERA", "emission_weight": 0.45, "source": "ajuntament-arbrat-viari"}}, {"type": "Feature", "geometry": {"type": "Point", "coordinates": [2.165481, 41.394184]}, "properties": {"codi": "0095864AR", "species": "Platanus \u00d7 acerifolia", "address": "C\\ Val\u00e8ncia, 294", "categoria_arbrat": "TERCERA", "emission_weight": 0.45, "source": "ajuntament-arbrat-viari"}}, {"type": "Feature", "geometry": {"type": "Point", "coordinates": [2.166892, 41.390839]}, "properties": {"codi": "0095867AR", "species": "Platanus \u00d7 acerifolia", "address": "Pg Gr\u00e0cia, 34", "categoria_arbrat": "SEGONA", "emission_weight": 0.65, "source": "ajuntament-arbrat-viari"}}, {"type": "Feature", "geometry": {"type": "Point", "coordinates": [2.162268, 41.393693]}, "properties": {"codi": "0095872AR", "species": "Platanus \u00d7 acerifolia", "address": "C\\ Mallorca, 259", "categoria_arbrat": "TERCERA", "emission_weight": 0.45, "source": "ajuntament-arbrat-viari"}}, {"type": "Feature", "geometry": {"type": "Point", "coordinates": [2.165224, 41.39164]}, "properties": {"codi": "0095876AR", "species": "Platanus \u00d7 acerifolia", "address": "Pg Gr\u00e0cia, 41", "categoria_arbrat": "PRIMERA", "emission_weight": 0.85, "source": "ajuntament-arbrat-viari"}}, {"type": "Feature", "geometry": {"type": "Point", "coordinates": [2.166528, 41.388001]}, "properties": {"codi": "0095880AR", "species": "Platanus \u00d7 acerifolia", "address": "G.V. Corts Catalanes, 620", "categoria_arbrat": "SEGONA", "emission_weight": 0.65, "source": "ajuntament-arbrat-viari"}}, {"type": "Feature", "geometry": {"type": "Point", "coordinates": [2.168913, 41.390104]}, "properties": {"codi": "0095884AR", "species": "Platanus \u00d7 acerifolia", "address": "G.V. Corts Catalanes, 613", "categoria_arbrat": "SEGONA", "emission_weight": 0.65, "source": "ajuntament-arbrat-viari"}}, {"type": "Feature", "geometry": {"type": "Point", "coordinates": [2.157316, 41.395891]}, "properties": {"codi": "0095890AR", "species": "Platanus \u00d7 acerifolia", "address": "Av Diagonal, 395", "categoria_arbrat": "EXEMPLAR", "emission_weight": 1.0, "source": "ajuntament-arbrat-viari"}}, {"type": "Feature", "geometry": {"type": "Point", "coordinates": [2.168971, 41.389004]}, "properties": {"codi": "0095898AR", "species": "Platanus \u00d7 acerifolia", "address": "Pg Gr\u00e0cia, 8", "categoria_arbrat": "PRIMERA", "emission_weight": 0.85, "source": "ajuntament-arbrat-viari"}}, {"type": "Feature", "geometry": {"type": "Point", "coordinates": [2.161411, 41.392838]}, "properties": {"codi": "0095899AR", "species": "Platanus \u00d7 acerifolia", "address": "C\\ Mallorca, 240", "categoria_arbrat": "EXEMPLAR", "emission_weight": 1.0, "source": "ajuntament-arbrat-viari"}}, {"type": "Feature", "geometry": {"type": "Point", "coordinates": [2.169034, 41.389795]}, "properties": {"codi": "0095900AR", "species": "Platanus \u00d7 acerifolia", "address": "G.V. Corts Catalanes, 636", "categoria_arbrat": "SEGONA", "emission_weight": 0.65, "source": "ajuntament-arbrat-viari"}}, {"type": "Feature", "geometry": {"type": "Point", "coordinates": [2.166668, 41.388104]}, "properties": {"codi": "0095903AR", "species": "Platanus \u00d7 acerifolia", "address": "G.V. Corts Catalanes, 622", "categoria_arbrat": "SEGONA", "emission_weight": 0.65, "source": "ajuntament-arbrat-viari"}}, {"type": "Feature", "geometry": {"type": "Point", "coordinates": [2.164268, 41.392549]}, "properties": {"codi": "0095911AR", "species": "Platanus \u00d7 acerifolia", "address": "Pg Gr\u00e0cia, 53", "categoria_arbrat": "SEGONA", "emission_weight": 0.65, "source": "ajuntament-arbrat-viari"}}, {"type": "Feature", "geometry": {"type": "Point", "coordinates": [2.169629, 41.39432]}, "properties": {"codi": "0095915AR", "species": "Platanus \u00d7 acerifolia", "address": "C\\ Consell de Cent, 387", "categoria_arbrat": "EXEMPLAR", "emission_weight": 1.0, "source": "ajuntament-arbrat-viari"}}, {"type": "Feature", "geometry": {"type": "Point", "coordinates": [2.160677, 41.395449]}, "properties": {"codi": "0095917AR", "species": "Platanus \u00d7 acerifolia", "address": "Pg Gr\u00e0cia, 99", "categoria_arbrat": "SEGONA", "emission_weight": 0.65, "source": "ajuntament-arbrat-viari"}}, {"type": "Feature", "geometry": {"type": "Point", "coordinates": [2.168243, 41.391951]}, "properties": {"codi": "0095927AR", "species": "Platanus \u00d7 acerifolia", "address": "C\\ Pau Claris, 114", "categoria_arbrat": "SEGONA", "emission_weight": 0.65, "source": "ajuntament-arbrat-viari"}}, {"type": "Feature", "geometry": {"type": "Point", "coordinates": [2.160628, 41.394154]}, "properties": {"codi": "0095928AR", "species": "Platanus \u00d7 acerifolia", "address": "C\\ Proven\u00e7a, 247", "categoria_arbrat": "EXEMPLAR", "emission_weight": 1.0, "source": "ajuntament-arbrat-viari"}}, {"type": "Feature", "geometry": {"type": "Point", "coordinates": [2.16204, 41.394349]}, "properties": {"codi": "0095930AR", "species": "Platanus \u00d7 acerifolia", "address": "Pg Gr\u00e0cia, 81", "categoria_arbrat": "PRIMERA", "emission_weight": 0.85, "source": "ajuntament-arbrat-viari"}}, {"type": "Feature", "geometry": {"type": "Point", "coordinates": [2.164652, 41.392618]}, "properties": {"codi": "0095931AR", "species": "Platanus \u00d7 acerifolia", "address": "Pg Gr\u00e0cia, 58", "categoria_arbrat": "EXEMPLAR", "emission_weight": 1.0, "source": "ajuntament-arbrat-viari"}}, {"type": "Feature", "geometry": {"type": "Point", "coordinates": [2.157622, 41.395485]}, "properties": {"codi": "0095936AR", "species": "Platanus \u00d7 acerifolia", "address": "C\\ C\u00f2rsega, 311", "categoria_arbrat": "TERCERA", "emission_weight": 0.45, "source": "ajuntament-arbrat-viari"}}, {"type": "Feature", "geometry": {"type": "Point", "coordinates": [2.169143, 41.388864]}, "properties": {"codi": "0095952AR", "species": "Platanus \u00d7 acerifolia", "address": "Pg Gr\u00e0cia, 8", "categoria_arbrat": "SEGONA", "emission_weight": 0.65, "source": "ajuntament-arbrat-viari"}}, {"type": "Feature", "geometry": {"type": "Point", "coordinates": [2.168405, 41.393334]}, "properties": {"codi": "0095956AR", "species": "Platanus \u00d7 acerifolia", "address": "C\\ Consell de Cent, 369", "categoria_arbrat": "EXEMPLAR", "emission_weight": 1.0, "source": "ajuntament-arbrat-viari"}}, {"type": "Feature", "geometry": {"type": "Point", "coordinates": [2.165324, 41.391698]}, "properties": {"codi": "0095961AR", "species": "Platanus \u00d7 acerifolia", "address": "Pg Gr\u00e0cia, 41", "categoria_arbrat": "EXEMPLAR", "emission_weight": 1.0, "source": "ajuntament-arbrat-viari"}}, {"type": "Feature", "geometry": {"type": "Point", "coordinates": [2.161528, 41.395164]}, "properties": {"codi": "0095963AR", "species": "Platanus \u00d7 acerifolia", "address": "Pg Gr\u00e0cia, 92", "categoria_arbrat": "EXEMPLAR", "emission_weight": 1.0, "source": "ajuntament-arbrat-viari"}}, {"type": "Feature", "geometry": {"type": "Point", "coordinates": [2.161861, 41.394494]}, "properties": {"codi": "0095964AR", "species": "Platanus \u00d7 acerifolia", "address": "Pg Gr\u00e0cia, 85", "categoria_arbrat": "PRIMERA", "emission_weight": 0.85, "source": "ajuntament-arbrat-viari"}}, {"type": "Feature", "geometry": {"type": "Point", "coordinates": [2.166585, 41.390544]}, "properties": {"codi": "0095966AR", "species": "Platanus \u00d7 acerifolia", "address": "Pg Gr\u00e0cia, 23", "categoria_arbrat": "EXEMPLAR", "emission_weight": 1.0, "source": "ajuntament-arbrat-viari"}}, {"type": "Feature", "geometry": {"type": "Point", "coordinates": [2.166112, 41.388004]}, "properties": {"codi": "0095967AR", "species": "Platanus \u00d7 acerifolia", "address": "G.V. Corts Catalanes, 593", "categoria_arbrat": "SEGONA", "emission_weight": 0.65, "source": "ajuntament-arbrat-viari"}}, {"type": "Feature", "geometry": {"type": "Point", "coordinates": [2.168373, 41.395119]}, "properties": {"codi": "0095969AR", "species": "Platanus \u00d7 acerifolia", "address": "C\\ Bruc, 85", "categoria_arbrat": "EXEMPLAR", "emission_weight": 1.0, "source": "ajuntament-arbrat-viari"}}, {"type": "Feature", "geometry": {"type": "Point", "coordinates": [2.161688, 41.394629]}, "properties": {"codi": "0095976AR", "species": "Platanus \u00d7 acerifolia", "address": "Pg Gr\u00e0cia, 87", "categoria_arbrat": "EXEMPLAR", "emission_weight": 1.0, "source": "ajuntament-arbrat-viari"}}, {"type": "Feature", "geometry": {"type": "Point", "coordinates": [2.162537, 41.395604]}, "properties": {"codi": "0095977AR", "species": "Platanus \u00d7 acerifolia", "address": "C\\ Proven\u00e7a, 271", "categoria_arbrat": "SEGONA", "emission_weight": 0.65, "source": "ajuntament-arbrat-viari"}}, {"type": "Feature", "geometry": {"type": "Point", "coordinates": [2.158381, 41.395998]}, "properties": {"codi": "0095978AR", "species": "Platanus \u00d7 acerifolia", "address": "C\\ C\u00f2rsega, 319", "categoria_arbrat": "TERCERA", "emission_weight": 0.45, "source": "ajuntament-arbrat-viari"}}, {"type": "Feature", "geometry": {"type": "Point", "coordinates": [2.168685, 41.393471]}, "properties": {"codi": "0095979AR", "species": "Platanus \u00d7 acerifolia", "address": "C\\ Consell de Cent, 371", "categoria_arbrat": "EXEMPLAR", "emission_weight": 1.0, "source": "ajuntament-arbrat-viari"}}, {"type": "Feature", "geometry": {"type": "Point", "coordinates": [2.169847, 41.385962]}, "properties": {"codi": "0095982AR", "species": "Platanus \u00d7 acerifolia", "address": "Pl Catalunya, 1", "categoria_arbrat": "SEGONA", "emission_weight": 0.65, "source": "ajuntament-arbrat-viari"}}, {"type": "Feature", "geometry": {"type": "Point", "coordinates": [2.169186, 41.388979]}, "properties": {"codi": "0095984AR", "species": "Platanus \u00d7 acerifolia", "address": "Pg Gr\u00e0cia, 8", "categoria_arbrat": "EXEMPLAR", "emission_weight": 1.0, "source": "ajuntament-arbrat-viari"}}, {"type": "Feature", "geometry": {"type": "Point", "coordinates": [2.168695, 41.389938]}, "properties": {"codi": "0095987AR", "species": "Platanus \u00d7 acerifolia", "address": "G.V. Corts Catalanes, 611", "categoria_arbrat": "SEGONA", "emission_weight": 0.65, "source": "ajuntament-arbrat-viari"}}, {"type": "Feature", "geometry": {"type": "Point", "coordinates": [2.163326, 41.394486]}, "properties": {"codi": "0096006AR", "species": "Platanus \u00d7 acerifolia", "address": "C\\ Mallorca, 269", "categoria_arbrat": "TERCERA", "emission_weight": 0.45, "source": "ajuntament-arbrat-viari"}}, {"type": "Feature", "geometry": {"type": "Point", "coordinates": [2.165836, 41.39169]}, "properties": {"codi": "0096007AR", "species": "Platanus \u00d7 acerifolia", "address": "Pg Gr\u00e0cia, 46", "categoria_arbrat": "SEGONA", "emission_weight": 0.65, "source": "ajuntament-arbrat-viari"}}, {"type": "Feature", "geometry": {"type": "Point", "coordinates": [2.163533, 41.392786]}, "properties": {"codi": "0096009AR", "species": "Platanus \u00d7 acerifolia", "address": "C\\ Val\u00e8ncia, 272", "categoria_arbrat": "TERCERA", "emission_weight": 0.45, "source": "ajuntament-arbrat-viari"}}, {"type": "Feature", "geometry": {"type": "Point", "coordinates": [2.163356, 41.394363]}, "properties": {"codi": "0096014AR", "species": "Platanus \u00d7 acerifolia", "address": "C\\ Mallorca, 260", "categoria_arbrat": "SEGONA", "emission_weight": 0.65, "source": "ajuntament-arbrat-viari"}}, {"type": "Feature", "geometry": {"type": "Point", "coordinates": [2.16556, 41.391368]}, "properties": {"codi": "0096015AR", "species": "Platanus \u00d7 acerifolia", "address": "Pg Gr\u00e0cia, 35", "categoria_arbrat": "PRIMERA", "emission_weight": 0.85, "source": "ajuntament-arbrat-viari"}}, {"type": "Feature", "geometry": {"type": "Point", "coordinates": [2.1666, 41.388055]}, "properties": {"codi": "0096026AR", "species": "Platanus \u00d7 acerifolia", "address": "G.V. Corts Catalanes, 620", "categoria_arbrat": "PRIMERA", "emission_weight": 0.85, "source": "ajuntament-arbrat-viari"}}, {"type": "Feature", "geometry": {"type": "Point", "coordinates": [2.166446, 41.390653]}, "properties": {"codi": "0096027AR", "species": "Platanus \u00d7 acerifolia", "address": "Pg Gr\u00e0cia, 25", "categoria_arbrat": "EXEMPLAR", "emission_weight": 1.0, "source": "ajuntament-arbrat-viari"}}, {"type": "Feature", "geometry": {"type": "Point", "coordinates": [2.164548, 41.392727]}, "properties": {"codi": "0096028AR", "species": "Platanus \u00d7 acerifolia", "address": "Pg Gr\u00e0cia, 60", "categoria_arbrat": "EXEMPLAR", "emission_weight": 1.0, "source": "ajuntament-arbrat-viari"}}, {"type": "Feature", "geometry": {"type": "Point", "coordinates": [2.159501, 41.393307]}, "properties": {"codi": "0096029AR", "species": "Platanus \u00d7 acerifolia", "address": "C\\ Proven\u00e7a, 233", "categoria_arbrat": "SEGONA", "emission_weight": 0.65, "source": "ajuntament-arbrat-viari"}}, {"type": "Feature", "geometry": {"type": "Point", "coordinates": [2.16007, 41.39579]}, "properties": {"codi": "0096032AR", "species": "Platanus \u00d7 acerifolia", "address": "Pg Gr\u00e0cia, 103", "categoria_arbrat": "EXEMPLAR", "emission_weight": 1.0, "source": "ajuntament-arbrat-viari"}}, {"type": "Feature", "geometry": {"type": "Point", "coordinates": [2.165289, 41.39397]}, "properties": {"codi": "0096055AR", "species": "Platanus \u00d7 acerifolia", "address": "C\\ Val\u00e8ncia, 292", "categoria_arbrat": "SEGONA", "emission_weight": 0.65, "source": "ajuntament-arbrat-viari"}}, {"type": "Feature", "geometry": {"type": "Point", "coordinates": [2.169498, 41.388728]}, "properties": {"codi": "0096056AR", "species": "Platanus \u00d7 acerifolia", "address": "Pg Gr\u00e0cia, 6", "categoria_arbrat": "EXEMPLAR", "emission_weight": 1.0, "source": "ajuntament-arbrat-viari"}}, {"type": "Feature", "geometry": {"type": "Point", "coordinates": [2.167316, 41.388972]}, "properties": {"codi": "0096060AR", "species": "Platanus \u00d7 acerifolia", "address": "G.V. Corts Catalanes, 605", "categoria_arbrat": "SEGONA", "emission_weight": 0.65, "source": "ajuntament-arbrat-viari"}}, {"type": "Feature", "geometry": {"type": "Point", "coordinates": [2.16348, 41.393186]}, "properties": {"codi": "0096061AR", "species": "Platanus \u00d7 acerifolia", "address": "Pg Gr\u00e0cia, 63", "categoria_arbrat": "SEGONA", "emission_weight": 0.65, "source": "ajuntament-arbrat-viari"}}, {"type": "Feature", "geometry": {"type": "Point", "coordinates": [2.166952, 41.39449]}, "properties": {"codi": "0096068AR", "species": "Platanus \u00d7 acerifolia", "address": "C\\ Roger de Ll\u00faria, 71", "categoria_arbrat": "SEGONA", "emission_weight": 0.65, "source": "ajuntament-arbrat-viari"}}, {"type": "Feature", "geometry": {"type": "Point", "coordinates": [2.166657, 41.390622]}, "properties": {"codi": "0096071AR", "species": "Platanus \u00d7 acerifolia", "address": "Pg Gr\u00e0cia, 23", "categoria_arbrat": "SEGONA", "emission_weight": 0.65, "source": "ajuntament-arbrat-viari"}}, {"type": "Feature", "geometry": {"type": "Point", "coordinates": [2.163148, 41.394205]}, "properties": {"codi": "0096072AR", "species": "Platanus \u00d7 acerifolia", "address": "C\\ Mallorca, 256", "categoria_arbrat": "SEGONA", "emission_weight": 0.65, "source": "ajuntament-arbrat-viari"}}, {"type": "Feature", "geometry": {"type": "Point", "coordinates": [2.166244, 41.388008]}, "properties": {"codi": "0096082AR", "species": "Platanus \u00d7 acerifolia", "address": "G.V. Corts Catalanes, 595", "categoria_arbrat": "SEGONA", "emission_weight": 0.65, "source": "ajuntament-arbrat-viari"}}, {"type": "Feature", "geometry": {"type": "Point", "coordinates": [2.16143, 41.391348]}, "properties": {"codi": "0096083AR", "species": "Platanus \u00d7 acerifolia", "address": "C\\ Val\u00e8ncia, 229", "categoria_arbrat": "EXEMPLAR", "emission_weight": 1.0, "source": "ajuntament-arbrat-viari"}}, {"type": "Feature", "geometry": {"type": "Point", "coordinates": [2.166521, 41.390078]}, "properties": {"codi": "0096085AR", "species": "Platanus \u00d7 acerifolia", "address": "C\\ Diputaci\u00f3, 265", "categoria_arbrat": "SEGONA", "emission_weight": 0.65, "source": "ajuntament-arbrat-viari"}}, {"type": "Feature", "geometry": {"type": "Point", "coordinates": [2.163766, 41.392822]}, "properties": {"codi": "0096086AR", "species": "Platanus \u00d7 acerifolia", "address": "Pg Gr\u00e0cia, 59", "categoria_arbrat": "EXEMPLAR", "emission_weight": 1.0, "source": "ajuntament-arbrat-viari"}}, {"type": "Feature", "geometry": {"type": "Point", "coordinates": [2.160564, 41.393963]}, "properties": {"codi": "0096089AR", "species": "Platanus \u00d7 acerifolia", "address": "C\\ Proven\u00e7a, 278", "categoria_arbrat": "SEGONA", "emission_weight": 0.65, "source": "ajuntament-arbrat-viari"}}, {"type": "Feature", "geometry": {"type": "Point", "coordinates": [2.167594, 41.38918]}, "properties": {"codi": "0096092AR", "species": "Platanus \u00d7 acerifolia", "address": "G.V. Corts Catalanes, 609", "categoria_arbrat": "PRIMERA", "emission_weight": 0.85, "source": "ajuntament-arbrat-viari"}}, {"type": "Feature", "geometry": {"type": "Point", "coordinates": [2.168976, 41.390061]}, "properties": {"codi": "0096099AR", "species": "Platanus \u00d7 acerifolia", "address": "G.V. Corts Catalanes, 613", "categoria_arbrat": "SEGONA", "emission_weight": 0.65, "source": "ajuntament-arbrat-viari"}}, {"type": "Feature", "geometry": {"type": "Point", "coordinates": [2.1602, 41.395695]}, "properties": {"codi": "0096100AR", "species": "Platanus \u00d7 acerifolia", "address": "Pg Gr\u00e0cia, 101", "categoria_arbrat": "EXEMPLAR", "emission_weight": 1.0, "source": "ajuntament-arbrat-viari"}}, {"type": "Feature", "geometry": {"type": "Point", "coordinates": [2.165036, 41.39392]}, "properties": {"codi": "0096101AR", "species": "Platanus \u00d7 acerifolia", "address": "C\\ Val\u00e8ncia, 290", "categoria_arbrat": "EXEMPLAR", "emission_weight": 1.0, "source": "ajuntament-arbrat-viari"}}, {"type": "Feature", "geometry": {"type": "Point", "coordinates": [2.161079, 41.395522]}, "properties": {"codi": "0096103AR", "species": "Platanus \u00d7 acerifolia", "address": "Pg Gr\u00e0cia, 98", "categoria_arbrat": "EXEMPLAR", "emission_weight": 1.0, "source": "ajuntament-arbrat-viari"}}, {"type": "Feature", "geometry": {"type": "Point", "coordinates": [2.169561, 41.390595]}, "properties": {"codi": "0096107AR", "species": "Platanus \u00d7 acerifolia", "address": "G.V. Corts Catalanes, 621", "categoria_arbrat": "SEGONA", "emission_weight": 0.65, "source": "ajuntament-arbrat-viari"}}, {"type": "Feature", "geometry": {"type": "Point", "coordinates": [2.16297, 41.393999]}, "properties": {"codi": "0096108AR", "species": "Platanus \u00d7 acerifolia", "address": "Pg Gr\u00e0cia, 80", "categoria_arbrat": "EXEMPLAR", "emission_weight": 1.0, "source": "ajuntament-arbrat-viari"}}, {"type": "Feature", "geometry": {"type": "Point", "coordinates": [2.163148, 41.393452]}, "properties": {"codi": "0096109AR", "species": "Platanus \u00d7 acerifolia", "address": "Pg Gr\u00e0cia, 67", "categoria_arbrat": "SEGONA", "emission_weight": 0.65, "source": "ajuntament-arbrat-viari"}}, {"type": "Feature", "geometry": {"type": "Point", "coordinates": [2.168683, 41.388839]}, "properties": {"codi": "0096117AR", "species": "Platanus \u00d7 acerifolia", "address": "Pg Gr\u00e0cia, 11", "categoria_arbrat": "SEGONA", "emission_weight": 0.65, "source": "ajuntament-arbrat-viari"}}, {"type": "Feature", "geometry": {"type": "Point", "coordinates": [2.161053, 41.391064]}, "properties": {"codi": "0096122AR", "species": "Platanus \u00d7 acerifolia", "address": "C\\ Val\u00e8ncia, 219", "categoria_arbrat": "SEGONA", "emission_weight": 0.65, "source": "ajuntament-arbrat-viari"}}, {"type": "Feature", "geometry": {"type": "Point", "coordinates": [2.163097, 41.390699]}, "properties": {"codi": "0096125AR", "species": "Platanus \u00d7 acerifolia", "address": "C\\ Arag\u00f3, 256", "categoria_arbrat": "SEGONA", "emission_weight": 0.65, "source": "ajuntament-arbrat-viari"}}, {"type": "Feature", "geometry": {"type": "Point", "coordinates": [2.166438, 41.391575]}, "properties": {"codi": "0096126AR", "species": "Platanus \u00d7 acerifolia", "address": "C\\ Consell de Cent, 312", "categoria_arbrat": "SEGONA", "emission_weight": 0.65, "source": "ajuntament-arbrat-viari"}}, {"type": "Feature", "geometry": {"type": "Point", "coordinates": [2.168984, 41.390155]}, "properties": {"codi": "0096128AR", "species": "Platanus \u00d7 acerifolia", "address": "G.V. Corts Catalanes, 615", "categoria_arbrat": "SEGONA", "emission_weight": 0.65, "source": "ajuntament-arbrat-viari"}}, {"type": "Feature", "geometry": {"type": "Point", "coordinates": [2.156712, 41.395739]}, "properties": {"codi": "0096129AR", "species": "Platanus \u00d7 acerifolia", "address": "Av Diagonal, 397", "categoria_arbrat": "EXEMPLAR", "emission_weight": 1.0, "source": "ajuntament-arbrat-viari"}}, {"type": "Feature", "geometry": {"type": "Point", "coordinates": [2.168902, 41.390003]}, "properties": {"codi": "0096130AR", "species": "Platanus \u00d7 acerifolia", "address": "G.V. Corts Catalanes, 613", "categoria_arbrat": "PRIMERA", "emission_weight": 0.85, "source": "ajuntament-arbrat-viari"}}, {"type": "Feature", "geometry": {"type": "Point", "coordinates": [2.169619, 41.386224]}, "properties": {"codi": "0096132AR", "species": "Platanus \u00d7 acerifolia", "address": "Pl Catalunya, 1", "categoria_arbrat": "SEGONA", "emission_weight": 0.65, "source": "ajuntament-arbrat-viari"}}, {"type": "Feature", "geometry": {"type": "Point", "coordinates": [2.169305, 41.388881]}, "properties": {"codi": "0096137AR", "species": "Platanus \u00d7 acerifolia", "address": "Pg Gr\u00e0cia, 6", "categoria_arbrat": "SEGONA", "emission_weight": 0.65, "source": "ajuntament-arbrat-viari"}}, {"type": "Feature", "geometry": {"type": "Point", "coordinates": [2.162155, 41.394259]}, "properties": {"codi": "0096146AR", "species": "Platanus \u00d7 acerifolia", "address": "Pg Gr\u00e0cia, 79", "categoria_arbrat": "SEGONA", "emission_weight": 0.65, "source": "ajuntament-arbrat-viari"}}, {"type": "Feature", "geometry": {"type": "Point", "coordinates": [2.167207, 41.388896]}, "properties": {"codi": "0096147AR", "species": "Platanus \u00d7 acerifolia", "address": "G.V. Corts Catalanes, 603", "categoria_arbrat": "SEGONA", "emission_weight": 0.65, "source": "ajuntament-arbrat-viari"}}, {"type": "Feature", "geometry": {"type": "Point", "coordinates": [2.162535, 41.393949]}, "properties": {"codi": "0096152AR", "species": "Platanus \u00d7 acerifolia", "address": "Pg Gr\u00e0cia, 75", "categoria_arbrat": "PRIMERA", "emission_weight": 0.85, "source": "ajuntament-arbrat-viari"}}, {"type": "Feature", "geometry": {"type": "Point", "coordinates": [2.169602, 41.388243]}, "properties": {"codi": "0096155AR", "species": "Platanus \u00d7 acerifolia", "address": "Pg Gr\u00e0cia, 1", "categoria_arbrat": "SEGONA", "emission_weight": 0.65, "source": "ajuntament-arbrat-viari"}}, {"type": "Feature", "geometry": {"type": "Point", "coordinates": [2.160121, 41.395892]}, "properties": {"codi": "0096159AR", "species": "Platanus \u00d7 acerifolia", "address": "Pg Gr\u00e0cia, 103", "categoria_arbrat": "SEGONA", "emission_weight": 0.65, "source": "ajuntament-arbrat-viari"}}, {"type": "Feature", "geometry": {"type": "Point", "coordinates": [2.163511, 41.393028]}, "properties": {"codi": "0096167AR", "species": "Platanus \u00d7 acerifolia", "address": "Pg Gr\u00e0cia, 61", "categoria_arbrat": "EXEMPLAR", "emission_weight": 1.0, "source": "ajuntament-arbrat-viari"}}, {"type": "Feature", "geometry": {"type": "Point", "coordinates": [2.16077, 41.39577]}, "properties": {"codi": "0096169AR", "species": "Platanus \u00d7 acerifolia", "address": "Pg Gr\u00e0cia, 102", "categoria_arbrat": "PRIMERA", "emission_weight": 0.85, "source": "ajuntament-arbrat-viari"}}, {"type": "Feature", "geometry": {"type": "Point", "coordinates": [2.161907, 41.391561]}, "properties": {"codi": "0096177AR", "species": "Platanus \u00d7 acerifolia", "address": "C\\ Val\u00e8ncia, 254", "categoria_arbrat": "EXEMPLAR", "emission_weight": 1.0, "source": "ajuntament-arbrat-viari"}}, {"type": "Feature", "geometry": {"type": "Point", "coordinates": [2.167341, 41.390474]}, "properties": {"codi": "0096179AR", "species": "Platanus \u00d7 acerifolia", "address": "Pg Gr\u00e0cia, 30", "categoria_arbrat": "EXEMPLAR", "emission_weight": 1.0, "source": "ajuntament-arbrat-viari"}}, {"type": "Feature", "geometry": {"type": "Point", "coordinates": [2.169046, 41.390113]}, "properties": {"codi": "0096184AR", "species": "Platanus \u00d7 acerifolia", "address": "G.V. Corts Catalanes, 615", "categoria_arbrat": "SEGONA", "emission_weight": 0.65, "source": "ajuntament-arbrat-viari"}}, {"type": "Feature", "geometry": {"type": "Point", "coordinates": [2.164396, 41.386188]}, "properties": {"codi": "0096189AR", "species": "Platanus \u00d7 acerifolia", "address": "Pl Universitat, 12", "categoria_arbrat": "SEGONA", "emission_weight": 0.65, "source": "ajuntament-arbrat-viari"}}, {"type": "Feature", "geometry": {"type": "Point", "coordinates": [2.160133, 41.395749]}, "properties": {"codi": "0096190AR", "species": "Platanus \u00d7 acerifolia", "address": "Pg Gr\u00e0cia, 101", "categoria_arbrat": "SEGONA", "emission_weight": 0.65, "source": "ajuntament-arbrat-viari"}}, {"type": "Feature", "geometry": {"type": "Point", "coordinates": [2.166252, 41.387791]}, "properties": {"codi": "0096194AR", "species": "Platanus \u00d7 acerifolia", "address": "G.V. Corts Catalanes, 616", "categoria_arbrat": "SEGONA", "emission_weight": 0.65, "source": "ajuntament-arbrat-viari"}}, {"type": "Feature", "geometry": {"type": "Point", "coordinates": [2.164386, 41.392857]}, "properties": {"codi": "0096197AR", "species": "Platanus \u00d7 acerifolia", "address": "Pg Gr\u00e0cia, 62", "categoria_arbrat": "EXEMPLAR", "emission_weight": 1.0, "source": "ajuntament-arbrat-viari"}}, {"type": "Feature", "geometry": {"type": "Point", "coordinates": [2.164641, 41.395328]}, "properties": {"codi": "0096199AR", "species": "Platanus \u00d7 acerifolia", "address": "C\\ Mallorca, 274", "categoria_arbrat": "SEGONA", "emission_weight": 0.65, "source": "ajuntament-arbrat-viari"}}, {"type": "Feature", "geometry": {"type": "Point", "coordinates": [2.161271, 41.395368]}, "properties": {"codi": "0096202AR", "species": "Platanus \u00d7 acerifolia", "address": "Pg Gr\u00e0cia, 96", "categoria_arbrat": "EXEMPLAR", "emission_weight": 1.0, "source": "ajuntament-arbrat-viari"}}, {"type": "Feature", "geometry": {"type": "Point", "coordinates": [2.168771, 41.389995]}, "properties": {"codi": "0096209AR", "species": "Platanus \u00d7 acerifolia", "address": "G.V. Corts Catalanes, 611", "categoria_arbrat": "SEGONA", "emission_weight": 0.65, "source": "ajuntament-arbrat-viari"}}, {"type": "Feature", "geometry": {"type": "Point", "coordinates": [2.169395, 41.386292]}, "properties": {"codi": "0096214AR", "species": "Platanus \u00d7 acerifolia", "address": "Pl Catalunya, 1", "categoria_arbrat": "SEGONA", "emission_weight": 0.65, "source": "ajuntament-arbrat-viari"}}, {"type": "Feature", "geometry": {"type": "Point", "coordinates": [2.163839, 41.389762]}, "properties": {"codi": "0096217AR", "species": "Platanus \u00d7 acerifolia", "address": "C\\ Consell de Cent, 329", "categoria_arbrat": "EXEMPLAR", "emission_weight": 1.0, "source": "ajuntament-arbrat-viari"}}, {"type": "Feature", "geometry": {"type": "Point", "coordinates": [2.165189, 41.386897]}, "properties": {"codi": "0096223AR", "species": "Platanus \u00d7 acerifolia", "address": "G.V. Corts Catalanes, 604", "categoria_arbrat": "SEGONA", "emission_weight": 0.65, "source": "ajuntament-arbrat-viari"}}, {"type": "Feature", "geometry": {"type": "Point", "coordinates": [2.169122, 41.389948]}, "properties": {"codi": "0096227AR", "species": "Platanus \u00d7 acerifolia", "address": "G.V. Corts Catalanes, 638", "categoria_arbrat": "PRIMERA", "emission_weight": 0.85, "source": "ajuntament-arbrat-viari"}}, {"type": "Feature", "geometry": {"type": "Point", "coordinates": [2.169407, 41.390167]}, "properties": {"codi": "0096229AR", "species": "Platanus \u00d7 acerifolia", "address": "G.V. Corts Catalanes, 642", "categoria_arbrat": "PRIMERA", "emission_weight": 0.85, "source": "ajuntament-arbrat-viari"}}, {"type": "Feature", "geometry": {"type": "Point", "coordinates": [2.162662, 41.394103]}, "properties": {"codi": "0096230AR", "species": "Platanus \u00d7 acerifolia", "address": "Pg Gr\u00e0cia, 82", "categoria_arbrat": "PRIMERA", "emission_weight": 0.85, "source": "ajuntament-arbrat-viari"}}, {"type": "Feature", "geometry": {"type": "Point", "coordinates": [2.157782, 41.395484]}, "properties": {"codi": "0096237AR", "species": "Platanus \u00d7 acerifolia", "address": "C\\ C\u00f2rsega, 311", "categoria_arbrat": "SEGONA", "emission_weight": 0.65, "source": "ajuntament-arbrat-viari"}}, {"type": "Feature", "geometry": {"type": "Point", "coordinates": [2.164607, 41.392536]}, "properties": {"codi": "0096239AR", "species": "Platanus \u00d7 acerifolia", "address": "Pg Gr\u00e0cia, 58", "categoria_arbrat": "SEGONA", "emission_weight": 0.65, "source": "ajuntament-arbrat-viari"}}, {"type": "Feature", "geometry": {"type": "Point", "coordinates": [2.168813, 41.387145]}, "properties": {"codi": "0096240AR", "species": "Platanus \u00d7 acerifolia", "address": "Pl Catalunya, 7", "categoria_arbrat": "EXEMPLAR", "emission_weight": 1.0, "source": "ajuntament-arbrat-viari"}}, {"type": "Feature", "geometry": {"type": "Point", "coordinates": [2.166828, 41.390889]}, "properties": {"codi": "0096241AR", "species": "Platanus \u00d7 acerifolia", "address": "Pg Gr\u00e0cia, 36", "categoria_arbrat": "EXEMPLAR", "emission_weight": 1.0, "source": "ajuntament-arbrat-viari"}}, {"type": "Feature", "geometry": {"type": "Point", "coordinates": [2.164198, 41.393009]}, "properties": {"codi": "0096244AR", "species": "Platanus \u00d7 acerifolia", "address": "Pg Gr\u00e0cia, 66", "categoria_arbrat": "EXEMPLAR", "emission_weight": 1.0, "source": "ajuntament-arbrat-viari"}}, {"type": "Feature", "geometry": {"type": "Point", "coordinates": [2.164434, 41.395323]}, "properties": {"codi": "0096245AR", "species": "Platanus \u00d7 acerifolia", "address": "C\\ Mallorca, 279", "categoria_arbrat": "SEGONA", "emission_weight": 0.65, "source": "ajuntament-arbrat-viari"}}, {"type": "Feature", "geometry": {"type": "Point", "coordinates": [2.160631, 41.395987]}, "properties": {"codi": "0096251AR", "species": "Platanus \u00d7 acerifolia", "address": "Pg Gr\u00e0cia, 104", "categoria_arbrat": "EXEMPLAR", "emission_weight": 1.0, "source": "ajuntament-arbrat-viari"}}, {"type": "Feature", "geometry": {"type": "Point", "coordinates": [2.16321, 41.395822]}, "properties": {"codi": "0096267AR", "species": "Platanus \u00d7 acerifolia", "address": "C\\ Proven\u00e7a, 308", "categoria_arbrat": "EXEMPLAR", "emission_weight": 1.0, "source": "ajuntament-arbrat-viari"}}, {"type": "Feature", "geometry": {"type": "Point", "coordinates": [2.163374, 41.393278]}, "properties": {"codi": "0096268AR", "species": "Platanus \u00d7 acerifolia", "address": "Pg Gr\u00e0cia, 65", "categoria_arbrat": "SEGONA", "emission_weight": 0.65, "source": "ajuntament-arbrat-viari"}}, {"type": "Feature", "geometry": {"type": "Point", "coordinates": [2.161517, 41.395034]}, "properties": {"codi": "0096269AR", "species": "Platanus \u00d7 acerifolia", "address": "Pg Gr\u00e0cia, 92", "categoria_arbrat": "EXEMPLAR", "emission_weight": 1.0, "source": "ajuntament-arbrat-viari"}}, {"type": "Feature", "geometry": {"type": "Point", "coordinates": [2.158703, 41.392405]}, "properties": {"codi": "0096278AR", "species": "Platanus \u00d7 acerifolia", "address": "C\\ Balmes, 108", "categoria_arbrat": "EXEMPLAR", "emission_weight": 1.0, "source": "ajuntament-arbrat-viari"}}, {"type": "Feature", "geometry": {"type": "Point", "coordinates": [2.157689, 41.395915]}, "properties": {"codi": "0096284AR", "species": "Platanus \u00d7 acerifolia", "address": "Av Diagonal, 393", "categoria_arbrat": "TERCERA", "emission_weight": 0.45, "source": "ajuntament-arbrat-viari"}}, {"type": "Feature", "geometry": {"type": "Point", "coordinates": [2.167734, 41.392432]}, "properties": {"codi": "0096291AR", "species": "Platanus \u00d7 acerifolia", "address": "C\\ Consell de Cent, 328", "categoria_arbrat": "TERCERA", "emission_weight": 0.45, "source": "ajuntament-arbrat-viari"}}, {"type": "Feature", "geometry": {"type": "Point", "coordinates": [2.156176, 41.394348]}, "properties": {"codi": "0096295AR", "species": "Platanus \u00d7 acerifolia", "address": "C\\ C\u00f2rsega, 285", "categoria_arbrat": "EXEMPLAR", "emission_weight": 1.0, "source": "ajuntament-arbrat-viari"}}, {"type": "Feature", "geometry": {"type": "Point", "coordinates": [2.164824, 41.395466]}, "properties": {"codi": "0096300AR", "species": "Platanus \u00d7 acerifolia", "address": "C\\ Mallorca, 274", "categoria_arbrat": "SEGONA", "emission_weight": 0.65, "source": "ajuntament-arbrat-viari"}}, {"type": "Feature", "geometry": {"type": "Point", "coordinates": [2.169708, 41.393966]}, "properties": {"codi": "0096301AR", "species": "Platanus \u00d7 acerifolia", "address": "C\\ Consell de Cent, 356", "categoria_arbrat": "SEGONA", "emission_weight": 0.65, "source": "ajuntament-arbrat-viari"}}, {"type": "Feature", "geometry": {"type": "Point", "coordinates": [2.166319, 41.38816]}, "properties": {"codi": "0096314AR", "species": "Platanus \u00d7 acerifolia", "address": "G.V. Corts Catalanes, 595", "categoria_arbrat": "EXEMPLAR", "emission_weight": 1.0, "source": "ajuntament-arbrat-viari"}}, {"type": "Feature", "geometry": {"type": "Point", "coordinates": [2.158457, 41.395789]}, "properties": {"codi": "0096319AR", "species": "Platanus \u00d7 acerifolia", "address": "C\\ C\u00f2rsega, 306", "categoria_arbrat": "TERCERA", "emission_weight": 0.45, "source": "ajuntament-arbrat-viari"}}, {"type": "Feature", "geometry": {"type": "Point", "coordinates": [2.16759, 41.389011]}, "properties": {"codi": "0096325AR", "species": "Platanus \u00d7 acerifolia", "address": "G.V. Corts Catalanes, 609", "categoria_arbrat": "EXEMPLAR", "emission_weight": 1.0, "source": "ajuntament-arbrat-viari"}}, {"type": "Feature", "geometry": {"type": "Point", "coordinates": [2.166652, 41.394717]}, "properties": {"codi": "0096327AR", "species": "Platanus \u00d7 acerifolia", "address": "C\\ Roger de Ll\u00faria, 81", "categoria_arbrat": "SEGONA", "emission_weight": 0.65, "source": "ajuntament-arbrat-viari"}}, {"type": "Feature", "geometry": {"type": "Point", "coordinates": [2.169077, 41.386842]}, "properties": {"codi": "0096328AR", "species": "Platanus \u00d7 acerifolia", "address": "Pl Catalunya, 5", "categoria_arbrat": "SEGONA", "emission_weight": 0.65, "source": "ajuntament-arbrat-viari"}}, {"type": "Feature", "geometry": {"type": "Point", "coordinates": [2.166311, 41.387743]}, "properties": {"codi": "0096334AR", "species": "Platanus \u00d7 acerifolia", "address": "G.V. Corts Catalanes, 612", "categoria_arbrat": "SEGONA", "emission_weight": 0.65, "source": "ajuntament-arbrat-viari"}}, {"type": "Feature", "geometry": {"type": "Point", "coordinates": [2.165533, 41.391931]}, "properties": {"codi": "0096337AR", "species": "Platanus \u00d7 acerifolia", "address": "Pg Gr\u00e0cia, 50", "categoria_arbrat": "EXEMPLAR", "emission_weight": 1.0, "source": "ajuntament-arbrat-viari"}}, {"type": "Feature", "geometry": {"type": "Point", "coordinates": [2.167063, 41.392192]}, "properties": {"codi": "0096344AR", "species": "Platanus \u00d7 acerifolia", "address": "C\\ Consell de Cent, 361", "categoria_arbrat": "EXEMPLAR", "emission_weight": 1.0, "source": "ajuntament-arbrat-viari"}}, {"type": "Feature", "geometry": {"type": "Point", "coordinates": [2.161854, 41.393378]}, "properties": {"codi": "0096351AR", "species": "Platanus \u00d7 acerifolia", "address": "C\\ Mallorca, 255", "categoria_arbrat": "EXEMPLAR", "emission_weight": 1.0, "source": "ajuntament-arbrat-viari"}}, {"type": "Feature", "geometry": {"type": "Point", "coordinates": [2.167422, 41.390263]}, "properties": {"codi": "0096352AR", "species": "Platanus \u00d7 acerifolia", "address": "Pg Gr\u00e0cia, 28", "categoria_arbrat": "PRIMERA", "emission_weight": 0.85, "source": "ajuntament-arbrat-viari"}}, {"type": "Feature", "geometry": {"type": "Point", "coordinates": [2.169362, 41.388432]}, "properties": {"codi": "0096356AR", "species": "Platanus \u00d7 acerifolia", "address": "Pg Gr\u00e0cia, 5", "categoria_arbrat": "SEGONA", "emission_weight": 0.65, "source": "ajuntament-arbrat-viari"}}, {"type": "Feature", "geometry": {"type": "Point", "coordinates": [2.168683, 41.388975]}, "properties": {"codi": "0096361AR", "species": "Platanus \u00d7 acerifolia", "address": "Pg Gr\u00e0cia, 11", "categoria_arbrat": "SEGONA", "emission_weight": 0.65, "source": "ajuntament-arbrat-viari"}}, {"type": "Feature", "geometry": {"type": "Point", "coordinates": [2.169204, 41.39032]}, "properties": {"codi": "0096364AR", "species": "Platanus \u00d7 acerifolia", "address": "G.V. Corts Catalanes, 617", "categoria_arbrat": "SEGONA", "emission_weight": 0.65, "source": "ajuntament-arbrat-viari"}}, {"type": "Feature", "geometry": {"type": "Point", "coordinates": [2.169097, 41.393013]}, "properties": {"codi": "0096367AR", "species": "Platanus \u00d7 acerifolia", "address": "C\\ Roger de Ll\u00faria, 56", "categoria_arbrat": "SEGONA", "emission_weight": 0.65, "source": "ajuntament-arbrat-viari"}}, {"type": "Feature", "geometry": {"type": "Point", "coordinates": [2.163824, 41.392772]}, "properties": {"codi": "0096369AR", "species": "Platanus \u00d7 acerifolia", "address": "Pg Gr\u00e0cia, 59", "categoria_arbrat": "EXEMPLAR", "emission_weight": 1.0, "source": "ajuntament-arbrat-viari"}}, {"type": "Feature", "geometry": {"type": "Point", "coordinates": [2.161871, 41.394737]}, "properties": {"codi": "0096374AR", "species": "Platanus \u00d7 acerifolia", "address": "Pg Gr\u00e0cia, 90", "categoria_arbrat": "EXEMPLAR", "emission_weight": 1.0, "source": "ajuntament-arbrat-viari"}}, {"type": "Feature", "geometry": {"type": "Point", "coordinates": [2.1626, 41.394149]}, "properties": {"codi": "0096377AR", "species": "Platanus \u00d7 acerifolia", "address": "Pg Gr\u00e0cia, 82", "categoria_arbrat": "EXEMPLAR", "emission_weight": 1.0, "source": "ajuntament-arbrat-viari"}}, {"type": "Feature", "geometry": {"type": "Point", "coordinates": [2.169111, 41.386601]}, "properties": {"codi": "0096386AR", "species": "Platanus \u00d7 acerifolia", "address": "Pl Catalunya, 5", "categoria_arbrat": "EXEMPLAR", "emission_weight": 1.0, "source": "ajuntament-arbrat-viari"}}, {"type": "Feature", "geometry": {"type": "Point", "coordinates": [2.15969, 41.393303]}, "properties": {"codi": "0096393AR", "species": "Platanus \u00d7 acerifolia", "address": "C\\ Proven\u00e7a, 268", "categoria_arbrat": "SEGONA", "emission_weight": 0.65, "source": "ajuntament-arbrat-viari"}}, {"type": "Feature", "geometry": {"type": "Point", "coordinates": [2.167638, 41.390078]}, "properties": {"codi": "0096397AR", "species": "Platanus \u00d7 acerifolia", "address": "Pg Gr\u00e0cia, 24", "categoria_arbrat": "SEGONA", "emission_weight": 0.65, "source": "ajuntament-arbrat-viari"}}, {"type": "Feature", "geometry": {"type": "Point", "coordinates": [2.165627, 41.387639]}, "properties": {"codi": "0096399AR", "species": "Platanus \u00d7 acerifolia", "address": "G.V. Corts Catalanes, 587", "categoria_arbrat": "EXEMPLAR", "emission_weight": 1.0, "source": "ajuntament-arbrat-viari"}}, {"type": "Feature", "geometry": {"type": "Point", "coordinates": [2.155077, 41.39533]}, "properties": {"codi": "0096403AR", "species": "Platanus \u00d7 acerifolia", "address": "Av Diagonal, 407", "categoria_arbrat": "EXEMPLAR", "emission_weight": 1.0, "source": "ajuntament-arbrat-viari"}}, {"type": "Feature", "geometry": {"type": "Point", "coordinates": [2.163185, 41.38927]}, "properties": {"codi": "0096406AR", "species": "Platanus \u00d7 acerifolia", "address": "C\\ Consell de Cent, 313", "categoria_arbrat": "EXEMPLAR", "emission_weight": 1.0, "source": "ajuntament-arbrat-viari"}}, {"type": "Feature", "geometry": {"type": "Point", "coordinates": [2.166173, 41.387639]}, "properties": {"codi": "0096407AR", "species": "Platanus \u00d7 acerifolia", "address": "G.V. Corts Catalanes, 612", "categoria_arbrat": "EXEMPLAR", "emission_weight": 1.0, "source": "ajuntament-arbrat-viari"}}, {"type": "Feature", "geometry": {"type": "Point", "coordinates": [2.16411, 41.392936]}, "properties": {"codi": "0096410AR", "species": "Platanus \u00d7 acerifolia", "address": "Pg Gr\u00e0cia, 66", "categoria_arbrat": "PRIMERA", "emission_weight": 0.85, "source": "ajuntament-arbrat-viari"}}, {"type": "Feature", "geometry": {"type": "Point", "coordinates": [2.169996, 41.394185]}, "properties": {"codi": "0096414AR", "species": "Platanus \u00d7 acerifolia", "address": "C\\ Consell de Cent, 358", "categoria_arbrat": "EXEMPLAR", "emission_weight": 1.0, "source": "ajuntament-arbrat-viari"}}, {"type": "Feature", "geometry": {"type": "Point", "coordinates": [2.16632, 41.387843]}, "properties": {"codi": "0096418AR", "species": "Platanus \u00d7 acerifolia", "address": "G.V. Corts Catalanes, 616", "categoria_arbrat": "SEGONA", "emission_weight": 0.65, "source": "ajuntament-arbrat-viari"}}, {"type": "Feature", "geometry": {"type": "Point", "coordinates": [2.168811, 41.388733]}, "properties": {"codi": "0096425AR", "species": "Platanus \u00d7 acerifolia", "address": "Pg Gr\u00e0cia, 9", "categoria_arbrat": "EXEMPLAR", "emission_weight": 1.0, "source": "ajuntament-arbrat-viari"}}, {"type": "Feature", "geometry": {"type": "Point", "coordinates": [2.164518, 41.392099]}, "properties": {"codi": "0096428AR", "species": "Platanus \u00d7 acerifolia", "address": "C\\ Arag\u00f3, 263", "categoria_arbrat": "TERCERA", "emission_weight": 0.45, "source": "ajuntament-arbrat-viari"}}, {"type": "Feature", "geometry": {"type": "Point", "coordinates": [2.164629, 41.395469]}, "properties": {"codi": "0096446AR", "species": "Platanus \u00d7 acerifolia", "address": "C\\ Mallorca, 283", "categoria_arbrat": "EXEMPLAR", "emission_weight": 1.0, "source": "ajuntament-arbrat-viari"}}, {"type": "Feature", "geometry": {"type": "Point", "coordinates": [2.16335, 41.395652]}, "properties": {"codi": "0096448AR", "species": "Platanus \u00d7 acerifolia", "address": "C\\ Pau Claris, 176", "categoria_arbrat": "TERCERA", "emission_weight": 0.45, "source": "ajuntament-arbrat-viari"}}, {"type": "Feature", "geometry": {"type": "Point", "coordinates": [2.16919, 41.390217]}, "properties": {"codi": "0096449AR", "species": "Platanus \u00d7 acerifolia", "address": "G.V. Corts Catalanes, 617", "categoria_arbrat": "SEGONA", "emission_weight": 0.65, "source": "ajuntament-arbrat-viari"}}, {"type": "Feature", "geometry": {"type": "Point", "coordinates": [2.166693, 41.394835]}, "properties": {"codi": "0096458AR", "species": "Platanus \u00d7 acerifolia", "address": "C\\ Roger de Ll\u00faria, 80", "categoria_arbrat": "SEGONA", "emission_weight": 0.65, "source": "ajuntament-arbrat-viari"}}, {"type": "Feature", "geometry": {"type": "Point", "coordinates": [2.167607, 41.389711]}, "properties": {"codi": "0096463AR", "species": "Platanus \u00d7 acerifolia", "address": "Pg Gr\u00e0cia, 15", "categoria_arbrat": "SEGONA", "emission_weight": 0.65, "source": "ajuntament-arbrat-viari"}}, {"type": "Feature", "geometry": {"type": "Point", "coordinates": [2.164371, 41.395274]}, "properties": {"codi": "0096466AR", "species": "Platanus \u00d7 acerifolia", "address": "C\\ Mallorca, 279", "categoria_arbrat": "SEGONA", "emission_weight": 0.65, "source": "ajuntament-arbrat-viari"}}, {"type": "Feature", "geometry": {"type": "Point", "coordinates": [2.156934, 41.394785]}, "properties": {"codi": "0096467AR", "species": "Platanus \u00d7 acerifolia", "address": "C\\ C\u00f2rsega, 297", "categoria_arbrat": "TERCERA", "emission_weight": 0.45, "source": "ajuntament-arbrat-viari"}}, {"type": "Feature", "geometry": {"type": "Point", "coordinates": [2.169549, 41.390492]}, "properties": {"codi": "0096468AR", "species": "Platanus \u00d7 acerifolia", "address": "G.V. Corts Catalanes, 621", "categoria_arbrat": "SEGONA", "emission_weight": 0.65, "source": "ajuntament-arbrat-viari"}}, {"type": "Feature", "geometry": {"type": "Point", "coordinates": [2.164999, 41.395747]}, "properties": {"codi": "0096470AR", "species": "Platanus \u00d7 acerifolia", "address": "C\\ Mallorca, 283", "categoria_arbrat": "EXEMPLAR", "emission_weight": 1.0, "source": "ajuntament-arbrat-viari"}}, {"type": "Feature", "geometry": {"type": "Point", "coordinates": [2.164276, 41.392411]}, "properties": {"codi": "0096473AR", "species": "Platanus \u00d7 acerifolia", "address": "Pg Gr\u00e0cia, 51", "categoria_arbrat": "EXEMPLAR", "emission_weight": 1.0, "source": "ajuntament-arbrat-viari"}}, {"type": "Feature", "geometry": {"type": "Point", "coordinates": [2.167715, 41.39561]}, "properties": {"codi": "0096476AR", "species": "Platanus \u00d7 acerifolia", "address": "C\\ Bruc, 97", "categoria_arbrat": "EXEMPLAR", "emission_weight": 1.0, "source": "ajuntament-arbrat-viari"}}, {"type": "Feature", "geometry": {"type": "Point", "coordinates": [2.160235, 41.393859]}, "properties": {"codi": "0096477AR", "species": "Platanus \u00d7 acerifolia", "address": "C\\ Proven\u00e7a, 241", "categoria_arbrat": "EXEMPLAR", "emission_weight": 1.0, "source": "ajuntament-arbrat-viari"}}, {"type": "Feature", "geometry": {"type": "Point", "coordinates": [2.164683, 41.395507]}, "properties": {"codi": "0096485AR", "species": "Platanus \u00d7 acerifolia", "address": "C\\ Mallorca, 283", "categoria_arbrat": "EXEMPLAR", "emission_weight": 1.0, "source": "ajuntament-arbrat-viari"}}, {"type": "Feature", "geometry": {"type": "Point", "coordinates": [2.161197, 41.392556]}, "properties": {"codi": "0096488AR", "species": "Platanus \u00d7 acerifolia", "address": "C\\ Mallorca, 238", "categoria_arbrat": "EXEMPLAR", "emission_weight": 1.0, "source": "ajuntament-arbrat-viari"}}, {"type": "Feature", "geometry": {"type": "Point", "coordinates": [2.163025, 41.393952]}, "properties": {"codi": "0096489AR", "species": "Platanus \u00d7 acerifolia", "address": "Pg Gr\u00e0cia, 80", "categoria_arbrat": "EXEMPLAR", "emission_weight": 1.0, "source": "ajuntament-arbrat-viari"}}, {"type": "Feature", "geometry": {"type": "Point", "coordinates": [2.166352, 41.391658]}, "properties": {"codi": "0096510AR", "species": "Platanus \u00d7 acerifolia", "address": "C\\ Consell de Cent, 353", "categoria_arbrat": "TERCERA", "emission_weight": 0.45, "source": "ajuntament-arbrat-viari"}}, {"type": "Feature", "geometry": {"type": "Point", "coordinates": [2.169699, 41.390602]}, "properties": {"codi": "0096513AR", "species": "Platanus \u00d7 acerifolia", "address": "G.V. Corts Catalanes, 621", "categoria_arbrat": "SEGONA", "emission_weight": 0.65, "source": "ajuntament-arbrat-viari"}}, {"type": "Feature", "geometry": {"type": "Point", "coordinates": [2.162442, 41.394275]}, "properties": {"codi": "0096525AR", "species": "Platanus \u00d7 acerifolia", "address": "Pg Gr\u00e0cia, 82", "categoria_arbrat": "PRIMERA", "emission_weight": 0.85, "source": "ajuntament-arbrat-viari"}}, {"type": "Feature", "geometry": {"type": "Point", "coordinates": [2.169343, 41.390428]}, "properties": {"codi": "0096526AR", "species": "Platanus \u00d7 acerifolia", "address": "G.V. Corts Catalanes, 619", "categoria_arbrat": "SEGONA", "emission_weight": 0.65, "source": "ajuntament-arbrat-viari"}}, {"type": "Feature", "geometry": {"type": "Point", "coordinates": [2.163187, 41.39328]}, "properties": {"codi": "0096528AR", "species": "Platanus \u00d7 acerifolia", "address": "Pg Gr\u00e0cia, 65", "categoria_arbrat": "EXEMPLAR", "emission_weight": 1.0, "source": "ajuntament-arbrat-viari"}}, {"type": "Feature", "geometry": {"type": "Point", "coordinates": [2.166172, 41.390872]}, "properties": {"codi": "0096533AR", "species": "Platanus \u00d7 acerifolia", "address": "Pg Gr\u00e0cia, 29", "categoria_arbrat": "EXEMPLAR", "emission_weight": 1.0, "source": "ajuntament-arbrat-viari"}}, {"type": "Feature", "geometry": {"type": "Point", "coordinates": [2.167517, 41.388965]}, "properties": {"codi": "0096537AR", "species": "Platanus \u00d7 acerifolia", "address": "G.V. Corts Catalanes, 605", "categoria_arbrat": "PRIMERA", "emission_weight": 0.85, "source": "ajuntament-arbrat-viari"}}, {"type": "Feature", "geometry": {"type": "Point", "coordinates": [2.161934, 41.394683]}, "properties": {"codi": "0096541AR", "species": "Platanus \u00d7 acerifolia", "address": "Pg Gr\u00e0cia, 88", "categoria_arbrat": "SEGONA", "emission_weight": 0.65, "source": "ajuntament-arbrat-viari"}}, {"type": "Feature", "geometry": {"type": "Point", "coordinates": [2.162225, 41.394598]}, "properties": {"codi": "0096543AR", "species": "Platanus \u00d7 acerifolia", "address": "Pg Gr\u00e0cia, 86", "categoria_arbrat": "EXEMPLAR", "emission_weight": 1.0, "source": "ajuntament-arbrat-viari"}}, {"type": "Feature", "geometry": {"type": "Point", "coordinates": [2.167511, 41.394342]}, "properties": {"codi": "0096549AR", "species": "Platanus \u00d7 acerifolia", "address": "C\\ Arag\u00f3, 297", "categoria_arbrat": "EXEMPLAR", "emission_weight": 1.0, "source": "ajuntament-arbrat-viari"}}, {"type": "Feature", "geometry": {"type": "Point", "coordinates": [2.169513, 41.386344]}, "properties": {"codi": "0096553AR", "species": "Platanus \u00d7 acerifolia", "address": "Pl Catalunya, 1", "categoria_arbrat": "PRIMERA", "emission_weight": 0.85, "source": "ajuntament-arbrat-viari"}}, {"type": "Feature", "geometry": {"type": "Point", "coordinates": [2.16773, 41.388902]}, "properties": {"codi": "0096555AR", "species": "Platanus \u00d7 acerifolia", "address": "G.V. Corts Catalanes, 632", "categoria_arbrat": "EXEMPLAR", "emission_weight": 1.0, "source": "ajuntament-arbrat-viari"}}, {"type": "Feature", "geometry": {"type": "Point", "coordinates": [2.166613, 41.391854]}, "properties": {"codi": "0096558AR", "species": "Platanus \u00d7 acerifolia", "address": "C\\ Consell de Cent, 357", "categoria_arbrat": "SEGONA", "emission_weight": 0.65, "source": "ajuntament-arbrat-viari"}}, {"type": "Feature", "geometry": {"type": "Point", "coordinates": [2.169605, 41.386045]}, "properties": {"codi": "0096559AR", "species": "Platanus \u00d7 acerifolia", "address": "Pl Catalunya, 1", "categoria_arbrat": "EXEMPLAR", "emission_weight": 1.0, "source": "ajuntament-arbrat-viari"}}, {"type": "Feature", "geometry": {"type": "Point", "coordinates": [2.166341, 41.39088]}, "properties": {"codi": "0096561AR", "species": "Platanus \u00d7 acerifolia", "address": "Pg Gr\u00e0cia, 29", "categoria_arbrat": "SEGONA", "emission_weight": 0.65, "source": "ajuntament-arbrat-viari"}}, {"type": "Feature", "geometry": {"type": "Point", "coordinates": [2.164585, 41.390045]}, "properties": {"codi": "0096565AR", "species": "Platanus \u00d7 acerifolia", "address": "C\\ Consell de Cent, 296", "categoria_arbrat": "EXEMPLAR", "emission_weight": 1.0, "source": "ajuntament-arbrat-viari"}}, {"type": "Feature", "geometry": {"type": "Point", "coordinates": [2.169414, 41.394479]}, "properties": {"codi": "0096579AR", "species": "Platanus \u00d7 acerifolia", "address": "C\\ Bruc, 88", "categoria_arbrat": "SEGONA", "emission_weight": 0.65, "source": "ajuntament-arbrat-viari"}}, {"type": "Feature", "geometry": {"type": "Point", "coordinates": [2.166434, 41.391059]}, "properties": {"codi": "0096581AR", "species": "Platanus \u00d7 acerifolia", "address": "Pg Gr\u00e0cia, 38", "categoria_arbrat": "SEGONA", "emission_weight": 0.65, "source": "ajuntament-arbrat-viari"}}, {"type": "Feature", "geometry": {"type": "Point", "coordinates": [2.166716, 41.390314]}, "properties": {"codi": "0096591AR", "species": "Platanus \u00d7 acerifolia", "address": "Pg Gr\u00e0cia, 21", "categoria_arbrat": "TERCERA", "emission_weight": 0.45, "source": "ajuntament-arbrat-viari"}}, {"type": "Feature", "geometry": {"type": "Point", "coordinates": [2.161159, 41.39297]}, "properties": {"codi": "0096593AR", "species": "Platanus \u00d7 acerifolia", "address": "C\\ Mallorca, 249", "categoria_arbrat": "SEGONA", "emission_weight": 0.65, "source": "ajuntament-arbrat-viari"}}, {"type": "Feature", "geometry": {"type": "Point", "coordinates": [2.157622, 41.395966]}, "properties": {"codi": "0096599AR", "species": "Platanus \u00d7 acerifolia", "address": "Av Diagonal, 393", "categoria_arbrat": "EXEMPLAR", "emission_weight": 1.0, "source": "ajuntament-arbrat-viari"}}, {"type": "Feature", "geometry": {"type": "Point", "coordinates": [2.169185, 41.386719]}, "properties": {"codi": "0096602AR", "species": "Platanus \u00d7 acerifolia", "address": "Pl Catalunya, 5", "categoria_arbrat": "SEGONA", "emission_weight": 0.65, "source": "ajuntament-arbrat-viari"}}, {"type": "Feature", "geometry": {"type": "Point", "coordinates": [2.16993, 41.390872]}, "properties": {"codi": "0096608AR", "species": "Platanus \u00d7 acerifolia", "address": "G.V. Corts Catalanes, 623", "categoria_arbrat": "TERCERA", "emission_weight": 0.45, "source": "ajuntament-arbrat-viari"}}, {"type": "Feature", "geometry": {"type": "Point", "coordinates": [2.16135, 41.394903]}, "properties": {"codi": "0096609AR", "species": "Platanus \u00d7 acerifolia", "address": "Pg Gr\u00e0cia, 89", "categoria_arbrat": "SEGONA", "emission_weight": 0.65, "source": "ajuntament-arbrat-viari"}}, {"type": "Feature", "geometry": {"type": "Point", "coordinates": [2.158425, 41.395945]}, "properties": {"codi": "0096610AR", "species": "Platanus \u00d7 acerifolia", "address": "C\\ C\u00f2rsega, 319", "categoria_arbrat": "TERCERA", "emission_weight": 0.45, "source": "ajuntament-arbrat-viari"}}, {"type": "Feature", "geometry": {"type": "Point", "coordinates": [2.162525, 41.392172]}, "properties": {"codi": "0096622AR", "species": "Platanus \u00d7 acerifolia", "address": "C\\ Val\u00e8ncia, 239", "categoria_arbrat": "EXEMPLAR", "emission_weight": 1.0, "source": "ajuntament-arbrat-viari"}}, {"type": "Feature", "geometry": {"type": "Point", "coordinates": [2.168549, 41.389834]}, "properties": {"codi": "0096629AR", "species": "Platanus \u00d7 acerifolia", "address": "G.V. Corts Catalanes, 611", "categoria_arbrat": "SEGONA", "emission_weight": 0.65, "source": "ajuntament-arbrat-viari"}}, {"type": "Feature", "geometry": {"type": "Point", "coordinates": [2.162685, 41.39369]}, "properties": {"codi": "0096635AR", "species": "Platanus \u00d7 acerifolia", "address": "Pg Gr\u00e0cia, 73", "categoria_arbrat": "EXEMPLAR", "emission_weight": 1.0, "source": "ajuntament-arbrat-viari"}}, {"type": "Feature", "geometry": {"type": "Point", "coordinates": [2.160669, 41.390922]}, "properties": {"codi": "0096649AR", "species": "Platanus \u00d7 acerifolia", "address": "C\\ Balmes, 82", "categoria_arbrat": "EXEMPLAR", "emission_weight": 1.0, "source": "ajuntament-arbrat-viari"}}, {"type": "Feature", "geometry": {"type": "Point", "coordinates": [2.169869, 41.388021]}, "properties": {"codi": "0096661AR", "species": "Platanus \u00d7 acerifolia", "address": "Pg Gr\u00e0cia, 1", "categoria_arbrat": "EXEMPLAR", "emission_weight": 1.0, "source": "ajuntament-arbrat-viari"}}, {"type": "Feature", "geometry": {"type": "Point", "coordinates": [2.169685, 41.390282]}, "properties": {"codi": "0096666AR", "species": "Platanus \u00d7 acerifolia", "address": "G.V. Corts Catalanes, 646", "categoria_arbrat": "SEGONA", "emission_weight": 0.65, "source": "ajuntament-arbrat-viari"}}, {"type": "Feature", "geometry": {"type": "Point", "coordinates": [2.168903, 41.393024]}, "properties": {"codi": "0096670AR", "species": "Platanus \u00d7 acerifolia", "address": "C\\ Roger de Ll\u00faria, 49", "categoria_arbrat": "SEGONA", "emission_weight": 0.65, "source": "ajuntament-arbrat-viari"}}, {"type": "Feature", "geometry": {"type": "Point", "coordinates": [2.166894, 41.394535]}, "properties": {"codi": "0096677AR", "species": "Platanus \u00d7 acerifolia", "address": "C\\ Roger de Ll\u00faria, 77", "categoria_arbrat": "TERCERA", "emission_weight": 0.45, "source": "ajuntament-arbrat-viari"}}, {"type": "Feature", "geometry": {"type": "Point", "coordinates": [2.157962, 41.395355]}, "properties": {"codi": "0096683AR", "species": "Platanus \u00d7 acerifolia", "address": "C\\ C\u00f2rsega, 296", "categoria_arbrat": "SEGONA", "emission_weight": 0.65, "source": "ajuntament-arbrat-viari"}}, {"type": "Feature", "geometry": {"type": "Point", "coordinates": [2.160854, 41.392747]}, "properties": {"codi": "0096685AR", "species": "Platanus \u00d7 acerifolia", "address": "C\\ Mallorca, 247", "categoria_arbrat": "EXEMPLAR", "emission_weight": 1.0, "source": "ajuntament-arbrat-viari"}}, {"type": "Feature", "geometry": {"type": "Point", "coordinates": [2.164398, 41.386401]}, "properties": {"codi": "0096690AR", "species": "Platanus \u00d7 acerifolia", "address": "G.V. Corts Catalanes, 592", "categoria_arbrat": "SEGONA", "emission_weight": 0.65, "source": "ajuntament-arbrat-viari"}}, {"type": "Feature", "geometry": {"type": "Point", "coordinates": [2.162366, 41.393945]}, "properties": {"codi": "0096700AR", "species": "Platanus \u00d7 acerifolia", "address": "Pg Gr\u00e0cia, 75", "categoria_arbrat": "TERCERA", "emission_weight": 0.45, "source": "ajuntament-arbrat-viari"}}, {"type": "Feature", "geometry": {"type": "Point", "coordinates": [2.161461, 41.395218]}, "properties": {"codi": "0096703AR", "species": "Platanus \u00d7 acerifolia", "address": "Pg Gr\u00e0cia, 92", "categoria_arbrat": "SEGONA", "emission_weight": 0.65, "source": "ajuntament-arbrat-viari"}}, {"type": "Feature", "geometry": {"type": "Point", "coordinates": [2.157288, 41.395812]}, "properties": {"codi": "0096711AR", "species": "Platanus \u00d7 acerifolia", "address": "Av Diagonal, 395", "categoria_arbrat": "TERCERA", "emission_weight": 0.45, "source": "ajuntament-arbrat-viari"}}, {"type": "Feature", "geometry": {"type": "Point", "coordinates": [2.160958, 41.392554]}, "properties": {"codi": "0096723AR", "species": "Platanus \u00d7 acerifolia", "address": "C\\ Mallorca, 238", "categoria_arbrat": "EXEMPLAR", "emission_weight": 1.0, "source": "ajuntament-arbrat-viari"}}, {"type": "Feature", "geometry": {"type": "Point", "coordinates": [2.166613, 41.395028]}, "properties": {"codi": "0096725AR", "species": "Platanus \u00d7 acerifolia", "address": "C\\ Val\u00e8ncia, 312", "categoria_arbrat": "SEGONA", "emission_weight": 0.65, "source": "ajuntament-arbrat-viari"}}, {"type": "Feature", "geometry": {"type": "Point", "coordinates": [2.163118, 41.394331]}, "properties": {"codi": "0096730AR", "species": "Platanus \u00d7 acerifolia", "address": "C\\ Mallorca, 265", "categoria_arbrat": "EXEMPLAR", "emission_weight": 1.0, "source": "ajuntament-arbrat-viari"}}, {"type": "Feature", "geometry": {"type": "Point", "coordinates": [2.160372, 41.393963]}, "properties": {"codi": "0096731AR", "species": "Platanus \u00d7 acerifolia", "address": "C\\ Proven\u00e7a, 243", "categoria_arbrat": "EXEMPLAR", "emission_weight": 1.0, "source": "ajuntament-arbrat-viari"}}, {"type": "Feature", "geometry": {"type": "Point", "coordinates": [2.161985, 41.394393]}, "properties": {"codi": "0096732AR", "species": "Platanus \u00d7 acerifolia", "address": "Pg Gr\u00e0cia, 83", "categoria_arbrat": "SEGONA", "emission_weight": 0.65, "source": "ajuntament-arbrat-viari"}}, {"type": "Feature", "geometry": {"type": "Point", "coordinates": [2.16197, 41.394806]}, "properties": {"codi": "0096733AR", "species": "Platanus \u00d7 acerifolia", "address": "Pg Gr\u00e0cia, 90", "categoria_arbrat": "SEGONA", "emission_weight": 0.65, "source": "ajuntament-arbrat-viari"}}, {"type": "Feature", "geometry": {"type": "Point", "coordinates": [2.163951, 41.392664]}, "properties": {"codi": "0096738AR", "species": "Platanus \u00d7 acerifolia", "address": "Pg Gr\u00e0cia, 55", "categoria_arbrat": "EXEMPLAR", "emission_weight": 1.0, "source": "ajuntament-arbrat-viari"}}, {"type": "Feature", "geometry": {"type": "Point", "coordinates": [2.165968, 41.391586]}, "properties": {"codi": "0096742AR", "species": "Platanus \u00d7 acerifolia", "address": "Pg Gr\u00e0cia, 44", "categoria_arbrat": "SEGONA", "emission_weight": 0.65, "source": "ajuntament-arbrat-viari"}}, {"type": "Feature", "geometry": {"type": "Point", "coordinates": [2.164537, 41.38608]}, "properties": {"codi": "0096748AR", "species": "Platanus \u00d7 acerifolia", "address": "Pl Universitat, 11", "categoria_arbrat": "SEGONA", "emission_weight": 0.65, "source": "ajuntament-arbrat-viari"}}, {"type": "Feature", "geometry": {"type": "Point", "coordinates": [2.169844, 41.388637]}, "properties": {"codi": "0096749AR", "species": "Platanus \u00d7 acerifolia", "address": "C\\ Casp, 2", "categoria_arbrat": "EXEMPLAR", "emission_weight": 1.0, "source": "ajuntament-arbrat-viari"}}, {"type": "Feature", "geometry": {"type": "Point", "coordinates": [2.162025, 41.390147]}, "properties": {"codi": "0096755AR", "species": "Platanus \u00d7 acerifolia", "address": "C\\ Arag\u00f3, 227", "categoria_arbrat": "PRIMERA", "emission_weight": 0.85, "source": "ajuntament-arbrat-viari"}}, {"type": "Feature", "geometry": {"type": "Point", "coordinates": [2.169347, 41.386344]}, "properties": {"codi": "0096756AR", "species": "Platanus \u00d7 acerifolia", "address": "Pl Catalunya, 1", "categoria_arbrat": "EXEMPLAR", "emission_weight": 1.0, "source": "ajuntament-arbrat-viari"}}, {"type": "Feature", "geometry": {"type": "Point", "coordinates": [2.166406, 41.391699]}, "properties": {"codi": "0096759AR", "species": "Platanus \u00d7 acerifolia", "address": "C\\ Consell de Cent, 353", "categoria_arbrat": "SEGONA", "emission_weight": 0.65, "source": "ajuntament-arbrat-viari"}}, {"type": "Feature", "geometry": {"type": "Point", "coordinates": [2.163752, 41.39337]}, "properties": {"codi": "0096761AR", "species": "Platanus \u00d7 acerifolia", "address": "Pg Gr\u00e0cia, 68", "categoria_arbrat": "EXEMPLAR", "emission_weight": 1.0, "source": "ajuntament-arbrat-viari"}}, {"type": "Feature", "geometry": {"type": "Point", "coordinates": [2.165274, 41.391991]}, "properties": {"codi": "0096762AR", "species": "Platanus \u00d7 acerifolia", "address": "Pg Gr\u00e0cia, 54", "categoria_arbrat": "EXEMPLAR", "emission_weight": 1.0, "source": "ajuntament-arbrat-viari"}}, {"type": "Feature", "geometry": {"type": "Point", "coordinates": [2.165058, 41.386895]}, "properties": {"codi": "0096766AR", "species": "Platanus \u00d7 acerifolia", "address": "G.V. Corts Catalanes, 602", "categoria_arbrat": "SEGONA", "emission_weight": 0.65, "source": "ajuntament-arbrat-viari"}}, {"type": "Feature", "geometry": {"type": "Point", "coordinates": [2.164536, 41.390459]}, "properties": {"codi": "0096770AR", "species": "Platanus \u00d7 acerifolia", "address": "C\\ Consell de Cent, 339", "categoria_arbrat": "TERCERA", "emission_weight": 0.45, "source": "ajuntament-arbrat-viari"}}, {"type": "Feature", "geometry": {"type": "Point", "coordinates": [2.160057, 41.392023]}, "properties": {"codi": "0096772AR", "species": "Platanus \u00d7 acerifolia", "address": "C\\ Mallorca, 237", "categoria_arbrat": "EXEMPLAR", "emission_weight": 1.0, "source": "ajuntament-arbrat-viari"}}, {"type": "Feature", "geometry": {"type": "Point", "coordinates": [2.168891, 41.38969]}, "properties": {"codi": "0096774AR", "species": "Platanus \u00d7 acerifolia", "address": "G.V. Corts Catalanes, 634", "categoria_arbrat": "SEGONA", "emission_weight": 0.65, "source": "ajuntament-arbrat-viari"}}, {"type": "Feature", "geometry": {"type": "Point", "coordinates": [2.169957, 41.392222]}, "properties": {"codi": "0096780AR", "species": "Platanus \u00d7 acerifolia", "address": "C\\ Roger de Ll\u00faria, 35", "categoria_arbrat": "SEGONA", "emission_weight": 0.65, "source": "ajuntament-arbrat-viari"}}, {"type": "Feature", "geometry": {"type": "Point", "coordinates": [2.165622, 41.391201]}, "properties": {"codi": "0096785AR", "species": "Platanus \u00d7 acerifolia", "address": "Pg Gr\u00e0cia, 35", "categoria_arbrat": "TERCERA", "emission_weight": 0.45, "source": "ajuntament-arbrat-viari"}}, {"type": "Feature", "geometry": {"type": "Point", "coordinates": [2.163765, 41.394669]}, "properties": {"codi": "0096786AR", "species": "Platanus \u00d7 acerifolia", "address": "C\\ Mallorca, 266", "categoria_arbrat": "SEGONA", "emission_weight": 0.65, "source": "ajuntament-arbrat-viari"}}, {"type": "Feature", "geometry": {"type": "Point", "coordinates": [2.169745, 41.388706]}, "properties": {"codi": "0096789AR", "species": "Platanus \u00d7 acerifolia", "address": "C\\ Casp, 1", "categoria_arbrat": "EXEMPLAR", "emission_weight": 1.0, "source": "ajuntament-arbrat-viari"}}, {"type": "Feature", "geometry": {"type": "Point", "coordinates": [2.161149, 41.395473]}, "properties": {"codi": "0096792AR", "species": "Platanus \u00d7 acerifolia", "address": "Pg Gr\u00e0cia, 98", "categoria_arbrat": "EXEMPLAR", "emission_weight": 1.0, "source": "ajuntament-arbrat-viari"}}, {"type": "Feature", "geometry": {"type": "Point", "coordinates": [2.157084, 41.394899]}, "properties": {"codi": "0096808AR", "species": "Platanus \u00d7 acerifolia", "address": "C\\ C\u00f2rsega, 301", "categoria_arbrat": "EXEMPLAR", "emission_weight": 1.0, "source": "ajuntament-arbrat-viari"}}, {"type": "Feature", "geometry": {"type": "Point", "coordinates": [2.162101, 41.394697]}, "properties": {"codi": "0096814AR", "species": "Platanus \u00d7 acerifolia", "address": "Pg Gr\u00e0cia, 88", "categoria_arbrat": "PRIMERA", "emission_weight": 0.85, "source": "ajuntament-arbrat-viari"}}, {"type": "Feature", "geometry": {"type": "Point", "coordinates": [2.165658, 41.391686]}, "properties": {"codi": "0096818AR", "species": "Platanus \u00d7 acerifolia", "address": "Pg Gr\u00e0cia, 46", "categoria_arbrat": "TERCERA", "emission_weight": 0.45, "source": "ajuntament-arbrat-viari"}}, {"type": "Feature", "geometry": {"type": "Point", "coordinates": [2.1682, 41.393549]}, "properties": {"codi": "0096829AR", "species": "Platanus \u00d7 acerifolia", "address": "C\\ Roger de Ll\u00faria, 53", "categoria_arbrat": "EXEMPLAR", "emission_weight": 1.0, "source": "ajuntament-arbrat-viari"}}, {"type": "Feature", "geometry": {"type": "Point", "coordinates": [2.167035, 41.390172]}, "properties": {"codi": "0096830AR", "species": "Platanus \u00d7 acerifolia", "address": "Pg Gr\u00e0cia, 19", "categoria_arbrat": "SEGONA", "emission_weight": 0.65, "source": "ajuntament-arbrat-viari"}}, {"type": "Feature", "geometry": {"type": "Point", "coordinates": [2.165223, 41.388947]}, "properties": {"codi": "0096837AR", "species": "Platanus \u00d7 acerifolia", "address": "C\\ Diputaci\u00f3, 250", "categoria_arbrat": "EXEMPLAR", "emission_weight": 1.0, "source": "ajuntament-arbrat-viari"}}, {"type": "Feature", "geometry": {"type": "Point", "coordinates": [2.168823, 41.389941]}, "properties": {"codi": "0096838AR", "species": "Platanus \u00d7 acerifolia", "address": "G.V. Corts Catalanes, 611", "categoria_arbrat": "PRIMERA", "emission_weight": 0.85, "source": "ajuntament-arbrat-viari"}}, {"type": "Feature", "geometry": {"type": "Point", "coordinates": [2.161539, 41.394613]}, "properties": {"codi": "0096843AR", "species": "Platanus \u00d7 acerifolia", "address": "C\\ Proven\u00e7a, 294", "categoria_arbrat": "EXEMPLAR", "emission_weight": 1.0, "source": "ajuntament-arbrat-viari"}}, {"type": "Feature", "geometry": {"type": "Point", "coordinates": [2.165703, 41.391019]}, "properties": {"codi": "0096844AR", "species": "Platanus \u00d7 acerifolia", "address": "C\\ Consell de Cent, 310", "categoria_arbrat": "EXEMPLAR", "emission_weight": 1.0, "source": "ajuntament-arbrat-viari"}}, {"type": "Feature", "geometry": {"type": "Point", "coordinates": [2.162741, 41.39576]}, "properties": {"codi": "0096855AR", "species": "Platanus \u00d7 acerifolia", "address": "C\\ Proven\u00e7a, 275", "categoria_arbrat": "EXEMPLAR", "emission_weight": 1.0, "source": "ajuntament-arbrat-viari"}}, {"type": "Feature", "geometry": {"type": "Point", "coordinates": [2.15526, 41.395375]}, "properties": {"codi": "0096879AR", "species": "Platanus \u00d7 acerifolia", "address": "Av Diagonal, 407", "categoria_arbrat": "EXEMPLAR", "emission_weight": 1.0, "source": "ajuntament-arbrat-viari"}}, {"type": "Feature", "geometry": {"type": "Point", "coordinates": [2.167632, 41.39024]}, "properties": {"codi": "0096884AR", "species": "Platanus \u00d7 acerifolia", "address": "Pg Gr\u00e0cia, 28", "categoria_arbrat": "SEGONA", "emission_weight": 0.65, "source": "ajuntament-arbrat-viari"}}, {"type": "Feature", "geometry": {"type": "Point", "coordinates": [2.16227, 41.394415]}, "properties": {"codi": "0096890AR", "species": "Platanus \u00d7 acerifolia", "address": "Pg Gr\u00e0cia, 84", "categoria_arbrat": "PRIMERA", "emission_weight": 0.85, "source": "ajuntament-arbrat-viari"}}, {"type": "Feature", "geometry": {"type": "Point", "coordinates": [2.162939, 41.393881]}, "properties": {"codi": "0096895AR", "species": "Platanus \u00d7 acerifolia", "address": "Pg Gr\u00e0cia, 80", "categoria_arbrat": "SEGONA", "emission_weight": 0.65, "source": "ajuntament-arbrat-viari"}}, {"type": "Feature", "geometry": {"type": "Point", "coordinates": [2.163532, 41.393141]}, "properties": {"codi": "0096896AR", "species": "Platanus \u00d7 acerifolia", "address": "Pg Gr\u00e0cia, 61", "categoria_arbrat": "PRIMERA", "emission_weight": 0.85, "source": "ajuntament-arbrat-viari"}}, {"type": "Feature", "geometry": {"type": "Point", "coordinates": [2.16649, 41.391615]}, "properties": {"codi": "0096899AR", "species": "Platanus \u00d7 acerifolia", "address": "C\\ Consell de Cent, 312", "categoria_arbrat": "SEGONA", "emission_weight": 0.65, "source": "ajuntament-arbrat-viari"}}, {"type": "Feature", "geometry": {"type": "Point", "coordinates": [2.168954, 41.38652]}, "properties": {"codi": "0096908AR", "species": "Platanus \u00d7 acerifolia", "address": "Pl Catalunya, 5", "categoria_arbrat": "EXEMPLAR", "emission_weight": 1.0, "source": "ajuntament-arbrat-viari"}}, {"type": "Feature", "geometry": {"type": "Point", "coordinates": [2.15787, 41.395485]}, "properties": {"codi": "0096911AR", "species": "Platanus \u00d7 acerifolia", "address": "C\\ C\u00f2rsega, 311", "categoria_arbrat": "EXEMPLAR", "emission_weight": 1.0, "source": "ajuntament-arbrat-viari"}}, {"type": "Feature", "geometry": {"type": "Point", "coordinates": [2.165445, 41.395628]}, "properties": {"codi": "0096916AR", "species": "Platanus \u00d7 acerifolia", "address": "C\\ Roger de Ll\u00faria, 99", "categoria_arbrat": "TERCERA", "emission_weight": 0.45, "source": "ajuntament-arbrat-viari"}}, {"type": "Feature", "geometry": {"type": "Point", "coordinates": [2.16913, 41.389029]}, "properties": {"codi": "0096917AR", "species": "Platanus \u00d7 acerifolia", "address": "Pg Gr\u00e0cia, 8", "categoria_arbrat": "SEGONA", "emission_weight": 0.65, "source": "ajuntament-arbrat-viari"}}, {"type": "Feature", "geometry": {"type": "Point", "coordinates": [2.169141, 41.394685]}, "properties": {"codi": "0096928AR", "species": "Platanus \u00d7 acerifolia", "address": "C\\ Bruc, 90", "categoria_arbrat": "SEGONA", "emission_weight": 0.65, "source": "ajuntament-arbrat-viari"}}, {"type": "Feature", "geometry": {"type": "Point", "coordinates": [2.166595, 41.390673]}, "properties": {"codi": "0096936AR", "species": "Platanus \u00d7 acerifolia", "address": "Pg Gr\u00e0cia, 23", "categoria_arbrat": "SEGONA", "emission_weight": 0.65, "source": "ajuntament-arbrat-viari"}}, {"type": "Feature", "geometry": {"type": "Point", "coordinates": [2.160842, 41.395571]}, "properties": {"codi": "0096941AR", "species": "Platanus \u00d7 acerifolia", "address": "Pg Gr\u00e0cia, 102", "categoria_arbrat": "SEGONA", "emission_weight": 0.65, "source": "ajuntament-arbrat-viari"}}, {"type": "Feature", "geometry": {"type": "Point", "coordinates": [2.160694, 41.395296]}, "properties": {"codi": "0096943AR", "species": "Platanus \u00d7 acerifolia", "address": "Pg Gr\u00e0cia, 97", "categoria_arbrat": "EXEMPLAR", "emission_weight": 1.0, "source": "ajuntament-arbrat-viari"}}, {"type": "Feature", "geometry": {"type": "Point", "coordinates": [2.168333, 41.395295]}, "properties": {"codi": "0096950AR", "species": "Platanus \u00d7 acerifolia", "address": "C\\ Bruc, 100", "categoria_arbrat": "SEGONA", "emission_weight": 0.65, "source": "ajuntament-arbrat-viari"}}, {"type": "Feature", "geometry": {"type": "Point", "coordinates": [2.161333, 41.394784]}, "properties": {"codi": "0096951AR", "species": "Platanus \u00d7 acerifolia", "address": "Pg Gr\u00e0cia, 89", "categoria_arbrat": "TERCERA", "emission_weight": 0.45, "source": "ajuntament-arbrat-viari"}}, {"type": "Feature", "geometry": {"type": "Point", "coordinates": [2.166974, 41.390227]}, "properties": {"codi": "0096956AR", "species": "Platanus \u00d7 acerifolia", "address": "Pg Gr\u00e0cia, 19", "categoria_arbrat": "EXEMPLAR", "emission_weight": 1.0, "source": "ajuntament-arbrat-viari"}}, {"type": "Feature", "geometry": {"type": "Point", "coordinates": [2.169625, 41.390549]}, "properties": {"codi": "0096968AR", "species": "Platanus \u00d7 acerifolia", "address": "G.V. Corts Catalanes, 621", "categoria_arbrat": "SEGONA", "emission_weight": 0.65, "source": "ajuntament-arbrat-viari"}}, {"type": "Feature", "geometry": {"type": "Point", "coordinates": [2.16795, 41.389986]}, "properties": {"codi": "0096972AR", "species": "Platanus \u00d7 acerifolia", "address": "Pg Gr\u00e0cia, 20", "categoria_arbrat": "EXEMPLAR", "emission_weight": 1.0, "source": "ajuntament-arbrat-viari"}}, {"type": "Feature", "geometry": {"type": "Point", "coordinates": [2.159155, 41.39304]}, "properties": {"codi": "0096979AR", "species": "Platanus \u00d7 acerifolia", "address": "C\\ Proven\u00e7a, 225", "categoria_arbrat": "TERCERA", "emission_weight": 0.45, "source": "ajuntament-arbrat-viari"}}, {"type": "Feature", "geometry": {"type": "Point", "coordinates": [2.164462, 41.386352]}, "properties": {"codi": "0096981AR", "species": "Platanus \u00d7 acerifolia", "address": "G.V. Corts Catalanes, 592", "categoria_arbrat": "SEGONA", "emission_weight": 0.65, "source": "ajuntament-arbrat-viari"}}, {"type": "Feature", "geometry": {"type": "Point", "coordinates": [2.168296, 41.391911]}, "properties": {"codi": "0096990AR", "species": "Platanus \u00d7 acerifolia", "address": "C\\ Pau Claris, 112", "categoria_arbrat": "SEGONA", "emission_weight": 0.65, "source": "ajuntament-arbrat-viari"}}, {"type": "Feature", "geometry": {"type": "Point", "coordinates": [2.162571, 41.391892]}, "properties": {"codi": "0096991AR", "species": "Platanus \u00d7 acerifolia", "address": "C\\ Val\u00e8ncia, 258", "categoria_arbrat": "TERCERA", "emission_weight": 0.45, "source": "ajuntament-arbrat-viari"}}, {"type": "Feature", "geometry": {"type": "Point", "coordinates": [2.163765, 41.393191]}, "properties": {"codi": "0096999AR", "species": "Platanus \u00d7 acerifolia", "address": "Pg Gr\u00e0cia, 68", "categoria_arbrat": "SEGONA", "emission_weight": 0.65, "source": "ajuntament-arbrat-viari"}}, {"type": "Feature", "geometry": {"type": "Point", "coordinates": [2.161597, 41.394565]}, "properties": {"codi": "0097007AR", "species": "Platanus \u00d7 acerifolia", "address": "Pg Gr\u00e0cia, 87", "categoria_arbrat": "PRIMERA", "emission_weight": 0.85, "source": "ajuntament-arbrat-viari"}}, {"type": "Feature", "geometry": {"type": "Point", "coordinates": [2.163891, 41.392721]}, "properties": {"codi": "0097008AR", "species": "Platanus \u00d7 acerifolia", "address": "Pg Gr\u00e0cia, 55", "categoria_arbrat": "EXEMPLAR", "emission_weight": 1.0, "source": "ajuntament-arbrat-viari"}}, {"type": "Feature", "geometry": {"type": "Point", "coordinates": [2.165758, 41.387328]}, "properties": {"codi": "0097010AR", "species": "Platanus \u00d7 acerifolia", "address": "G.V. Corts Catalanes, 608", "categoria_arbrat": "EXEMPLAR", "emission_weight": 1.0, "source": "ajuntament-arbrat-viari"}}, {"type": "Feature", "geometry": {"type": "Point", "coordinates": [2.164124, 41.389836]}, "properties": {"codi": "0097011AR", "species": "Platanus \u00d7 acerifolia", "address": "C\\ Consell de Cent, 294", "categoria_arbrat": "EXEMPLAR", "emission_weight": 1.0, "source": "ajuntament-arbrat-viari"}}, {"type": "Feature", "geometry": {"type": "Point", "coordinates": [2.167353, 41.390061]}, "properties": {"codi": "0097024AR", "species": "Platanus \u00d7 acerifolia", "address": "Pg Gr\u00e0cia, 19", "categoria_arbrat": "PRIMERA", "emission_weight": 0.85, "source": "ajuntament-arbrat-viari"}}, {"type": "Feature", "geometry": {"type": "Point", "coordinates": [2.165195, 41.386999]}, "properties": {"codi": "0097031AR", "species": "Platanus \u00d7 acerifolia", "address": "G.V. Corts Catalanes, 604", "categoria_arbrat": "EXEMPLAR", "emission_weight": 1.0, "source": "ajuntament-arbrat-viari"}}, {"type": "Feature", "geometry": {"type": "Point", "coordinates": [2.160959, 41.390704]}, "properties": {"codi": "0097055AR", "species": "Platanus \u00d7 acerifolia", "address": "C\\ Balmes, 78", "categoria_arbrat": "EXEMPLAR", "emission_weight": 1.0, "source": "ajuntament-arbrat-viari"}}, {"type": "Feature", "geometry": {"type": "Point", "coordinates": [2.168944, 41.394682]}, "properties": {"codi": "0097057AR", "species": "Platanus \u00d7 acerifolia", "address": "C\\ Bruc, 81", "categoria_arbrat": "EXEMPLAR", "emission_weight": 1.0, "source": "ajuntament-arbrat-viari"}}, {"type": "Feature", "geometry": {"type": "Point", "coordinates": [2.165349, 41.391539]}, "properties": {"codi": "0097058AR", "species": "Platanus \u00d7 acerifolia", "address": "Pg Gr\u00e0cia, 39", "categoria_arbrat": "EXEMPLAR", "emission_weight": 1.0, "source": "ajuntament-arbrat-viari"}}, {"type": "Feature", "geometry": {"type": "Point", "coordinates": [2.159085, 41.392988]}, "properties": {"codi": "0097069AR", "species": "Platanus \u00d7 acerifolia", "address": "C\\ Proven\u00e7a, 225", "categoria_arbrat": "SEGONA", "emission_weight": 0.65, "source": "ajuntament-arbrat-viari"}}, {"type": "Feature", "geometry": {"type": "Point", "coordinates": [2.166839, 41.394724]}, "properties": {"codi": "0097072AR", "species": "Platanus \u00d7 acerifolia", "address": "C\\ Roger de Ll\u00faria, 72", "categoria_arbrat": "SEGONA", "emission_weight": 0.65, "source": "ajuntament-arbrat-viari"}}, {"type": "Feature", "geometry": {"type": "Point", "coordinates": [2.161084, 41.392967]}, "properties": {"codi": "0097073AR", "species": "Platanus \u00d7 acerifolia", "address": "C\\ Mallorca, 249", "categoria_arbrat": "TERCERA", "emission_weight": 0.45, "source": "ajuntament-arbrat-viari"}}, {"type": "Feature", "geometry": {"type": "Point", "coordinates": [2.167974, 41.393866]}, "properties": {"codi": "0097082AR", "species": "Platanus \u00d7 acerifolia", "address": "C\\ Roger de Ll\u00faria, 64", "categoria_arbrat": "SEGONA", "emission_weight": 0.65, "source": "ajuntament-arbrat-viari"}}, {"type": "Feature", "geometry": {"type": "Point", "coordinates": [2.155453, 41.39542]}, "properties": {"codi": "0097097AR", "species": "Platanus \u00d7 acerifolia", "address": "Av Diagonal, 407", "categoria_arbrat": "EXEMPLAR", "emission_weight": 1.0, "source": "ajuntament-arbrat-viari"}}, {"type": "Feature", "geometry": {"type": "Point", "coordinates": [2.162032, 41.394756]}, "properties": {"codi": "0097110AR", "species": "Platanus \u00d7 acerifolia", "address": "Pg Gr\u00e0cia, 88", "categoria_arbrat": "EXEMPLAR", "emission_weight": 1.0, "source": "ajuntament-arbrat-viari"}}, {"type": "Feature", "geometry": {"type": "Point", "coordinates": [2.162301, 41.39357]}, "properties": {"codi": "0097116AR", "species": "Platanus \u00d7 acerifolia", "address": "C\\ Mallorca, 252", "categoria_arbrat": "SEGONA", "emission_weight": 0.65, "source": "ajuntament-arbrat-viari"}}, {"type": "Feature", "geometry": {"type": "Point", "coordinates": [2.164351, 41.388293]}, "properties": {"codi": "0097121AR", "species": "Platanus \u00d7 acerifolia", "address": "C\\ Diputaci\u00f3, 232", "categoria_arbrat": "EXEMPLAR", "emission_weight": 1.0, "source": "ajuntament-arbrat-viari"}}, {"type": "Feature", "geometry": {"type": "Point", "coordinates": [2.163436, 41.393623]}, "properties": {"codi": "0097125AR", "species": "Platanus \u00d7 acerifolia", "address": "Pg Gr\u00e0cia, 74", "categoria_arbrat": "EXEMPLAR", "emission_weight": 1.0, "source": "ajuntament-arbrat-viari"}}, {"type": "Feature", "geometry": {"type": "Point", "coordinates": [2.16001, 41.395983]}, "properties": {"codi": "0097127AR", "species": "Platanus \u00d7 acerifolia", "address": "Pg Gr\u00e0cia, 103", "categoria_arbrat": "SEGONA", "emission_weight": 0.65, "source": "ajuntament-arbrat-viari"}}, {"type": "Feature", "geometry": {"type": "Point", "coordinates": [2.165654, 41.391833]}, "properties": {"codi": "0097128AR", "species": "Platanus \u00d7 acerifolia", "address": "Pg Gr\u00e0cia, 48", "categoria_arbrat": "EXEMPLAR", "emission_weight": 1.0, "source": "ajuntament-arbrat-viari"}}, {"type": "Feature", "geometry": {"type": "Point", "coordinates": [2.164496, 41.386268]}, "properties": {"codi": "0097136AR", "species": "Platanus \u00d7 acerifolia", "address": "Pl Universitat, 12", "categoria_arbrat": "SEGONA", "emission_weight": 0.65, "source": "ajuntament-arbrat-viari"}}, {"type": "Feature", "geometry": {"type": "Point", "coordinates": [2.162211, 41.394461]}, "properties": {"codi": "0097139AR", "species": "Platanus \u00d7 acerifolia", "address": "Pg Gr\u00e0cia, 84", "categoria_arbrat": "SEGONA", "emission_weight": 0.65, "source": "ajuntament-arbrat-viari"}}, {"type": "Feature", "geometry": {"type": "Point", "coordinates": [2.165001, 41.395963]}, "properties": {"codi": "0097143AR", "species": "Platanus \u00d7 acerifolia", "address": "C\\ Roger de Ll\u00faria, 103", "categoria_arbrat": "EXEMPLAR", "emission_weight": 1.0, "source": "ajuntament-arbrat-viari"}}, {"type": "Feature", "geometry": {"type": "Point", "coordinates": [2.164019, 41.392612]}, "properties": {"codi": "0097151AR", "species": "Platanus \u00d7 acerifolia", "address": "Pg Gr\u00e0cia, 55", "categoria_arbrat": "SEGONA", "emission_weight": 0.65, "source": "ajuntament-arbrat-viari"}}, {"type": "Feature", "geometry": {"type": "Point", "coordinates": [2.166236, 41.394821]}, "properties": {"codi": "0097152AR", "species": "Platanus \u00d7 acerifolia", "address": "C\\ Val\u00e8ncia, 310", "categoria_arbrat": "TERCERA", "emission_weight": 0.45, "source": "ajuntament-arbrat-viari"}}, {"type": "Feature", "geometry": {"type": "Point", "coordinates": [2.162263, 41.394169]}, "properties": {"codi": "0097157AR", "species": "Platanus \u00d7 acerifolia", "address": "Pg Gr\u00e0cia, 79", "categoria_arbrat": "SEGONA", "emission_weight": 0.65, "source": "ajuntament-arbrat-viari"}}, {"type": "Feature", "geometry": {"type": "Point", "coordinates": [2.165453, 41.394378]}, "properties": {"codi": "0097161AR", "species": "Platanus \u00d7 acerifolia", "address": "C\\ Val\u00e8ncia, 271", "categoria_arbrat": "SEGONA", "emission_weight": 0.65, "source": "ajuntament-arbrat-viari"}}, {"type": "Feature", "geometry": {"type": "Point", "coordinates": [2.165047, 41.395636]}, "properties": {"codi": "0097169AR", "species": "Platanus \u00d7 acerifolia", "address": "C\\ Mallorca, 278", "categoria_arbrat": "EXEMPLAR", "emission_weight": 1.0, "source": "ajuntament-arbrat-viari"}}, {"type": "Feature", "geometry": {"type": "Point", "coordinates": [2.16944, 41.388782]}, "properties": {"codi": "0097171AR", "species": "Platanus \u00d7 acerifolia", "address": "Pg Gr\u00e0cia, 6", "categoria_arbrat": "SEGONA", "emission_weight": 0.65, "source": "ajuntament-arbrat-viari"}}, {"type": "Feature", "geometry": {"type": "Point", "coordinates": [2.1643, 41.390174]}, "properties": {"codi": "0097173AR", "species": "Platanus \u00d7 acerifolia", "address": "C\\ Consell de Cent, 337", "categoria_arbrat": "EXEMPLAR", "emission_weight": 1.0, "source": "ajuntament-arbrat-viari"}}, {"type": "Feature", "geometry": {"type": "Point", "coordinates": [2.169187, 41.388427]}, "properties": {"codi": "0097176AR", "species": "Platanus \u00d7 acerifolia", "address": "Pg Gr\u00e0cia, 5", "categoria_arbrat": "EXEMPLAR", "emission_weight": 1.0, "source": "ajuntament-arbrat-viari"}}, {"type": "Feature", "geometry": {"type": "Point", "coordinates": [2.16979, 41.388485]}, "properties": {"codi": "0097183AR", "species": "Platanus \u00d7 acerifolia", "address": "Pg Gr\u00e0cia, 2", "categoria_arbrat": "TERCERA", "emission_weight": 0.45, "source": "ajuntament-arbrat-viari"}}, {"type": "Feature", "geometry": {"type": "Point", "coordinates": [2.160891, 41.395135]}, "properties": {"codi": "0097184AR", "species": "Platanus \u00d7 acerifolia", "address": "Ptge Concepci\u00f3, 1", "categoria_arbrat": "EXEMPLAR", "emission_weight": 1.0, "source": "ajuntament-arbrat-viari"}}, {"type": "Feature", "geometry": {"type": "Point", "coordinates": [2.169477, 41.390437]}, "properties": {"codi": "0097188AR", "species": "Platanus \u00d7 acerifolia", "address": "G.V. Corts Catalanes, 619", "categoria_arbrat": "SEGONA", "emission_weight": 0.65, "source": "ajuntament-arbrat-viari"}}, {"type": "Feature", "geometry": {"type": "Point", "coordinates": [2.16125, 41.39463]}, "properties": {"codi": "0097194AR", "species": "Platanus \u00d7 acerifolia", "address": "C\\ Proven\u00e7a, 259", "categoria_arbrat": "EXEMPLAR", "emission_weight": 1.0, "source": "ajuntament-arbrat-viari"}}, {"type": "Feature", "geometry": {"type": "Point", "coordinates": [2.163816, 41.39291]}, "properties": {"codi": "0097195AR", "species": "Platanus \u00d7 acerifolia", "address": "Pg Gr\u00e0cia, 59", "categoria_arbrat": "EXEMPLAR", "emission_weight": 1.0, "source": "ajuntament-arbrat-viari"}}, {"type": "Feature", "geometry": {"type": "Point", "coordinates": [2.160621, 41.395493]}, "properties": {"codi": "0097204AR", "species": "Platanus \u00d7 acerifolia", "address": "Pg Gr\u00e0cia, 99", "categoria_arbrat": "TERCERA", "emission_weight": 0.45, "source": "ajuntament-arbrat-viari"}}, {"type": "Feature", "geometry": {"type": "Point", "coordinates": [2.167931, 41.3956]}, "properties": {"codi": "0097225AR", "species": "Platanus \u00d7 acerifolia", "address": "C\\ Bruc, 104", "categoria_arbrat": "SEGONA", "emission_weight": 0.65, "source": "ajuntament-arbrat-viari"}}, {"type": "Feature", "geometry": {"type": "Point", "coordinates": [2.164662, 41.386598]}, "properties": {"codi": "0097226AR", "species": "Platanus \u00d7 acerifolia", "address": "G.V. Corts Catalanes, 594", "categoria_arbrat": "SEGONA", "emission_weight": 0.65, "source": "ajuntament-arbrat-viari"}}, {"type": "Feature", "geometry": {"type": "Point", "coordinates": [2.161968, 41.39503]}, "properties": {"codi": "0097228AR", "species": "Platanus \u00d7 acerifolia", "address": "C\\ Proven\u00e7a, 296", "categoria_arbrat": "EXEMPLAR", "emission_weight": 1.0, "source": "ajuntament-arbrat-viari"}}, {"type": "Feature", "geometry": {"type": "Point", "coordinates": [2.166045, 41.391115]}, "properties": {"codi": "0097229AR", "species": "Platanus \u00d7 acerifolia", "address": "Pg Gr\u00e0cia, 33", "categoria_arbrat": "SEGONA", "emission_weight": 0.65, "source": "ajuntament-arbrat-viari"}}, {"type": "Feature", "geometry": {"type": "Point", "coordinates": [2.161404, 41.395119]}, "properties": {"codi": "0097231AR", "species": "Platanus \u00d7 acerifolia", "address": "Pg Gr\u00e0cia, 92", "categoria_arbrat": "SEGONA", "emission_weight": 0.65, "source": "ajuntament-arbrat-viari"}}, {"type": "Feature", "geometry": {"type": "Point", "coordinates": [2.158031, 41.395465]}, "properties": {"codi": "0097235AR", "species": "Platanus \u00d7 acerifolia", "address": "C\\ C\u00f2rsega, 296", "categoria_arbrat": "EXEMPLAR", "emission_weight": 1.0, "source": "ajuntament-arbrat-viari"}}, {"type": "Feature", "geometry": {"type": "Point", "coordinates": [2.168293, 41.393116]}, "properties": {"codi": "0097239AR", "species": "Platanus \u00d7 acerifolia", "address": "C\\ Consell de Cent, 369", "categoria_arbrat": "TERCERA", "emission_weight": 0.45, "source": "ajuntament-arbrat-viari"}}, {"type": "Feature", "geometry": {"type": "Point", "coordinates": [2.164488, 41.392372]}, "properties": {"codi": "0097249AR", "species": "Platanus \u00d7 acerifolia", "address": "Pg Gr\u00e0cia, 49", "categoria_arbrat": "TERCERA", "emission_weight": 0.45, "source": "ajuntament-arbrat-viari"}}, {"type": "Feature", "geometry": {"type": "Point", "coordinates": [2.16016, 41.395622]}, "properties": {"codi": "0097256AR", "species": "Platanus \u00d7 acerifolia", "address": "Pg Gr\u00e0cia, 101", "categoria_arbrat": "EXEMPLAR", "emission_weight": 1.0, "source": "ajuntament-arbrat-viari"}}, {"type": "Feature", "geometry": {"type": "Point", "coordinates": [2.165973, 41.389659]}, "properties": {"codi": "0097258AR", "species": "Platanus \u00d7 acerifolia", "address": "C\\ Diputaci\u00f3, 255", "categoria_arbrat": "SEGONA", "emission_weight": 0.65, "source": "ajuntament-arbrat-viari"}}, {"type": "Feature", "geometry": {"type": "Point", "coordinates": [2.16752, 41.389923]}, "properties": {"codi": "0097260AR", "species": "Platanus \u00d7 acerifolia", "address": "Pg Gr\u00e0cia, 17", "categoria_arbrat": "SEGONA", "emission_weight": 0.65, "source": "ajuntament-arbrat-viari"}}, {"type": "Feature", "geometry": {"type": "Point", "coordinates": [2.165293, 41.39159]}, "properties": {"codi": "0097271AR", "species": "Platanus \u00d7 acerifolia", "address": "Pg Gr\u00e0cia, 39", "categoria_arbrat": "EXEMPLAR", "emission_weight": 1.0, "source": "ajuntament-arbrat-viari"}}, {"type": "Feature", "geometry": {"type": "Point", "coordinates": [2.161758, 41.394579]}, "properties": {"codi": "0097275AR", "species": "Platanus \u00d7 acerifolia", "address": "Pg Gr\u00e0cia, 87", "categoria_arbrat": "PRIMERA", "emission_weight": 0.85, "source": "ajuntament-arbrat-viari"}}, {"type": "Feature", "geometry": {"type": "Point", "coordinates": [2.162874, 41.39368]}, "properties": {"codi": "0097277AR", "species": "Platanus \u00d7 acerifolia", "address": "Pg Gr\u00e0cia, 73", "categoria_arbrat": "SEGONA", "emission_weight": 0.65, "source": "ajuntament-arbrat-viari"}}, {"type": "Feature", "geometry": {"type": "Point", "coordinates": [2.166789, 41.395384]}, "properties": {"codi": "0097281AR", "species": "Platanus \u00d7 acerifolia", "address": "C\\ Val\u00e8ncia, 289", "categoria_arbrat": "SEGONA", "emission_weight": 0.65, "source": "ajuntament-arbrat-viari"}}, {"type": "Feature", "geometry": {"type": "Point", "coordinates": [2.164149, 41.392514]}, "properties": {"codi": "0097284AR", "species": "Platanus \u00d7 acerifolia", "address": "Pg Gr\u00e0cia, 53", "categoria_arbrat": "PRIMERA", "emission_weight": 0.85, "source": "ajuntament-arbrat-viari"}}, {"type": "Feature", "geometry": {"type": "Point", "coordinates": [2.166584, 41.391092]}, "properties": {"codi": "0097287AR", "species": "Platanus \u00d7 acerifolia", "address": "Pg Gr\u00e0cia, 38", "categoria_arbrat": "EXEMPLAR", "emission_weight": 1.0, "source": "ajuntament-arbrat-viari"}}, {"type": "Feature", "geometry": {"type": "Point", "coordinates": [2.166667, 41.391895]}, "properties": {"codi": "0097295AR", "species": "Platanus \u00d7 acerifolia", "address": "C\\ Consell de Cent, 357", "categoria_arbrat": "SEGONA", "emission_weight": 0.65, "source": "ajuntament-arbrat-viari"}}, {"type": "Feature", "geometry": {"type": "Point", "coordinates": [2.169997, 41.394042]}, "properties": {"codi": "0097299AR", "species": "Platanus \u00d7 acerifolia", "address": "C\\ Consell de Cent, 358", "categoria_arbrat": "EXEMPLAR", "emission_weight": 1.0, "source": "ajuntament-arbrat-viari"}}, {"type": "Feature", "geometry": {"type": "Point", "coordinates": [2.158741, 41.392727]}, "properties": {"codi": "0097301AR", "species": "Platanus \u00d7 acerifolia", "address": "C\\ Proven\u00e7a, 215", "categoria_arbrat": "EXEMPLAR", "emission_weight": 1.0, "source": "ajuntament-arbrat-viari"}}, {"type": "Feature", "geometry": {"type": "Point", "coordinates": [2.162614, 41.390587]}, "properties": {"codi": "0097307AR", "species": "Platanus \u00d7 acerifolia", "address": "C\\ Arag\u00f3, 241", "categoria_arbrat": "PRIMERA", "emission_weight": 0.85, "source": "ajuntament-arbrat-viari"}}, {"type": "Feature", "geometry": {"type": "Point", "coordinates": [2.162704, 41.39407]}, "properties": {"codi": "0097311AR", "species": "Platanus \u00d7 acerifolia", "address": "Pg Gr\u00e0cia, 82", "categoria_arbrat": "SEGONA", "emission_weight": 0.65, "source": "ajuntament-arbrat-viari"}}, {"type": "Feature", "geometry": {"type": "Point", "coordinates": [2.162044, 41.394204]}, "properties": {"codi": "0097315AR", "species": "Platanus \u00d7 acerifolia", "address": "Pg Gr\u00e0cia, 81", "categoria_arbrat": "PRIMERA", "emission_weight": 0.85, "source": "ajuntament-arbrat-viari"}}, {"type": "Feature", "geometry": {"type": "Point", "coordinates": [2.165418, 41.391489]}, "properties": {"codi": "0097318AR", "species": "Platanus \u00d7 acerifolia", "address": "Pg Gr\u00e0cia, 37", "categoria_arbrat": "EXEMPLAR", "emission_weight": 1.0, "source": "ajuntament-arbrat-viari"}}, {"type": "Feature", "geometry": {"type": "Point", "coordinates": [2.165757, 41.395538]}, "properties": {"codi": "0097330AR", "species": "Platanus \u00d7 acerifolia", "address": "C\\ Roger de Ll\u00faria, 96", "categoria_arbrat": "EXEMPLAR", "emission_weight": 1.0, "source": "ajuntament-arbrat-viari"}}, {"type": "Feature", "geometry": {"type": "Point", "coordinates": [2.167077, 41.390284]}, "properties": {"codi": "0097337AR", "species": "Platanus \u00d7 acerifolia", "address": "Pg Gr\u00e0cia, 19", "categoria_arbrat": "EXEMPLAR", "emission_weight": 1.0, "source": "ajuntament-arbrat-viari"}}, {"type": "Feature", "geometry": {"type": "Point", "coordinates": [2.156559, 41.394356]}, "properties": {"codi": "0097342AR", "species": "Platanus \u00d7 acerifolia", "address": "C\\ C\u00f2rsega, 272", "categoria_arbrat": "SEGONA", "emission_weight": 0.65, "source": "ajuntament-arbrat-viari"}}, {"type": "Feature", "geometry": {"type": "Point", "coordinates": [2.168393, 41.391837]}, "properties": {"codi": "0097347AR", "species": "Platanus \u00d7 acerifolia", "address": "C\\ Pau Claris, 112", "categoria_arbrat": "TERCERA", "emission_weight": 0.45, "source": "ajuntament-arbrat-viari"}}, {"type": "Feature", "geometry": {"type": "Point", "coordinates": [2.165616, 41.391448]}, "properties": {"codi": "0097348AR", "species": "Platanus \u00d7 acerifolia", "address": "Pg Gr\u00e0cia, 35", "categoria_arbrat": "PRIMERA", "emission_weight": 0.85, "source": "ajuntament-arbrat-viari"}}, {"type": "Feature", "geometry": {"type": "Point", "coordinates": [2.169259, 41.388774]}, "properties": {"codi": "0097354AR", "species": "Platanus \u00d7 acerifolia", "address": "Pg Gr\u00e0cia, 6", "categoria_arbrat": "SEGONA", "emission_weight": 0.65, "source": "ajuntament-arbrat-viari"}}, {"type": "Feature", "geometry": {"type": "Point", "coordinates": [2.169312, 41.388729]}, "properties": {"codi": "0097355AR", "species": "Platanus \u00d7 acerifolia", "address": "Pg Gr\u00e0cia, 6", "categoria_arbrat": "SEGONA", "emission_weight": 0.65, "source": "ajuntament-arbrat-viari"}}, {"type": "Feature", "geometry": {"type": "Point", "coordinates": [2.16918, 41.393782]}, "properties": {"codi": "0097357AR", "species": "Platanus \u00d7 acerifolia", "address": "C\\ Consell de Cent, 379", "categoria_arbrat": "SEGONA", "emission_weight": 0.65, "source": "ajuntament-arbrat-viari"}}, {"type": "Feature", "geometry": {"type": "Point", "coordinates": [2.166247, 41.390819]}, "properties": {"codi": "0097358AR", "species": "Platanus \u00d7 acerifolia", "address": "Pg Gr\u00e0cia, 29", "categoria_arbrat": "PRIMERA", "emission_weight": 0.85, "source": "ajuntament-arbrat-viari"}}, {"type": "Feature", "geometry": {"type": "Point", "coordinates": [2.166243, 41.391578]}, "properties": {"codi": "0097363AR", "species": "Platanus \u00d7 acerifolia", "address": "C\\ Consell de Cent, 353", "categoria_arbrat": "TERCERA", "emission_weight": 0.45, "source": "ajuntament-arbrat-viari"}}, {"type": "Feature", "geometry": {"type": "Point", "coordinates": [2.167418, 41.389862]}, "properties": {"codi": "0097366AR", "species": "Platanus \u00d7 acerifolia", "address": "Pg Gr\u00e0cia, 17", "categoria_arbrat": "PRIMERA", "emission_weight": 0.85, "source": "ajuntament-arbrat-viari"}}, {"type": "Feature", "geometry": {"type": "Point", "coordinates": [2.169136, 41.388606]}, "properties": {"codi": "0097367AR", "species": "Platanus \u00d7 acerifolia", "address": "Pg Gr\u00e0cia, 7", "categoria_arbrat": "SEGONA", "emission_weight": 0.65, "source": "ajuntament-arbrat-viari"}}, {"type": "Feature", "geometry": {"type": "Point", "coordinates": [2.167664, 41.389662]}, "properties": {"codi": "0097371AR", "species": "Platanus \u00d7 acerifolia", "address": "Pg Gr\u00e0cia, 13", "categoria_arbrat": "EXEMPLAR", "emission_weight": 1.0, "source": "ajuntament-arbrat-viari"}}, {"type": "Feature", "geometry": {"type": "Point", "coordinates": [2.160903, 41.395271]}, "properties": {"codi": "0097378AR", "species": "Platanus \u00d7 acerifolia", "address": "Pg Gr\u00e0cia, 95", "categoria_arbrat": "PRIMERA", "emission_weight": 0.85, "source": "ajuntament-arbrat-viari"}}, {"type": "Feature", "geometry": {"type": "Point", "coordinates": [2.160509, 41.395982]}, "properties": {"codi": "0097383AR", "species": "Platanus \u00d7 acerifolia", "address": "Pg Gr\u00e0cia, 104", "categoria_arbrat": "EXEMPLAR", "emission_weight": 1.0, "source": "ajuntament-arbrat-viari"}}, {"type": "Feature", "geometry": {"type": "Point", "coordinates": [2.157394, 41.395843]}, "properties": {"codi": "0097389AR", "species": "Platanus \u00d7 acerifolia", "address": "Av Diagonal, 393", "categoria_arbrat": "TERCERA", "emission_weight": 0.45, "source": "ajuntament-arbrat-viari"}}, {"type": "Feature", "geometry": {"type": "Point", "coordinates": [2.162615, 41.394289]}, "properties": {"codi": "0097394AR", "species": "Platanus \u00d7 acerifolia", "address": "Pg Gr\u00e0cia, 82", "categoria_arbrat": "SEGONA", "emission_weight": 0.65, "source": "ajuntament-arbrat-viari"}}, {"type": "Feature", "geometry": {"type": "Point", "coordinates": [2.167032, 41.39058]}, "properties": {"codi": "0097396AR", "species": "Platanus \u00d7 acerifolia", "address": "Pg Gr\u00e0cia, 32", "categoria_arbrat": "EXEMPLAR", "emission_weight": 1.0, "source": "ajuntament-arbrat-viari"}}, {"type": "Feature", "geometry": {"type": "Point", "coordinates": [2.160679, 41.395702]}, "properties": {"codi": "0097400AR", "species": "Platanus \u00d7 acerifolia", "address": "Pg Gr\u00e0cia, 102", "categoria_arbrat": "SEGONA", "emission_weight": 0.65, "source": "ajuntament-arbrat-viari"}}, {"type": "Feature", "geometry": {"type": "Point", "coordinates": [2.169371, 41.388282]}, "properties": {"codi": "0097414AR", "species": "Platanus \u00d7 acerifolia", "address": "Pg Gr\u00e0cia, 3", "categoria_arbrat": "SEGONA", "emission_weight": 0.65, "source": "ajuntament-arbrat-viari"}}, {"type": "Feature", "geometry": {"type": "Point", "coordinates": [2.163698, 41.393419]}, "properties": {"codi": "0097417AR", "species": "Platanus \u00d7 acerifolia", "address": "Pg Gr\u00e0cia, 68", "categoria_arbrat": "SEGONA", "emission_weight": 0.65, "source": "ajuntament-arbrat-viari"}}, {"type": "Feature", "geometry": {"type": "Point", "coordinates": [2.166857, 41.390464]}, "properties": {"codi": "0097421AR", "species": "Platanus \u00d7 acerifolia", "address": "Pg Gr\u00e0cia, 21", "categoria_arbrat": "EXEMPLAR", "emission_weight": 1.0, "source": "ajuntament-arbrat-viari"}}, {"type": "Feature", "geometry": {"type": "Point", "coordinates": [2.162071, 41.390182]}, "properties": {"codi": "0097425AR", "species": "Platanus \u00d7 acerifolia", "address": "C\\ Arag\u00f3, 229", "categoria_arbrat": "PRIMERA", "emission_weight": 0.85, "source": "ajuntament-arbrat-viari"}}, {"type": "Feature", "geometry": {"type": "Point", "coordinates": [2.165979, 41.387586]}, "properties": {"codi": "0097429AR", "species": "Platanus \u00d7 acerifolia", "address": "G.V. Corts Catalanes, 612", "categoria_arbrat": "PRIMERA", "emission_weight": 0.85, "source": "ajuntament-arbrat-viari"}}, {"type": "Feature", "geometry": {"type": "Point", "coordinates": [2.164859, 41.386747]}, "properties": {"codi": "0097430AR", "species": "Platanus \u00d7 acerifolia", "address": "G.V. Corts Catalanes, 598", "categoria_arbrat": "SEGONA", "emission_weight": 0.65, "source": "ajuntament-arbrat-viari"}}, {"type": "Feature", "geometry": {"type": "Point", "coordinates": [2.169164, 41.39452]}, "properties": {"codi": "0097436AR", "species": "Platanus \u00d7 acerifolia", "address": "C\\ Bruc, 77", "categoria_arbrat": "SEGONA", "emission_weight": 0.65, "source": "ajuntament-arbrat-viari"}}, {"type": "Feature", "geometry": {"type": "Point", "coordinates": [2.168745, 41.388787]}, "properties": {"codi": "0097443AR", "species": "Platanus \u00d7 acerifolia", "address": "Pg Gr\u00e0cia, 11", "categoria_arbrat": "EXEMPLAR", "emission_weight": 1.0, "source": "ajuntament-arbrat-viari"}}, {"type": "Feature", "geometry": {"type": "Point", "coordinates": [2.169533, 41.394247]}, "properties": {"codi": "0097448AR", "species": "Platanus \u00d7 acerifolia", "address": "C\\ Consell de Cent, 383", "categoria_arbrat": "EXEMPLAR", "emission_weight": 1.0, "source": "ajuntament-arbrat-viari"}}, {"type": "Feature", "geometry": {"type": "Point", "coordinates": [2.16211, 41.394156]}, "properties": {"codi": "0097454AR", "species": "Platanus \u00d7 acerifolia", "address": "Pg Gr\u00e0cia, 79", "categoria_arbrat": "EXEMPLAR", "emission_weight": 1.0, "source": "ajuntament-arbrat-viari"}}, {"type": "Feature", "geometry": {"type": "Point", "coordinates": [2.167746, 41.389742]}, "properties": {"codi": "0097461AR", "species": "Platanus \u00d7 acerifolia", "address": "Pg Gr\u00e0cia, 13", "categoria_arbrat": "SEGONA", "emission_weight": 0.65, "source": "ajuntament-arbrat-viari"}}, {"type": "Feature", "geometry": {"type": "Point", "coordinates": [2.162745, 41.395966]}, "properties": {"codi": "0097463AR", "species": "Platanus \u00d7 acerifolia", "address": "C\\ Proven\u00e7a, 275", "categoria_arbrat": "EXEMPLAR", "emission_weight": 1.0, "source": "ajuntament-arbrat-viari"}}, {"type": "Feature", "geometry": {"type": "Point", "coordinates": [2.157403, 41.395307]}, "properties": {"codi": "0097464AR", "species": "Platanus \u00d7 acerifolia", "address": "C\\ C\u00f2rsega, 309", "categoria_arbrat": "EXEMPLAR", "emission_weight": 1.0, "source": "ajuntament-arbrat-viari"}}, {"type": "Feature", "geometry": {"type": "Point", "coordinates": [2.163253, 41.393228]}, "properties": {"codi": "0097471AR", "species": "Platanus \u00d7 acerifolia", "address": "Pg Gr\u00e0cia, 65", "categoria_arbrat": "EXEMPLAR", "emission_weight": 1.0, "source": "ajuntament-arbrat-viari"}}, {"type": "Feature", "geometry": {"type": "Point", "coordinates": [2.168192, 41.389786]}, "properties": {"codi": "0097475AR", "species": "Platanus \u00d7 acerifolia", "address": "Pg Gr\u00e0cia, 18", "categoria_arbrat": "SEGONA", "emission_weight": 0.65, "source": "ajuntament-arbrat-viari"}}, {"type": "Feature", "geometry": {"type": "Point", "coordinates": [2.16219, 41.391713]}, "properties": {"codi": "0097478AR", "species": "Platanus orientalis", "address": "C\\ Val\u00e8ncia, 256", "categoria_arbrat": "SEGONA", "emission_weight": 0.65, "source": "ajuntament-arbrat-viari"}}, {"type": "Feature", "geometry": {"type": "Point", "coordinates": [2.158, 41.395586]}, "properties": {"codi": "0097479AR", "species": "Platanus \u00d7 acerifolia", "address": "C\\ C\u00f2rsega, 311", "categoria_arbrat": "EXEMPLAR", "emission_weight": 1.0, "source": "ajuntament-arbrat-viari"}}, {"type": "Feature", "geometry": {"type": "Point", "coordinates": [2.160295, 41.395753]}, "properties": {"codi": "0097490AR", "species": "Platanus \u00d7 acerifolia", "address": "Pg Gr\u00e0cia, 101", "categoria_arbrat": "EXEMPLAR", "emission_weight": 1.0, "source": "ajuntament-arbrat-viari"}}, {"type": "Feature", "geometry": {"type": "Point", "coordinates": [2.164072, 41.393349]}, "properties": {"codi": "0097491AR", "species": "Platanus \u00d7 acerifolia", "address": "C\\ Val\u00e8ncia, 251", "categoria_arbrat": "EXEMPLAR", "emission_weight": 1.0, "source": "ajuntament-arbrat-viari"}}, {"type": "Feature", "geometry": {"type": "Point", "coordinates": [2.161173, 41.395044]}, "properties": {"codi": "0097492AR", "species": "Platanus \u00d7 acerifolia", "address": "Pg Gr\u00e0cia, 91", "categoria_arbrat": "EXEMPLAR", "emission_weight": 1.0, "source": "ajuntament-arbrat-viari"}}, {"type": "Feature", "geometry": {"type": "Point", "coordinates": [2.16569, 41.395592]}, "properties": {"codi": "0097496AR", "species": "Platanus \u00d7 acerifolia", "address": "C\\ Roger de Ll\u00faria, 96", "categoria_arbrat": "EXEMPLAR", "emission_weight": 1.0, "source": "ajuntament-arbrat-viari"}}, {"type": "Feature", "geometry": {"type": "Point", "coordinates": [2.168862, 41.387088]}, "properties": {"codi": "0097509AR", "species": "Platanus \u00d7 acerifolia", "address": "Pl Catalunya, 7", "categoria_arbrat": "SEGONA", "emission_weight": 0.65, "source": "ajuntament-arbrat-viari"}}, {"type": "Feature", "geometry": {"type": "Point", "coordinates": [2.167736, 41.392485]}, "properties": {"codi": "0097514AR", "species": "Platanus \u00d7 acerifolia", "address": "C\\ Consell de Cent, 328", "categoria_arbrat": "TERCERA", "emission_weight": 0.45, "source": "ajuntament-arbrat-viari"}}, {"type": "Feature", "geometry": {"type": "Point", "coordinates": [2.165454, 41.389267]}, "properties": {"codi": "0097519AR", "species": "Platanus \u00d7 acerifolia", "address": "C\\ Diputaci\u00f3, 253", "categoria_arbrat": "EXEMPLAR", "emission_weight": 1.0, "source": "ajuntament-arbrat-viari"}}, {"type": "Feature", "geometry": {"type": "Point", "coordinates": [2.159992, 41.391828]}, "properties": {"codi": "0097537AR", "species": "Platanus \u00d7 acerifolia", "address": "C\\ Mallorca, 228", "categoria_arbrat": "SEGONA", "emission_weight": 0.65, "source": "ajuntament-arbrat-viari"}}, {"type": "Feature", "geometry": {"type": "Point", "coordinates": [2.164166, 41.39327]}, "properties": {"codi": "0097539AR", "species": "Platanus \u00d7 acerifolia", "address": "C\\ Val\u00e8ncia, 274", "categoria_arbrat": "EXEMPLAR", "emission_weight": 1.0, "source": "ajuntament-arbrat-viari"}}, {"type": "Feature", "geometry": {"type": "Point", "coordinates": [2.169458, 41.394298]}, "properties": {"codi": "0097542AR", "species": "Platanus \u00d7 acerifolia", "address": "C\\ Bruc, 71", "categoria_arbrat": "EXEMPLAR", "emission_weight": 1.0, "source": "ajuntament-arbrat-viari"}}, {"type": "Feature", "geometry": {"type": "Point", "coordinates": [2.168861, 41.393196]}, "properties": {"codi": "0097545AR", "species": "Platanus \u00d7 acerifolia", "address": "C\\ Consell de Cent, 342", "categoria_arbrat": "TERCERA", "emission_weight": 0.45, "source": "ajuntament-arbrat-viari"}}, {"type": "Feature", "geometry": {"type": "Point", "coordinates": [2.165558, 41.387489]}, "properties": {"codi": "0097549AR", "species": "Platanus \u00d7 acerifolia", "address": "G.V. Corts Catalanes, 587", "categoria_arbrat": "PRIMERA", "emission_weight": 0.85, "source": "ajuntament-arbrat-viari"}}, {"type": "Feature", "geometry": {"type": "Point", "coordinates": [2.16555, 41.391773]}, "properties": {"codi": "0097552AR", "species": "Platanus \u00d7 acerifolia", "address": "Pg Gr\u00e0cia, 48", "categoria_arbrat": "TERCERA", "emission_weight": 0.45, "source": "ajuntament-arbrat-viari"}}, {"type": "Feature", "geometry": {"type": "Point", "coordinates": [2.168404, 41.393261]}, "properties": {"codi": "0097553AR", "species": "Platanus \u00d7 acerifolia", "address": "C\\ Consell de Cent, 369", "categoria_arbrat": "EXEMPLAR", "emission_weight": 1.0, "source": "ajuntament-arbrat-viari"}}, {"type": "Feature", "geometry": {"type": "Point", "coordinates": [2.169415, 41.390483]}, "properties": {"codi": "0097560AR", "species": "Platanus \u00d7 acerifolia", "address": "G.V. Corts Catalanes, 619", "categoria_arbrat": "SEGONA", "emission_weight": 0.65, "source": "ajuntament-arbrat-viari"}}, {"type": "Feature", "geometry": {"type": "Point", "coordinates": [2.162372, 41.393623]}, "properties": {"codi": "0097568AR", "species": "Platanus \u00d7 acerifolia", "address": "C\\ Mallorca, 252", "categoria_arbrat": "SEGONA", "emission_weight": 0.65, "source": "ajuntament-arbrat-viari"}}, {"type": "Feature", "geometry": {"type": "Point", "coordinates": [2.166512, 41.390599]}, "properties": {"codi": "0097570AR", "species": "Platanus \u00d7 acerifolia", "address": "Pg Gr\u00e0cia, 23", "categoria_arbrat": "SEGONA", "emission_weight": 0.65, "source": "ajuntament-arbrat-viari"}}, {"type": "Feature", "geometry": {"type": "Point", "coordinates": [2.160791, 41.395613]}, "properties": {"codi": "0097590AR", "species": "Platanus \u00d7 acerifolia", "address": "Pg Gr\u00e0cia, 102", "categoria_arbrat": "SEGONA", "emission_weight": 0.65, "source": "ajuntament-arbrat-viari"}}, {"type": "Feature", "geometry": {"type": "Point", "coordinates": [2.167824, 41.390084]}, "properties": {"codi": "0097594AR", "species": "Platanus \u00d7 acerifolia", "address": "Pg Gr\u00e0cia, 24", "categoria_arbrat": "SEGONA", "emission_weight": 0.65, "source": "ajuntament-arbrat-viari"}}, {"type": "Feature", "geometry": {"type": "Point", "coordinates": [2.165984, 41.391163]}, "properties": {"codi": "0097595AR", "species": "Platanus \u00d7 acerifolia", "address": "Pg Gr\u00e0cia, 33", "categoria_arbrat": "EXEMPLAR", "emission_weight": 1.0, "source": "ajuntament-arbrat-viari"}}, {"type": "Feature", "geometry": {"type": "Point", "coordinates": [2.169503, 41.386164]}, "properties": {"codi": "0097598AR", "species": "Platanus \u00d7 acerifolia", "address": "Pl Catalunya, 1", "categoria_arbrat": "EXEMPLAR", "emission_weight": 1.0, "source": "ajuntament-arbrat-viari"}}, {"type": "Feature", "geometry": {"type": "Point", "coordinates": [2.167792, 41.388957]}, "properties": {"codi": "0097605AR", "species": "Platanus \u00d7 acerifolia", "address": "G.V. Corts Catalanes, 632", "categoria_arbrat": "SEGONA", "emission_weight": 0.65, "source": "ajuntament-arbrat-viari"}}, {"type": "Feature", "geometry": {"type": "Point", "coordinates": [2.167536, 41.389761]}, "properties": {"codi": "0097609AR", "species": "Platanus \u00d7 acerifolia", "address": "Pg Gr\u00e0cia, 15", "categoria_arbrat": "EXEMPLAR", "emission_weight": 1.0, "source": "ajuntament-arbrat-viari"}}, {"type": "Feature", "geometry": {"type": "Point", "coordinates": [2.166951, 41.390788]}, "properties": {"codi": "0097612AR", "species": "Platanus \u00d7 acerifolia", "address": "Pg Gr\u00e0cia, 34", "categoria_arbrat": "EXEMPLAR", "emission_weight": 1.0, "source": "ajuntament-arbrat-viari"}}, {"type": "Feature", "geometry": {"type": "Point", "coordinates": [2.162166, 41.394646]}, "properties": {"codi": "0097613AR", "species": "Platanus \u00d7 acerifolia", "address": "Pg Gr\u00e0cia, 86", "categoria_arbrat": "EXEMPLAR", "emission_weight": 1.0, "source": "ajuntament-arbrat-viari"}}, {"type": "Feature", "geometry": {"type": "Point", "coordinates": [2.166319, 41.391146]}, "properties": {"codi": "0097617AR", "species": "Platanus \u00d7 acerifolia", "address": "Pg Gr\u00e0cia, 38", "categoria_arbrat": "SEGONA", "emission_weight": 0.65, "source": "ajuntament-arbrat-viari"}}, {"type": "Feature", "geometry": {"type": "Point", "coordinates": [2.165271, 41.391741]}, "properties": {"codi": "0097618AR", "species": "Platanus \u00d7 acerifolia", "address": "Pg Gr\u00e0cia, 41", "categoria_arbrat": "PRIMERA", "emission_weight": 0.85, "source": "ajuntament-arbrat-viari"}}, {"type": "Feature", "geometry": {"type": "Point", "coordinates": [2.16548, 41.394107]}, "properties": {"codi": "0097619AR", "species": "Platanus \u00d7 acerifolia", "address": "C\\ Val\u00e8ncia, 294", "categoria_arbrat": "TERCERA", "emission_weight": 0.45, "source": "ajuntament-arbrat-viari"}}, {"type": "Feature", "geometry": {"type": "Point", "coordinates": [2.16763, 41.389835]}, "properties": {"codi": "0097627AR", "species": "Platanus \u00d7 acerifolia", "address": "Pg Gr\u00e0cia, 15", "categoria_arbrat": "PRIMERA", "emission_weight": 0.85, "source": "ajuntament-arbrat-viari"}}, {"type": "Feature", "geometry": {"type": "Point", "coordinates": [2.167569, 41.390289]}, "properties": {"codi": "0097629AR", "species": "Platanus \u00d7 acerifolia", "address": "Pg Gr\u00e0cia, 28", "categoria_arbrat": "EXEMPLAR", "emission_weight": 1.0, "source": "ajuntament-arbrat-viari"}}, {"type": "Feature", "geometry": {"type": "Point", "coordinates": [2.164253, 41.388369]}, "properties": {"codi": "0097633AR", "species": "Platanus \u00d7 acerifolia", "address": "C\\ Diputaci\u00f3, 233", "categoria_arbrat": "EXEMPLAR", "emission_weight": 1.0, "source": "ajuntament-arbrat-viari"}}, {"type": "Feature", "geometry": {"type": "Point", "coordinates": [2.167164, 41.390071]}, "properties": {"codi": "0097640AR", "species": "Platanus \u00d7 acerifolia", "address": "Pg Gr\u00e0cia, 19", "categoria_arbrat": "SEGONA", "emission_weight": 0.65, "source": "ajuntament-arbrat-viari"}}, {"type": "Feature", "geometry": {"type": "Point", "coordinates": [2.169543, 41.390174]}, "properties": {"codi": "0097641AR", "species": "Platanus \u00d7 acerifolia", "address": "G.V. Corts Catalanes, 644", "categoria_arbrat": "SEGONA", "emission_weight": 0.65, "source": "ajuntament-arbrat-viari"}}, {"type": "Feature", "geometry": {"type": "Point", "coordinates": [2.169705, 41.388154]}, "properties": {"codi": "0097644AR", "species": "Platanus \u00d7 acerifolia", "address": "Pg Gr\u00e0cia, 1", "categoria_arbrat": "EXEMPLAR", "emission_weight": 1.0, "source": "ajuntament-arbrat-viari"}}, {"type": "Feature", "geometry": {"type": "Point", "coordinates": [2.166585, 41.394767]}, "properties": {"codi": "0097645AR", "species": "Platanus \u00d7 acerifolia", "address": "C\\ Roger de Ll\u00faria, 83", "categoria_arbrat": "TERCERA", "emission_weight": 0.45, "source": "ajuntament-arbrat-viari"}}, {"type": "Feature", "geometry": {"type": "Point", "coordinates": [2.165594, 41.391883]}, "properties": {"codi": "0097649AR", "species": "Platanus \u00d7 acerifolia", "address": "Pg Gr\u00e0cia, 50", "categoria_arbrat": "PRIMERA", "emission_weight": 0.85, "source": "ajuntament-arbrat-viari"}}, {"type": "Feature", "geometry": {"type": "Point", "coordinates": [2.158699, 41.392551]}, "properties": {"codi": "0097650AR", "species": "Platanus \u00d7 acerifolia", "address": "C\\ Proven\u00e7a, 252", "categoria_arbrat": "EXEMPLAR", "emission_weight": 1.0, "source": "ajuntament-arbrat-viari"}}, {"type": "Feature", "geometry": {"type": "Point", "coordinates": [2.161982, 41.394249]}, "properties": {"codi": "0097654AR", "species": "Platanus \u00d7 acerifolia", "address": "Pg Gr\u00e0cia, 81", "categoria_arbrat": "SEGONA", "emission_weight": 0.65, "source": "ajuntament-arbrat-viari"}}, {"type": "Feature", "geometry": {"type": "Point", "coordinates": [2.165761, 41.387422]}, "properties": {"codi": "0097655AR", "species": "Platanus \u00d7 acerifolia", "address": "G.V. Corts Catalanes, 608", "categoria_arbrat": "EXEMPLAR", "emission_weight": 1.0, "source": "ajuntament-arbrat-viari"}}, {"type": "Feature", "geometry": {"type": "Point", "coordinates": [2.164143, 41.393393]}, "properties": {"codi": "0097657AR", "species": "Platanus \u00d7 acerifolia", "address": "C\\ Val\u00e8ncia, 251", "categoria_arbrat": "SEGONA", "emission_weight": 0.65, "source": "ajuntament-arbrat-viari"}}, {"type": "Feature", "geometry": {"type": "Point", "coordinates": [2.169721, 41.386101]}, "properties": {"codi": "0097663AR", "species": "Platanus \u00d7 acerifolia", "address": "Pl Catalunya, 1", "categoria_arbrat": "PRIMERA", "emission_weight": 0.85, "source": "ajuntament-arbrat-viari"}}, {"type": "Feature", "geometry": {"type": "Point", "coordinates": [2.157657, 41.39507]}, "properties": {"codi": "0097675AR", "species": "Platanus \u00d7 acerifolia", "address": "C\\ C\u00f2rsega, 294", "categoria_arbrat": "SEGONA", "emission_weight": 0.65, "source": "ajuntament-arbrat-viari"}}, {"type": "Feature", "geometry": {"type": "Point", "coordinates": [2.169366, 41.388832]}, "properties": {"codi": "0097677AR", "species": "Platanus \u00d7 acerifolia", "address": "Pg Gr\u00e0cia, 6", "categoria_arbrat": "SEGONA", "emission_weight": 0.65, "source": "ajuntament-arbrat-viari"}}, {"type": "Feature", "geometry": {"type": "Point", "coordinates": [2.16266, 41.395696]}, "properties": {"codi": "0097686AR", "species": "Platanus \u00d7 acerifolia", "address": "C\\ Proven\u00e7a, 273", "categoria_arbrat": "SEGONA", "emission_weight": 0.65, "source": "ajuntament-arbrat-viari"}}, {"type": "Feature", "geometry": {"type": "Point", "coordinates": [2.165663, 41.391287]}, "properties": {"codi": "0097687AR", "species": "Platanus \u00d7 acerifolia", "address": "Pg Gr\u00e0cia, 35", "categoria_arbrat": "SEGONA", "emission_weight": 0.65, "source": "ajuntament-arbrat-viari"}}, {"type": "Feature", "geometry": {"type": "Point", "coordinates": [2.161216, 41.394454]}, "properties": {"codi": "0097693AR", "species": "Platanus \u00d7 acerifolia", "address": "C\\ Proven\u00e7a, 292", "categoria_arbrat": "SEGONA", "emission_weight": 0.65, "source": "ajuntament-arbrat-viari"}}, {"type": "Feature", "geometry": {"type": "Point", "coordinates": [2.161112, 41.391108]}, "properties": {"codi": "0097695AR", "species": "Platanus \u00d7 acerifolia", "address": "C\\ Val\u00e8ncia, 225", "categoria_arbrat": "SEGONA", "emission_weight": 0.65, "source": "ajuntament-arbrat-viari"}}, {"type": "Feature", "geometry": {"type": "Point", "coordinates": [2.16416, 41.395183]}, "properties": {"codi": "0097698AR", "species": "Platanus \u00d7 acerifolia", "address": "C\\ Mallorca, 279", "categoria_arbrat": "SEGONA", "emission_weight": 0.65, "source": "ajuntament-arbrat-viari"}}, {"type": "Feature", "geometry": {"type": "Point", "coordinates": [2.1598, 41.393385]}, "properties": {"codi": "0097699AR", "species": "Platanus \u00d7 acerifolia", "address": "C\\ Proven\u00e7a, 270", "categoria_arbrat": "SEGONA", "emission_weight": 0.65, "source": "ajuntament-arbrat-viari"}}, {"type": "Feature", "geometry": {"type": "Point", "coordinates": [2.169349, 41.38653]}, "properties": {"codi": "0097700AR", "species": "Platanus \u00d7 acerifolia", "address": "Pl Catalunya, 1", "categoria_arbrat": "EXEMPLAR", "emission_weight": 1.0, "source": "ajuntament-arbrat-viari"}}, {"type": "Feature", "geometry": {"type": "Point", "coordinates": [2.166331, 41.395179]}, "properties": {"codi": "0097711AR", "species": "Platanus \u00d7 acerifolia", "address": "C\\ Roger de Ll\u00faria, 82", "categoria_arbrat": "SEGONA", "emission_weight": 0.65, "source": "ajuntament-arbrat-viari"}}, {"type": "Feature", "geometry": {"type": "Point", "coordinates": [2.167586, 41.390128]}, "properties": {"codi": "0097712AR", "species": "Platanus \u00d7 acerifolia", "address": "Pg Gr\u00e0cia, 26", "categoria_arbrat": "SEGONA", "emission_weight": 0.65, "source": "ajuntament-arbrat-viari"}}, {"type": "Feature", "geometry": {"type": "Point", "coordinates": [2.164851, 41.39452]}, "properties": {"codi": "0097713AR", "species": "Platanus \u00d7 acerifolia", "address": "C\\ Pau Claris, 154", "categoria_arbrat": "SEGONA", "emission_weight": 0.65, "source": "ajuntament-arbrat-viari"}}, {"type": "Feature", "geometry": {"type": "Point", "coordinates": [2.168798, 41.388886]}, "properties": {"codi": "0097714AR", "species": "Platanus \u00d7 acerifolia", "address": "Pg Gr\u00e0cia, 11", "categoria_arbrat": "SEGONA", "emission_weight": 0.65, "source": "ajuntament-arbrat-viari"}}, {"type": "Feature", "geometry": {"type": "Point", "coordinates": [2.166166, 41.39523]}, "properties": {"codi": "0097715AR", "species": "Platanus \u00d7 acerifolia", "address": "C\\ Roger de Ll\u00faria, 82", "categoria_arbrat": "TERCERA", "emission_weight": 0.45, "source": "ajuntament-arbrat-viari"}}, {"type": "Feature", "geometry": {"type": "Point", "coordinates": [2.162766, 41.390451]}, "properties": {"codi": "0097719AR", "species": "Platanus \u00d7 acerifolia", "address": "C\\ Arag\u00f3, 250", "categoria_arbrat": "PRIMERA", "emission_weight": 0.85, "source": "ajuntament-arbrat-viari"}}, {"type": "Feature", "geometry": {"type": "Point", "coordinates": [2.166184, 41.387739]}, "properties": {"codi": "0097730AR", "species": "Platanus \u00d7 acerifolia", "address": "G.V. Corts Catalanes, 612", "categoria_arbrat": "SEGONA", "emission_weight": 0.65, "source": "ajuntament-arbrat-viari"}}, {"type": "Feature", "geometry": {"type": "Point", "coordinates": [2.16952, 41.392553]}, "properties": {"codi": "0097732AR", "species": "Platanus \u00d7 acerifolia", "address": "C\\ Diputaci\u00f3, 301", "categoria_arbrat": "TERCERA", "emission_weight": 0.45, "source": "ajuntament-arbrat-viari"}}, {"type": "Feature", "geometry": {"type": "Point", "coordinates": [2.16715, 41.388848]}, "properties": {"codi": "0097740AR", "species": "Platanus \u00d7 acerifolia", "address": "G.V. Corts Catalanes, 603", "categoria_arbrat": "PRIMERA", "emission_weight": 0.85, "source": "ajuntament-arbrat-viari"}}, {"type": "Feature", "geometry": {"type": "Point", "coordinates": [2.160455, 41.392324]}, "properties": {"codi": "0097742AR", "species": "Platanus \u00d7 acerifolia", "address": "C\\ Mallorca, 239", "categoria_arbrat": "EXEMPLAR", "emission_weight": 1.0, "source": "ajuntament-arbrat-viari"}}, {"type": "Feature", "geometry": {"type": "Point", "coordinates": [2.166552, 41.389956]}, "properties": {"codi": "0097743AR", "species": "Platanus \u00d7 acerifolia", "address": "C\\ Diputaci\u00f3, 256", "categoria_arbrat": "SEGONA", "emission_weight": 0.65, "source": "ajuntament-arbrat-viari"}}, {"type": "Feature", "geometry": {"type": "Point", "coordinates": [2.166185, 41.391558]}, "properties": {"codi": "0097751AR", "species": "Platanus \u00d7 acerifolia", "address": "C\\ Consell de Cent, 353", "categoria_arbrat": "SEGONA", "emission_weight": 0.65, "source": "ajuntament-arbrat-viari"}}, {"type": "Feature", "geometry": {"type": "Point", "coordinates": [2.161601, 41.39304]}, "properties": {"codi": "0097752AR", "species": "Platanus \u00d7 acerifolia", "address": "C\\ Mallorca, 244", "categoria_arbrat": "SEGONA", "emission_weight": 0.65, "source": "ajuntament-arbrat-viari"}}, {"type": "Feature", "geometry": {"type": "Point", "coordinates": [2.169247, 41.388524]}, "properties": {"codi": "0097764AR", "species": "Platanus \u00d7 acerifolia", "address": "Pg Gr\u00e0cia, 5", "categoria_arbrat": "SEGONA", "emission_weight": 0.65, "source": "ajuntament-arbrat-viari"}}, {"type": "Feature", "geometry": {"type": "Point", "coordinates": [2.164988, 41.386746]}, "properties": {"codi": "0097774AR", "species": "Platanus \u00d7 acerifolia", "address": "G.V. Corts Catalanes, 598", "categoria_arbrat": "SEGONA", "emission_weight": 0.65, "source": "ajuntament-arbrat-viari"}}, {"type": "Feature", "geometry": {"type": "Point", "coordinates": [2.16665, 41.39049]}, "properties": {"codi": "0097777AR", "species": "Platanus \u00d7 acerifolia", "address": "Pg Gr\u00e0cia, 23", "categoria_arbrat": "EXEMPLAR", "emission_weight": 1.0, "source": "ajuntament-arbrat-viari"}}, {"type": "Feature", "geometry": {"type": "Point", "coordinates": [2.160836, 41.394316]}, "properties": {"codi": "0097778AR", "species": "Platanus \u00d7 acerifolia", "address": "C\\ Proven\u00e7a, 253", "categoria_arbrat": "EXEMPLAR", "emission_weight": 1.0, "source": "ajuntament-arbrat-viari"}}, {"type": "Feature", "geometry": {"type": "Point", "coordinates": [2.162307, 41.392129]}, "properties": {"codi": "0097781AR", "species": "Platanus \u00d7 acerifolia", "address": "C\\ Val\u00e8ncia, 239", "categoria_arbrat": "EXEMPLAR", "emission_weight": 1.0, "source": "ajuntament-arbrat-viari"}}, {"type": "Feature", "geometry": {"type": "Point", "coordinates": [2.163087, 41.393904]}, "properties": {"codi": "0097782AR", "species": "Platanus \u00d7 acerifolia", "address": "Pg Gr\u00e0cia, 80", "categoria_arbrat": "TERCERA", "emission_weight": 0.45, "source": "ajuntament-arbrat-viari"}}, {"type": "Feature", "geometry": {"type": "Point", "coordinates": [2.162209, 41.390285]}, "properties": {"codi": "0097785AR", "species": "Platanus \u00d7 acerifolia", "address": "C\\ Arag\u00f3, 231", "categoria_arbrat": "PRIMERA", "emission_weight": 0.85, "source": "ajuntament-arbrat-viari"}}, {"type": "Feature", "geometry": {"type": "Point", "coordinates": [2.164984, 41.388916]}, "properties": {"codi": "0097791AR", "species": "Platanus \u00d7 acerifolia", "address": "C\\ Diputaci\u00f3, 249", "categoria_arbrat": "EXEMPLAR", "emission_weight": 1.0, "source": "ajuntament-arbrat-viari"}}, {"type": "Feature", "geometry": {"type": "Point", "coordinates": [2.166531, 41.390724]}, "properties": {"codi": "0097807AR", "species": "Platanus \u00d7 acerifolia", "address": "Pg Gr\u00e0cia, 25", "categoria_arbrat": "SEGONA", "emission_weight": 0.65, "source": "ajuntament-arbrat-viari"}}, {"type": "Feature", "geometry": {"type": "Point", "coordinates": [2.168269, 41.393496]}, "properties": {"codi": "0097809AR", "species": "Platanus \u00d7 acerifolia", "address": "C\\ Roger de Ll\u00faria, 53", "categoria_arbrat": "EXEMPLAR", "emission_weight": 1.0, "source": "ajuntament-arbrat-viari"}}, {"type": "Feature", "geometry": {"type": "Point", "coordinates": [2.163253, 41.394435]}, "properties": {"codi": "0097811AR", "species": "Platanus \u00d7 acerifolia", "address": "C\\ Mallorca, 269", "categoria_arbrat": "SEGONA", "emission_weight": 0.65, "source": "ajuntament-arbrat-viari"}}, {"type": "Feature", "geometry": {"type": "Point", "coordinates": [2.167864, 41.3955]}, "properties": {"codi": "0097813AR", "species": "Platanus \u00d7 acerifolia", "address": "C\\ Bruc, 93", "categoria_arbrat": "EXEMPLAR", "emission_weight": 1.0, "source": "ajuntament-arbrat-viari"}}, {"type": "Feature", "geometry": {"type": "Point", "coordinates": [2.159573, 41.393358]}, "properties": {"codi": "0097817AR", "species": "Platanus orientalis", "address": "C\\ Proven\u00e7a, 233", "categoria_arbrat": "TERCERA", "emission_weight": 0.45, "source": "ajuntament-arbrat-viari"}}, {"type": "Feature", "geometry": {"type": "Point", "coordinates": [2.164559, 41.395268]}, "properties": {"codi": "0097819AR", "species": "Platanus \u00d7 acerifolia", "address": "C\\ Mallorca, 274", "categoria_arbrat": "EXEMPLAR", "emission_weight": 1.0, "source": "ajuntament-arbrat-viari"}}, {"type": "Feature", "geometry": {"type": "Point", "coordinates": [2.15758, 41.395072]}, "properties": {"codi": "0097825AR", "species": "Platanus \u00d7 acerifolia", "address": "C\\ C\u00f2rsega, 309", "categoria_arbrat": "EXEMPLAR", "emission_weight": 1.0, "source": "ajuntament-arbrat-viari"}}, {"type": "Feature", "geometry": {"type": "Point", "coordinates": [2.165903, 41.387844]}, "properties": {"codi": "0097837AR", "species": "Platanus \u00d7 acerifolia", "address": "G.V. Corts Catalanes, 587", "categoria_arbrat": "SEGONA", "emission_weight": 0.65, "source": "ajuntament-arbrat-viari"}}, {"type": "Feature", "geometry": {"type": "Point", "coordinates": [2.163064, 41.393379]}, "properties": {"codi": "0097838AR", "species": "Platanus \u00d7 acerifolia", "address": "Pg Gr\u00e0cia, 67", "categoria_arbrat": "PRIMERA", "emission_weight": 0.85, "source": "ajuntament-arbrat-viari"}}, {"type": "Feature", "geometry": {"type": "Point", "coordinates": [2.169392, 41.390068]}, "properties": {"codi": "0097841AR", "species": "Platanus \u00d7 acerifolia", "address": "G.V. Corts Catalanes, 642", "categoria_arbrat": "EXEMPLAR", "emission_weight": 1.0, "source": "ajuntament-arbrat-viari"}}, {"type": "Feature", "geometry": {"type": "Point", "coordinates": [2.169485, 41.394424]}, "properties": {"codi": "0097842AR", "species": "Platanus \u00d7 acerifolia", "address": "C\\ Bruc, 84", "categoria_arbrat": "EXEMPLAR", "emission_weight": 1.0, "source": "ajuntament-arbrat-viari"}}, {"type": "Feature", "geometry": {"type": "Point", "coordinates": [2.166647, 41.391036]}, "properties": {"codi": "0097843AR", "species": "Platanus \u00d7 acerifolia", "address": "Pg Gr\u00e0cia, 38", "categoria_arbrat": "EXEMPLAR", "emission_weight": 1.0, "source": "ajuntament-arbrat-viari"}}, {"type": "Feature", "geometry": {"type": "Point", "coordinates": [2.168803, 41.394792]}, "properties": {"codi": "0097844AR", "species": "Platanus \u00d7 acerifolia", "address": "C\\ Arag\u00f3, 312", "categoria_arbrat": "EXEMPLAR", "emission_weight": 1.0, "source": "ajuntament-arbrat-viari"}}, {"type": "Feature", "geometry": {"type": "Point", "coordinates": [2.162746, 41.393641]}, "properties": {"codi": "0097847AR", "species": "Platanus \u00d7 acerifolia", "address": "Pg Gr\u00e0cia, 73", "categoria_arbrat": "EXEMPLAR", "emission_weight": 1.0, "source": "ajuntament-arbrat-viari"}}, {"type": "Feature", "geometry": {"type": "Point", "coordinates": [2.160179, 41.395846]}, "properties": {"codi": "0097849AR", "species": "Platanus \u00d7 acerifolia", "address": "Pg Gr\u00e0cia, 101", "categoria_arbrat": "EXEMPLAR", "emission_weight": 1.0, "source": "ajuntament-arbrat-viari"}}, {"type": "Feature", "geometry": {"type": "Point", "coordinates": [2.169818, 41.388325]}, "properties": {"codi": "0097851AR", "species": "Platanus \u00d7 acerifolia", "address": "Pg Gr\u00e0cia, 2", "categoria_arbrat": "PRIMERA", "emission_weight": 0.85, "source": "ajuntament-arbrat-viari"}}, {"type": "Feature", "geometry": {"type": "Point", "coordinates": [2.166137, 41.395041]}, "properties": {"codi": "0097853AR", "species": "Platanus \u00d7 acerifolia", "address": "C\\ Roger de Ll\u00faria, 87", "categoria_arbrat": "TERCERA", "emission_weight": 0.45, "source": "ajuntament-arbrat-viari"}}, {"type": "Feature", "geometry": {"type": "Point", "coordinates": [2.169179, 41.389903]}, "properties": {"codi": "0097854AR", "species": "Platanus \u00d7 acerifolia", "address": "G.V. Corts Catalanes, 638", "categoria_arbrat": "SEGONA", "emission_weight": 0.65, "source": "ajuntament-arbrat-viari"}}, {"type": "Feature", "geometry": {"type": "Point", "coordinates": [2.165642, 41.391147]}, "properties": {"codi": "0097855AR", "species": "Platanus \u00d7 acerifolia", "address": "C\\ Consell de Cent, 349", "categoria_arbrat": "EXEMPLAR", "emission_weight": 1.0, "source": "ajuntament-arbrat-viari"}}, {"type": "Feature", "geometry": {"type": "Point", "coordinates": [2.169088, 41.388909]}, "properties": {"codi": "0097857AR", "species": "Platanus \u00d7 acerifolia", "address": "Pg Gr\u00e0cia, 8", "categoria_arbrat": "SEGONA", "emission_weight": 0.65, "source": "ajuntament-arbrat-viari"}}, {"type": "Feature", "geometry": {"type": "Point", "coordinates": [2.161837, 41.391511]}, "properties": {"codi": "0097858AR", "species": "Platanus \u00d7 acerifolia", "address": "C\\ Val\u00e8ncia, 252", "categoria_arbrat": "EXEMPLAR", "emission_weight": 1.0, "source": "ajuntament-arbrat-viari"}}, {"type": "Feature", "geometry": {"type": "Point", "coordinates": [2.169441, 41.388225]}, "properties": {"codi": "0097864AR", "species": "Platanus \u00d7 acerifolia", "address": "Pg Gr\u00e0cia, 3", "categoria_arbrat": "SEGONA", "emission_weight": 0.65, "source": "ajuntament-arbrat-viari"}}, {"type": "Feature", "geometry": {"type": "Point", "coordinates": [2.169377, 41.393927]}, "properties": {"codi": "0097869AR", "species": "Platanus \u00d7 acerifolia", "address": "C\\ Consell de Cent, 383", "categoria_arbrat": "TERCERA", "emission_weight": 0.45, "source": "ajuntament-arbrat-viari"}}, {"type": "Feature", "geometry": {"type": "Point", "coordinates": [2.166048, 41.387637]}, "properties": {"codi": "0097873AR", "species": "Platanus \u00d7 acerifolia", "address": "G.V. Corts Catalanes, 612", "categoria_arbrat": "SEGONA", "emission_weight": 0.65, "source": "ajuntament-arbrat-viari"}}, {"type": "Feature", "geometry": {"type": "Point", "coordinates": [2.158539, 41.395849]}, "properties": {"codi": "0097882AR", "species": "Platanus \u00d7 acerifolia", "address": "C\\ C\u00f2rsega, 306", "categoria_arbrat": "TERCERA", "emission_weight": 0.45, "source": "ajuntament-arbrat-viari"}}, {"type": "Feature", "geometry": {"type": "Point", "coordinates": [2.160736, 41.395401]}, "properties": {"codi": "0097894AR", "species": "Platanus \u00d7 acerifolia", "address": "Pg Gr\u00e0cia, 97", "categoria_arbrat": "TERCERA", "emission_weight": 0.45, "source": "ajuntament-arbrat-viari"}}, {"type": "Feature", "geometry": {"type": "Point", "coordinates": [2.163321, 41.392624]}, "properties": {"codi": "0097901AR", "species": "Platanus \u00d7 acerifolia", "address": "C\\ Val\u00e8ncia, 272", "categoria_arbrat": "EXEMPLAR", "emission_weight": 1.0, "source": "ajuntament-arbrat-viari"}}, {"type": "Feature", "geometry": {"type": "Point", "coordinates": [2.167509, 41.388743]}, "properties": {"codi": "0097912AR", "species": "Platanus \u00d7 acerifolia", "address": "G.V. Corts Catalanes, 630", "categoria_arbrat": "EXEMPLAR", "emission_weight": 1.0, "source": "ajuntament-arbrat-viari"}}, {"type": "Feature", "geometry": {"type": "Point", "coordinates": [2.163705, 41.389665]}, "properties": {"codi": "0097921AR", "species": "Platanus \u00d7 acerifolia", "address": "C\\ Consell de Cent, 325", "categoria_arbrat": "EXEMPLAR", "emission_weight": 1.0, "source": "ajuntament-arbrat-viari"}}, {"type": "Feature", "geometry": {"type": "Point", "coordinates": [2.157523, 41.395944]}, "properties": {"codi": "0097930AR", "species": "Platanus \u00d7 acerifolia", "address": "Av Diagonal, 393", "categoria_arbrat": "EXEMPLAR", "emission_weight": 1.0, "source": "ajuntament-arbrat-viari"}}, {"type": "Feature", "geometry": {"type": "Point", "coordinates": [2.166027, 41.391537]}, "properties": {"codi": "0097933AR", "species": "Platanus \u00d7 acerifolia", "address": "Pg Gr\u00e0cia, 44", "categoria_arbrat": "EXEMPLAR", "emission_weight": 1.0, "source": "ajuntament-arbrat-viari"}}, {"type": "Feature", "geometry": {"type": "Point", "coordinates": [2.164235, 41.393317]}, "properties": {"codi": "0097936AR", "species": "Platanus \u00d7 acerifolia", "address": "C\\ Val\u00e8ncia, 274", "categoria_arbrat": "EXEMPLAR", "emission_weight": 1.0, "source": "ajuntament-arbrat-viari"}}, {"type": "Feature", "geometry": {"type": "Point", "coordinates": [2.161226, 41.395002]}, "properties": {"codi": "0097937AR", "species": "Platanus \u00d7 acerifolia", "address": "Pg Gr\u00e0cia, 91", "categoria_arbrat": "EXEMPLAR", "emission_weight": 1.0, "source": "ajuntament-arbrat-viari"}}, {"type": "Feature", "geometry": {"type": "Point", "coordinates": [2.161197, 41.394881]}, "properties": {"codi": "0097940AR", "species": "Platanus \u00d7 acerifolia", "address": "Pg Gr\u00e0cia, 89", "categoria_arbrat": "SEGONA", "emission_weight": 0.65, "source": "ajuntament-arbrat-viari"}}, {"type": "Feature", "geometry": {"type": "Point", "coordinates": [2.163039, 41.393543]}, "properties": {"codi": "0097946AR", "species": "Platanus \u00d7 acerifolia", "address": "Pg Gr\u00e0cia, 69", "categoria_arbrat": "SEGONA", "emission_weight": 0.65, "source": "ajuntament-arbrat-viari"}}, {"type": "Feature", "geometry": {"type": "Point", "coordinates": [2.168167, 41.395422]}, "properties": {"codi": "0097957AR", "species": "Platanus \u00d7 acerifolia", "address": "C\\ Bruc, 102", "categoria_arbrat": "EXEMPLAR", "emission_weight": 1.0, "source": "ajuntament-arbrat-viari"}}, {"type": "Feature", "geometry": {"type": "Point", "coordinates": [2.165974, 41.387899]}, "properties": {"codi": "0097967AR", "species": "Platanus \u00d7 acerifolia", "address": "G.V. Corts Catalanes, 587", "categoria_arbrat": "SEGONA", "emission_weight": 0.65, "source": "ajuntament-arbrat-viari"}}, {"type": "Feature", "geometry": {"type": "Point", "coordinates": [2.165097, 41.39188]}, "properties": {"codi": "0097969AR", "species": "Platanus \u00d7 acerifolia", "address": "Pg Gr\u00e0cia, 45", "categoria_arbrat": "EXEMPLAR", "emission_weight": 1.0, "source": "ajuntament-arbrat-viari"}}, {"type": "Feature", "geometry": {"type": "Point", "coordinates": [2.167903, 41.393773]}, "properties": {"codi": "0097971AR", "species": "Platanus \u00d7 acerifolia", "address": "C\\ Roger de Ll\u00faria, 59", "categoria_arbrat": "SEGONA", "emission_weight": 0.65, "source": "ajuntament-arbrat-viari"}}, {"type": "Feature", "geometry": {"type": "Point", "coordinates": [2.169118, 41.390166]}, "properties": {"codi": "0097980AR", "species": "Platanus \u00d7 acerifolia", "address": "G.V. Corts Catalanes, 615", "categoria_arbrat": "SEGONA", "emission_weight": 0.65, "source": "ajuntament-arbrat-viari"}}, {"type": "Feature", "geometry": {"type": "Point", "coordinates": [2.168395, 41.3934]}, "properties": {"codi": "0097981AR", "species": "Platanus \u00d7 acerifolia", "address": "C\\ Consell de Cent, 369", "categoria_arbrat": "EXEMPLAR", "emission_weight": 1.0, "source": "ajuntament-arbrat-viari"}}, {"type": "Feature", "geometry": {"type": "Point", "coordinates": [2.167177, 41.390611]}, "properties": {"codi": "0097991AR", "species": "Platanus \u00d7 acerifolia", "address": "Pg Gr\u00e0cia, 32", "categoria_arbrat": "SEGONA", "emission_weight": 0.65, "source": "ajuntament-arbrat-viari"}}, {"type": "Feature", "geometry": {"type": "Point", "coordinates": [2.164594, 41.386547]}, "properties": {"codi": "0097993AR", "species": "Platanus \u00d7 acerifolia", "address": "G.V. Corts Catalanes, 594", "categoria_arbrat": "PRIMERA", "emission_weight": 0.85, "source": "ajuntament-arbrat-viari"}}, {"type": "Feature", "geometry": {"type": "Point", "coordinates": [2.169846, 41.390492]}, "properties": {"codi": "0097994AR", "species": "Platanus \u00d7 acerifolia", "address": "G.V. Corts Catalanes, 648", "categoria_arbrat": "SEGONA", "emission_weight": 0.65, "source": "ajuntament-arbrat-viari"}}, {"type": "Feature", "geometry": {"type": "Point", "coordinates": [2.158133, 41.395684]}, "properties": {"codi": "0097996AR", "species": "Platanus \u00d7 acerifolia", "address": "C\\ C\u00f2rsega, 317", "categoria_arbrat": "EXEMPLAR", "emission_weight": 1.0, "source": "ajuntament-arbrat-viari"}}, {"type": "Feature", "geometry": {"type": "Point", "coordinates": [2.167512, 41.390338]}, "properties": {"codi": "0097999AR", "species": "Platanus \u00d7 acerifolia", "address": "Pg Gr\u00e0cia, 30", "categoria_arbrat": "TERCERA", "emission_weight": 0.45, "source": "ajuntament-arbrat-viari"}}, {"type": "Feature", "geometry": {"type": "Point", "coordinates": [2.168963, 41.389736]}, "properties": {"codi": "0098001AR", "species": "Platanus \u00d7 acerifolia", "address": "G.V. Corts Catalanes, 636", "categoria_arbrat": "SEGONA", "emission_weight": 0.65, "source": "ajuntament-arbrat-viari"}}, {"type": "Feature", "geometry": {"type": "Point", "coordinates": [2.160498, 41.394058]}, "properties": {"codi": "0098018AR", "species": "Platanus \u00d7 acerifolia", "address": "C\\ Proven\u00e7a, 245", "categoria_arbrat": "SEGONA", "emission_weight": 0.65, "source": "ajuntament-arbrat-viari"}}, {"type": "Feature", "geometry": {"type": "Point", "coordinates": [2.168956, 41.38678]}, "properties": {"codi": "0098020AR", "species": "Platanus \u00d7 acerifolia", "address": "Pl Catalunya, 5", "categoria_arbrat": "TERCERA", "emission_weight": 0.45, "source": "ajuntament-arbrat-viari"}}, {"type": "Feature", "geometry": {"type": "Point", "coordinates": [2.166498, 41.389912]}, "properties": {"codi": "0098022AR", "species": "Platanus \u00d7 acerifolia", "address": "C\\ Diputaci\u00f3, 256", "categoria_arbrat": "SEGONA", "emission_weight": 0.65, "source": "ajuntament-arbrat-viari"}}, {"type": "Feature", "geometry": {"type": "Point", "coordinates": [2.169129, 41.386779]}, "properties": {"codi": "0098024AR", "species": "Platanus \u00d7 acerifolia", "address": "Pl Catalunya, 5", "categoria_arbrat": "PRIMERA", "emission_weight": 0.85, "source": "ajuntament-arbrat-viari"}}, {"type": "Feature", "geometry": {"type": "Point", "coordinates": [2.164325, 41.392507]}, "properties": {"codi": "0098025AR", "species": "Platanus \u00d7 acerifolia", "address": "Pg Gr\u00e0cia, 51", "categoria_arbrat": "SEGONA", "emission_weight": 0.65, "source": "ajuntament-arbrat-viari"}}, {"type": "Feature", "geometry": {"type": "Point", "coordinates": [2.160823, 41.395192]}, "properties": {"codi": "0098037AR", "species": "Platanus \u00d7 acerifolia", "address": "Pg Gr\u00e0cia, 95", "categoria_arbrat": "EXEMPLAR", "emission_weight": 1.0, "source": "ajuntament-arbrat-viari"}}, {"type": "Feature", "geometry": {"type": "Point", "coordinates": [2.162623, 41.393741]}, "properties": {"codi": "0098051AR", "species": "Platanus \u00d7 acerifolia", "address": "Pg Gr\u00e0cia, 73", "categoria_arbrat": "EXEMPLAR", "emission_weight": 1.0, "source": "ajuntament-arbrat-viari"}}, {"type": "Feature", "geometry": {"type": "Point", "coordinates": [2.158444, 41.395924]}, "properties": {"codi": "0098054AR", "species": "Platanus \u00d7 acerifolia", "address": "C\\ C\u00f2rsega, 319", "categoria_arbrat": "TERCERA", "emission_weight": 0.45, "source": "ajuntament-arbrat-viari"}}, {"type": "Feature", "geometry": {"type": "Point", "coordinates": [2.16834, 41.39315]}, "properties": {"codi": "0098056AR", "species": "Platanus \u00d7 acerifolia", "address": "C\\ Consell de Cent, 369", "categoria_arbrat": "SEGONA", "emission_weight": 0.65, "source": "ajuntament-arbrat-viari"}}, {"type": "Feature", "geometry": {"type": "Point", "coordinates": [2.167408, 41.390016]}, "properties": {"codi": "0098066AR", "species": "Platanus \u00d7 acerifolia", "address": "Pg Gr\u00e0cia, 17", "categoria_arbrat": "SEGONA", "emission_weight": 0.65, "source": "ajuntament-arbrat-viari"}}, {"type": "Feature", "geometry": {"type": "Point", "coordinates": [2.169829, 41.390391]}, "properties": {"codi": "0098070AR", "species": "Platanus \u00d7 acerifolia", "address": "G.V. Corts Catalanes, 648", "categoria_arbrat": "TERCERA", "emission_weight": 0.45, "source": "ajuntament-arbrat-viari"}}, {"type": "Feature", "geometry": {"type": "Point", "coordinates": [2.16576, 41.387644]}, "properties": {"codi": "0098071AR", "species": "Platanus \u00d7 acerifolia", "address": "G.V. Corts Catalanes, 587", "categoria_arbrat": "SEGONA", "emission_weight": 0.65, "source": "ajuntament-arbrat-viari"}}, {"type": "Feature", "geometry": {"type": "Point", "coordinates": [2.167286, 41.388794]}, "properties": {"codi": "0098075AR", "species": "Platanus \u00d7 acerifolia", "address": "G.V. Corts Catalanes, 603", "categoria_arbrat": "EXEMPLAR", "emission_weight": 1.0, "source": "ajuntament-arbrat-viari"}}, {"type": "Feature", "geometry": {"type": "Point", "coordinates": [2.167634, 41.395673]}, "properties": {"codi": "0098080AR", "species": "Platanus \u00d7 acerifolia", "address": "C\\ Bruc, 99", "categoria_arbrat": "EXEMPLAR", "emission_weight": 1.0, "source": "ajuntament-arbrat-viari"}}, {"type": "Feature", "geometry": {"type": "Point", "coordinates": [2.161273, 41.394837]}, "properties": {"codi": "0098092AR", "species": "Platanus \u00d7 acerifolia", "address": "Pg Gr\u00e0cia, 89", "categoria_arbrat": "EXEMPLAR", "emission_weight": 1.0, "source": "ajuntament-arbrat-viari"}}, {"type": "Feature", "geometry": {"type": "Point", "coordinates": [2.163393, 41.394539]}, "properties": {"codi": "0098095AR", "species": "Platanus \u00d7 acerifolia", "address": "C\\ Mallorca, 269", "categoria_arbrat": "SEGONA", "emission_weight": 0.65, "source": "ajuntament-arbrat-viari"}}, {"type": "Feature", "geometry": {"type": "Point", "coordinates": [2.164321, 41.392909]}, "properties": {"codi": "0098101AR", "species": "Platanus \u00d7 acerifolia", "address": "Pg Gr\u00e0cia, 62", "categoria_arbrat": "EXEMPLAR", "emission_weight": 1.0, "source": "ajuntament-arbrat-viari"}}, {"type": "Feature", "geometry": {"type": "Point", "coordinates": [2.165695, 41.387372]}, "properties": {"codi": "0098102AR", "species": "Platanus \u00d7 acerifolia", "address": "G.V. Corts Catalanes, 608", "categoria_arbrat": "EXEMPLAR", "emission_weight": 1.0, "source": "ajuntament-arbrat-viari"}}, {"type": "Feature", "geometry": {"type": "Point", "coordinates": [2.168854, 41.388841]}, "properties": {"codi": "0098106AR", "species": "Platanus \u00d7 acerifolia", "address": "Pg Gr\u00e0cia, 11", "categoria_arbrat": "SEGONA", "emission_weight": 0.65, "source": "ajuntament-arbrat-viari"}}, {"type": "Feature", "geometry": {"type": "Point", "coordinates": [2.157503, 41.395066]}, "properties": {"codi": "0098107AR", "species": "Platanus \u00d7 acerifolia", "address": "C\\ C\u00f2rsega, 309", "categoria_arbrat": "EXEMPLAR", "emission_weight": 1.0, "source": "ajuntament-arbrat-viari"}}, {"type": "Feature", "geometry": {"type": "Point", "coordinates": [2.165392, 41.390934]}, "properties": {"codi": "0098114AR", "species": "Platanus \u00d7 acerifolia", "address": "C\\ Consell de Cent, 349", "categoria_arbrat": "TERCERA", "emission_weight": 0.45, "source": "ajuntament-arbrat-viari"}}, {"type": "Feature", "geometry": {"type": "Point", "coordinates": [2.164295, 41.390119]}, "properties": {"codi": "0098128AR", "species": "Platanus \u00d7 acerifolia", "address": "C\\ Consell de Cent, 337", "categoria_arbrat": "EXEMPLAR", "emission_weight": 1.0, "source": "ajuntament-arbrat-viari"}}, {"type": "Feature", "geometry": {"type": "Point", "coordinates": [2.165259, 41.38695]}, "properties": {"codi": "0098129AR", "species": "Platanus \u00d7 acerifolia", "address": "G.V. Corts Catalanes, 604", "categoria_arbrat": "EXEMPLAR", "emission_weight": 1.0, "source": "ajuntament-arbrat-viari"}}, {"type": "Feature", "geometry": {"type": "Point", "coordinates": [2.166586, 41.390127]}, "properties": {"codi": "0098139AR", "species": "Platanus \u00d7 acerifolia", "address": "C\\ Diputaci\u00f3, 265", "categoria_arbrat": "SEGONA", "emission_weight": 0.65, "source": "ajuntament-arbrat-viari"}}, {"type": "Feature", "geometry": {"type": "Point", "coordinates": [2.161498, 41.391254]}, "properties": {"codi": "0098148AR", "species": "Platanus \u00d7 acerifolia", "address": "C\\ Val\u00e8ncia, 250", "categoria_arbrat": "EXEMPLAR", "emission_weight": 1.0, "source": "ajuntament-arbrat-viari"}}, {"type": "Feature", "geometry": {"type": "Point", "coordinates": [2.167685, 41.393938]}, "properties": {"codi": "0098156AR", "species": "Platanus \u00d7 acerifolia", "address": "C\\ Roger de Ll\u00faria, 61", "categoria_arbrat": "EXEMPLAR", "emission_weight": 1.0, "source": "ajuntament-arbrat-viari"}}, {"type": "Feature", "geometry": {"type": "Point", "coordinates": [2.167803, 41.389701]}, "properties": {"codi": "0098160AR", "species": "Platanus \u00d7 acerifolia", "address": "Pg Gr\u00e0cia, 13", "categoria_arbrat": "EXEMPLAR", "emission_weight": 1.0, "source": "ajuntament-arbrat-viari"}}, {"type": "Feature", "geometry": {"type": "Point", "coordinates": [2.168958, 41.392985]}, "properties": {"codi": "0098163AR", "species": "Platanus \u00d7 acerifolia", "address": "C\\ Roger de Ll\u00faria, 49", "categoria_arbrat": "EXEMPLAR", "emission_weight": 1.0, "source": "ajuntament-arbrat-viari"}}, {"type": "Feature", "geometry": {"type": "Point", "coordinates": [2.162478, 41.393857]}, "properties": {"codi": "0098166AR", "species": "Platanus \u00d7 acerifolia", "address": "Pg Gr\u00e0cia, 75", "categoria_arbrat": "EXEMPLAR", "emission_weight": 1.0, "source": "ajuntament-arbrat-viari"}}, {"type": "Feature", "geometry": {"type": "Point", "coordinates": [2.165056, 41.3868]}, "properties": {"codi": "0098169AR", "species": "Platanus \u00d7 acerifolia", "address": "G.V. Corts Catalanes, 600", "categoria_arbrat": "SEGONA", "emission_weight": 0.65, "source": "ajuntament-arbrat-viari"}}, {"type": "Feature", "geometry": {"type": "Point", "coordinates": [2.163601, 41.392805]}, "properties": {"codi": "0098172AR", "species": "Platanus \u00d7 acerifolia", "address": "C\\ Val\u00e8ncia, 272", "categoria_arbrat": "TERCERA", "emission_weight": 0.45, "source": "ajuntament-arbrat-viari"}}, {"type": "Feature", "geometry": {"type": "Point", "coordinates": [2.16766, 41.389226]}, "properties": {"codi": "0098173AR", "species": "Platanus \u00d7 acerifolia", "address": "G.V. Corts Catalanes, 609", "categoria_arbrat": "SEGONA", "emission_weight": 0.65, "source": "ajuntament-arbrat-viari"}}, {"type": "Feature", "geometry": {"type": "Point", "coordinates": [2.168071, 41.389884]}, "properties": {"codi": "0098179AR", "species": "Platanus \u00d7 acerifolia", "address": "Pg Gr\u00e0cia, 18", "categoria_arbrat": "EXEMPLAR", "emission_weight": 1.0, "source": "ajuntament-arbrat-viari"}}, {"type": "Feature", "geometry": {"type": "Point", "coordinates": [2.159557, 41.391776]}, "properties": {"codi": "0098182AR", "species": "Platanus \u00d7 acerifolia", "address": "C\\ Mallorca, 231", "categoria_arbrat": "EXEMPLAR", "emission_weight": 1.0, "source": "ajuntament-arbrat-viari"}}, {"type": "Feature", "geometry": {"type": "Point", "coordinates": [2.169122, 41.388487]}, "properties": {"codi": "0098183AR", "species": "Platanus \u00d7 acerifolia", "address": "Pg Gr\u00e0cia, 5", "categoria_arbrat": "PRIMERA", "emission_weight": 0.85, "source": "ajuntament-arbrat-viari"}}, {"type": "Feature", "geometry": {"type": "Point", "coordinates": [2.169434, 41.395717]}, "properties": {"codi": "0098186AR", "species": "Platanus \u00d7 acerifolia", "address": "C\\ Arag\u00f3, 315", "categoria_arbrat": "PRIMERA", "emission_weight": 0.85, "source": "ajuntament-arbrat-viari"}}, {"type": "Feature", "geometry": {"type": "Point", "coordinates": [2.161008, 41.395435]}, "properties": {"codi": "0098189AR", "species": "Platanus \u00d7 acerifolia", "address": "Pg Gr\u00e0cia, 98", "categoria_arbrat": "PRIMERA", "emission_weight": 0.85, "source": "ajuntament-arbrat-viari"}}, {"type": "Feature", "geometry": {"type": "Point", "coordinates": [2.169985, 41.388188]}, "properties": {"codi": "0098200AR", "species": "Platanus \u00d7 acerifolia", "address": "Pg Gr\u00e0cia, 2", "categoria_arbrat": "SEGONA", "emission_weight": 0.65, "source": "ajuntament-arbrat-viari"}}, {"type": "Feature", "geometry": {"type": "Point", "coordinates": [2.169969, 41.388345]}, "properties": {"codi": "0098201AR", "species": "Platanus \u00d7 acerifolia", "address": "Pg Gr\u00e0cia, 2", "categoria_arbrat": "EXEMPLAR", "emission_weight": 1.0, "source": "ajuntament-arbrat-viari"}}, {"type": "Feature", "geometry": {"type": "Point", "coordinates": [2.163191, 41.395627]}, "properties": {"codi": "0098207AR", "species": "Platanus \u00d7 acerifolia", "address": "C\\ Pau Claris, 169", "categoria_arbrat": "SEGONA", "emission_weight": 0.65, "source": "ajuntament-arbrat-viari"}}, {"type": "Feature", "geometry": {"type": "Point", "coordinates": [2.169081, 41.388659]}, "properties": {"codi": "0098210AR", "species": "Platanus \u00d7 acerifolia", "address": "Pg Gr\u00e0cia, 7", "categoria_arbrat": "SEGONA", "emission_weight": 0.65, "source": "ajuntament-arbrat-viari"}}, {"type": "Feature", "geometry": {"type": "Point", "coordinates": [2.164461, 41.386448]}, "properties": {"codi": "0098215AR", "species": "Platanus \u00d7 acerifolia", "address": "G.V. Corts Catalanes, 592", "categoria_arbrat": "PRIMERA", "emission_weight": 0.85, "source": "ajuntament-arbrat-viari"}}, {"type": "Feature", "geometry": {"type": "Point", "coordinates": [2.163874, 41.394967]}, "properties": {"codi": "0098233AR", "species": "Platanus \u00d7 acerifolia", "address": "C\\ Mallorca, 277", "categoria_arbrat": "SEGONA", "emission_weight": 0.65, "source": "ajuntament-arbrat-viari"}}, {"type": "Feature", "geometry": {"type": "Point", "coordinates": [2.16533, 41.391948]}, "properties": {"codi": "0098239AR", "species": "Platanus \u00d7 acerifolia", "address": "Pg Gr\u00e0cia, 52", "categoria_arbrat": "EXEMPLAR", "emission_weight": 1.0, "source": "ajuntament-arbrat-viari"}}, {"type": "Feature", "geometry": {"type": "Point", "coordinates": [2.166764, 41.39478]}, "properties": {"codi": "0098240AR", "species": "Platanus \u00d7 acerifolia", "address": "C\\ Roger de Ll\u00faria, 74", "categoria_arbrat": "SEGONA", "emission_weight": 0.65, "source": "ajuntament-arbrat-viari"}}, {"type": "Feature", "geometry": {"type": "Point", "coordinates": [2.160958, 41.395627]}, "properties": {"codi": "0098246AR", "species": "Platanus \u00d7 acerifolia", "address": "Pg Gr\u00e0cia, 100", "categoria_arbrat": "SEGONA", "emission_weight": 0.65, "source": "ajuntament-arbrat-viari"}}, {"type": "Feature", "geometry": {"type": "Point", "coordinates": [2.164833, 41.393769]}, "properties": {"codi": "0098247AR", "species": "Platanus orientalis", "address": "C\\ Val\u00e8ncia, 286", "categoria_arbrat": "SEGONA", "emission_weight": 0.65, "source": "ajuntament-arbrat-viari"}}, {"type": "Feature", "geometry": {"type": "Point", "coordinates": [2.164792, 41.386694]}, "properties": {"codi": "0098252AR", "species": "Platanus \u00d7 acerifolia", "address": "G.V. Corts Catalanes, 596", "categoria_arbrat": "SEGONA", "emission_weight": 0.65, "source": "ajuntament-arbrat-viari"}}, {"type": "Feature", "geometry": {"type": "Point", "coordinates": [2.166383, 41.388112]}, "properties": {"codi": "0098254AR", "species": "Platanus \u00d7 acerifolia", "address": "G.V. Corts Catalanes, 595", "categoria_arbrat": "SEGONA", "emission_weight": 0.65, "source": "ajuntament-arbrat-viari"}}, {"type": "Feature", "geometry": {"type": "Point", "coordinates": [2.160768, 41.394265]}, "properties": {"codi": "0098260AR", "species": "Platanus \u00d7 acerifolia", "address": "C\\ Proven\u00e7a, 249", "categoria_arbrat": "SEGONA", "emission_weight": 0.65, "source": "ajuntament-arbrat-viari"}}, {"type": "Feature", "geometry": {"type": "Point", "coordinates": [2.164311, 41.395229]}, "properties": {"codi": "0098264AR", "species": "Platanus \u00d7 acerifolia", "address": "C\\ Mallorca, 279", "categoria_arbrat": "EXEMPLAR", "emission_weight": 1.0, "source": "ajuntament-arbrat-viari"}}, {"type": "Feature", "geometry": {"type": "Point", "coordinates": [2.169449, 41.386228]}, "properties": {"codi": "0098266AR", "species": "Platanus \u00d7 acerifolia", "address": "Pl Catalunya, 1", "categoria_arbrat": "EXEMPLAR", "emission_weight": 1.0, "source": "ajuntament-arbrat-viari"}}, {"type": "Feature", "geometry": {"type": "Point", "coordinates": [2.168876, 41.388684]}, "properties": {"codi": "0098271AR", "species": "Platanus \u00d7 acerifolia", "address": "Pg Gr\u00e0cia, 9", "categoria_arbrat": "EXEMPLAR", "emission_weight": 1.0, "source": "ajuntament-arbrat-viari"}}, {"type": "Feature", "geometry": {"type": "Point", "coordinates": [2.162594, 41.392224]}, "properties": {"codi": "0098273AR", "species": "Platanus \u00d7 acerifolia", "address": "C\\ Val\u00e8ncia, 241", "categoria_arbrat": "EXEMPLAR", "emission_weight": 1.0, "source": "ajuntament-arbrat-viari"}}, {"type": "Feature", "geometry": {"type": "Point", "coordinates": [2.169309, 41.392716]}, "properties": {"codi": "0098275AR", "species": "Platanus \u00d7 acerifolia", "address": "C\\ Roger de Ll\u00faria, 43", "categoria_arbrat": "SEGONA", "emission_weight": 0.65, "source": "ajuntament-arbrat-viari"}}, {"type": "Feature", "geometry": {"type": "Point", "coordinates": [2.160903, 41.394364]}, "properties": {"codi": "0098278AR", "species": "Platanus \u00d7 acerifolia", "address": "C\\ Proven\u00e7a, 253", "categoria_arbrat": "SEGONA", "emission_weight": 0.65, "source": "ajuntament-arbrat-viari"}}, {"type": "Feature", "geometry": {"type": "Point", "coordinates": [2.167239, 41.388754]}, "properties": {"codi": "0098283AR", "species": "Platanus \u00d7 acerifolia", "address": "G.V. Corts Catalanes, 603", "categoria_arbrat": "EXEMPLAR", "emission_weight": 1.0, "source": "ajuntament-arbrat-viari"}}, {"type": "Feature", "geometry": {"type": "Point", "coordinates": [2.157408, 41.395253]}, "properties": {"codi": "0098293AR", "species": "Platanus \u00d7 acerifolia", "address": "C\\ C\u00f2rsega, 309", "categoria_arbrat": "EXEMPLAR", "emission_weight": 1.0, "source": "ajuntament-arbrat-viari"}}, {"type": "Feature", "geometry": {"type": "Point", "coordinates": [2.16242, 41.393903]}, "properties": {"codi": "0098313AR", "species": "Platanus \u00d7 acerifolia", "address": "Pg Gr\u00e0cia, 75", "categoria_arbrat": "EXEMPLAR", "emission_weight": 1.0, "source": "ajuntament-arbrat-viari"}}, {"type": "Feature", "geometry": {"type": "Point", "coordinates": [2.158495, 41.395969]}, "properties": {"codi": "0098328AR", "species": "Platanus \u00d7 acerifolia", "address": "C\\ C\u00f2rsega, 319", "categoria_arbrat": "EXEMPLAR", "emission_weight": 1.0, "source": "ajuntament-arbrat-viari"}}, {"type": "Feature", "geometry": {"type": "Point", "coordinates": [2.15778, 41.39594]}, "properties": {"codi": "0098330AR", "species": "Platanus \u00d7 acerifolia", "address": "Av Diagonal, 391", "categoria_arbrat": "TERCERA", "emission_weight": 0.45, "source": "ajuntament-arbrat-viari"}}, {"type": "Feature", "geometry": {"type": "Point", "coordinates": [2.165483, 41.394253]}, "properties": {"codi": "0098339AR", "species": "Platanus \u00d7 acerifolia", "address": "C\\ Val\u00e8ncia, 294", "categoria_arbrat": "EXEMPLAR", "emission_weight": 1.0, "source": "ajuntament-arbrat-viari"}}, {"type": "Feature", "geometry": {"type": "Point", "coordinates": [2.161729, 41.394459]}, "properties": {"codi": "0098343AR", "species": "Platanus \u00d7 acerifolia", "address": "Pg Gr\u00e0cia, 83", "categoria_arbrat": "EXEMPLAR", "emission_weight": 1.0, "source": "ajuntament-arbrat-viari"}}, {"type": "Feature", "geometry": {"type": "Point", "coordinates": [2.168141, 41.389828]}, "properties": {"codi": "0098345AR", "species": "Platanus \u00d7 acerifolia", "address": "Pg Gr\u00e0cia, 18", "categoria_arbrat": "TERCERA", "emission_weight": 0.45, "source": "ajuntament-arbrat-viari"}}, {"type": "Feature", "geometry": {"type": "Point", "coordinates": [2.160949, 41.395089]}, "properties": {"codi": "0098347AR", "species": "Platanus \u00d7 acerifolia", "address": "Pg Gr\u00e0cia, 93", "categoria_arbrat": "PRIMERA", "emission_weight": 0.85, "source": "ajuntament-arbrat-viari"}}, {"type": "Feature", "geometry": {"type": "Point", "coordinates": [2.169274, 41.390377]}, "properties": {"codi": "0098352AR", "species": "Platanus \u00d7 acerifolia", "address": "G.V. Corts Catalanes, 617", "categoria_arbrat": "SEGONA", "emission_weight": 0.65, "source": "ajuntament-arbrat-viari"}}, {"type": "Feature", "geometry": {"type": "Point", "coordinates": [2.162544, 41.39419]}, "properties": {"codi": "0098365AR", "species": "Platanus \u00d7 acerifolia", "address": "Pg Gr\u00e0cia, 82", "categoria_arbrat": "SEGONA", "emission_weight": 0.65, "source": "ajuntament-arbrat-viari"}}, {"type": "Feature", "geometry": {"type": "Point", "coordinates": [2.1668, 41.388203]}, "properties": {"codi": "0098368AR", "species": "Platanus \u00d7 acerifolia", "address": "G.V. Corts Catalanes, 624", "categoria_arbrat": "PRIMERA", "emission_weight": 0.85, "source": "ajuntament-arbrat-viari"}}, {"type": "Feature", "geometry": {"type": "Point", "coordinates": [2.167448, 41.390389]}, "properties": {"codi": "0098375AR", "species": "Platanus \u00d7 acerifolia", "address": "Pg Gr\u00e0cia, 30", "categoria_arbrat": "SEGONA", "emission_weight": 0.65, "source": "ajuntament-arbrat-viari"}}, {"type": "Feature", "geometry": {"type": "Point", "coordinates": [2.168457, 41.395209]}, "properties": {"codi": "0098377AR", "species": "Platanus \u00d7 acerifolia", "address": "C\\ Bruc, 100", "categoria_arbrat": "EXEMPLAR", "emission_weight": 1.0, "source": "ajuntament-arbrat-viari"}}, {"type": "Feature", "geometry": {"type": "Point", "coordinates": [2.16461, 41.39268]}, "properties": {"codi": "0098382AR", "species": "Platanus \u00d7 acerifolia", "address": "Pg Gr\u00e0cia, 60", "categoria_arbrat": "EXEMPLAR", "emission_weight": 1.0, "source": "ajuntament-arbrat-viari"}}, {"type": "Feature", "geometry": {"type": "Point", "coordinates": [2.164161, 41.392892]}, "properties": {"codi": "0098383AR", "species": "Platanus \u00d7 acerifolia", "address": "Pg Gr\u00e0cia, 64", "categoria_arbrat": "PRIMERA", "emission_weight": 0.85, "source": "ajuntament-arbrat-viari"}}, {"type": "Feature", "geometry": {"type": "Point", "coordinates": [2.169047, 41.389091]}, "properties": {"codi": "0098391AR", "species": "Platanus \u00d7 acerifolia", "address": "Pg Gr\u00e0cia, 8", "categoria_arbrat": "PRIMERA", "emission_weight": 0.85, "source": "ajuntament-arbrat-viari"}}, {"type": "Feature", "geometry": {"type": "Point", "coordinates": [2.165819, 41.391292]}, "properties": {"codi": "0098392AR", "species": "Platanus \u00d7 acerifolia", "address": "Pg Gr\u00e0cia, 35", "categoria_arbrat": "EXEMPLAR", "emission_weight": 1.0, "source": "ajuntament-arbrat-viari"}}, {"type": "Feature", "geometry": {"type": "Point", "coordinates": [2.166097, 41.391072]}, "properties": {"codi": "0098393AR", "species": "Platanus \u00d7 acerifolia", "address": "Pg Gr\u00e0cia, 33", "categoria_arbrat": "PRIMERA", "emission_weight": 0.85, "source": "ajuntament-arbrat-viari"}}, {"type": "Feature", "geometry": {"type": "Point", "coordinates": [2.168843, 41.386909]}, "properties": {"codi": "0098401AR", "species": "Platanus \u00d7 acerifolia", "address": "Pl Catalunya, 6", "categoria_arbrat": "EXEMPLAR", "emission_weight": 1.0, "source": "ajuntament-arbrat-viari"}}, {"type": "Feature", "geometry": {"type": "Point", "coordinates": [2.161287, 41.394513]}, "properties": {"codi": "0098409AR", "species": "Platanus \u00d7 acerifolia", "address": "C\\ Proven\u00e7a, 294", "categoria_arbrat": "SEGONA", "emission_weight": 0.65, "source": "ajuntament-arbrat-viari"}}, {"type": "Feature", "geometry": {"type": "Point", "coordinates": [2.169114, 41.389848]}, "properties": {"codi": "0098417AR", "species": "Platanus \u00d7 acerifolia", "address": "G.V. Corts Catalanes, 638", "categoria_arbrat": "SEGONA", "emission_weight": 0.65, "source": "ajuntament-arbrat-viari"}}, {"type": "Feature", "geometry": {"type": "Point", "coordinates": [2.169779, 41.385827]}, "properties": {"codi": "0098430AR", "species": "Platanus \u00d7 acerifolia", "address": "Pl Catalunya, 1", "categoria_arbrat": "EXEMPLAR", "emission_weight": 1.0, "source": "ajuntament-arbrat-viari"}}, {"type": "Feature", "geometry": {"type": "Point", "coordinates": [2.167395, 41.390435]}, "properties": {"codi": "0098431AR", "species": "Platanus \u00d7 acerifolia", "address": "Pg Gr\u00e0cia, 30", "categoria_arbrat": "SEGONA", "emission_weight": 0.65, "source": "ajuntament-arbrat-viari"}}, {"type": "Feature", "geometry": {"type": "Point", "coordinates": [2.162374, 41.390411]}, "properties": {"codi": "0098432AR", "species": "Platanus \u00d7 acerifolia", "address": "C\\ Arag\u00f3, 235", "categoria_arbrat": "PRIMERA", "emission_weight": 0.85, "source": "ajuntament-arbrat-viari"}}, {"type": "Feature", "geometry": {"type": "Point", "coordinates": [2.168965, 41.386968]}, "properties": {"codi": "0098445AR", "species": "Platanus \u00d7 acerifolia", "address": "Pl Catalunya, 6", "categoria_arbrat": "PRIMERA", "emission_weight": 0.85, "source": "ajuntament-arbrat-viari"}}, {"type": "Feature", "geometry": {"type": "Point", "coordinates": [2.16057, 41.395932]}, "properties": {"codi": "0098458AR", "species": "Platanus \u00d7 acerifolia", "address": "Pg Gr\u00e0cia, 104", "categoria_arbrat": "EXEMPLAR", "emission_weight": 1.0, "source": "ajuntament-arbrat-viari"}}, {"type": "Feature", "geometry": {"type": "Point", "coordinates": [2.158826, 41.392649]}, "properties": {"codi": "0098460AR", "species": "Platanus \u00d7 acerifolia", "address": "C\\ Proven\u00e7a, 256", "categoria_arbrat": "EXEMPLAR", "emission_weight": 1.0, "source": "ajuntament-arbrat-viari"}}, {"type": "Feature", "geometry": {"type": "Point", "coordinates": [2.168907, 41.388797]}, "properties": {"codi": "0098481AR", "species": "Platanus \u00d7 acerifolia", "address": "Pg Gr\u00e0cia, 9", "categoria_arbrat": "SEGONA", "emission_weight": 0.65, "source": "ajuntament-arbrat-viari"}}, {"type": "Feature", "geometry": {"type": "Point", "coordinates": [2.161064, 41.395391]}, "properties": {"codi": "0098486AR", "species": "Platanus \u00d7 acerifolia", "address": "Pg Gr\u00e0cia, 98", "categoria_arbrat": "SEGONA", "emission_weight": 0.65, "source": "ajuntament-arbrat-viari"}}, {"type": "Feature", "geometry": {"type": "Point", "coordinates": [2.162237, 41.394053]}, "properties": {"codi": "0098487AR", "species": "Platanus \u00d7 acerifolia", "address": "Pg Gr\u00e0cia, 77", "categoria_arbrat": "EXEMPLAR", "emission_weight": 1.0, "source": "ajuntament-arbrat-viari"}}, {"type": "Feature", "geometry": {"type": "Point", "coordinates": [2.162469, 41.39213]}, "properties": {"codi": "0098488AR", "species": "Platanus \u00d7 acerifolia", "address": "C\\ Val\u00e8ncia, 239", "categoria_arbrat": "EXEMPLAR", "emission_weight": 1.0, "source": "ajuntament-arbrat-viari"}}, {"type": "Feature", "geometry": {"type": "Point", "coordinates": [2.169996, 41.39412]}, "properties": {"codi": "0098489AR", "species": "Platanus \u00d7 acerifolia", "address": "C\\ Consell de Cent, 358", "categoria_arbrat": "EXEMPLAR", "emission_weight": 1.0, "source": "ajuntament-arbrat-viari"}}, {"type": "Feature", "geometry": {"type": "Point", "coordinates": [2.163365, 41.389407]}, "properties": {"codi": "0098490AR", "species": "Platanus \u00d7 acerifolia", "address": "C\\ Consell de Cent, 319", "categoria_arbrat": "EXEMPLAR", "emission_weight": 1.0, "source": "ajuntament-arbrat-viari"}}, {"type": "Feature", "geometry": {"type": "Point", "coordinates": [2.165163, 41.391691]}, "properties": {"codi": "0098491AR", "species": "Platanus \u00d7 acerifolia", "address": "Pg Gr\u00e0cia, 41", "categoria_arbrat": "EXEMPLAR", "emission_weight": 1.0, "source": "ajuntament-arbrat-viari"}}, {"type": "Feature", "geometry": {"type": "Point", "coordinates": [2.159897, 41.39593]}, "properties": {"codi": "0098493AR", "species": "Platanus \u00d7 acerifolia", "address": "Pg Gr\u00e0cia, 105", "categoria_arbrat": "EXEMPLAR", "emission_weight": 1.0, "source": "ajuntament-arbrat-viari"}}, {"type": "Feature", "geometry": {"type": "Point", "coordinates": [2.167012, 41.390741]}, "properties": {"codi": "0098494AR", "species": "Platanus \u00d7 acerifolia", "address": "Pg Gr\u00e0cia, 32", "categoria_arbrat": "EXEMPLAR", "emission_weight": 1.0, "source": "ajuntament-arbrat-viari"}}, {"type": "Feature", "geometry": {"type": "Point", "coordinates": [2.163936, 41.392822]}, "properties": {"codi": "0098506AR", "species": "Platanus \u00d7 acerifolia", "address": "Pg Gr\u00e0cia, 59", "categoria_arbrat": "TERCERA", "emission_weight": 0.45, "source": "ajuntament-arbrat-viari"}}, {"type": "Feature", "geometry": {"type": "Point", "coordinates": [2.15771, 41.395994]}, "properties": {"codi": "0098507AR", "species": "Platanus \u00d7 acerifolia", "address": "Av Diagonal, 391", "categoria_arbrat": "EXEMPLAR", "emission_weight": 1.0, "source": "ajuntament-arbrat-viari"}}, {"type": "Feature", "geometry": {"type": "Point", "coordinates": [2.163667, 41.394744]}, "properties": {"codi": "0098508AR", "species": "Platanus \u00d7 acerifolia", "address": "C\\ Mallorca, 275", "categoria_arbrat": "SEGONA", "emission_weight": 0.65, "source": "ajuntament-arbrat-viari"}}, {"type": "Feature", "geometry": {"type": "Point", "coordinates": [2.160264, 41.393734]}, "properties": {"codi": "0098516AR", "species": "Platanus \u00d7 acerifolia", "address": "C\\ Proven\u00e7a, 274", "categoria_arbrat": "EXEMPLAR", "emission_weight": 1.0, "source": "ajuntament-arbrat-viari"}}, {"type": "Feature", "geometry": {"type": "Point", "coordinates": [2.160966, 41.390848]}, "properties": {"codi": "0098517AR", "species": "Platanus \u00d7 acerifolia", "address": "C\\ Val\u00e8ncia, 244", "categoria_arbrat": "EXEMPLAR", "emission_weight": 1.0, "source": "ajuntament-arbrat-viari"}}, {"type": "Feature", "geometry": {"type": "Point", "coordinates": [2.160951, 41.395482]}, "properties": {"codi": "0098521AR", "species": "Platanus \u00d7 acerifolia", "address": "Pg Gr\u00e0cia, 100", "categoria_arbrat": "TERCERA", "emission_weight": 0.45, "source": "ajuntament-arbrat-viari"}}, {"type": "Feature", "geometry": {"type": "Point", "coordinates": [2.160969, 41.394417]}, "properties": {"codi": "0098524AR", "species": "Platanus \u00d7 acerifolia", "address": "C\\ Proven\u00e7a, 255", "categoria_arbrat": "EXEMPLAR", "emission_weight": 1.0, "source": "ajuntament-arbrat-viari"}}, {"type": "Feature", "geometry": {"type": "Point", "coordinates": [2.164053, 41.392981]}, "properties": {"codi": "0098532AR", "species": "Platanus \u00d7 acerifolia", "address": "Pg Gr\u00e0cia, 66", "categoria_arbrat": "PRIMERA", "emission_weight": 0.85, "source": "ajuntament-arbrat-viari"}}, {"type": "Feature", "geometry": {"type": "Point", "coordinates": [2.163315, 41.393325]}, "properties": {"codi": "0098546AR", "species": "Platanus \u00d7 acerifolia", "address": "Pg Gr\u00e0cia, 65", "categoria_arbrat": "SEGONA", "emission_weight": 0.65, "source": "ajuntament-arbrat-viari"}}, {"type": "Feature", "geometry": {"type": "Point", "coordinates": [2.166783, 41.390382]}, "properties": {"codi": "0098549AR", "species": "Platanus \u00d7 acerifolia", "address": "Pg Gr\u00e0cia, 21", "categoria_arbrat": "PRIMERA", "emission_weight": 0.85, "source": "ajuntament-arbrat-viari"}}, {"type": "Feature", "geometry": {"type": "Point", "coordinates": [2.162483, 41.394388]}, "properties": {"codi": "0098552AR", "species": "Platanus \u00d7 acerifolia", "address": "Pg Gr\u00e0cia, 82", "categoria_arbrat": "EXEMPLAR", "emission_weight": 1.0, "source": "ajuntament-arbrat-viari"}}, {"type": "Feature", "geometry": {"type": "Point", "coordinates": [2.160347, 41.395977]}, "properties": {"codi": "0098571AR", "species": "Platanus \u00d7 acerifolia", "address": "Pg Gr\u00e0cia, 104", "categoria_arbrat": "SEGONA", "emission_weight": 0.65, "source": "ajuntament-arbrat-viari"}}, {"type": "Feature", "geometry": {"type": "Point", "coordinates": [2.164864, 41.390205]}, "properties": {"codi": "0098573AR", "species": "Platanus \u00d7 acerifolia", "address": "C\\ Consell de Cent, 298", "categoria_arbrat": "EXEMPLAR", "emission_weight": 1.0, "source": "ajuntament-arbrat-viari"}}, {"type": "Feature", "geometry": {"type": "Point", "coordinates": [2.16898, 41.38984]}, "properties": {"codi": "0098574AR", "species": "Platanus \u00d7 acerifolia", "address": "G.V. Corts Catalanes, 636", "categoria_arbrat": "SEGONA", "emission_weight": 0.65, "source": "ajuntament-arbrat-viari"}}, {"type": "Feature", "geometry": {"type": "Point", "coordinates": [2.161928, 41.394438]}, "properties": {"codi": "0098575AR", "species": "Platanus \u00d7 acerifolia", "address": "Pg Gr\u00e0cia, 83", "categoria_arbrat": "EXEMPLAR", "emission_weight": 1.0, "source": "ajuntament-arbrat-viari"}}, {"type": "Feature", "geometry": {"type": "Point", "coordinates": [2.169665, 41.385975]}, "properties": {"codi": "0098577AR", "species": "Platanus \u00d7 acerifolia", "address": "Pl Catalunya, 1", "categoria_arbrat": "EXEMPLAR", "emission_weight": 1.0, "source": "ajuntament-arbrat-viari"}}, {"type": "Feature", "geometry": {"type": "Point", "coordinates": [2.156985, 41.395738]}, "properties": {"codi": "0098584AR", "species": "Platanus \u00d7 acerifolia", "address": "Av Diagonal, 399", "categoria_arbrat": "SEGONA", "emission_weight": 0.65, "source": "ajuntament-arbrat-viari"}}, {"type": "Feature", "geometry": {"type": "Point", "coordinates": [2.167256, 41.392493]}, "properties": {"codi": "0098587AR", "species": "Platanus \u00d7 acerifolia", "address": "C\\ Consell de Cent, 361", "categoria_arbrat": "EXEMPLAR", "emission_weight": 1.0, "source": "ajuntament-arbrat-viari"}}, {"type": "Feature", "geometry": {"type": "Point", "coordinates": [2.163181, 41.393827]}, "properties": {"codi": "0098591AR", "species": "Platanus \u00d7 acerifolia", "address": "Pg Gr\u00e0cia, 78", "categoria_arbrat": "EXEMPLAR", "emission_weight": 1.0, "source": "ajuntament-arbrat-viari"}}, {"type": "Feature", "geometry": {"type": "Point", "coordinates": [2.161169, 41.394568]}, "properties": {"codi": "0098593AR", "species": "Platanus \u00d7 acerifolia", "address": "C\\ Proven\u00e7a, 259", "categoria_arbrat": "SEGONA", "emission_weight": 0.65, "source": "ajuntament-arbrat-viari"}}, {"type": "Feature", "geometry": {"type": "Point", "coordinates": [2.169817, 41.388759]}, "properties": {"codi": "0098614AR", "species": "Platanus \u00d7 acerifolia", "address": "C\\ Casp, 1", "categoria_arbrat": "EXEMPLAR", "emission_weight": 1.0, "source": "ajuntament-arbrat-viari"}}, {"type": "Feature", "geometry": {"type": "Point", "coordinates": [2.161664, 41.394512]}, "properties": {"codi": "0098618AR", "species": "Platanus \u00d7 acerifolia", "address": "Pg Gr\u00e0cia, 87", "categoria_arbrat": "SEGONA", "emission_weight": 0.65, "source": "ajuntament-arbrat-viari"}}, {"type": "Feature", "geometry": {"type": "Point", "coordinates": [2.168805, 41.389146]}, "properties": {"codi": "0098625AR", "species": "Platanus \u00d7 acerifolia", "address": "Pg Gr\u00e0cia, 12", "categoria_arbrat": "PRIMERA", "emission_weight": 0.85, "source": "ajuntament-arbrat-viari"}}, {"type": "Feature", "geometry": {"type": "Point", "coordinates": [2.168829, 41.391358]}, "properties": {"codi": "0098630AR", "species": "Platanus \u00d7 acerifolia", "address": "C\\ Pau Claris, 103", "categoria_arbrat": "EXEMPLAR", "emission_weight": 1.0, "source": "ajuntament-arbrat-viari"}}, {"type": "Feature", "geometry": {"type": "Point", "coordinates": [2.168575, 41.389064]}, "properties": {"codi": "0098633AR", "species": "Platanus \u00d7 acerifolia", "address": "Pg Gr\u00e0cia, 11", "categoria_arbrat": "EXEMPLAR", "emission_weight": 1.0, "source": "ajuntament-arbrat-viari"}}, {"type": "Feature", "geometry": {"type": "Point", "coordinates": [2.166767, 41.390938]}, "properties": {"codi": "0098634AR", "species": "Platanus \u00d7 acerifolia", "address": "Pg Gr\u00e0cia, 36", "categoria_arbrat": "EXEMPLAR", "emission_weight": 1.0, "source": "ajuntament-arbrat-viari"}}, {"type": "Feature", "geometry": {"type": "Point", "coordinates": [2.165469, 41.391988]}, "properties": {"codi": "0098638AR", "species": "Platanus \u00d7 acerifolia", "address": "Pg Gr\u00e0cia, 52", "categoria_arbrat": "EXEMPLAR", "emission_weight": 1.0, "source": "ajuntament-arbrat-viari"}}, {"type": "Feature", "geometry": {"type": "Point", "coordinates": [2.166613, 41.394967]}, "properties": {"codi": "0098641AR", "species": "Platanus \u00d7 acerifolia", "address": "C\\ Roger de Ll\u00faria, 80", "categoria_arbrat": "SEGONA", "emission_weight": 0.65, "source": "ajuntament-arbrat-viari"}}, {"type": "Feature", "geometry": {"type": "Point", "coordinates": [2.167131, 41.390235]}, "properties": {"codi": "0098645AR", "species": "Platanus \u00d7 acerifolia", "address": "Pg Gr\u00e0cia, 19", "categoria_arbrat": "PRIMERA", "emission_weight": 0.85, "source": "ajuntament-arbrat-viari"}}, {"type": "Feature", "geometry": {"type": "Point", "coordinates": [2.166907, 41.390419]}, "properties": {"codi": "0098648AR", "species": "Platanus \u00d7 acerifolia", "address": "Pg Gr\u00e0cia, 21", "categoria_arbrat": "EXEMPLAR", "emission_weight": 1.0, "source": "ajuntament-arbrat-viari"}}, {"type": "Feature", "geometry": {"type": "Point", "coordinates": [2.16182, 41.394528]}, "properties": {"codi": "0098661AR", "species": "Platanus \u00d7 acerifolia", "address": "Pg Gr\u00e0cia, 85", "categoria_arbrat": "EXEMPLAR", "emission_weight": 1.0, "source": "ajuntament-arbrat-viari"}}, {"type": "Feature", "geometry": {"type": "Point", "coordinates": [2.160773, 41.395981]}, "properties": {"codi": "0098666AR", "species": "Platanus \u00d7 acerifolia", "address": "C\\ Rossell\u00f3, 263", "categoria_arbrat": "EXEMPLAR", "emission_weight": 1.0, "source": "ajuntament-arbrat-viari"}}, {"type": "Feature", "geometry": {"type": "Point", "coordinates": [2.167441, 41.38869]}, "properties": {"codi": "0098667AR", "species": "Platanus \u00d7 acerifolia", "address": "G.V. Corts Catalanes, 628", "categoria_arbrat": "PRIMERA", "emission_weight": 0.85, "source": "ajuntament-arbrat-viari"}}, {"type": "Feature", "geometry": {"type": "Point", "coordinates": [2.161906, 41.39486]}, "properties": {"codi": "0098669AR", "species": "Platanus \u00d7 acerifolia", "address": "Pg Gr\u00e0cia, 90", "categoria_arbrat": "EXEMPLAR", "emission_weight": 1.0, "source": "ajuntament-arbrat-viari"}}, {"type": "Feature", "geometry": {"type": "Point", "coordinates": [2.157272, 41.395041]}, "properties": {"codi": "0098674AR", "species": "Platanus \u00d7 acerifolia", "address": "C\\ C\u00f2rsega, 307", "categoria_arbrat": "EXEMPLAR", "emission_weight": 1.0, "source": "ajuntament-arbrat-viari"}}, {"type": "Feature", "geometry": {"type": "Point", "coordinates": [2.164331, 41.39276]}, "properties": {"codi": "0098676AR", "species": "Platanus \u00d7 acerifolia", "address": "Pg Gr\u00e0cia, 62", "categoria_arbrat": "SEGONA", "emission_weight": 0.65, "source": "ajuntament-arbrat-viari"}}, {"type": "Feature", "geometry": {"type": "Point", "coordinates": [2.166773, 41.391975]}, "properties": {"codi": "0098677AR", "species": "Platanus \u00d7 acerifolia", "address": "C\\ Consell de Cent, 357", "categoria_arbrat": "SEGONA", "emission_weight": 0.65, "source": "ajuntament-arbrat-viari"}}, {"type": "Feature", "geometry": {"type": "Point", "coordinates": [2.166726, 41.390568]}, "properties": {"codi": "0098681AR", "species": "Platanus \u00d7 acerifolia", "address": "Pg Gr\u00e0cia, 23", "categoria_arbrat": "SEGONA", "emission_weight": 0.65, "source": "ajuntament-arbrat-viari"}}, {"type": "Feature", "geometry": {"type": "Point", "coordinates": [2.169253, 41.389958]}, "properties": {"codi": "0098684AR", "species": "Platanus \u00d7 acerifolia", "address": "G.V. Corts Catalanes, 640", "categoria_arbrat": "SEGONA", "emission_weight": 0.65, "source": "ajuntament-arbrat-viari"}}, {"type": "Feature", "geometry": {"type": "Point", "coordinates": [2.162876, 41.393538]}, "properties": {"codi": "0098685AR", "species": "Platanus \u00d7 acerifolia", "address": "Pg Gr\u00e0cia, 71", "categoria_arbrat": "EXEMPLAR", "emission_weight": 1.0, "source": "ajuntament-arbrat-viari"}}, {"type": "Feature", "geometry": {"type": "Point", "coordinates": [2.164214, 41.392459]}, "properties": {"codi": "0098696AR", "species": "Platanus \u00d7 acerifolia", "address": "Pg Gr\u00e0cia, 51", "categoria_arbrat": "EXEMPLAR", "emission_weight": 1.0, "source": "ajuntament-arbrat-viari"}}, {"type": "Feature", "geometry": {"type": "Point", "coordinates": [2.169782, 41.386033]}, "properties": {"codi": "0098697AR", "species": "Platanus \u00d7 acerifolia", "address": "Pl Catalunya, 1", "categoria_arbrat": "PRIMERA", "emission_weight": 0.85, "source": "ajuntament-arbrat-viari"}}, {"type": "Feature", "geometry": {"type": "Point", "coordinates": [2.164921, 41.386697]}, "properties": {"codi": "0098699AR", "species": "Platanus \u00d7 acerifolia", "address": "G.V. Corts Catalanes, 598", "categoria_arbrat": "EXEMPLAR", "emission_weight": 1.0, "source": "ajuntament-arbrat-viari"}}, {"type": "Feature", "geometry": {"type": "Point", "coordinates": [2.166075, 41.395152]}, "properties": {"codi": "0098705AR", "species": "Platanus \u00d7 acerifolia", "address": "C\\ Roger de Ll\u00faria, 87", "categoria_arbrat": "TERCERA", "emission_weight": 0.45, "source": "ajuntament-arbrat-viari"}}, {"type": "Feature", "geometry": {"type": "Point", "coordinates": [2.163095, 41.393496]}, "properties": {"codi": "0098718AR", "species": "Platanus \u00d7 acerifolia", "address": "Pg Gr\u00e0cia, 69", "categoria_arbrat": "SEGONA", "emission_weight": 0.65, "source": "ajuntament-arbrat-viari"}}, {"type": "Feature", "geometry": {"type": "Point", "coordinates": [2.169335, 41.390331]}, "properties": {"codi": "0098719AR", "species": "Platanus \u00d7 acerifolia", "address": "G.V. Corts Catalanes, 617", "categoria_arbrat": "SEGONA", "emission_weight": 0.65, "source": "ajuntament-arbrat-viari"}}, {"type": "Feature", "geometry": {"type": "Point", "coordinates": [2.164524, 41.39177]}, "properties": {"codi": "0098721AR", "species": "Platanus \u00d7 acerifolia", "address": "C\\ Arag\u00f3, 274", "categoria_arbrat": "PRIMERA", "emission_weight": 0.85, "source": "ajuntament-arbrat-viari"}}, {"type": "Feature", "geometry": {"type": "Point", "coordinates": [2.166739, 41.388155]}, "properties": {"codi": "0098723AR", "species": "Platanus \u00d7 acerifolia", "address": "G.V. Corts Catalanes, 622", "categoria_arbrat": "SEGONA", "emission_weight": 0.65, "source": "ajuntament-arbrat-viari"}}, {"type": "Feature", "geometry": {"type": "Point", "coordinates": [2.163058, 41.392429]}, "properties": {"codi": "0098725AR", "species": "Platanus \u00d7 acerifolia", "address": "C\\ Val\u00e8ncia, 268", "categoria_arbrat": "SEGONA", "emission_weight": 0.65, "source": "ajuntament-arbrat-viari"}}, {"type": "Feature", "geometry": {"type": "Point", "coordinates": [2.166332, 41.391292]}, "properties": {"codi": "0098733AR", "species": "Platanus \u00d7 acerifolia", "address": "Pg Gr\u00e0cia, 42", "categoria_arbrat": "SEGONA", "emission_weight": 0.65, "source": "ajuntament-arbrat-viari"}}, {"type": "Feature", "geometry": {"type": "Point", "coordinates": [2.161123, 41.395347]}, "properties": {"codi": "0098737AR", "species": "Platanus \u00d7 acerifolia", "address": "Pg Gr\u00e0cia, 96", "categoria_arbrat": "SEGONA", "emission_weight": 0.65, "source": "ajuntament-arbrat-viari"}}, {"type": "Feature", "geometry": {"type": "Point", "coordinates": [2.168685, 41.387092]}, "properties": {"codi": "0098746AR", "species": "Platanus \u00d7 acerifolia", "address": "Pl Catalunya, 7", "categoria_arbrat": "EXEMPLAR", "emission_weight": 1.0, "source": "ajuntament-arbrat-viari"}}, {"type": "Feature", "geometry": {"type": "Point", "coordinates": [2.166114, 41.387687]}, "properties": {"codi": "0098761AR", "species": "Platanus \u00d7 acerifolia", "address": "G.V. Corts Catalanes, 612", "categoria_arbrat": "SEGONA", "emission_weight": 0.65, "source": "ajuntament-arbrat-viari"}}, {"type": "Feature", "geometry": {"type": "Point", "coordinates": [2.163496, 41.394467]}, "properties": {"codi": "0098765AR", "species": "Platanus \u00d7 acerifolia", "address": "C\\ Mallorca, 260", "categoria_arbrat": "SEGONA", "emission_weight": 0.65, "source": "ajuntament-arbrat-viari"}}, {"type": "Feature", "geometry": {"type": "Point", "coordinates": [2.168494, 41.388989]}, "properties": {"codi": "0098772AR", "species": "Platanus \u00d7 acerifolia", "address": "Pg Gr\u00e0cia, 11", "categoria_arbrat": "EXEMPLAR", "emission_weight": 1.0, "source": "ajuntament-arbrat-viari"}}, {"type": "Feature", "geometry": {"type": "Point", "coordinates": [2.161137, 41.394935]}, "properties": {"codi": "0098774AR", "species": "Platanus \u00d7 acerifolia", "address": "Pg Gr\u00e0cia, 91", "categoria_arbrat": "SEGONA", "emission_weight": 0.65, "source": "ajuntament-arbrat-viari"}}, {"type": "Feature", "geometry": {"type": "Point", "coordinates": [2.16737, 41.388637]}, "properties": {"codi": "0098779AR", "species": "Platanus \u00d7 acerifolia", "address": "G.V. Corts Catalanes, 628", "categoria_arbrat": "EXEMPLAR", "emission_weight": 1.0, "source": "ajuntament-arbrat-viari"}}, {"type": "Feature", "geometry": {"type": "Point", "coordinates": [2.164724, 41.386644]}, "properties": {"codi": "0098787AR", "species": "Platanus \u00d7 acerifolia", "address": "G.V. Corts Catalanes, 596", "categoria_arbrat": "SEGONA", "emission_weight": 0.65, "source": "ajuntament-arbrat-viari"}}, {"type": "Feature", "geometry": {"type": "Point", "coordinates": [2.169371, 41.388681]}, "properties": {"codi": "0098792AR", "species": "Platanus \u00d7 acerifolia", "address": "Pg Gr\u00e0cia, 6", "categoria_arbrat": "EXEMPLAR", "emission_weight": 1.0, "source": "ajuntament-arbrat-viari"}}, {"type": "Feature", "geometry": {"type": "Point", "coordinates": [2.165385, 41.391903]}, "properties": {"codi": "0098802AR", "species": "Platanus \u00d7 acerifolia", "address": "Pg Gr\u00e0cia, 52", "categoria_arbrat": "TERCERA", "emission_weight": 0.45, "source": "ajuntament-arbrat-viari"}}, {"type": "Feature", "geometry": {"type": "Point", "coordinates": [2.168904, 41.38684]}, "properties": {"codi": "0098806AR", "species": "Platanus \u00d7 acerifolia", "address": "Pl Catalunya, 5", "categoria_arbrat": "PRIMERA", "emission_weight": 0.85, "source": "ajuntament-arbrat-viari"}}, {"type": "Feature", "geometry": {"type": "Point", "coordinates": [2.159704, 41.393474]}, "properties": {"codi": "0098815AR", "species": "Platanus \u00d7 acerifolia", "address": "C\\ Proven\u00e7a, 237", "categoria_arbrat": "SEGONA", "emission_weight": 0.65, "source": "ajuntament-arbrat-viari"}}, {"type": "Feature", "geometry": {"type": "Point", "coordinates": [2.157963, 41.395235]}, "properties": {"codi": "0098821AR", "species": "Platanus \u00d7 acerifolia", "address": "C\\ C\u00f2rsega, 296", "categoria_arbrat": "EXEMPLAR", "emission_weight": 1.0, "source": "ajuntament-arbrat-viari"}}, {"type": "Feature", "geometry": {"type": "Point", "coordinates": [2.163125, 41.39333]}, "properties": {"codi": "0098823AR", "species": "Platanus \u00d7 acerifolia", "address": "Pg Gr\u00e0cia, 67", "categoria_arbrat": "EXEMPLAR", "emission_weight": 1.0, "source": "ajuntament-arbrat-viari"}}, {"type": "Feature", "geometry": {"type": "Point", "coordinates": [2.169065, 41.388531]}, "properties": {"codi": "0098824AR", "species": "Platanus \u00d7 acerifolia", "address": "Pg Gr\u00e0cia, 7", "categoria_arbrat": "EXEMPLAR", "emission_weight": 1.0, "source": "ajuntament-arbrat-viari"}}, {"type": "Feature", "geometry": {"type": "Point", "coordinates": [2.166683, 41.395156]}, "properties": {"codi": "0098828AR", "species": "Platanus \u00d7 acerifolia", "address": "C\\ Val\u00e8ncia, 312", "categoria_arbrat": "TERCERA", "emission_weight": 0.45, "source": "ajuntament-arbrat-viari"}}, {"type": "Feature", "geometry": {"type": "Point", "coordinates": [2.160231, 41.395805]}, "properties": {"codi": "0098832AR", "species": "Platanus \u00d7 acerifolia", "address": "Pg Gr\u00e0cia, 101", "categoria_arbrat": "SEGONA", "emission_weight": 0.65, "source": "ajuntament-arbrat-viari"}}, {"type": "Feature", "geometry": {"type": "Point", "coordinates": [2.162745, 41.394181]}, "properties": {"codi": "0098833AR", "species": "Platanus \u00d7 acerifolia", "address": "Pg Gr\u00e0cia, 82", "categoria_arbrat": "EXEMPLAR", "emission_weight": 1.0, "source": "ajuntament-arbrat-viari"}}, {"type": "Feature", "geometry": {"type": "Point", "coordinates": [2.164122, 41.393213]}, "properties": {"codi": "0098850AR", "species": "Platanus \u00d7 acerifolia", "address": "C\\ Val\u00e8ncia, 274", "categoria_arbrat": "EXEMPLAR", "emission_weight": 1.0, "source": "ajuntament-arbrat-viari"}}, {"type": "Feature", "geometry": {"type": "Point", "coordinates": [2.160787, 41.395361]}, "properties": {"codi": "0098856AR", "species": "Platanus \u00d7 acerifolia", "address": "Pg Gr\u00e0cia, 97", "categoria_arbrat": "TERCERA", "emission_weight": 0.45, "source": "ajuntament-arbrat-viari"}}, {"type": "Feature", "geometry": {"type": "Point", "coordinates": [2.159818, 41.391573]}, "properties": {"codi": "0098862AR", "species": "Platanus \u00d7 acerifolia", "address": "C\\ Mallorca, 224", "categoria_arbrat": "EXEMPLAR", "emission_weight": 1.0, "source": "ajuntament-arbrat-viari"}}, {"type": "Feature", "geometry": {"type": "Point", "coordinates": [2.164159, 41.394828]}, "properties": {"codi": "0098863AR", "species": "Platanus \u00d7 acerifolia", "address": "C\\ Mallorca, 268", "categoria_arbrat": "SEGONA", "emission_weight": 0.65, "source": "ajuntament-arbrat-viari"}}, {"type": "Feature", "geometry": {"type": "Point", "coordinates": [2.163248, 41.393781]}, "properties": {"codi": "0098874AR", "species": "Platanus \u00d7 acerifolia", "address": "Pg Gr\u00e0cia, 78", "categoria_arbrat": "SEGONA", "emission_weight": 0.65, "source": "ajuntament-arbrat-viari"}}, {"type": "Feature", "geometry": {"type": "Point", "coordinates": [2.163079, 41.394156]}, "properties": {"codi": "0098880AR", "species": "Platanus \u00d7 acerifolia", "address": "C\\ Mallorca, 256", "categoria_arbrat": "TERCERA", "emission_weight": 0.45, "source": "ajuntament-arbrat-viari"}}, {"type": "Feature", "geometry": {"type": "Point", "coordinates": [2.169219, 41.392919]}, "properties": {"codi": "0098891AR", "species": "Platanus \u00d7 acerifolia", "address": "C\\ Roger de Ll\u00faria, 54", "categoria_arbrat": "EXEMPLAR", "emission_weight": 1.0, "source": "ajuntament-arbrat-viari"}}, {"type": "Feature", "geometry": {"type": "Point", "coordinates": [2.162984, 41.393586]}, "properties": {"codi": "0098892AR", "species": "Platanus \u00d7 acerifolia", "address": "Pg Gr\u00e0cia, 71", "categoria_arbrat": "SEGONA", "emission_weight": 0.65, "source": "ajuntament-arbrat-viari"}}, {"type": "Feature", "geometry": {"type": "Point", "coordinates": [2.169289, 41.386411]}, "properties": {"codi": "0098909AR", "species": "Platanus \u00d7 acerifolia", "address": "Pl Catalunya, 1", "categoria_arbrat": "EXEMPLAR", "emission_weight": 1.0, "source": "ajuntament-arbrat-viari"}}, {"type": "Feature", "geometry": {"type": "Point", "coordinates": [2.167169, 41.394473]}, "properties": {"codi": "0098911AR", "species": "Platanus \u00d7 acerifolia", "address": "C\\ Roger de Ll\u00faria, 70", "categoria_arbrat": "SEGONA", "emission_weight": 0.65, "source": "ajuntament-arbrat-viari"}}, {"type": "Feature", "geometry": {"type": "Point", "coordinates": [2.168844, 41.386478]}, "properties": {"codi": "0098916AR", "species": "Platanus \u00d7 acerifolia", "address": "Pl Catalunya, 5", "categoria_arbrat": "EXEMPLAR", "emission_weight": 1.0, "source": "ajuntament-arbrat-viari"}}, {"type": "Feature", "geometry": {"type": "Point", "coordinates": [2.169404, 41.386469]}, "properties": {"codi": "0098919AR", "species": "Platanus \u00d7 acerifolia", "address": "Pl Catalunya, 1", "categoria_arbrat": "SEGONA", "emission_weight": 0.65, "source": "ajuntament-arbrat-viari"}}, {"type": "Feature", "geometry": {"type": "Point", "coordinates": [2.162326, 41.394369]}, "properties": {"codi": "0098923AR", "species": "Platanus \u00d7 acerifolia", "address": "Pg Gr\u00e0cia, 84", "categoria_arbrat": "SEGONA", "emission_weight": 0.65, "source": "ajuntament-arbrat-viari"}}, {"type": "Feature", "geometry": {"type": "Point", "coordinates": [2.166715, 41.390437]}, "properties": {"codi": "0098930AR", "species": "Platanus \u00d7 acerifolia", "address": "Pg Gr\u00e0cia, 21", "categoria_arbrat": "EXEMPLAR", "emission_weight": 1.0, "source": "ajuntament-arbrat-viari"}}, {"type": "Feature", "geometry": {"type": "Point", "coordinates": [2.168914, 41.389047]}, "properties": {"codi": "0098934AR", "species": "Platanus \u00d7 acerifolia", "address": "Pg Gr\u00e0cia, 12", "categoria_arbrat": "SEGONA", "emission_weight": 0.65, "source": "ajuntament-arbrat-viari"}}, {"type": "Feature", "geometry": {"type": "Point", "coordinates": [2.165482, 41.391438]}, "properties": {"codi": "0098940AR", "species": "Platanus \u00d7 acerifolia", "address": "Pg Gr\u00e0cia, 37", "categoria_arbrat": "EXEMPLAR", "emission_weight": 1.0, "source": "ajuntament-arbrat-viari"}}, {"type": "Feature", "geometry": {"type": "Point", "coordinates": [2.168791, 41.386969]}, "properties": {"codi": "0098941AR", "species": "Platanus \u00d7 acerifolia", "address": "Pl Catalunya, 6", "categoria_arbrat": "EXEMPLAR", "emission_weight": 1.0, "source": "ajuntament-arbrat-viari"}}, {"type": "Feature", "geometry": {"type": "Point", "coordinates": [2.164993, 41.386845]}, "properties": {"codi": "0098953AR", "species": "Platanus \u00d7 acerifolia", "address": "G.V. Corts Catalanes, 600", "categoria_arbrat": "PRIMERA", "emission_weight": 0.85, "source": "ajuntament-arbrat-viari"}}, {"type": "Feature", "geometry": {"type": "Point", "coordinates": [2.168624, 41.389888]}, "properties": {"codi": "0098954AR", "species": "Platanus \u00d7 acerifolia", "address": "G.V. Corts Catalanes, 611", "categoria_arbrat": "SEGONA", "emission_weight": 0.65, "source": "ajuntament-arbrat-viari"}}, {"type": "Feature", "geometry": {"type": "Point", "coordinates": [2.16634, 41.3915]}, "properties": {"codi": "0098962AR", "species": "Platanus \u00d7 acerifolia", "address": "C\\ Consell de Cent, 312", "categoria_arbrat": "SEGONA", "emission_weight": 0.65, "source": "ajuntament-arbrat-viari"}}, {"type": "Feature", "geometry": {"type": "Point", "coordinates": [2.168893, 41.389212]}, "properties": {"codi": "0098963AR", "species": "Platanus \u00d7 acerifolia", "address": "Pg Gr\u00e0cia, 12", "categoria_arbrat": "SEGONA", "emission_weight": 0.65, "source": "ajuntament-arbrat-viari"}}, {"type": "Feature", "geometry": {"type": "Point", "coordinates": [2.159287, 41.392996]}, "properties": {"codi": "0098965AR", "species": "Platanus \u00d7 acerifolia", "address": "C\\ Proven\u00e7a, 264", "categoria_arbrat": "EXEMPLAR", "emission_weight": 1.0, "source": "ajuntament-arbrat-viari"}}, {"type": "Feature", "geometry": {"type": "Point", "coordinates": [2.167117, 41.394365]}, "properties": {"codi": "0098968AR", "species": "Platanus \u00d7 acerifolia", "address": "C\\ Roger de Ll\u00faria, 67", "categoria_arbrat": "SEGONA", "emission_weight": 0.65, "source": "ajuntament-arbrat-viari"}}, {"type": "Feature", "geometry": {"type": "Point", "coordinates": [2.162668, 41.39424]}, "properties": {"codi": "0098979AR", "species": "Platanus \u00d7 acerifolia", "address": "Pg Gr\u00e0cia, 82", "categoria_arbrat": "SEGONA", "emission_weight": 0.65, "source": "ajuntament-arbrat-viari"}}, {"type": "Feature", "geometry": {"type": "Point", "coordinates": [2.163385, 41.393129]}, "properties": {"codi": "0098983AR", "species": "Platanus \u00d7 acerifolia", "address": "Pg Gr\u00e0cia, 61", "categoria_arbrat": "EXEMPLAR", "emission_weight": 1.0, "source": "ajuntament-arbrat-viari"}}, {"type": "Feature", "geometry": {"type": "Point", "coordinates": [2.169554, 41.386102]}, "properties": {"codi": "0098985AR", "species": "Platanus \u00d7 acerifolia", "address": "Pl Catalunya, 1", "categoria_arbrat": "TERCERA", "emission_weight": 0.45, "source": "ajuntament-arbrat-viari"}}, {"type": "Feature", "geometry": {"type": "Point", "coordinates": [2.166593, 41.387954]}, "properties": {"codi": "0098987AR", "species": "Platanus \u00d7 acerifolia", "address": "G.V. Corts Catalanes, 620", "categoria_arbrat": "PRIMERA", "emission_weight": 0.85, "source": "ajuntament-arbrat-viari"}}, {"type": "Feature", "geometry": {"type": "Point", "coordinates": [2.159843, 41.391865]}, "properties": {"codi": "0098995AR", "species": "Platanus \u00d7 acerifolia", "address": "C\\ Mallorca, 233", "categoria_arbrat": "EXEMPLAR", "emission_weight": 1.0, "source": "ajuntament-arbrat-viari"}}, {"type": "Feature", "geometry": {"type": "Point", "coordinates": [2.169475, 41.388598]}, "properties": {"codi": "0099004AR", "species": "Platanus \u00d7 acerifolia", "address": "Pg Gr\u00e0cia, 6", "categoria_arbrat": "EXEMPLAR", "emission_weight": 1.0, "source": "ajuntament-arbrat-viari"}}, {"type": "Feature", "geometry": {"type": "Point", "coordinates": [2.169621, 41.39033]}, "properties": {"codi": "0099011AR", "species": "Platanus \u00d7 acerifolia", "address": "G.V. Corts Catalanes, 646", "categoria_arbrat": "TERCERA", "emission_weight": 0.45, "source": "ajuntament-arbrat-viari"}}, {"type": "Feature", "geometry": {"type": "Point", "coordinates": [2.16108, 41.394983]}, "properties": {"codi": "0099017AR", "species": "Platanus \u00d7 acerifolia", "address": "Pg Gr\u00e0cia, 91", "categoria_arbrat": "PRIMERA", "emission_weight": 0.85, "source": "ajuntament-arbrat-viari"}}, {"type": "Feature", "geometry": {"type": "Point", "coordinates": [2.164498, 41.392625]}, "properties": {"codi": "0099025AR", "species": "Platanus \u00d7 acerifolia", "address": "Pg Gr\u00e0cia, 60", "categoria_arbrat": "SEGONA", "emission_weight": 0.65, "source": "ajuntament-arbrat-viari"}}, {"type": "Feature", "geometry": {"type": "Point", "coordinates": [2.159975, 41.39381]}, "properties": {"codi": "0099028AR", "species": "Platanus \u00d7 acerifolia", "address": "C\\ Proven\u00e7a, 241", "categoria_arbrat": "EXEMPLAR", "emission_weight": 1.0, "source": "ajuntament-arbrat-viari"}}, {"type": "Feature", "geometry": {"type": "Point", "coordinates": [2.167573, 41.389881]}, "properties": {"codi": "0099033AR", "species": "Platanus \u00d7 acerifolia", "address": "Pg Gr\u00e0cia, 15", "categoria_arbrat": "SEGONA", "emission_weight": 0.65, "source": "ajuntament-arbrat-viari"}}, {"type": "Feature", "geometry": {"type": "Point", "coordinates": [2.165764, 41.387742]}, "properties": {"codi": "0099036AR", "species": "Platanus \u00d7 acerifolia", "address": "G.V. Corts Catalanes, 587", "categoria_arbrat": "TERCERA", "emission_weight": 0.45, "source": "ajuntament-arbrat-viari"}}, {"type": "Feature", "geometry": {"type": "Point", "coordinates": [2.164496, 41.395369]}, "properties": {"codi": "0099037AR", "species": "Platanus \u00d7 acerifolia", "address": "C\\ Mallorca, 281", "categoria_arbrat": "SEGONA", "emission_weight": 0.65, "source": "ajuntament-arbrat-viari"}}, {"type": "Feature", "geometry": {"type": "Point", "coordinates": [2.168024, 41.395529]}, "properties": {"codi": "0099055AR", "species": "Platanus \u00d7 acerifolia", "address": "C\\ Bruc, 104", "categoria_arbrat": "TERCERA", "emission_weight": 0.45, "source": "ajuntament-arbrat-viari"}}, {"type": "Feature", "geometry": {"type": "Point", "coordinates": [2.167691, 41.390189]}, "properties": {"codi": "0099061AR", "species": "Platanus \u00d7 acerifolia", "address": "Pg Gr\u00e0cia, 26", "categoria_arbrat": "EXEMPLAR", "emission_weight": 1.0, "source": "ajuntament-arbrat-viari"}}, {"type": "Feature", "geometry": {"type": "Point", "coordinates": [2.16332, 41.393715]}, "properties": {"codi": "0099062AR", "species": "Platanus \u00d7 acerifolia", "address": "Pg Gr\u00e0cia, 76", "categoria_arbrat": "EXEMPLAR", "emission_weight": 1.0, "source": "ajuntament-arbrat-viari"}}, {"type": "Feature", "geometry": {"type": "Point", "coordinates": [2.162805, 41.394136]}, "properties": {"codi": "0099066AR", "species": "Platanus \u00d7 acerifolia", "address": "Pg Gr\u00e0cia, 82", "categoria_arbrat": "TERCERA", "emission_weight": 0.45, "source": "ajuntament-arbrat-viari"}}, {"type": "Feature", "geometry": {"type": "Point", "coordinates": [2.161366, 41.394755]}, "properties": {"codi": "0099076AR", "species": "Platanus \u00d7 acerifolia", "address": "Pg Gr\u00e0cia, 89", "categoria_arbrat": "TERCERA", "emission_weight": 0.45, "source": "ajuntament-arbrat-viari"}}, {"type": "Feature", "geometry": {"type": "Point", "coordinates": [2.165832, 41.387791]}, "properties": {"codi": "0099080AR", "species": "Platanus \u00d7 acerifolia", "address": "G.V. Corts Catalanes, 587", "categoria_arbrat": "SEGONA", "emission_weight": 0.65, "source": "ajuntament-arbrat-viari"}}, {"type": "Feature", "geometry": {"type": "Point", "coordinates": [2.169421, 41.388383]}, "properties": {"codi": "0099082AR", "species": "Platanus \u00d7 acerifolia", "address": "Pg Gr\u00e0cia, 3", "categoria_arbrat": "TERCERA", "emission_weight": 0.45, "source": "ajuntament-arbrat-viari"}}, {"type": "Feature", "geometry": {"type": "Point", "coordinates": [2.16201, 41.391905]}, "properties": {"codi": "0099084AR", "species": "Platanus \u00d7 acerifolia", "address": "Rbla Catalunya, 79", "categoria_arbrat": "TERCERA", "emission_weight": 0.45, "source": "ajuntament-arbrat-viari"}}, {"type": "Feature", "geometry": {"type": "Point", "coordinates": [2.164264, 41.39296]}, "properties": {"codi": "0099088AR", "species": "Platanus \u00d7 acerifolia", "address": "Pg Gr\u00e0cia, 64", "categoria_arbrat": "SEGONA", "emission_weight": 0.65, "source": "ajuntament-arbrat-viari"}}, {"type": "Feature", "geometry": {"type": "Point", "coordinates": [2.164413, 41.393597]}, "properties": {"codi": "0099090AR", "species": "Platanus \u00d7 acerifolia", "address": "C\\ Val\u00e8ncia, 251", "categoria_arbrat": "SEGONA", "emission_weight": 0.65, "source": "ajuntament-arbrat-viari"}}, {"type": "Feature", "geometry": {"type": "Point", "coordinates": [2.163506, 41.393565]}, "properties": {"codi": "0099094AR", "species": "Platanus \u00d7 acerifolia", "address": "Pg Gr\u00e0cia, 74", "categoria_arbrat": "EXEMPLAR", "emission_weight": 1.0, "source": "ajuntament-arbrat-viari"}}, {"type": "Feature", "geometry": {"type": "Point", "coordinates": [2.169258, 41.388374]}, "properties": {"codi": "0099096AR", "species": "Platanus \u00d7 acerifolia", "address": "Pg Gr\u00e0cia, 5", "categoria_arbrat": "EXEMPLAR", "emission_weight": 1.0, "source": "ajuntament-arbrat-viari"}}, {"type": "Feature", "geometry": {"type": "Point", "coordinates": [2.166654, 41.390177]}, "properties": {"codi": "0099097AR", "species": "Platanus \u00d7 acerifolia", "address": "C\\ Diputaci\u00f3, 265", "categoria_arbrat": "EXEMPLAR", "emission_weight": 1.0, "source": "ajuntament-arbrat-viari"}}, {"type": "Feature", "geometry": {"type": "Point", "coordinates": [2.164662, 41.392489]}, "properties": {"codi": "0099099AR", "species": "Platanus \u00d7 acerifolia", "address": "Pg Gr\u00e0cia, 56", "categoria_arbrat": "TERCERA", "emission_weight": 0.45, "source": "ajuntament-arbrat-viari"}}, {"type": "Feature", "geometry": {"type": "Point", "coordinates": [2.167267, 41.395953]}, "properties": {"codi": "0099101AR", "species": "Platanus \u00d7 acerifolia", "address": "C\\ Bruc, 101", "categoria_arbrat": "EXEMPLAR", "emission_weight": 1.0, "source": "ajuntament-arbrat-viari"}}, {"type": "Feature", "geometry": {"type": "Point", "coordinates": [2.16723, 41.395568]}, "properties": {"codi": "0099102AR", "species": "Platanus \u00d7 acerifolia", "address": "C\\ Val\u00e8ncia, 324", "categoria_arbrat": "TERCERA", "emission_weight": 0.45, "source": "ajuntament-arbrat-viari"}}, {"type": "Feature", "geometry": {"type": "Point", "coordinates": [2.165124, 41.386849]}, "properties": {"codi": "0099104AR", "species": "Platanus \u00d7 acerifolia", "address": "G.V. Corts Catalanes, 602", "categoria_arbrat": "PRIMERA", "emission_weight": 0.85, "source": "ajuntament-arbrat-viari"}}, {"type": "Feature", "geometry": {"type": "Point", "coordinates": [2.160832, 41.395729]}, "properties": {"codi": "0099108AR", "species": "Platanus \u00d7 acerifolia", "address": "Pg Gr\u00e0cia, 102", "categoria_arbrat": "SEGONA", "emission_weight": 0.65, "source": "ajuntament-arbrat-viari"}}, {"type": "Feature", "geometry": {"type": "Point", "coordinates": [2.169226, 41.386469]}, "properties": {"codi": "0099109AR", "species": "Platanus \u00d7 acerifolia", "address": "Pl Catalunya, 1", "categoria_arbrat": "PRIMERA", "emission_weight": 0.85, "source": "ajuntament-arbrat-viari"}}, {"type": "Feature", "geometry": {"type": "Point", "coordinates": [2.160276, 41.392039]}, "properties": {"codi": "0099113AR", "species": "Platanus \u00d7 acerifolia", "address": "C\\ Mallorca, 232", "categoria_arbrat": "SEGONA", "emission_weight": 0.65, "source": "ajuntament-arbrat-viari"}}, {"type": "Feature", "geometry": {"type": "Point", "coordinates": [2.166714, 41.390227]}, "properties": {"codi": "0099114AR", "species": "Platanus \u00d7 acerifolia", "address": "C\\ Diputaci\u00f3, 265", "categoria_arbrat": "TERCERA", "emission_weight": 0.45, "source": "ajuntament-arbrat-viari"}}, {"type": "Feature", "geometry": {"type": "Point", "coordinates": [2.166889, 41.395311]}, "properties": {"codi": "0099123AR", "species": "Platanus \u00d7 acerifolia", "address": "C\\ Val\u00e8ncia, 316", "categoria_arbrat": "SEGONA", "emission_weight": 0.65, "source": "ajuntament-arbrat-viari"}}, {"type": "Feature", "geometry": {"type": "Point", "coordinates": [2.164815, 41.390498]}, "properties": {"codi": "0099127AR", "species": "Platanus \u00d7 acerifolia", "address": "C\\ Consell de Cent, 339", "categoria_arbrat": "EXEMPLAR", "emission_weight": 1.0, "source": "ajuntament-arbrat-viari"}}, {"type": "Feature", "geometry": {"type": "Point", "coordinates": [2.168103, 41.392825]}, "properties": {"codi": "0099140AR", "species": "Platanus \u00d7 acerifolia", "address": "C\\ Consell de Cent, 334", "categoria_arbrat": "EXEMPLAR", "emission_weight": 1.0, "source": "ajuntament-arbrat-viari"}}, {"type": "Feature", "geometry": {"type": "Point", "coordinates": [2.165487, 41.391566]}, "properties": {"codi": "0099141AR", "species": "Platanus \u00d7 acerifolia", "address": "Pg Gr\u00e0cia, 37", "categoria_arbrat": "EXEMPLAR", "emission_weight": 1.0, "source": "ajuntament-arbrat-viari"}}, {"type": "Feature", "geometry": {"type": "Point", "coordinates": [2.168969, 41.388748]}, "properties": {"codi": "0099157AR", "species": "Platanus \u00d7 acerifolia", "address": "Pg Gr\u00e0cia, 9", "categoria_arbrat": "SEGONA", "emission_weight": 0.65, "source": "ajuntament-arbrat-viari"}}, {"type": "Feature", "geometry": {"type": "Point", "coordinates": [2.164786, 41.386595]}, "properties": {"codi": "0099160AR", "species": "Platanus \u00d7 acerifolia", "address": "G.V. Corts Catalanes, 596", "categoria_arbrat": "SEGONA", "emission_weight": 0.65, "source": "ajuntament-arbrat-viari"}}, {"type": "Feature", "geometry": {"type": "Point", "coordinates": [2.169025, 41.3887]}, "properties": {"codi": "0099182AR", "species": "Platanus \u00d7 acerifolia", "address": "Pg Gr\u00e0cia, 9", "categoria_arbrat": "SEGONA", "emission_weight": 0.65, "source": "ajuntament-arbrat-viari"}}, {"type": "Feature", "geometry": {"type": "Point", "coordinates": [2.162352, 41.394495]}, "properties": {"codi": "0099183AR", "species": "Platanus \u00d7 acerifolia", "address": "Pg Gr\u00e0cia, 84", "categoria_arbrat": "SEGONA", "emission_weight": 0.65, "source": "ajuntament-arbrat-viari"}}, {"type": "Feature", "geometry": {"type": "Point", "coordinates": [2.162378, 41.394327]}, "properties": {"codi": "0099188AR", "species": "Platanus \u00d7 acerifolia", "address": "Pg Gr\u00e0cia, 82", "categoria_arbrat": "PRIMERA", "emission_weight": 0.85, "source": "ajuntament-arbrat-viari"}}, {"type": "Feature", "geometry": {"type": "Point", "coordinates": [2.163634, 41.393468]}, "properties": {"codi": "0099191AR", "species": "Platanus \u00d7 acerifolia", "address": "Pg Gr\u00e0cia, 68", "categoria_arbrat": "SEGONA", "emission_weight": 0.65, "source": "ajuntament-arbrat-viari"}}, {"type": "Feature", "geometry": {"type": "Point", "coordinates": [2.160851, 41.395312]}, "properties": {"codi": "0099194AR", "species": "Platanus \u00d7 acerifolia", "address": "Pg Gr\u00e0cia, 95", "categoria_arbrat": "PRIMERA", "emission_weight": 0.85, "source": "ajuntament-arbrat-viari"}}, {"type": "Feature", "geometry": {"type": "Point", "coordinates": [2.163438, 41.392859]}, "properties": {"codi": "0099195AR", "species": "Platanus \u00d7 acerifolia", "address": "C\\ Val\u00e8ncia, 249", "categoria_arbrat": "EXEMPLAR", "emission_weight": 1.0, "source": "ajuntament-arbrat-viari"}}, {"type": "Feature", "geometry": {"type": "Point", "coordinates": [2.169471, 41.390122]}, "properties": {"codi": "0099206AR", "species": "Platanus \u00d7 acerifolia", "address": "G.V. Corts Catalanes, 642", "categoria_arbrat": "SEGONA", "emission_weight": 0.65, "source": "ajuntament-arbrat-viari"}}, {"type": "Feature", "geometry": {"type": "Point", "coordinates": [2.162883, 41.393929]}, "properties": {"codi": "0099207AR", "species": "Platanus \u00d7 acerifolia", "address": "Pg Gr\u00e0cia, 80", "categoria_arbrat": "TERCERA", "emission_weight": 0.45, "source": "ajuntament-arbrat-viari"}}, {"type": "Feature", "geometry": {"type": "Point", "coordinates": [2.161153, 41.390993]}, "properties": {"codi": "0099208AR", "species": "Platanus \u00d7 acerifolia", "address": "C\\ Val\u00e8ncia, 244", "categoria_arbrat": "TERCERA", "emission_weight": 0.45, "source": "ajuntament-arbrat-viari"}}, {"type": "Feature", "geometry": {"type": "Point", "coordinates": [2.162999, 41.393438]}, "properties": {"codi": "0099209AR", "species": "Platanus \u00d7 acerifolia", "address": "Pg Gr\u00e0cia, 69", "categoria_arbrat": "EXEMPLAR", "emission_weight": 1.0, "source": "ajuntament-arbrat-viari"}}, {"type": "Feature", "geometry": {"type": "Point", "coordinates": [2.166798, 41.39051]}, "properties": {"codi": "0099211AR", "species": "Platanus \u00d7 acerifolia", "address": "Pg Gr\u00e0cia, 21", "categoria_arbrat": "PRIMERA", "emission_weight": 0.85, "source": "ajuntament-arbrat-viari"}}, {"type": "Feature", "geometry": {"type": "Point", "coordinates": [2.156759, 41.394509]}, "properties": {"codi": "0099214AR", "species": "Platanus \u00d7 acerifolia", "address": "C\\ C\u00f2rsega, 276", "categoria_arbrat": "EXEMPLAR", "emission_weight": 1.0, "source": "ajuntament-arbrat-viari"}}, {"type": "Feature", "geometry": {"type": "Point", "coordinates": [2.169818, 41.394322]}, "properties": {"codi": "0099220AR", "species": "Platanus \u00d7 acerifolia", "address": "C\\ Consell de Cent, 387", "categoria_arbrat": "EXEMPLAR", "emission_weight": 1.0, "source": "ajuntament-arbrat-viari"}}, {"type": "Feature", "geometry": {"type": "Point", "coordinates": [2.167099, 41.390123]}, "properties": {"codi": "0099226AR", "species": "Platanus \u00d7 acerifolia", "address": "Pg Gr\u00e0cia, 19", "categoria_arbrat": "PRIMERA", "emission_weight": 0.85, "source": "ajuntament-arbrat-viari"}}, {"type": "Feature", "geometry": {"type": "Point", "coordinates": [2.165965, 41.387798]}, "properties": {"codi": "0099234AR", "species": "Platanus \u00d7 acerifolia", "address": "G.V. Corts Catalanes, 587", "categoria_arbrat": "SEGONA", "emission_weight": 0.65, "source": "ajuntament-arbrat-viari"}}, {"type": "Feature", "geometry": {"type": "Point", "coordinates": [2.160046, 41.39339]}, "properties": {"codi": "0099235AR", "species": "Platanus \u00d7 acerifolia", "address": "C\\ Proven\u00e7a, 270", "categoria_arbrat": "EXEMPLAR", "emission_weight": 1.0, "source": "ajuntament-arbrat-viari"}}, {"type": "Feature", "geometry": {"type": "Point", "coordinates": [2.166242, 41.387695]}, "properties": {"codi": "0099236AR", "species": "Platanus \u00d7 acerifolia", "address": "G.V. Corts Catalanes, 612", "categoria_arbrat": "PRIMERA", "emission_weight": 0.85, "source": "ajuntament-arbrat-viari"}}, {"type": "Feature", "geometry": {"type": "Point", "coordinates": [2.166284, 41.391331]}, "properties": {"codi": "0099238AR", "species": "Platanus \u00d7 acerifolia", "address": "Pg Gr\u00e0cia, 42", "categoria_arbrat": "EXEMPLAR", "emission_weight": 1.0, "source": "ajuntament-arbrat-viari"}}, {"type": "Feature", "geometry": {"type": "Point", "coordinates": [2.164865, 41.390389]}, "properties": {"codi": "0099239AR", "species": "Platanus \u00d7 acerifolia", "address": "C\\ Consell de Cent, 298", "categoria_arbrat": "EXEMPLAR", "emission_weight": 1.0, "source": "ajuntament-arbrat-viari"}}, {"type": "Feature", "geometry": {"type": "Point", "coordinates": [2.168748, 41.389179]}, "properties": {"codi": "0099241AR", "species": "Platanus \u00d7 acerifolia", "address": "Pg Gr\u00e0cia, 12", "categoria_arbrat": "EXEMPLAR", "emission_weight": 1.0, "source": "ajuntament-arbrat-viari"}}, {"type": "Feature", "geometry": {"type": "Point", "coordinates": [2.16625, 41.388107]}, "properties": {"codi": "0099243AR", "species": "Platanus \u00d7 acerifolia", "address": "G.V. Corts Catalanes, 595", "categoria_arbrat": "SEGONA", "emission_weight": 0.65, "source": "ajuntament-arbrat-viari"}}, {"type": "Feature", "geometry": {"type": "Point", "coordinates": [2.169711, 41.392617]}, "properties": {"codi": "0099250AR", "species": "Platanus \u00d7 acerifolia", "address": "C\\ Diputaci\u00f3, 303", "categoria_arbrat": "SEGONA", "emission_weight": 0.65, "source": "ajuntament-arbrat-viari"}}, {"type": "Feature", "geometry": {"type": "Point", "coordinates": [2.160013, 41.395836]}, "properties": {"codi": "0099257AR", "species": "Platanus \u00d7 acerifolia", "address": "Pg Gr\u00e0cia, 103", "categoria_arbrat": "PRIMERA", "emission_weight": 0.85, "source": "ajuntament-arbrat-viari"}}, {"type": "Feature", "geometry": {"type": "Point", "coordinates": [2.164386, 41.392716]}, "properties": {"codi": "0099265AR", "species": "Platanus \u00d7 acerifolia", "address": "Pg Gr\u00e0cia, 60", "categoria_arbrat": "SEGONA", "emission_weight": 0.65, "source": "ajuntament-arbrat-viari"}}, {"type": "Feature", "geometry": {"type": "Point", "coordinates": [2.16621, 41.391237]}, "properties": {"codi": "0099267AR", "species": "Platanus \u00d7 acerifolia", "address": "Pg Gr\u00e0cia, 42", "categoria_arbrat": "SEGONA", "emission_weight": 0.65, "source": "ajuntament-arbrat-viari"}}, {"type": "Feature", "geometry": {"type": "Point", "coordinates": [2.168373, 41.395008]}, "properties": {"codi": "0099275AR", "species": "Platanus \u00d7 acerifolia", "address": "C\\ Arag\u00f3, 309", "categoria_arbrat": "EXEMPLAR", "emission_weight": 1.0, "source": "ajuntament-arbrat-viari"}}, {"type": "Feature", "geometry": {"type": "Point", "coordinates": [2.163606, 41.393082]}, "properties": {"codi": "0099283AR", "species": "Platanus \u00d7 acerifolia", "address": "Pg Gr\u00e0cia, 61", "categoria_arbrat": "TERCERA", "emission_weight": 0.45, "source": "ajuntament-arbrat-viari"}}, {"type": "Feature", "geometry": {"type": "Point", "coordinates": [2.164048, 41.392732]}, "properties": {"codi": "0099284AR", "species": "Platanus \u00d7 acerifolia", "address": "Pg Gr\u00e0cia, 55", "categoria_arbrat": "SEGONA", "emission_weight": 0.65, "source": "ajuntament-arbrat-viari"}}, {"type": "Feature", "geometry": {"type": "Point", "coordinates": [2.169343, 41.394533]}, "properties": {"codi": "0099295AR", "species": "Platanus \u00d7 acerifolia", "address": "C\\ Bruc, 90", "categoria_arbrat": "EXEMPLAR", "emission_weight": 1.0, "source": "ajuntament-arbrat-viari"}}, {"type": "Feature", "geometry": {"type": "Point", "coordinates": [2.169995, 41.390825]}, "properties": {"codi": "0099298AR", "species": "Platanus \u00d7 acerifolia", "address": "G.V. Corts Catalanes, 623", "categoria_arbrat": "PRIMERA", "emission_weight": 0.85, "source": "ajuntament-arbrat-viari"}}, {"type": "Feature", "geometry": {"type": "Point", "coordinates": [2.16839, 41.391548]}, "properties": {"codi": "0099307AR", "species": "Platanus \u00d7 acerifolia", "address": "C\\ Diputaci\u00f3, 285", "categoria_arbrat": "EXEMPLAR", "emission_weight": 1.0, "source": "ajuntament-arbrat-viari"}}, {"type": "Feature", "geometry": {"type": "Point", "coordinates": [2.162565, 41.393675]}, "properties": {"codi": "0099309AR", "species": "Platanus \u00d7 acerifolia", "address": "Pg Gr\u00e0cia, 73", "categoria_arbrat": "EXEMPLAR", "emission_weight": 1.0, "source": "ajuntament-arbrat-viari"}}, {"type": "Feature", "geometry": {"type": "Point", "coordinates": [2.164031, 41.3914]}, "properties": {"codi": "0099310AR", "species": "Platanus \u00d7 acerifolia", "address": "C\\ Arag\u00f3, 268", "categoria_arbrat": "SEGONA", "emission_weight": 0.65, "source": "ajuntament-arbrat-viari"}}, {"type": "Feature", "geometry": {"type": "Point", "coordinates": [2.168859, 41.389092]}, "properties": {"codi": "0099314AR", "species": "Platanus \u00d7 acerifolia", "address": "Pg Gr\u00e0cia, 12", "categoria_arbrat": "EXEMPLAR", "emission_weight": 1.0, "source": "ajuntament-arbrat-viari"}}, {"type": "Feature", "geometry": {"type": "Point", "coordinates": [2.165897, 41.38753]}, "properties": {"codi": "0099315AR", "species": "Platanus \u00d7 acerifolia", "address": "G.V. Corts Catalanes, 610", "categoria_arbrat": "SEGONA", "emission_weight": 0.65, "source": "ajuntament-arbrat-viari"}}, {"type": "Feature", "geometry": {"type": "Point", "coordinates": [2.16805, 41.39381]}, "properties": {"codi": "0099316AR", "species": "Platanus \u00d7 acerifolia", "address": "C\\ Roger de Ll\u00faria, 64", "categoria_arbrat": "SEGONA", "emission_weight": 0.65, "source": "ajuntament-arbrat-viari"}}, {"type": "Feature", "geometry": {"type": "Point", "coordinates": [2.169481, 41.390221]}, "properties": {"codi": "0099319AR", "species": "Platanus \u00d7 acerifolia", "address": "G.V. Corts Catalanes, 644", "categoria_arbrat": "SEGONA", "emission_weight": 0.65, "source": "ajuntament-arbrat-viari"}}, {"type": "Feature", "geometry": {"type": "Point", "coordinates": [2.161599, 41.395106]}, "properties": {"codi": "0099321AR", "species": "Platanus \u00d7 acerifolia", "address": "Pg Gr\u00e0cia, 92", "categoria_arbrat": "SEGONA", "emission_weight": 0.65, "source": "ajuntament-arbrat-viari"}}, {"type": "Feature", "geometry": {"type": "Point", "coordinates": [2.161343, 41.395317]}, "properties": {"codi": "0099325AR", "species": "Platanus \u00d7 acerifolia", "address": "Pg Gr\u00e0cia, 94", "categoria_arbrat": "SEGONA", "emission_weight": 0.65, "source": "ajuntament-arbrat-viari"}}, {"type": "Feature", "geometry": {"type": "Point", "coordinates": [2.164484, 41.393649]}, "properties": {"codi": "0099332AR", "species": "Platanus \u00d7 acerifolia", "address": "C\\ Val\u00e8ncia, 251", "categoria_arbrat": "EXEMPLAR", "emission_weight": 1.0, "source": "ajuntament-arbrat-viari"}}, {"type": "Feature", "geometry": {"type": "Point", "coordinates": [2.169032, 41.388951]}, "properties": {"codi": "0099335AR", "species": "Platanus \u00d7 acerifolia", "address": "Pg Gr\u00e0cia, 8", "categoria_arbrat": "TERCERA", "emission_weight": 0.45, "source": "ajuntament-arbrat-viari"}}, {"type": "Feature", "geometry": {"type": "Point", "coordinates": [2.164451, 41.392806]}, "properties": {"codi": "0099339AR", "species": "Platanus \u00d7 acerifolia", "address": "Pg Gr\u00e0cia, 60", "categoria_arbrat": "EXEMPLAR", "emission_weight": 1.0, "source": "ajuntament-arbrat-viari"}}, {"type": "Feature", "geometry": {"type": "Point", "coordinates": [2.166458, 41.387851]}, "properties": {"codi": "0099340AR", "species": "Platanus \u00d7 acerifolia", "address": "G.V. Corts Catalanes, 618", "categoria_arbrat": "SEGONA", "emission_weight": 0.65, "source": "ajuntament-arbrat-viari"}}, {"type": "Feature", "geometry": {"type": "Point", "coordinates": [2.169813, 41.388064]}, "properties": {"codi": "0099344AR", "species": "Platanus \u00d7 acerifolia", "address": "Pg Gr\u00e0cia, 1", "categoria_arbrat": "EXEMPLAR", "emission_weight": 1.0, "source": "ajuntament-arbrat-viari"}}, {"type": "Feature", "geometry": {"type": "Point", "coordinates": [2.156964, 41.394659]}, "properties": {"codi": "0099351AR", "species": "Platanus \u00d7 acerifolia", "address": "C\\ C\u00f2rsega, 284", "categoria_arbrat": "EXEMPLAR", "emission_weight": 1.0, "source": "ajuntament-arbrat-viari"}}, {"type": "Feature", "geometry": {"type": "Point", "coordinates": [2.16399, 41.392778]}, "properties": {"codi": "0099361AR", "species": "Platanus \u00d7 acerifolia", "address": "Pg Gr\u00e0cia, 55", "categoria_arbrat": "SEGONA", "emission_weight": 0.65, "source": "ajuntament-arbrat-viari"}}, {"type": "Feature", "geometry": {"type": "Point", "coordinates": [2.16457, 41.386209]}, "properties": {"codi": "0099364AR", "species": "Platanus \u00d7 acerifolia", "address": "Pl Universitat, 12", "categoria_arbrat": "PRIMERA", "emission_weight": 0.85, "source": "ajuntament-arbrat-viari"}}, {"type": "Feature", "geometry": {"type": "Point", "coordinates": [2.160363, 41.393812]}, "properties": {"codi": "0099367AR", "species": "Platanus \u00d7 acerifolia", "address": "C\\ Proven\u00e7a, 274", "categoria_arbrat": "SEGONA", "emission_weight": 0.65, "source": "ajuntament-arbrat-viari"}}, {"type": "Feature", "geometry": {"type": "Point", "coordinates": [2.167651, 41.388849]}, "properties": {"codi": "0099368AR", "species": "Platanus \u00d7 acerifolia", "address": "G.V. Corts Catalanes, 632", "categoria_arbrat": "EXEMPLAR", "emission_weight": 1.0, "source": "ajuntament-arbrat-viari"}}, {"type": "Feature", "geometry": {"type": "Point", "coordinates": [2.163874, 41.392863]}, "properties": {"codi": "0099376AR", "species": "Platanus \u00d7 acerifolia", "address": "Pg Gr\u00e0cia, 59", "categoria_arbrat": "PRIMERA", "emission_weight": 0.85, "source": "ajuntament-arbrat-viari"}}, {"type": "Feature", "geometry": {"type": "Point", "coordinates": [2.168633, 41.389017]}, "properties": {"codi": "0099389AR", "species": "Platanus \u00d7 acerifolia", "address": "Pg Gr\u00e0cia, 11", "categoria_arbrat": "SEGONA", "emission_weight": 0.65, "source": "ajuntament-arbrat-viari"}}, {"type": "Feature", "geometry": {"type": "Point", "coordinates": [2.164156, 41.392643]}, "properties": {"codi": "0099392AR", "species": "Platanus \u00d7 acerifolia", "address": "Pg Gr\u00e0cia, 55", "categoria_arbrat": "SEGONA", "emission_weight": 0.65, "source": "ajuntament-arbrat-viari"}}, {"type": "Feature", "geometry": {"type": "Point", "coordinates": [2.15862, 41.39591]}, "properties": {"codi": "0099393AR", "species": "Platanus \u00d7 acerifolia", "address": "C\\ C\u00f2rsega, 306", "categoria_arbrat": "SEGONA", "emission_weight": 0.65, "source": "ajuntament-arbrat-viari"}}, {"type": "Feature", "geometry": {"type": "Point", "coordinates": [2.166176, 41.387955]}, "properties": {"codi": "0099412AR", "species": "Platanus \u00d7 acerifolia", "address": "G.V. Corts Catalanes, 593", "categoria_arbrat": "SEGONA", "emission_weight": 0.65, "source": "ajuntament-arbrat-viari"}}, {"type": "Feature", "geometry": {"type": "Point", "coordinates": [2.163871, 41.393274]}, "properties": {"codi": "0099414AR", "species": "Platanus \u00d7 acerifolia", "address": "Pg Gr\u00e0cia, 68", "categoria_arbrat": "EXEMPLAR", "emission_weight": 1.0, "source": "ajuntament-arbrat-viari"}}, {"type": "Feature", "geometry": {"type": "Point", "coordinates": [2.169548, 41.388282]}, "properties": {"codi": "0099416AR", "species": "Platanus \u00d7 acerifolia", "address": "Pg Gr\u00e0cia, 1", "categoria_arbrat": "SEGONA", "emission_weight": 0.65, "source": "ajuntament-arbrat-viari"}}, {"type": "Feature", "geometry": {"type": "Point", "coordinates": [2.168739, 41.38703]}, "properties": {"codi": "0099418AR", "species": "Platanus \u00d7 acerifolia", "address": "Pl Catalunya, 7", "categoria_arbrat": "EXEMPLAR", "emission_weight": 1.0, "source": "ajuntament-arbrat-viari"}}, {"type": "Feature", "geometry": {"type": "Point", "coordinates": [2.157204, 41.395863]}, "properties": {"codi": "0099419AR", "species": "Platanus \u00d7 acerifolia", "address": "Av Diagonal, 395", "categoria_arbrat": "SEGONA", "emission_weight": 0.65, "source": "ajuntament-arbrat-viari"}}, {"type": "Feature", "geometry": {"type": "Point", "coordinates": [2.165998, 41.389385]}, "properties": {"codi": "0099421AR", "species": "Platanus \u00d7 acerifolia", "address": "C\\ Diputaci\u00f3, 254", "categoria_arbrat": "EXEMPLAR", "emission_weight": 1.0, "source": "ajuntament-arbrat-viari"}}, {"type": "Feature", "geometry": {"type": "Point", "coordinates": [2.167243, 41.390149]}, "properties": {"codi": "0099422AR", "species": "Platanus \u00d7 acerifolia", "address": "Pg Gr\u00e0cia, 19", "categoria_arbrat": "TERCERA", "emission_weight": 0.45, "source": "ajuntament-arbrat-viari"}}, {"type": "Feature", "geometry": {"type": "Point", "coordinates": [2.164853, 41.386645]}, "properties": {"codi": "0099424AR", "species": "Platanus \u00d7 acerifolia", "address": "G.V. Corts Catalanes, 596", "categoria_arbrat": "SEGONA", "emission_weight": 0.65, "source": "ajuntament-arbrat-viari"}}, {"type": "Feature", "geometry": {"type": "Point", "coordinates": [2.169805, 41.393966]}, "properties": {"codi": "0099427AR", "species": "Platanus \u00d7 acerifolia", "address": "C\\ Consell de Cent, 356", "categoria_arbrat": "SEGONA", "emission_weight": 0.65, "source": "ajuntament-arbrat-viari"}}, {"type": "Feature", "geometry": {"type": "Point", "coordinates": [2.169926, 41.390771]}, "properties": {"codi": "0099433AR", "species": "Platanus \u00d7 acerifolia", "address": "G.V. Corts Catalanes, 623", "categoria_arbrat": "PRIMERA", "emission_weight": 0.85, "source": "ajuntament-arbrat-viari"}}, {"type": "Feature", "geometry": {"type": "Point", "coordinates": [2.157411, 41.395201]}, "properties": {"codi": "0099434AR", "species": "Platanus \u00d7 acerifolia", "address": "C\\ C\u00f2rsega, 309", "categoria_arbrat": "EXEMPLAR", "emission_weight": 1.0, "source": "ajuntament-arbrat-viari"}}, {"type": "Feature", "geometry": {"type": "Point", "coordinates": [2.163735, 41.394793]}, "properties": {"codi": "0099444AR", "species": "Platanus \u00d7 acerifolia", "address": "C\\ Mallorca, 277", "categoria_arbrat": "EXEMPLAR", "emission_weight": 1.0, "source": "ajuntament-arbrat-viari"}}, {"type": "Feature", "geometry": {"type": "Point", "coordinates": [2.158664, 41.395942]}, "properties": {"codi": "0099451AR", "species": "Platanus \u00d7 acerifolia", "address": "C\\ C\u00f2rsega, 306", "categoria_arbrat": "SEGONA", "emission_weight": 0.65, "source": "ajuntament-arbrat-viari"}}, {"type": "Feature", "geometry": {"type": "Point", "coordinates": [2.161461, 41.395074]}, "properties": {"codi": "0099452AR", "species": "Platanus \u00d7 acerifolia", "address": "Pg Gr\u00e0cia, 92", "categoria_arbrat": "EXEMPLAR", "emission_weight": 1.0, "source": "ajuntament-arbrat-viari"}}, {"type": "Feature", "geometry": {"type": "Point", "coordinates": [2.169073, 41.394739]}, "properties": {"codi": "0099460AR", "species": "Platanus \u00d7 acerifolia", "address": "C\\ Bruc, 90", "categoria_arbrat": "TERCERA", "emission_weight": 0.45, "source": "ajuntament-arbrat-viari"}}, {"type": "Feature", "geometry": {"type": "Point", "coordinates": [2.165104, 41.393968]}, "properties": {"codi": "0099462AR", "species": "Platanus \u00d7 acerifolia", "address": "C\\ Val\u00e8ncia, 292", "categoria_arbrat": "SEGONA", "emission_weight": 0.65, "source": "ajuntament-arbrat-viari"}}, {"type": "Feature", "geometry": {"type": "Point", "coordinates": [2.163598, 41.395318]}, "properties": {"codi": "0099469AR", "species": "Platanus \u00d7 acerifolia", "address": "C\\ Pau Claris, 163", "categoria_arbrat": "SEGONA", "emission_weight": 0.65, "source": "ajuntament-arbrat-viari"}}, {"type": "Feature", "geometry": {"type": "Point", "coordinates": [2.165293, 41.394326]}, "properties": {"codi": "0099470AR", "species": "Platanus \u00d7 acerifolia", "address": "C\\ Val\u00e8ncia, 271", "categoria_arbrat": "SEGONA", "emission_weight": 0.65, "source": "ajuntament-arbrat-viari"}}, {"type": "Feature", "geometry": {"type": "Point", "coordinates": [2.163596, 41.394691]}, "properties": {"codi": "0099474AR", "species": "Platanus \u00d7 acerifolia", "address": "C\\ Mallorca, 275", "categoria_arbrat": "SEGONA", "emission_weight": 0.65, "source": "ajuntament-arbrat-viari"}}, {"type": "Feature", "geometry": {"type": "Point", "coordinates": [2.164349, 41.394982]}, "properties": {"codi": "0099482AR", "species": "Platanus \u00d7 acerifolia", "address": "C\\ Mallorca, 270", "categoria_arbrat": "SEGONA", "emission_weight": 0.65, "source": "ajuntament-arbrat-viari"}}, {"type": "Feature", "geometry": {"type": "Point", "coordinates": [2.163053, 41.394041]}, "properties": {"codi": "0099483AR", "species": "Platanus \u00d7 acerifolia", "address": "Pg Gr\u00e0cia, 80", "categoria_arbrat": "TERCERA", "emission_weight": 0.45, "source": "ajuntament-arbrat-viari"}}, {"type": "Feature", "geometry": {"type": "Point", "coordinates": [2.167309, 41.390347]}, "properties": {"codi": "0099493AR", "species": "Platanus \u00d7 acerifolia", "address": "Pg Gr\u00e0cia, 30", "categoria_arbrat": "EXEMPLAR", "emission_weight": 1.0, "source": "ajuntament-arbrat-viari"}}, {"type": "Feature", "geometry": {"type": "Point", "coordinates": [2.16593, 41.391461]}, "properties": {"codi": "0099496AR", "species": "Platanus \u00d7 acerifolia", "address": "Pg Gr\u00e0cia, 44", "categoria_arbrat": "SEGONA", "emission_weight": 0.65, "source": "ajuntament-arbrat-viari"}}, {"type": "Feature", "geometry": {"type": "Point", "coordinates": [2.168914, 41.387028]}, "properties": {"codi": "0099502AR", "species": "Platanus \u00d7 acerifolia", "address": "Pl Catalunya, 7", "categoria_arbrat": "PRIMERA", "emission_weight": 0.85, "source": "ajuntament-arbrat-viari"}}, {"type": "Feature", "geometry": {"type": "Point", "coordinates": [2.157931, 41.395534]}, "properties": {"codi": "0099504AR", "species": "Platanus \u00d7 acerifolia", "address": "C\\ C\u00f2rsega, 311", "categoria_arbrat": "SEGONA", "emission_weight": 0.65, "source": "ajuntament-arbrat-viari"}}, {"type": "Feature", "geometry": {"type": "Point", "coordinates": [2.169569, 41.388675]}, "properties": {"codi": "0099508AR", "species": "Platanus \u00d7 acerifolia", "address": "Pg Gr\u00e0cia, 6", "categoria_arbrat": "SEGONA", "emission_weight": 0.65, "source": "ajuntament-arbrat-viari"}}, {"type": "Feature", "geometry": {"type": "Point", "coordinates": [2.165983, 41.391029]}, "properties": {"codi": "0099512AR", "species": "Platanus \u00d7 acerifolia", "address": "Pg Gr\u00e0cia, 33", "categoria_arbrat": "EXEMPLAR", "emission_weight": 1.0, "source": "ajuntament-arbrat-viari"}}, {"type": "Feature", "geometry": {"type": "Point", "coordinates": [2.161255, 41.394737]}, "properties": {"codi": "0099521AR", "species": "Platanus \u00d7 acerifolia", "address": "Pg Gr\u00e0cia, 89", "categoria_arbrat": "EXEMPLAR", "emission_weight": 1.0, "source": "ajuntament-arbrat-viari"}}, {"type": "Feature", "geometry": {"type": "Point", "coordinates": [2.16196, 41.394925]}, "properties": {"codi": "0099533AR", "species": "Platanus \u00d7 acerifolia", "address": "Pg Gr\u00e0cia, 90", "categoria_arbrat": "TERCERA", "emission_weight": 0.45, "source": "ajuntament-arbrat-viari"}}, {"type": "Feature", "geometry": {"type": "Point", "coordinates": [2.169613, 41.390225]}, "properties": {"codi": "0099538AR", "species": "Platanus \u00d7 acerifolia", "address": "G.V. Corts Catalanes, 644", "categoria_arbrat": "SEGONA", "emission_weight": 0.65, "source": "ajuntament-arbrat-viari"}}, {"type": "Feature", "geometry": {"type": "Point", "coordinates": [2.168555, 41.388938]}, "properties": {"codi": "0099545AR", "species": "Platanus \u00d7 acerifolia", "address": "Pg Gr\u00e0cia, 11", "categoria_arbrat": "PRIMERA", "emission_weight": 0.85, "source": "ajuntament-arbrat-viari"}}, {"type": "Feature", "geometry": {"type": "Point", "coordinates": [2.162486, 41.39399]}, "properties": {"codi": "0099546AR", "species": "Platanus \u00d7 acerifolia", "address": "Pg Gr\u00e0cia, 75", "categoria_arbrat": "TERCERA", "emission_weight": 0.45, "source": "ajuntament-arbrat-viari"}}, {"type": "Feature", "geometry": {"type": "Point", "coordinates": [2.169714, 41.388403]}, "properties": {"codi": "0099557AR", "species": "Platanus \u00d7 acerifolia", "address": "Pg Gr\u00e0cia, 2", "categoria_arbrat": "SEGONA", "emission_weight": 0.65, "source": "ajuntament-arbrat-viari"}}, {"type": "Feature", "geometry": {"type": "Point", "coordinates": [2.161414, 41.392894]}, "properties": {"codi": "0099562AR", "species": "Platanus \u00d7 acerifolia", "address": "C\\ Mallorca, 240", "categoria_arbrat": "SEGONA", "emission_weight": 0.65, "source": "ajuntament-arbrat-viari"}}, {"type": "Feature", "geometry": {"type": "Point", "coordinates": [2.160386, 41.392272]}, "properties": {"codi": "0099565AR", "species": "Platanus \u00d7 acerifolia", "address": "C\\ Mallorca, 239", "categoria_arbrat": "TERCERA", "emission_weight": 0.45, "source": "ajuntament-arbrat-viari"}}, {"type": "Feature", "geometry": {"type": "Point", "coordinates": [2.166906, 41.394672]}, "properties": {"codi": "0099571AR", "species": "Platanus \u00d7 acerifolia", "address": "C\\ Roger de Ll\u00faria, 72", "categoria_arbrat": "TERCERA", "emission_weight": 0.45, "source": "ajuntament-arbrat-viari"}}, {"type": "Feature", "geometry": {"type": "Point", "coordinates": [2.167298, 41.390106]}, "properties": {"codi": "0099580AR", "species": "Platanus \u00d7 acerifolia", "address": "Pg Gr\u00e0cia, 19", "categoria_arbrat": "TERCERA", "emission_weight": 0.45, "source": "ajuntament-arbrat-viari"}}, {"type": "Feature", "geometry": {"type": "Point", "coordinates": [2.166817, 41.395257]}, "properties": {"codi": "0099583AR", "species": "Platanus \u00d7 acerifolia", "address": "C\\ Val\u00e8ncia, 314", "categoria_arbrat": "SEGONA", "emission_weight": 0.65, "source": "ajuntament-arbrat-viari"}}, {"type": "Feature", "geometry": {"type": "Point", "coordinates": [2.157965, 41.393846]}, "properties": {"codi": "0099969AR", "species": "Platanus \u00d7 acerifolia", "address": "C\\ Rossell\u00f3, 231", "categoria_arbrat": "EXEMPLAR", "emission_weight": 1.0, "source": "ajuntament-arbrat-viari"}}, {"type": "Feature", "geometry": {"type": "Point", "coordinates": [2.165155, 41.391832]}, "properties": {"codi": "0100103AR", "species": "Platanus \u00d7 acerifolia", "address": "Pg Gr\u00e0cia, 43", "categoria_arbrat": "SEGONA", "emission_weight": 0.65, "source": "ajuntament-arbrat-viari"}}, {"type": "Feature", "geometry": {"type": "Point", "coordinates": [2.16057, 41.395394]}, "properties": {"codi": "0100255AR", "species": "Platanus \u00d7 acerifolia", "address": "Pg Gr\u00e0cia, 99", "categoria_arbrat": "SEGONA", "emission_weight": 0.65, "source": "ajuntament-arbrat-viari"}}, {"type": "Feature", "geometry": {"type": "Point", "coordinates": [2.1651, 41.39174]}, "properties": {"codi": "0100592AR", "species": "Platanus \u00d7 acerifolia", "address": "Pg Gr\u00e0cia, 43", "categoria_arbrat": "PRIMERA", "emission_weight": 0.85, "source": "ajuntament-arbrat-viari"}}, {"type": "Feature", "geometry": {"type": "Point", "coordinates": [2.169611, 41.388092]}, "properties": {"codi": "0100599AR", "species": "Platanus \u00d7 acerifolia", "address": "Pg Gr\u00e0cia, 1", "categoria_arbrat": "EXEMPLAR", "emission_weight": 1.0, "source": "ajuntament-arbrat-viari"}}, {"type": "Feature", "geometry": {"type": "Point", "coordinates": [2.169553, 41.388131]}, "properties": {"codi": "0100681AR", "species": "Platanus \u00d7 acerifolia", "address": "Pg Gr\u00e0cia, 1", "categoria_arbrat": "EXEMPLAR", "emission_weight": 1.0, "source": "ajuntament-arbrat-viari"}}, {"type": "Feature", "geometry": {"type": "Point", "coordinates": [2.165211, 41.391785]}, "properties": {"codi": "0100836AR", "species": "Platanus \u00d7 acerifolia", "address": "Pg Gr\u00e0cia, 43", "categoria_arbrat": "PRIMERA", "emission_weight": 0.85, "source": "ajuntament-arbrat-viari"}}, {"type": "Feature", "geometry": {"type": "Point", "coordinates": [2.166411, 41.391222]}, "properties": {"codi": "0100970AR", "species": "Platanus orientalis", "address": "Pg Gr\u00e0cia, 38", "categoria_arbrat": "EXEMPLAR", "emission_weight": 1.0, "source": "ajuntament-arbrat-viari"}}, {"type": "Feature", "geometry": {"type": "Point", "coordinates": [2.16379, 41.383065]}, "properties": {"codi": "0105480AR", "species": "Platanus \u00d7 acerifolia", "address": "Rda Sant Antoni, 70", "categoria_arbrat": "EXEMPLAR", "emission_weight": 1.0, "source": "ajuntament-arbrat-viari"}}, {"type": "Feature", "geometry": {"type": "Point", "coordinates": [2.163749, 41.382776]}, "properties": {"codi": "0105516AR", "species": "Platanus \u00d7 acerifolia", "address": "Rda Sant Antoni, 66", "categoria_arbrat": "SEGONA", "emission_weight": 0.65, "source": "ajuntament-arbrat-viari"}}, {"type": "Feature", "geometry": {"type": "Point", "coordinates": [2.163773, 41.382922]}, "properties": {"codi": "0105574AR", "species": "Platanus \u00d7 acerifolia", "address": "Rda Sant Antoni, 68", "categoria_arbrat": "EXEMPLAR", "emission_weight": 1.0, "source": "ajuntament-arbrat-viari"}}, {"type": "Feature", "geometry": {"type": "Point", "coordinates": [2.164062, 41.385049]}, "properties": {"codi": "0105638AR", "species": "Platanus \u00d7 acerifolia", "address": "Rda Sant Antoni, 104", "categoria_arbrat": "PRIMERA", "emission_weight": 0.85, "source": "ajuntament-arbrat-viari"}}, {"type": "Feature", "geometry": {"type": "Point", "coordinates": [2.164138, 41.385352]}, "properties": {"codi": "0105670AR", "species": "Platanus \u00d7 acerifolia", "address": "Pl Universitat, 5", "categoria_arbrat": "SEGONA", "emission_weight": 0.65, "source": "ajuntament-arbrat-viari"}}, {"type": "Feature", "geometry": {"type": "Point", "coordinates": [2.163921, 41.384057]}, "properties": {"codi": "0105693AR", "species": "Platanus \u00d7 acerifolia", "address": "Rda Sant Antoni, 88", "categoria_arbrat": "EXEMPLAR", "emission_weight": 1.0, "source": "ajuntament-arbrat-viari"}}, {"type": "Feature", "geometry": {"type": "Point", "coordinates": [2.164031, 41.3848]}, "properties": {"codi": "0105698AR", "species": "Platanus \u00d7 acerifolia", "address": "Rda Sant Antoni, 100", "categoria_arbrat": "EXEMPLAR", "emission_weight": 1.0, "source": "ajuntament-arbrat-viari"}}, {"type": "Feature", "geometry": {"type": "Point", "coordinates": [2.164528, 41.385646]}, "properties": {"codi": "0105710AR", "species": "Platanus \u00d7 acerifolia", "address": "Pl Universitat, 8", "categoria_arbrat": "EXEMPLAR", "emission_weight": 1.0, "source": "ajuntament-arbrat-viari"}}, {"type": "Feature", "geometry": {"type": "Point", "coordinates": [2.164606, 41.385713]}, "properties": {"codi": "0105713AR", "species": "Platanus \u00d7 acerifolia", "address": "Pl Universitat, 8", "categoria_arbrat": "EXEMPLAR", "emission_weight": 1.0, "source": "ajuntament-arbrat-viari"}}, {"type": "Feature", "geometry": {"type": "Point", "coordinates": [2.163814, 41.383207]}, "properties": {"codi": "0105751AR", "species": "Platanus \u00d7 acerifolia", "address": "Rda Sant Antoni, 74", "categoria_arbrat": "EXEMPLAR", "emission_weight": 1.0, "source": "ajuntament-arbrat-viari"}}, {"type": "Feature", "geometry": {"type": "Point", "coordinates": [2.163816, 41.383278]}, "properties": {"codi": "0105755AR", "species": "Platanus \u00d7 acerifolia", "address": "Rda Sant Antoni, 74", "categoria_arbrat": "EXEMPLAR", "emission_weight": 1.0, "source": "ajuntament-arbrat-viari"}}, {"type": "Feature", "geometry": {"type": "Point", "coordinates": [2.164013, 41.384727]}, "properties": {"codi": "0105812AR", "species": "Platanus \u00d7 acerifolia", "address": "Rda Sant Antoni, 98", "categoria_arbrat": "PRIMERA", "emission_weight": 0.85, "source": "ajuntament-arbrat-viari"}}, {"type": "Feature", "geometry": {"type": "Point", "coordinates": [2.163761, 41.382856]}, "properties": {"codi": "0105837AR", "species": "Platanus \u00d7 acerifolia", "address": "Rda Sant Antoni, 66", "categoria_arbrat": "PRIMERA", "emission_weight": 0.85, "source": "ajuntament-arbrat-viari"}}, {"type": "Feature", "geometry": {"type": "Point", "coordinates": [2.163827, 41.383351]}, "properties": {"codi": "0105873AR", "species": "Platanus \u00d7 acerifolia", "address": "Rda Sant Antoni, 76", "categoria_arbrat": "EXEMPLAR", "emission_weight": 1.0, "source": "ajuntament-arbrat-viari"}}, {"type": "Feature", "geometry": {"type": "Point", "coordinates": [2.163869, 41.383619]}, "properties": {"codi": "0105938AR", "species": "Platanus \u00d7 acerifolia", "address": "Rda Sant Antoni, 80", "categoria_arbrat": "EXEMPLAR", "emission_weight": 1.0, "source": "ajuntament-arbrat-viari"}}, {"type": "Feature", "geometry": {"type": "Point", "coordinates": [2.163775, 41.382994]}, "properties": {"codi": "0105970AR", "species": "Platanus \u00d7 acerifolia", "address": "Rda Sant Antoni, 70", "categoria_arbrat": "EXEMPLAR", "emission_weight": 1.0, "source": "ajuntament-arbrat-viari"}}, {"type": "Feature", "geometry": {"type": "Point", "coordinates": [2.164009, 41.384663]}, "properties": {"codi": "0105979AR", "species": "Platanus \u00d7 acerifolia", "address": "Rda Sant Antoni, 96", "categoria_arbrat": "EXEMPLAR", "emission_weight": 1.0, "source": "ajuntament-arbrat-viari"}}, {"type": "Feature", "geometry": {"type": "Point", "coordinates": [2.163644, 41.382038]}, "properties": {"codi": "0105981AR", "species": "Platanus \u00d7 acerifolia", "address": "Rda Sant Antoni, 60", "categoria_arbrat": "SEGONA", "emission_weight": 0.65, "source": "ajuntament-arbrat-viari"}}, {"type": "Feature", "geometry": {"type": "Point", "coordinates": [2.164076, 41.385124]}, "properties": {"codi": "0106006AR", "species": "Platanus \u00d7 acerifolia", "address": "Rda Sant Antoni, 106", "categoria_arbrat": "TERCERA", "emission_weight": 0.45, "source": "ajuntament-arbrat-viari"}}, {"type": "Feature", "geometry": {"type": "Point", "coordinates": [2.164246, 41.385439]}, "properties": {"codi": "0106144AR", "species": "Platanus \u00d7 acerifolia", "address": "Pl Universitat, 5", "categoria_arbrat": "EXEMPLAR", "emission_weight": 1.0, "source": "ajuntament-arbrat-viari"}}, {"type": "Feature", "geometry": {"type": "Point", "coordinates": [2.163856, 41.383551]}, "properties": {"codi": "0106154AR", "species": "Platanus \u00d7 acerifolia", "address": "Rda Sant Antoni, 78", "categoria_arbrat": "EXEMPLAR", "emission_weight": 1.0, "source": "ajuntament-arbrat-viari"}}, {"type": "Feature", "geometry": {"type": "Point", "coordinates": [2.163955, 41.384298]}, "properties": {"codi": "0106168AR", "species": "Platanus \u00d7 acerifolia", "address": "Rda Sant Antoni, 90", "categoria_arbrat": "TERCERA", "emission_weight": 0.45, "source": "ajuntament-arbrat-viari"}}, {"type": "Feature", "geometry": {"type": "Point", "coordinates": [2.163903, 41.383838]}, "properties": {"codi": "0106222AR", "species": "Platanus \u00d7 acerifolia", "address": "Rda Sant Antoni, 84", "categoria_arbrat": "EXEMPLAR", "emission_weight": 1.0, "source": "ajuntament-arbrat-viari"}}, {"type": "Feature", "geometry": {"type": "Point", "coordinates": [2.163684, 41.382303]}, "properties": {"codi": "0106256AR", "species": "Platanus \u00d7 acerifolia", "address": "Rda Sant Antoni, 64", "categoria_arbrat": "EXEMPLAR", "emission_weight": 1.0, "source": "ajuntament-arbrat-viari"}}, {"type": "Feature", "geometry": {"type": "Point", "coordinates": [2.163851, 41.383482]}, "properties": {"codi": "0106373AR", "species": "Platanus \u00d7 acerifolia", "address": "Rda Sant Antoni, 78", "categoria_arbrat": "PRIMERA", "emission_weight": 0.85, "source": "ajuntament-arbrat-viari"}}, {"type": "Feature", "geometry": {"type": "Point", "coordinates": [2.16388, 41.383694]}, "properties": {"codi": "0106379AR", "species": "Platanus \u00d7 acerifolia", "address": "Rda Sant Antoni, 82", "categoria_arbrat": "EXEMPLAR", "emission_weight": 1.0, "source": "ajuntament-arbrat-viari"}}, {"type": "Feature", "geometry": {"type": "Point", "coordinates": [2.163947, 41.384238]}, "properties": {"codi": "0106390AR", "species": "Platanus \u00d7 acerifolia", "address": "Rda Sant Antoni, 90", "categoria_arbrat": "TERCERA", "emission_weight": 0.45, "source": "ajuntament-arbrat-viari"}}, {"type": "Feature", "geometry": {"type": "Point", "coordinates": [2.163692, 41.382366]}, "properties": {"codi": "0106487AR", "species": "Platanus \u00d7 acerifolia", "address": "Rda Sant Antoni, 64", "categoria_arbrat": "EXEMPLAR", "emission_weight": 1.0, "source": "ajuntament-arbrat-viari"}}, {"type": "Feature", "geometry": {"type": "Point", "coordinates": [2.164328, 41.385492]}, "properties": {"codi": "0106509AR", "species": "Platanus \u00d7 acerifolia", "address": "Pl Universitat, 5", "categoria_arbrat": "EXEMPLAR", "emission_weight": 1.0, "source": "ajuntament-arbrat-viari"}}, {"type": "Feature", "geometry": {"type": "Point", "coordinates": [2.163984, 41.384491]}, "properties": {"codi": "0106564AR", "species": "Platanus \u00d7 acerifolia", "address": "Rda Sant Antoni, 92", "categoria_arbrat": "SEGONA", "emission_weight": 0.65, "source": "ajuntament-arbrat-viari"}}, {"type": "Feature", "geometry": {"type": "Point", "coordinates": [2.16374, 41.382708]}, "properties": {"codi": "0106657AR", "species": "Platanus \u00d7 acerifolia", "address": "Rda Sant Antoni, 66", "categoria_arbrat": "EXEMPLAR", "emission_weight": 1.0, "source": "ajuntament-arbrat-viari"}}, {"type": "Feature", "geometry": {"type": "Point", "coordinates": [2.163728, 41.382636]}, "properties": {"codi": "0106812AR", "species": "Platanus \u00d7 acerifolia", "address": "Rda Sant Antoni, 66", "categoria_arbrat": "SEGONA", "emission_weight": 0.65, "source": "ajuntament-arbrat-viari"}}, {"type": "Feature", "geometry": {"type": "Point", "coordinates": [2.163993, 41.384579]}, "properties": {"codi": "0106826AR", "species": "Platanus \u00d7 acerifolia", "address": "Rda Sant Antoni, 94", "categoria_arbrat": "PRIMERA", "emission_weight": 0.85, "source": "ajuntament-arbrat-viari"}}, {"type": "Feature", "geometry": {"type": "Point", "coordinates": [2.163967, 41.384369]}, "properties": {"codi": "0106872AR", "species": "Platanus \u00d7 acerifolia", "address": "Rda Sant Antoni, 90", "categoria_arbrat": "TERCERA", "emission_weight": 0.45, "source": "ajuntament-arbrat-viari"}}, {"type": "Feature", "geometry": {"type": "Point", "coordinates": [2.163884, 41.383765]}, "properties": {"codi": "0106880AR", "species": "Platanus \u00d7 acerifolia", "address": "Rda Sant Antoni, 82", "categoria_arbrat": "PRIMERA", "emission_weight": 0.85, "source": "ajuntament-arbrat-viari"}}, {"type": "Feature", "geometry": {"type": "Point", "coordinates": [2.16381, 41.383139]}, "properties": {"codi": "0106952AR", "species": "Platanus \u00d7 acerifolia", "address": "Rda Sant Antoni, 72", "categoria_arbrat": "EXEMPLAR", "emission_weight": 1.0, "source": "ajuntament-arbrat-viari"}}, {"type": "Feature", "geometry": {"type": "Point", "coordinates": [2.163906, 41.383897]}, "properties": {"codi": "0107163AR", "species": "Platanus \u00d7 acerifolia", "address": "Rda Sant Antoni, 86", "categoria_arbrat": "PRIMERA", "emission_weight": 0.85, "source": "ajuntament-arbrat-viari"}}, {"type": "Feature", "geometry": {"type": "Point", "coordinates": [2.163713, 41.382567]}, "properties": {"codi": "0107200AR", "species": "Platanus \u00d7 acerifolia", "address": "Rda Sant Antoni, 66", "categoria_arbrat": "EXEMPLAR", "emission_weight": 1.0, "source": "ajuntament-arbrat-viari"}}, {"type": "Feature", "geometry": {"type": "Point", "coordinates": [2.16404, 41.384876]}, "properties": {"codi": "0107222AR", "species": "Platanus \u00d7 acerifolia", "address": "Rda Sant Antoni, 102", "categoria_arbrat": "EXEMPLAR", "emission_weight": 1.0, "source": "ajuntament-arbrat-viari"}}, {"type": "Feature", "geometry": {"type": "Point", "coordinates": [2.153242, 41.394788]}, "properties": {"codi": "0166850AR", "species": "Platanus \u00d7 acerifolia", "address": "Av Diagonal, 421", "categoria_arbrat": "TERCERA", "emission_weight": 0.45, "source": "ajuntament-arbrat-viari"}}, {"type": "Feature", "geometry": {"type": "Point", "coordinates": [2.153373, 41.394896]}, "properties": {"codi": "0166928AR", "species": "Platanus \u00d7 acerifolia", "address": "Av Diagonal, 421", "categoria_arbrat": "SEGONA", "emission_weight": 0.65, "source": "ajuntament-arbrat-viari"}}, {"type": "Feature", "geometry": {"type": "Point", "coordinates": [2.151041, 41.394299]}, "properties": {"codi": "0166954AR", "species": "Platanus \u00d7 acerifolia", "address": "Av Diagonal, 433", "categoria_arbrat": "SEGONA", "emission_weight": 0.65, "source": "ajuntament-arbrat-viari"}}, {"type": "Feature", "geometry": {"type": "Point", "coordinates": [2.156971, 41.389697]}, "properties": {"codi": "0167093AR", "species": "Platanus \u00d7 acerifolia", "address": "C\\ Mallorca, 193", "categoria_arbrat": "EXEMPLAR", "emission_weight": 1.0, "source": "ajuntament-arbrat-viari"}}, {"type": "Feature", "geometry": {"type": "Point", "coordinates": [2.159896, 41.383332]}, "properties": {"codi": "0167095AR", "species": "Platanus \u00d7 acerifolia", "address": "G.V. Corts Catalanes, 541", "categoria_arbrat": "EXEMPLAR", "emission_weight": 1.0, "source": "ajuntament-arbrat-viari"}}, {"type": "Feature", "geometry": {"type": "Point", "coordinates": [2.1518, 41.389025]}, "properties": {"codi": "0167096AR", "species": "Platanus \u00d7 acerifolia", "address": "C\\ Villarroel, 168", "categoria_arbrat": "TERCERA", "emission_weight": 0.45, "source": "ajuntament-arbrat-viari"}}, {"type": "Feature", "geometry": {"type": "Point", "coordinates": [2.149874, 41.393757]}, "properties": {"codi": "0167100AR", "species": "Platanus \u00d7 acerifolia", "address": "C\\ Muntaner, 221", "categoria_arbrat": "EXEMPLAR", "emission_weight": 1.0, "source": "ajuntament-arbrat-viari"}}, {"type": "Feature", "geometry": {"type": "Point", "coordinates": [2.154781, 41.389748]}, "properties": {"codi": "0167103AR", "species": "Platanus \u00d7 acerifolia", "address": "C\\ Proven\u00e7a, 159", "categoria_arbrat": "EXEMPLAR", "emission_weight": 1.0, "source": "ajuntament-arbrat-viari"}}, {"type": "Feature", "geometry": {"type": "Point", "coordinates": [2.153437, 41.392145]}, "properties": {"codi": "0167106AR", "species": "Platanus \u00d7 acerifolia", "address": "C\\ C\u00f2rsega, 237", "categoria_arbrat": "EXEMPLAR", "emission_weight": 1.0, "source": "ajuntament-arbrat-viari"}}, {"type": "Feature", "geometry": {"type": "Point", "coordinates": [2.154186, 41.387226]}, "properties": {"codi": "0167108AR", "species": "Platanus \u00d7 acerifolia", "address": "C\\ Mallorca, 140", "categoria_arbrat": "TERCERA", "emission_weight": 0.45, "source": "ajuntament-arbrat-viari"}}, {"type": "Feature", "geometry": {"type": "Point", "coordinates": [2.161072, 41.385295]}, "properties": {"codi": "0167109AR", "species": "Platanus \u00d7 acerifolia", "address": "C\\ Muntaner, 33", "categoria_arbrat": "TERCERA", "emission_weight": 0.45, "source": "ajuntament-arbrat-viari"}}, {"type": "Feature", "geometry": {"type": "Point", "coordinates": [2.162505, 41.386066]}, "properties": {"codi": "0167111AR", "species": "Platanus \u00d7 acerifolia", "address": "C\\ Aribau, 8", "categoria_arbrat": "EXEMPLAR", "emission_weight": 1.0, "source": "ajuntament-arbrat-viari"}}, {"type": "Feature", "geometry": {"type": "Point", "coordinates": [2.161005, 41.385922]}, "properties": {"codi": "0167114AR", "species": "Platanus \u00d7 acerifolia", "address": "C\\ Diputaci\u00f3, 195", "categoria_arbrat": "EXEMPLAR", "emission_weight": 1.0, "source": "ajuntament-arbrat-viari"}}, {"type": "Feature", "geometry": {"type": "Point", "coordinates": [2.1555, 41.39199]}, "properties": {"codi": "0167116AR", "species": "Platanus \u00d7 acerifolia", "address": "C\\ Rossell\u00f3, 191", "categoria_arbrat": "EXEMPLAR", "emission_weight": 1.0, "source": "ajuntament-arbrat-viari"}}, {"type": "Feature", "geometry": {"type": "Point", "coordinates": [2.153184, 41.39352]}, "properties": {"codi": "0167124AR", "species": "Platanus \u00d7 acerifolia", "address": "C\\ Par\u00eds, 182", "categoria_arbrat": "EXEMPLAR", "emission_weight": 1.0, "source": "ajuntament-arbrat-viari"}}, {"type": "Feature", "geometry": {"type": "Point", "coordinates": [2.154711, 41.393109]}, "properties": {"codi": "0167126AR", "species": "Platanus \u00d7 acerifolia", "address": "C\\ C\u00f2rsega, 257", "categoria_arbrat": "SEGONA", "emission_weight": 0.65, "source": "ajuntament-arbrat-viari"}}, {"type": "Feature", "geometry": {"type": "Point", "coordinates": [2.151546, 41.39264]}, "properties": {"codi": "0167127AR", "species": "Platanus \u00d7 acerifolia", "address": "C\\ Par\u00eds, 169", "categoria_arbrat": "SEGONA", "emission_weight": 0.65, "source": "ajuntament-arbrat-viari"}}, {"type": "Feature", "geometry": {"type": "Point", "coordinates": [2.151989, 41.387204]}, "properties": {"codi": "0167128AR", "species": "Platanus \u00d7 acerifolia", "address": "C\\ Comte d'Urgell, 182", "categoria_arbrat": "EXEMPLAR", "emission_weight": 1.0, "source": "ajuntament-arbrat-viari"}}, {"type": "Feature", "geometry": {"type": "Point", "coordinates": [2.155375, 41.389598]}, "properties": {"codi": "0167131AR", "species": "Platanus \u00d7 acerifolia", "address": "C\\ Muntaner, 117", "categoria_arbrat": "TERCERA", "emission_weight": 0.45, "source": "ajuntament-arbrat-viari"}}, {"type": "Feature", "geometry": {"type": "Point", "coordinates": [2.156781, 41.392948]}, "properties": {"codi": "0167133AR", "species": "Platanus \u00d7 acerifolia", "address": "C\\ Rossell\u00f3, 213", "categoria_arbrat": "EXEMPLAR", "emission_weight": 1.0, "source": "ajuntament-arbrat-viari"}}, {"type": "Feature", "geometry": {"type": "Point", "coordinates": [2.149134, 41.392752]}, "properties": {"codi": "0167137AR", "species": "Platanus \u00d7 acerifolia", "address": "C\\ Casanova, 232", "categoria_arbrat": "EXEMPLAR", "emission_weight": 1.0, "source": "ajuntament-arbrat-viari"}}, {"type": "Feature", "geometry": {"type": "Point", "coordinates": [2.154789, 41.385101]}, "properties": {"codi": "0167141AR", "species": "Platanus \u00d7 acerifolia", "address": "C\\ Comte d'Urgell, 136", "categoria_arbrat": "EXEMPLAR", "emission_weight": 1.0, "source": "ajuntament-arbrat-viari"}}, {"type": "Feature", "geometry": {"type": "Point", "coordinates": [2.15214, 41.388757]}, "properties": {"codi": "0167143AR", "species": "Platanus \u00d7 acerifolia", "address": "C\\ Villarroel, 168", "categoria_arbrat": "EXEMPLAR", "emission_weight": 1.0, "source": "ajuntament-arbrat-viari"}}, {"type": "Feature", "geometry": {"type": "Point", "coordinates": [2.160232, 41.386077]}, "properties": {"codi": "0167144AR", "species": "Platanus \u00d7 acerifolia", "address": "C\\ Muntaner, 44", "categoria_arbrat": "EXEMPLAR", "emission_weight": 1.0, "source": "ajuntament-arbrat-viari"}}, {"type": "Feature", "geometry": {"type": "Point", "coordinates": [2.156007, 41.38927]}, "properties": {"codi": "0167151AR", "species": "Platanus \u00d7 acerifolia", "address": "C\\ Muntaner, 112", "categoria_arbrat": "EXEMPLAR", "emission_weight": 1.0, "source": "ajuntament-arbrat-viari"}}, {"type": "Feature", "geometry": {"type": "Point", "coordinates": [2.149928, 41.393715]}, "properties": {"codi": "0167153AR", "species": "Platanus \u00d7 acerifolia", "address": "C\\ Muntaner, 217", "categoria_arbrat": "SEGONA", "emission_weight": 0.65, "source": "ajuntament-arbrat-viari"}}, {"type": "Feature", "geometry": {"type": "Point", "coordinates": [2.150606, 41.39179]}, "properties": {"codi": "0167154AR", "species": "Platanus \u00d7 acerifolia", "address": "C\\ Par\u00eds, 151", "categoria_arbrat": "SEGONA", "emission_weight": 0.65, "source": "ajuntament-arbrat-viari"}}, {"type": "Feature", "geometry": {"type": "Point", "coordinates": [2.160955, 41.384038]}, "properties": {"codi": "0167155AR", "species": "Platanus \u00d7 acerifolia", "address": "G.V. Corts Catalanes, 562", "categoria_arbrat": "SEGONA", "emission_weight": 0.65, "source": "ajuntament-arbrat-viari"}}, {"type": "Feature", "geometry": {"type": "Point", "coordinates": [2.152329, 41.392874]}, "properties": {"codi": "0167159AR", "species": "Platanus \u00d7 acerifolia", "address": "C\\ Par\u00eds, 174", "categoria_arbrat": "SEGONA", "emission_weight": 0.65, "source": "ajuntament-arbrat-viari"}}, {"type": "Feature", "geometry": {"type": "Point", "coordinates": [2.160589, 41.383854]}, "properties": {"codi": "0167161AR", "species": "Platanus \u00d7 acerifolia", "address": "G.V. Corts Catalanes, 555", "categoria_arbrat": "EXEMPLAR", "emission_weight": 1.0, "source": "ajuntament-arbrat-viari"}}, {"type": "Feature", "geometry": {"type": "Point", "coordinates": [2.161771, 41.384746]}, "properties": {"codi": "0167168AR", "species": "Platanus \u00d7 acerifolia", "address": "G.V. Corts Catalanes, 569", "categoria_arbrat": "SEGONA", "emission_weight": 0.65, "source": "ajuntament-arbrat-viari"}}, {"type": "Feature", "geometry": {"type": "Point", "coordinates": [2.15298, 41.394721]}, "properties": {"codi": "0167170AR", "species": "Platanus \u00d7 acerifolia", "address": "Av Diagonal, 423", "categoria_arbrat": "EXEMPLAR", "emission_weight": 1.0, "source": "ajuntament-arbrat-viari"}}, {"type": "Feature", "geometry": {"type": "Point", "coordinates": [2.150214, 41.392987]}, "properties": {"codi": "0167175AR", "species": "Platanus \u00d7 acerifolia", "address": "C\\ Londres, 88", "categoria_arbrat": "EXEMPLAR", "emission_weight": 1.0, "source": "ajuntament-arbrat-viari"}}, {"type": "Feature", "geometry": {"type": "Point", "coordinates": [2.154187, 41.390847]}, "properties": {"codi": "0167186AR", "species": "Platanus \u00d7 acerifolia", "address": "C\\ Rossell\u00f3, 144", "categoria_arbrat": "EXEMPLAR", "emission_weight": 1.0, "source": "ajuntament-arbrat-viari"}}, {"type": "Feature", "geometry": {"type": "Point", "coordinates": [2.161305, 41.385265]}, "properties": {"codi": "0167189AR", "species": "Platanus \u00d7 acerifolia", "address": "C\\ Muntaner, 24", "categoria_arbrat": "TERCERA", "emission_weight": 0.45, "source": "ajuntament-arbrat-viari"}}, {"type": "Feature", "geometry": {"type": "Point", "coordinates": [2.150748, 41.393536]}, "properties": {"codi": "0167192AR", "species": "Platanus \u00d7 acerifolia", "address": "C\\ Londres, 101", "categoria_arbrat": "SEGONA", "emission_weight": 0.65, "source": "ajuntament-arbrat-viari"}}, {"type": "Feature", "geometry": {"type": "Point", "coordinates": [2.15869, 41.383827]}, "properties": {"codi": "0167194AR", "species": "Platanus \u00d7 acerifolia", "address": "C\\ Diputaci\u00f3, 168", "categoria_arbrat": "TERCERA", "emission_weight": 0.45, "source": "ajuntament-arbrat-viari"}}, {"type": "Feature", "geometry": {"type": "Point", "coordinates": [2.159687, 41.383173]}, "properties": {"codi": "0167197AR", "species": "Platanus \u00d7 acerifolia", "address": "G.V. Corts Catalanes, 539", "categoria_arbrat": "TERCERA", "emission_weight": 0.45, "source": "ajuntament-arbrat-viari"}}, {"type": "Feature", "geometry": {"type": "Point", "coordinates": [2.158849, 41.382543]}, "properties": {"codi": "0167207AR", "species": "Platanus \u00d7 acerifolia", "address": "G.V. Corts Catalanes, 527", "categoria_arbrat": "TERCERA", "emission_weight": 0.45, "source": "ajuntament-arbrat-viari"}}, {"type": "Feature", "geometry": {"type": "Point", "coordinates": [2.153482, 41.393748]}, "properties": {"codi": "0167209AR", "species": "Platanus \u00d7 acerifolia", "address": "C\\ Par\u00eds, 188", "categoria_arbrat": "EXEMPLAR", "emission_weight": 1.0, "source": "ajuntament-arbrat-viari"}}, {"type": "Feature", "geometry": {"type": "Point", "coordinates": [2.157571, 41.388156]}, "properties": {"codi": "0167211AR", "species": "Platanus \u00d7 acerifolia", "address": "C\\ Val\u00e8ncia, 192", "categoria_arbrat": "EXEMPLAR", "emission_weight": 1.0, "source": "ajuntament-arbrat-viari"}}, {"type": "Feature", "geometry": {"type": "Point", "coordinates": [2.152998, 41.388419]}, "properties": {"codi": "0167221AR", "species": "Platanus \u00d7 acerifolia", "address": "C\\ Proven\u00e7a, 143", "categoria_arbrat": "EXEMPLAR", "emission_weight": 1.0, "source": "ajuntament-arbrat-viari"}}, {"type": "Feature", "geometry": {"type": "Point", "coordinates": [2.155311, 41.390002]}, "properties": {"codi": "0167224AR", "species": "Platanus \u00d7 acerifolia", "address": "C\\ Proven\u00e7a, 204", "categoria_arbrat": "TERCERA", "emission_weight": 0.45, "source": "ajuntament-arbrat-viari"}}, {"type": "Feature", "geometry": {"type": "Point", "coordinates": [2.152454, 41.394657]}, "properties": {"codi": "0167227AR", "species": "Platanus \u00d7 acerifolia", "address": "Av Diagonal, 427", "categoria_arbrat": "EXEMPLAR", "emission_weight": 1.0, "source": "ajuntament-arbrat-viari"}}, {"type": "Feature", "geometry": {"type": "Point", "coordinates": [2.158934, 41.390324]}, "properties": {"codi": "0167231AR", "species": "Platanus \u00d7 acerifolia", "address": "C\\ Enric Granados, 47", "categoria_arbrat": "EXEMPLAR", "emission_weight": 1.0, "source": "ajuntament-arbrat-viari"}}, {"type": "Feature", "geometry": {"type": "Point", "coordinates": [2.15718, 41.384962]}, "properties": {"codi": "0167240AR", "species": "Platanus \u00d7 acerifolia", "address": "C\\ Consell de Cent, 211", "categoria_arbrat": "EXEMPLAR", "emission_weight": 1.0, "source": "ajuntament-arbrat-viari"}}, {"type": "Feature", "geometry": {"type": "Point", "coordinates": [2.157208, 41.391776]}, "properties": {"codi": "0167249AR", "species": "Platanus \u00d7 acerifolia", "address": "C\\ Proven\u00e7a, 195", "categoria_arbrat": "EXEMPLAR", "emission_weight": 1.0, "source": "ajuntament-arbrat-viari"}}, {"type": "Feature", "geometry": {"type": "Point", "coordinates": [2.15826, 41.382474]}, "properties": {"codi": "0167250AR", "species": "Platanus \u00d7 acerifolia", "address": "C\\ Comte d'Urgell, 66", "categoria_arbrat": "PRIMERA", "emission_weight": 0.85, "source": "ajuntament-arbrat-viari"}}, {"type": "Feature", "geometry": {"type": "Point", "coordinates": [2.1582, 41.387615]}, "properties": {"codi": "0167255AR", "species": "Platanus \u00d7 acerifolia", "address": "C\\ Muntaner, 74", "categoria_arbrat": "EXEMPLAR", "emission_weight": 1.0, "source": "ajuntament-arbrat-viari"}}, {"type": "Feature", "geometry": {"type": "Point", "coordinates": [2.150019, 41.393976]}, "properties": {"codi": "0167261AR", "species": "Platanus \u00d7 acerifolia", "address": "Av Diagonal, 439", "categoria_arbrat": "EXEMPLAR", "emission_weight": 1.0, "source": "ajuntament-arbrat-viari"}}, {"type": "Feature", "geometry": {"type": "Point", "coordinates": [2.156479, 41.387624]}, "properties": {"codi": "0167262AR", "species": "Platanus \u00d7 acerifolia", "address": "C\\ Val\u00e8ncia, 147", "categoria_arbrat": "EXEMPLAR", "emission_weight": 1.0, "source": "ajuntament-arbrat-viari"}}, {"type": "Feature", "geometry": {"type": "Point", "coordinates": [2.155345, 41.388472]}, "properties": {"codi": "0167264AR", "species": "Platanus \u00d7 acerifolia", "address": "C\\ Mallorca, 161", "categoria_arbrat": "EXEMPLAR", "emission_weight": 1.0, "source": "ajuntament-arbrat-viari"}}, {"type": "Feature", "geometry": {"type": "Point", "coordinates": [2.1542, 41.385542]}, "properties": {"codi": "0167266AR", "species": "Platanus \u00d7 acerifolia", "address": "C\\ Comte d'Urgell, 142", "categoria_arbrat": "EXEMPLAR", "emission_weight": 1.0, "source": "ajuntament-arbrat-viari"}}, {"type": "Feature", "geometry": {"type": "Point", "coordinates": [2.161328, 41.389623]}, "properties": {"codi": "0167274AR", "species": "Platanus \u00d7 acerifolia", "address": "C\\ Arag\u00f3, 219", "categoria_arbrat": "SEGONA", "emission_weight": 0.65, "source": "ajuntament-arbrat-viari"}}, {"type": "Feature", "geometry": {"type": "Point", "coordinates": [2.16335, 41.385829]}, "properties": {"codi": "0167278AR", "species": "Platanus \u00d7 acerifolia", "address": "G.V. Corts Catalanes, 585", "categoria_arbrat": "SEGONA", "emission_weight": 0.65, "source": "ajuntament-arbrat-viari"}}, {"type": "Feature", "geometry": {"type": "Point", "coordinates": [2.156251, 41.387521]}, "properties": {"codi": "0167280AR", "species": "Platanus \u00d7 acerifolia", "address": "C\\ Val\u00e8ncia, 145", "categoria_arbrat": "TERCERA", "emission_weight": 0.45, "source": "ajuntament-arbrat-viari"}}, {"type": "Feature", "geometry": {"type": "Point", "coordinates": [2.154239, 41.387632]}, "properties": {"codi": "0167281AR", "species": "Platanus \u00d7 acerifolia", "address": "C\\ Mallorca, 135", "categoria_arbrat": "TERCERA", "emission_weight": 0.45, "source": "ajuntament-arbrat-viari"}}, {"type": "Feature", "geometry": {"type": "Point", "coordinates": [2.154504, 41.392953]}, "properties": {"codi": "0167283AR", "species": "Platanus \u00d7 acerifolia", "address": "C\\ C\u00f2rsega, 253", "categoria_arbrat": "EXEMPLAR", "emission_weight": 1.0, "source": "ajuntament-arbrat-viari"}}, {"type": "Feature", "geometry": {"type": "Point", "coordinates": [2.15672, 41.392]}, "properties": {"codi": "0167285AR", "species": "Platanus \u00d7 acerifolia", "address": "C\\ Enric Granados, 85", "categoria_arbrat": "EXEMPLAR", "emission_weight": 1.0, "source": "ajuntament-arbrat-viari"}}, {"type": "Feature", "geometry": {"type": "Point", "coordinates": [2.153428, 41.39293]}, "properties": {"codi": "0167294AR", "species": "Platanus \u00d7 acerifolia", "address": "C\\ Aribau, 172", "categoria_arbrat": "EXEMPLAR", "emission_weight": 1.0, "source": "ajuntament-arbrat-viari"}}, {"type": "Feature", "geometry": {"type": "Point", "coordinates": [2.162592, 41.387117]}, "properties": {"codi": "0167296AR", "species": "Platanus \u00d7 acerifolia", "address": "C\\ Diputaci\u00f3, 225", "categoria_arbrat": "EXEMPLAR", "emission_weight": 1.0, "source": "ajuntament-arbrat-viari"}}, {"type": "Feature", "geometry": {"type": "Point", "coordinates": [2.159356, 41.3915]}, "properties": {"codi": "0167299AR", "species": "Platanus \u00d7 acerifolia", "address": "C\\ Mallorca, 229", "categoria_arbrat": "EXEMPLAR", "emission_weight": 1.0, "source": "ajuntament-arbrat-viari"}}, {"type": "Feature", "geometry": {"type": "Point", "coordinates": [2.154161, 41.390986]}, "properties": {"codi": "0167300AR", "species": "Platanus \u00d7 acerifolia", "address": "C\\ Rossell\u00f3, 175", "categoria_arbrat": "EXEMPLAR", "emission_weight": 1.0, "source": "ajuntament-arbrat-viari"}}, {"type": "Feature", "geometry": {"type": "Point", "coordinates": [2.164974, 41.38715]}, "properties": {"codi": "0167302AR", "species": "Platanus \u00d7 acerifolia", "address": "G.V. Corts Catalanes, 585", "categoria_arbrat": "SEGONA", "emission_weight": 0.65, "source": "ajuntament-arbrat-viari"}}, {"type": "Feature", "geometry": {"type": "Point", "coordinates": [2.151311, 41.387715]}, "properties": {"codi": "0167304AR", "species": "Platanus \u00d7 acerifolia", "address": "C\\ Comte d'Urgell, 188", "categoria_arbrat": "SEGONA", "emission_weight": 0.65, "source": "ajuntament-arbrat-viari"}}, {"type": "Feature", "geometry": {"type": "Point", "coordinates": [2.156729, 41.39291]}, "properties": {"codi": "0167305AR", "species": "Platanus \u00d7 acerifolia", "address": "C\\ Rossell\u00f3, 211", "categoria_arbrat": "EXEMPLAR", "emission_weight": 1.0, "source": "ajuntament-arbrat-viari"}}, {"type": "Feature", "geometry": {"type": "Point", "coordinates": [2.159725, 41.384957]}, "properties": {"codi": "0167308AR", "species": "Platanus \u00d7 acerifolia", "address": "C\\ Diputaci\u00f3, 171", "categoria_arbrat": "EXEMPLAR", "emission_weight": 1.0, "source": "ajuntament-arbrat-viari"}}, {"type": "Feature", "geometry": {"type": "Point", "coordinates": [2.149369, 41.390575]}, "properties": {"codi": "0167317AR", "species": "Platanus \u00d7 acerifolia", "address": "C\\ Par\u00eds, 130", "categoria_arbrat": "SEGONA", "emission_weight": 0.65, "source": "ajuntament-arbrat-viari"}}, {"type": "Feature", "geometry": {"type": "Point", "coordinates": [2.155976, 41.392346]}, "properties": {"codi": "0167320AR", "species": "Platanus \u00d7 acerifolia", "address": "C\\ Rossell\u00f3, 201", "categoria_arbrat": "EXEMPLAR", "emission_weight": 1.0, "source": "ajuntament-arbrat-viari"}}, {"type": "Feature", "geometry": {"type": "Point", "coordinates": [2.153814, 41.392638]}, "properties": {"codi": "0167321AR", "species": "Platanus \u00d7 acerifolia", "address": "C\\ C\u00f2rsega, 243", "categoria_arbrat": "EXEMPLAR", "emission_weight": 1.0, "source": "ajuntament-arbrat-viari"}}, {"type": "Feature", "geometry": {"type": "Point", "coordinates": [2.155278, 41.386256]}, "properties": {"codi": "0167322AR", "species": "Platanus \u00d7 acerifolia", "address": "C\\ Villarroel, 125", "categoria_arbrat": "EXEMPLAR", "emission_weight": 1.0, "source": "ajuntament-arbrat-viari"}}, {"type": "Feature", "geometry": {"type": "Point", "coordinates": [2.155344, 41.393585]}, "properties": {"codi": "0167326AR", "species": "Platanus \u00d7 acerifolia", "address": "C\\ C\u00f2rsega, 265", "categoria_arbrat": "SEGONA", "emission_weight": 0.65, "source": "ajuntament-arbrat-viari"}}, {"type": "Feature", "geometry": {"type": "Point", "coordinates": [2.162519, 41.385293]}, "properties": {"codi": "0167329AR", "species": "Platanus \u00d7 acerifolia", "address": "G.V. Corts Catalanes, 579", "categoria_arbrat": "SEGONA", "emission_weight": 0.65, "source": "ajuntament-arbrat-viari"}}, {"type": "Feature", "geometry": {"type": "Point", "coordinates": [2.149726, 41.392312]}, "properties": {"codi": "0167336AR", "species": "Platanus \u00d7 acerifolia", "address": "C\\ Casanova, 224", "categoria_arbrat": "TERCERA", "emission_weight": 0.45, "source": "ajuntament-arbrat-viari"}}, {"type": "Feature", "geometry": {"type": "Point", "coordinates": [2.149249, 41.389269]}, "properties": {"codi": "0167338AR", "species": "Platanus \u00d7 acerifolia", "address": "C\\ Comte d'Urgell, 224", "categoria_arbrat": "TERCERA", "emission_weight": 0.45, "source": "ajuntament-arbrat-viari"}}, {"type": "Feature", "geometry": {"type": "Point", "coordinates": [2.153052, 41.391714]}, "properties": {"codi": "0167342AR", "species": "Platanus \u00d7 acerifolia", "address": "C\\ C\u00f2rsega, 212", "categoria_arbrat": "TERCERA", "emission_weight": 0.45, "source": "ajuntament-arbrat-viari"}}, {"type": "Feature", "geometry": {"type": "Point", "coordinates": [2.151129, 41.390266]}, "properties": {"codi": "0167344AR", "species": "Platanus \u00d7 acerifolia", "address": "C\\ C\u00f2rsega, 190", "categoria_arbrat": "EXEMPLAR", "emission_weight": 1.0, "source": "ajuntament-arbrat-viari"}}, {"type": "Feature", "geometry": {"type": "Point", "coordinates": [2.150309, 41.390006]}, "properties": {"codi": "0167345AR", "species": "Platanus \u00d7 acerifolia", "address": "C\\ C\u00f2rsega, 185", "categoria_arbrat": "EXEMPLAR", "emission_weight": 1.0, "source": "ajuntament-arbrat-viari"}}, {"type": "Feature", "geometry": {"type": "Point", "coordinates": [2.150182, 41.391405]}, "properties": {"codi": "0167347AR", "species": "Platanus \u00d7 acerifolia", "address": "C\\ Par\u00eds, 147", "categoria_arbrat": "EXEMPLAR", "emission_weight": 1.0, "source": "ajuntament-arbrat-viari"}}, {"type": "Feature", "geometry": {"type": "Point", "coordinates": [2.154809, 41.387924]}, "properties": {"codi": "0167348AR", "species": "Platanus \u00d7 acerifolia", "address": "C\\ Mallorca, 156", "categoria_arbrat": "EXEMPLAR", "emission_weight": 1.0, "source": "ajuntament-arbrat-viari"}}, {"type": "Feature", "geometry": {"type": "Point", "coordinates": [2.154822, 41.385686]}, "properties": {"codi": "0167350AR", "species": "Platanus \u00d7 acerifolia", "address": "Av Roma, 119", "categoria_arbrat": "EXEMPLAR", "emission_weight": 1.0, "source": "ajuntament-arbrat-viari"}}, {"type": "Feature", "geometry": {"type": "Point", "coordinates": [2.149847, 41.392858]}, "properties": {"codi": "0167353AR", "species": "Platanus \u00d7 acerifolia", "address": "C\\ Londres, 85", "categoria_arbrat": "TERCERA", "emission_weight": 0.45, "source": "ajuntament-arbrat-viari"}}, {"type": "Feature", "geometry": {"type": "Point", "coordinates": [2.154397, 41.389319]}, "properties": {"codi": "0167359AR", "species": "Platanus \u00d7 acerifolia", "address": "C\\ Proven\u00e7a, 190", "categoria_arbrat": "SEGONA", "emission_weight": 0.65, "source": "ajuntament-arbrat-viari"}}, {"type": "Feature", "geometry": {"type": "Point", "coordinates": [2.157305, 41.391776]}, "properties": {"codi": "0167363AR", "species": "Platanus \u00d7 acerifolia", "address": "C\\ Enric Granados, 58", "categoria_arbrat": "TERCERA", "emission_weight": 0.45, "source": "ajuntament-arbrat-viari"}}, {"type": "Feature", "geometry": {"type": "Point", "coordinates": [2.154828, 41.38639]}, "properties": {"codi": "0167365AR", "species": "Platanus \u00d7 acerifolia", "address": "C\\ Val\u00e8ncia, 121", "categoria_arbrat": "SEGONA", "emission_weight": 0.65, "source": "ajuntament-arbrat-viari"}}, {"type": "Feature", "geometry": {"type": "Point", "coordinates": [2.157198, 41.388374]}, "properties": {"codi": "0167367AR", "species": "Platanus \u00d7 acerifolia", "address": "C\\ Val\u00e8ncia, 167", "categoria_arbrat": "SEGONA", "emission_weight": 0.65, "source": "ajuntament-arbrat-viari"}}, {"type": "Feature", "geometry": {"type": "Point", "coordinates": [2.161668, 41.384993]}, "properties": {"codi": "0167372AR", "species": "Platanus \u00d7 acerifolia", "address": "C\\ Muntaner, 18", "categoria_arbrat": "TERCERA", "emission_weight": 0.45, "source": "ajuntament-arbrat-viari"}}, {"type": "Feature", "geometry": {"type": "Point", "coordinates": [2.157841, 41.391295]}, "properties": {"codi": "0167373AR", "species": "Platanus \u00d7 acerifolia", "address": "C\\ Enric Granados, 52", "categoria_arbrat": "SEGONA", "emission_weight": 0.65, "source": "ajuntament-arbrat-viari"}}, {"type": "Feature", "geometry": {"type": "Point", "coordinates": [2.159277, 41.391293]}, "properties": {"codi": "0167376AR", "species": "Platanus \u00d7 acerifolia", "address": "C\\ Mallorca, 218", "categoria_arbrat": "PRIMERA", "emission_weight": 0.85, "source": "ajuntament-arbrat-viari"}}, {"type": "Feature", "geometry": {"type": "Point", "coordinates": [2.163815, 41.386276]}, "properties": {"codi": "0167380AR", "species": "Platanus \u00d7 acerifolia", "address": "G.V. Corts Catalanes, 585", "categoria_arbrat": "EXEMPLAR", "emission_weight": 1.0, "source": "ajuntament-arbrat-viari"}}, {"type": "Feature", "geometry": {"type": "Point", "coordinates": [2.154783, 41.386774]}, "properties": {"codi": "0167382AR", "species": "Platanus \u00d7 acerifolia", "address": "C\\ Villarroel, 134", "categoria_arbrat": "TERCERA", "emission_weight": 0.45, "source": "ajuntament-arbrat-viari"}}, {"type": "Feature", "geometry": {"type": "Point", "coordinates": [2.153157, 41.388002]}, "properties": {"codi": "0167392AR", "species": "Platanus \u00d7 acerifolia", "address": "C\\ Villarroel, 162", "categoria_arbrat": "EXEMPLAR", "emission_weight": 1.0, "source": "ajuntament-arbrat-viari"}}, {"type": "Feature", "geometry": {"type": "Point", "coordinates": [2.156731, 41.385303]}, "properties": {"codi": "0167393AR", "species": "Platanus \u00d7 acerifolia", "address": "C\\ Villarroel, 106", "categoria_arbrat": "TERCERA", "emission_weight": 0.45, "source": "ajuntament-arbrat-viari"}}, {"type": "Feature", "geometry": {"type": "Point", "coordinates": [2.160519, 41.387569]}, "properties": {"codi": "0167397AR", "species": "Platanus \u00d7 acerifolia", "address": "C\\ Aribau, 40", "categoria_arbrat": "EXEMPLAR", "emission_weight": 1.0, "source": "ajuntament-arbrat-viari"}}, {"type": "Feature", "geometry": {"type": "Point", "coordinates": [2.160427, 41.390594]}, "properties": {"codi": "0167402AR", "species": "Platanus \u00d7 acerifolia", "address": "C\\ Val\u00e8ncia, 217", "categoria_arbrat": "SEGONA", "emission_weight": 0.65, "source": "ajuntament-arbrat-viari"}}, {"type": "Feature", "geometry": {"type": "Point", "coordinates": [2.150402, 41.394142]}, "properties": {"codi": "0167404AR", "species": "Platanus \u00d7 acerifolia", "address": "Av Diagonal, 435", "categoria_arbrat": "EXEMPLAR", "emission_weight": 1.0, "source": "ajuntament-arbrat-viari"}}, {"type": "Feature", "geometry": {"type": "Point", "coordinates": [2.161238, 41.388581]}, "properties": {"codi": "0167405AR", "species": "Platanus \u00d7 acerifolia", "address": "C\\ Enric Granados, 27", "categoria_arbrat": "EXEMPLAR", "emission_weight": 1.0, "source": "ajuntament-arbrat-viari"}}, {"type": "Feature", "geometry": {"type": "Point", "coordinates": [2.163418, 41.387592]}, "properties": {"codi": "0167408AR", "species": "Platanus orientalis", "address": "C\\ Diputaci\u00f3, 226", "categoria_arbrat": "SEGONA", "emission_weight": 0.65, "source": "ajuntament-arbrat-viari"}}, {"type": "Feature", "geometry": {"type": "Point", "coordinates": [2.151644, 41.39264]}, "properties": {"codi": "0167409AR", "species": "Platanus \u00d7 acerifolia", "address": "C\\ Par\u00eds, 169", "categoria_arbrat": "TERCERA", "emission_weight": 0.45, "source": "ajuntament-arbrat-viari"}}, {"type": "Feature", "geometry": {"type": "Point", "coordinates": [2.156011, 41.387123]}, "properties": {"codi": "0167412AR", "species": "Platanus \u00d7 acerifolia", "address": "C\\ Val\u00e8ncia, 176", "categoria_arbrat": "TERCERA", "emission_weight": 0.45, "source": "ajuntament-arbrat-viari"}}, {"type": "Feature", "geometry": {"type": "Point", "coordinates": [2.158513, 41.382298]}, "properties": {"codi": "0167415AR", "species": "Platanus \u00d7 acerifolia", "address": "G.V. Corts Catalanes, 525", "categoria_arbrat": "SEGONA", "emission_weight": 0.65, "source": "ajuntament-arbrat-viari"}}, {"type": "Feature", "geometry": {"type": "Point", "coordinates": [2.157652, 41.389591]}, "properties": {"codi": "0167417AR", "species": "Platanus \u00d7 acerifolia", "address": "C\\ Aribau, 85", "categoria_arbrat": "EXEMPLAR", "emission_weight": 1.0, "source": "ajuntament-arbrat-viari"}}, {"type": "Feature", "geometry": {"type": "Point", "coordinates": [2.163947, 41.386277]}, "properties": {"codi": "0167419AR", "species": "Platanus orientalis", "address": "G.V. Corts Catalanes, 585", "categoria_arbrat": "EXEMPLAR", "emission_weight": 1.0, "source": "ajuntament-arbrat-viari"}}, {"type": "Feature", "geometry": {"type": "Point", "coordinates": [2.156906, 41.384534]}, "properties": {"codi": "0167420AR", "species": "Platanus \u00d7 acerifolia", "address": "C\\ Consell de Cent, 207", "categoria_arbrat": "SEGONA", "emission_weight": 0.65, "source": "ajuntament-arbrat-viari"}}, {"type": "Feature", "geometry": {"type": "Point", "coordinates": [2.154753, 41.390071]}, "properties": {"codi": "0167424AR", "species": "Platanus \u00d7 acerifolia", "address": "C\\ Muntaner, 127", "categoria_arbrat": "TERCERA", "emission_weight": 0.45, "source": "ajuntament-arbrat-viari"}}, {"type": "Feature", "geometry": {"type": "Point", "coordinates": [2.155807, 41.389276]}, "properties": {"codi": "0167429AR", "species": "Platanus \u00d7 acerifolia", "address": "C\\ Muntaner, 107", "categoria_arbrat": "EXEMPLAR", "emission_weight": 1.0, "source": "ajuntament-arbrat-viari"}}, {"type": "Feature", "geometry": {"type": "Point", "coordinates": [2.152824, 41.39475]}, "properties": {"codi": "0167437AR", "species": "Platanus \u00d7 acerifolia", "address": "Av Diagonal, 423", "categoria_arbrat": "EXEMPLAR", "emission_weight": 1.0, "source": "ajuntament-arbrat-viari"}}, {"type": "Feature", "geometry": {"type": "Point", "coordinates": [2.158657, 41.384157]}, "properties": {"codi": "0167445AR", "species": "Platanus \u00d7 acerifolia", "address": "C\\ Diputaci\u00f3, 159", "categoria_arbrat": "EXEMPLAR", "emission_weight": 1.0, "source": "ajuntament-arbrat-viari"}}, {"type": "Feature", "geometry": {"type": "Point", "coordinates": [2.164844, 41.38705]}, "properties": {"codi": "0167447AR", "species": "Platanus \u00d7 acerifolia", "address": "G.V. Corts Catalanes, 585", "categoria_arbrat": "SEGONA", "emission_weight": 0.65, "source": "ajuntament-arbrat-viari"}}, {"type": "Feature", "geometry": {"type": "Point", "coordinates": [2.162314, 41.385056]}, "properties": {"codi": "0167454AR", "species": "Platanus \u00d7 acerifolia", "address": "G.V. Corts Catalanes, 575", "categoria_arbrat": "SEGONA", "emission_weight": 0.65, "source": "ajuntament-arbrat-viari"}}, {"type": "Feature", "geometry": {"type": "Point", "coordinates": [2.162187, 41.385047]}, "properties": {"codi": "0167455AR", "species": "Platanus \u00d7 acerifolia", "address": "G.V. Corts Catalanes, 573", "categoria_arbrat": "SEGONA", "emission_weight": 0.65, "source": "ajuntament-arbrat-viari"}}, {"type": "Feature", "geometry": {"type": "Point", "coordinates": [2.159038, 41.382592]}, "properties": {"codi": "0167458AR", "species": "Platanus \u00d7 acerifolia", "address": "G.V. Corts Catalanes, 531", "categoria_arbrat": "SEGONA", "emission_weight": 0.65, "source": "ajuntament-arbrat-viari"}}, {"type": "Feature", "geometry": {"type": "Point", "coordinates": [2.161713, 41.388019]}, "properties": {"codi": "0167459AR", "species": "Platanus \u00d7 acerifolia", "address": "C\\ Consell de Cent, 270", "categoria_arbrat": "EXEMPLAR", "emission_weight": 1.0, "source": "ajuntament-arbrat-viari"}}, {"type": "Feature", "geometry": {"type": "Point", "coordinates": [2.156564, 41.387543]}, "properties": {"codi": "0167462AR", "species": "Platanus \u00d7 acerifolia", "address": "C\\ Val\u00e8ncia, 180", "categoria_arbrat": "EXEMPLAR", "emission_weight": 1.0, "source": "ajuntament-arbrat-viari"}}, {"type": "Feature", "geometry": {"type": "Point", "coordinates": [2.156771, 41.389547]}, "properties": {"codi": "0167466AR", "species": "Platanus \u00d7 acerifolia", "address": "C\\ Mallorca, 187", "categoria_arbrat": "TERCERA", "emission_weight": 0.45, "source": "ajuntament-arbrat-viari"}}, {"type": "Feature", "geometry": {"type": "Point", "coordinates": [2.156715, 41.388736]}, "properties": {"codi": "0167468AR", "species": "Platanus \u00d7 acerifolia", "address": "C\\ Muntaner, 106", "categoria_arbrat": "EXEMPLAR", "emission_weight": 1.0, "source": "ajuntament-arbrat-viari"}}, {"type": "Feature", "geometry": {"type": "Point", "coordinates": [2.155857, 41.387676]}, "properties": {"codi": "0167475AR", "species": "Platanus \u00d7 acerifolia", "address": "C\\ Casanova, 112", "categoria_arbrat": "EXEMPLAR", "emission_weight": 1.0, "source": "ajuntament-arbrat-viari"}}, {"type": "Feature", "geometry": {"type": "Point", "coordinates": [2.160999, 41.385498]}, "properties": {"codi": "0167477AR", "species": "Platanus \u00d7 acerifolia", "address": "C\\ Muntaner, 34", "categoria_arbrat": "EXEMPLAR", "emission_weight": 1.0, "source": "ajuntament-arbrat-viari"}}, {"type": "Feature", "geometry": {"type": "Point", "coordinates": [2.155297, 41.386524]}, "properties": {"codi": "0167483AR", "species": "Platanus \u00d7 acerifolia", "address": "C\\ Val\u00e8ncia, 162", "categoria_arbrat": "SEGONA", "emission_weight": 0.65, "source": "ajuntament-arbrat-viari"}}, {"type": "Feature", "geometry": {"type": "Point", "coordinates": [2.155406, 41.384968]}, "properties": {"codi": "0167487AR", "species": "Platanus \u00d7 acerifolia", "address": "C\\ Arag\u00f3, 128", "categoria_arbrat": "EXEMPLAR", "emission_weight": 1.0, "source": "ajuntament-arbrat-viari"}}, {"type": "Feature", "geometry": {"type": "Point", "coordinates": [2.155719, 41.390455]}, "properties": {"codi": "0167491AR", "species": "Platanus \u00d7 acerifolia", "address": "C\\ Proven\u00e7a, 173", "categoria_arbrat": "SEGONA", "emission_weight": 0.65, "source": "ajuntament-arbrat-viari"}}, {"type": "Feature", "geometry": {"type": "Point", "coordinates": [2.155664, 41.386862]}, "properties": {"codi": "0167493AR", "species": "Platanus \u00d7 acerifolia", "address": "C\\ Val\u00e8ncia, 166", "categoria_arbrat": "TERCERA", "emission_weight": 0.45, "source": "ajuntament-arbrat-viari"}}, {"type": "Feature", "geometry": {"type": "Point", "coordinates": [2.151851, 41.39412]}, "properties": {"codi": "0167497AR", "species": "Platanus \u00d7 acerifolia", "address": "C\\ Aribau, 200", "categoria_arbrat": "EXEMPLAR", "emission_weight": 1.0, "source": "ajuntament-arbrat-viari"}}, {"type": "Feature", "geometry": {"type": "Point", "coordinates": [2.157669, 41.391919]}, "properties": {"codi": "0167498AR", "species": "Platanus \u00d7 acerifolia", "address": "C\\ Proven\u00e7a, 197", "categoria_arbrat": "SEGONA", "emission_weight": 0.65, "source": "ajuntament-arbrat-viari"}}, {"type": "Feature", "geometry": {"type": "Point", "coordinates": [2.152219, 41.387031]}, "properties": {"codi": "0167502AR", "species": "Platanus \u00d7 acerifolia", "address": "C\\ Comte d'Urgell, 176", "categoria_arbrat": "SEGONA", "emission_weight": 0.65, "source": "ajuntament-arbrat-viari"}}, {"type": "Feature", "geometry": {"type": "Point", "coordinates": [2.159198, 41.387766]}, "properties": {"codi": "0167506AR", "species": "Platanus \u00d7 acerifolia", "address": "C\\ Arag\u00f3, 208", "categoria_arbrat": "SEGONA", "emission_weight": 0.65, "source": "ajuntament-arbrat-viari"}}, {"type": "Feature", "geometry": {"type": "Point", "coordinates": [2.156885, 41.391881]}, "properties": {"codi": "0167507AR", "species": "Platanus \u00d7 acerifolia", "address": "C\\ Enric Granados, 83", "categoria_arbrat": "EXEMPLAR", "emission_weight": 1.0, "source": "ajuntament-arbrat-viari"}}, {"type": "Feature", "geometry": {"type": "Point", "coordinates": [2.158938, 41.387055]}, "properties": {"codi": "0167509AR", "species": "Platanus \u00d7 acerifolia", "address": "C\\ Muntaner, 68", "categoria_arbrat": "EXEMPLAR", "emission_weight": 1.0, "source": "ajuntament-arbrat-viari"}}, {"type": "Feature", "geometry": {"type": "Point", "coordinates": [2.160173, 41.38354]}, "properties": {"codi": "0167512AR", "species": "Platanus \u00d7 acerifolia", "address": "G.V. Corts Catalanes, 549", "categoria_arbrat": "EXEMPLAR", "emission_weight": 1.0, "source": "ajuntament-arbrat-viari"}}, {"type": "Feature", "geometry": {"type": "Point", "coordinates": [2.15501, 41.385406]}, "properties": {"codi": "0167514AR", "species": "Platanus \u00d7 acerifolia", "address": "Av Roma, 132", "categoria_arbrat": "SEGONA", "emission_weight": 0.65, "source": "ajuntament-arbrat-viari"}}, {"type": "Feature", "geometry": {"type": "Point", "coordinates": [2.150955, 41.389519]}, "properties": {"codi": "0167515AR", "species": "Platanus \u00d7 acerifolia", "address": "C\\ Villarroel, 197", "categoria_arbrat": "EXEMPLAR", "emission_weight": 1.0, "source": "ajuntament-arbrat-viari"}}, {"type": "Feature", "geometry": {"type": "Point", "coordinates": [2.155913, 41.389341]}, "properties": {"codi": "0167516AR", "species": "Platanus \u00d7 acerifolia", "address": "C\\ Muntaner, 118", "categoria_arbrat": "EXEMPLAR", "emission_weight": 1.0, "source": "ajuntament-arbrat-viari"}}, {"type": "Feature", "geometry": {"type": "Point", "coordinates": [2.162088, 41.388168]}, "properties": {"codi": "0167518AR", "species": "Platanus \u00d7 acerifolia", "address": "C\\ Consell de Cent, 272", "categoria_arbrat": "EXEMPLAR", "emission_weight": 1.0, "source": "ajuntament-arbrat-viari"}}, {"type": "Feature", "geometry": {"type": "Point", "coordinates": [2.152171, 41.393879]}, "properties": {"codi": "0167519AR", "species": "Platanus \u00d7 acerifolia", "address": "C\\ Aribau, 190", "categoria_arbrat": "EXEMPLAR", "emission_weight": 1.0, "source": "ajuntament-arbrat-viari"}}, {"type": "Feature", "geometry": {"type": "Point", "coordinates": [2.155026, 41.388371]}, "properties": {"codi": "0167521AR", "species": "Platanus \u00d7 acerifolia", "address": "C\\ Mallorca, 159", "categoria_arbrat": "TERCERA", "emission_weight": 0.45, "source": "ajuntament-arbrat-viari"}}, {"type": "Feature", "geometry": {"type": "Point", "coordinates": [2.156547, 41.390425]}, "properties": {"codi": "0167522AR", "species": "Platanus \u00d7 acerifolia", "address": "C\\ Aribau, 105", "categoria_arbrat": "EXEMPLAR", "emission_weight": 1.0, "source": "ajuntament-arbrat-viari"}}, {"type": "Feature", "geometry": {"type": "Point", "coordinates": [2.158915, 41.382592]}, "properties": {"codi": "0167526AR", "species": "Platanus \u00d7 acerifolia", "address": "G.V. Corts Catalanes, 529", "categoria_arbrat": "EXEMPLAR", "emission_weight": 1.0, "source": "ajuntament-arbrat-viari"}}, {"type": "Feature", "geometry": {"type": "Point", "coordinates": [2.159257, 41.38285]}, "properties": {"codi": "0167527AR", "species": "Platanus \u00d7 acerifolia", "address": "G.V. Corts Catalanes, 535", "categoria_arbrat": "EXEMPLAR", "emission_weight": 1.0, "source": "ajuntament-arbrat-viari"}}, {"type": "Feature", "geometry": {"type": "Point", "coordinates": [2.162251, 41.385099]}, "properties": {"codi": "0167528AR", "species": "Platanus \u00d7 acerifolia", "address": "G.V. Corts Catalanes, 575", "categoria_arbrat": "SEGONA", "emission_weight": 0.65, "source": "ajuntament-arbrat-viari"}}, {"type": "Feature", "geometry": {"type": "Point", "coordinates": [2.151496, 41.392676]}, "properties": {"codi": "0167529AR", "species": "Platanus \u00d7 acerifolia", "address": "C\\ Muntaner, 188", "categoria_arbrat": "SEGONA", "emission_weight": 0.65, "source": "ajuntament-arbrat-viari"}}, {"type": "Feature", "geometry": {"type": "Point", "coordinates": [2.157484, 41.383277]}, "properties": {"codi": "0167534AR", "species": "Platanus \u00d7 acerifolia", "address": "C\\ Diputaci\u00f3, 135", "categoria_arbrat": "EXEMPLAR", "emission_weight": 1.0, "source": "ajuntament-arbrat-viari"}}, {"type": "Feature", "geometry": {"type": "Point", "coordinates": [2.156522, 41.385961]}, "properties": {"codi": "0167538AR", "species": "Platanus \u00d7 acerifolia", "address": "Pl Gall, 9999", "categoria_arbrat": "EXEMPLAR", "emission_weight": 1.0, "source": "ajuntament-arbrat-viari"}}, {"type": "Feature", "geometry": {"type": "Point", "coordinates": [2.160027, 41.383338]}, "properties": {"codi": "0167542AR", "species": "Platanus \u00d7 acerifolia", "address": "G.V. Corts Catalanes, 543", "categoria_arbrat": "EXEMPLAR", "emission_weight": 1.0, "source": "ajuntament-arbrat-viari"}}, {"type": "Feature", "geometry": {"type": "Point", "coordinates": [2.15359, 41.394374]}, "properties": {"codi": "0167544AR", "species": "Platanus \u00d7 acerifolia", "address": "C\\ Enric Granados, 147", "categoria_arbrat": "EXEMPLAR", "emission_weight": 1.0, "source": "ajuntament-arbrat-viari"}}, {"type": "Feature", "geometry": {"type": "Point", "coordinates": [2.158766, 41.388893]}, "properties": {"codi": "0167546AR", "species": "Platanus \u00d7 acerifolia", "address": "C\\ Aribau, 70", "categoria_arbrat": "EXEMPLAR", "emission_weight": 1.0, "source": "ajuntament-arbrat-viari"}}, {"type": "Feature", "geometry": {"type": "Point", "coordinates": [2.159645, 41.389718]}, "properties": {"codi": "0167548AR", "species": "Platanus \u00d7 acerifolia", "address": "C\\ Enric Granados, 37", "categoria_arbrat": "EXEMPLAR", "emission_weight": 1.0, "source": "ajuntament-arbrat-viari"}}, {"type": "Feature", "geometry": {"type": "Point", "coordinates": [2.14906, 41.393726]}, "properties": {"codi": "0167549AR", "species": "Platanus \u00d7 acerifolia", "address": "Av Diagonal, 445", "categoria_arbrat": "EXEMPLAR", "emission_weight": 1.0, "source": "ajuntament-arbrat-viari"}}, {"type": "Feature", "geometry": {"type": "Point", "coordinates": [2.156003, 41.386179]}, "properties": {"codi": "0167550AR", "species": "Platanus \u00d7 acerifolia", "address": "Av Roma, 137", "categoria_arbrat": "EXEMPLAR", "emission_weight": 1.0, "source": "ajuntament-arbrat-viari"}}, {"type": "Feature", "geometry": {"type": "Point", "coordinates": [2.153042, 41.38809]}, "properties": {"codi": "0167552AR", "species": "Platanus \u00d7 acerifolia", "address": "C\\ Proven\u00e7a, 164", "categoria_arbrat": "TERCERA", "emission_weight": 0.45, "source": "ajuntament-arbrat-viari"}}, {"type": "Feature", "geometry": {"type": "Point", "coordinates": [2.162511, 41.387763]}, "properties": {"codi": "0167555AR", "species": "Platanus \u00d7 acerifolia", "address": "C\\ Enric Granados, 2", "categoria_arbrat": "EXEMPLAR", "emission_weight": 1.0, "source": "ajuntament-arbrat-viari"}}, {"type": "Feature", "geometry": {"type": "Point", "coordinates": [2.153418, 41.386129]}, "properties": {"codi": "0167557AR", "species": "Platanus \u00d7 acerifolia", "address": "C\\ Comte d'Urgell, 154", "categoria_arbrat": "SEGONA", "emission_weight": 0.65, "source": "ajuntament-arbrat-viari"}}, {"type": "Feature", "geometry": {"type": "Point", "coordinates": [2.154364, 41.389439]}, "properties": {"codi": "0167562AR", "species": "Platanus \u00d7 acerifolia", "address": "C\\ Proven\u00e7a, 155", "categoria_arbrat": "EXEMPLAR", "emission_weight": 1.0, "source": "ajuntament-arbrat-viari"}}, {"type": "Feature", "geometry": {"type": "Point", "coordinates": [2.158331, 41.388868]}, "properties": {"codi": "0167563AR", "species": "Platanus \u00d7 acerifolia", "address": "C\\ Val\u00e8ncia, 206", "categoria_arbrat": "EXEMPLAR", "emission_weight": 1.0, "source": "ajuntament-arbrat-viari"}}, {"type": "Feature", "geometry": {"type": "Point", "coordinates": [2.155734, 41.391187]}, "properties": {"codi": "0167564AR", "species": "Platanus \u00d7 acerifolia", "address": "C\\ Aribau, 126", "categoria_arbrat": "EXEMPLAR", "emission_weight": 1.0, "source": "ajuntament-arbrat-viari"}}, {"type": "Feature", "geometry": {"type": "Point", "coordinates": [2.162745, 41.387294]}, "properties": {"codi": "0167566AR", "species": "Platanus orientalis", "address": "C\\ Diputaci\u00f3, 229", "categoria_arbrat": "SEGONA", "emission_weight": 0.65, "source": "ajuntament-arbrat-viari"}}, {"type": "Feature", "geometry": {"type": "Point", "coordinates": [2.162813, 41.387137]}, "properties": {"codi": "0167570AR", "species": "Platanus \u00d7 acerifolia", "address": "C\\ Diputaci\u00f3, 226", "categoria_arbrat": "EXEMPLAR", "emission_weight": 1.0, "source": "ajuntament-arbrat-viari"}}, {"type": "Feature", "geometry": {"type": "Point", "coordinates": [2.158183, 41.392306]}, "properties": {"codi": "0167578AR", "species": "Platanus \u00d7 acerifolia", "address": "C\\ Proven\u00e7a, 211", "categoria_arbrat": "TERCERA", "emission_weight": 0.45, "source": "ajuntament-arbrat-viari"}}, {"type": "Feature", "geometry": {"type": "Point", "coordinates": [2.155837, 41.392668]}, "properties": {"codi": "0167579AR", "species": "Platanus \u00d7 acerifolia", "address": "C\\ Enric Granados, 97", "categoria_arbrat": "EXEMPLAR", "emission_weight": 1.0, "source": "ajuntament-arbrat-viari"}}, {"type": "Feature", "geometry": {"type": "Point", "coordinates": [2.157034, 41.389746]}, "properties": {"codi": "0167580AR", "species": "Platanus \u00d7 acerifolia", "address": "C\\ Mallorca, 195", "categoria_arbrat": "SEGONA", "emission_weight": 0.65, "source": "ajuntament-arbrat-viari"}}, {"type": "Feature", "geometry": {"type": "Point", "coordinates": [2.154188, 41.385752]}, "properties": {"codi": "0167585AR", "species": "Platanus \u00d7 acerifolia", "address": "C\\ Val\u00e8ncia, 140", "categoria_arbrat": "EXEMPLAR", "emission_weight": 1.0, "source": "ajuntament-arbrat-viari"}}, {"type": "Feature", "geometry": {"type": "Point", "coordinates": [2.15435, 41.387723]}, "properties": {"codi": "0167586AR", "species": "Platanus \u00d7 acerifolia", "address": "C\\ Mallorca, 137", "categoria_arbrat": "TERCERA", "emission_weight": 0.45, "source": "ajuntament-arbrat-viari"}}, {"type": "Feature", "geometry": {"type": "Point", "coordinates": [2.153794, 41.387157]}, "properties": {"codi": "0167587AR", "species": "Platanus \u00d7 acerifolia", "address": "C\\ Mallorca, 136", "categoria_arbrat": "TERCERA", "emission_weight": 0.45, "source": "ajuntament-arbrat-viari"}}, {"type": "Feature", "geometry": {"type": "Point", "coordinates": [2.155964, 41.388942]}, "properties": {"codi": "0167590AR", "species": "Platanus \u00d7 acerifolia", "address": "C\\ Mallorca, 175", "categoria_arbrat": "EXEMPLAR", "emission_weight": 1.0, "source": "ajuntament-arbrat-viari"}}, {"type": "Feature", "geometry": {"type": "Point", "coordinates": [2.159002, 41.387009]}, "properties": {"codi": "0167595AR", "species": "Platanus \u00d7 acerifolia", "address": "C\\ Muntaner, 66", "categoria_arbrat": "EXEMPLAR", "emission_weight": 1.0, "source": "ajuntament-arbrat-viari"}}, {"type": "Feature", "geometry": {"type": "Point", "coordinates": [2.164312, 41.38665]}, "properties": {"codi": "0167600AR", "species": "Platanus \u00d7 acerifolia", "address": "G.V. Corts Catalanes, 585", "categoria_arbrat": "EXEMPLAR", "emission_weight": 1.0, "source": "ajuntament-arbrat-viari"}}, {"type": "Feature", "geometry": {"type": "Point", "coordinates": [2.159299, 41.390048]}, "properties": {"codi": "0167601AR", "species": "Platanus \u00d7 acerifolia", "address": "C\\ Enric Granados, 41", "categoria_arbrat": "EXEMPLAR", "emission_weight": 1.0, "source": "ajuntament-arbrat-viari"}}, {"type": "Feature", "geometry": {"type": "Point", "coordinates": [2.151978, 41.394307]}, "properties": {"codi": "0167604AR", "species": "Platanus \u00d7 acerifolia", "address": "Av Diagonal, 431", "categoria_arbrat": "TERCERA", "emission_weight": 0.45, "source": "ajuntament-arbrat-viari"}}, {"type": "Feature", "geometry": {"type": "Point", "coordinates": [2.154682, 41.387827]}, "properties": {"codi": "0167607AR", "species": "Platanus \u00d7 acerifolia", "address": "C\\ Mallorca, 154", "categoria_arbrat": "EXEMPLAR", "emission_weight": 1.0, "source": "ajuntament-arbrat-viari"}}, {"type": "Feature", "geometry": {"type": "Point", "coordinates": [2.153371, 41.392823]}, "properties": {"codi": "0167610AR", "species": "Platanus \u00d7 acerifolia", "address": "C\\ Aribau, 155", "categoria_arbrat": "EXEMPLAR", "emission_weight": 1.0, "source": "ajuntament-arbrat-viari"}}, {"type": "Feature", "geometry": {"type": "Point", "coordinates": [2.162437, 41.385148]}, "properties": {"codi": "0167617AR", "species": "Platanus \u00d7 acerifolia", "address": "G.V. Corts Catalanes, 577", "categoria_arbrat": "PRIMERA", "emission_weight": 0.85, "source": "ajuntament-arbrat-viari"}}, {"type": "Feature", "geometry": {"type": "Point", "coordinates": [2.160383, 41.383696]}, "properties": {"codi": "0167618AR", "species": "Platanus \u00d7 acerifolia", "address": "G.V. Corts Catalanes, 553", "categoria_arbrat": "EXEMPLAR", "emission_weight": 1.0, "source": "ajuntament-arbrat-viari"}}, {"type": "Feature", "geometry": {"type": "Point", "coordinates": [2.161369, 41.384348]}, "properties": {"codi": "0167620AR", "species": "Platanus \u00d7 acerifolia", "address": "G.V. Corts Catalanes, 563", "categoria_arbrat": "EXEMPLAR", "emission_weight": 1.0, "source": "ajuntament-arbrat-viari"}}, {"type": "Feature", "geometry": {"type": "Point", "coordinates": [2.156437, 41.38636]}, "properties": {"codi": "0167625AR", "species": "Platanus \u00d7 acerifolia", "address": "Av Roma, 141", "categoria_arbrat": "TERCERA", "emission_weight": 0.45, "source": "ajuntament-arbrat-viari"}}, {"type": "Feature", "geometry": {"type": "Point", "coordinates": [2.152629, 41.391817]}, "properties": {"codi": "0167636AR", "species": "Platanus \u00d7 acerifolia", "address": "C\\ Muntaner, 170", "categoria_arbrat": "EXEMPLAR", "emission_weight": 1.0, "source": "ajuntament-arbrat-viari"}}, {"type": "Feature", "geometry": {"type": "Point", "coordinates": [2.149653, 41.39079]}, "properties": {"codi": "0167637AR", "species": "Platanus \u00d7 acerifolia", "address": "C\\ Par\u00eds, 132", "categoria_arbrat": "EXEMPLAR", "emission_weight": 1.0, "source": "ajuntament-arbrat-viari"}}, {"type": "Feature", "geometry": {"type": "Point", "coordinates": [2.156345, 41.390928]}, "properties": {"codi": "0167642AR", "species": "Platanus \u00d7 acerifolia", "address": "C\\ Proven\u00e7a, 179", "categoria_arbrat": "SEGONA", "emission_weight": 0.65, "source": "ajuntament-arbrat-viari"}}, {"type": "Feature", "geometry": {"type": "Point", "coordinates": [2.156652, 41.389458]}, "properties": {"codi": "0167645AR", "species": "Platanus \u00d7 acerifolia", "address": "C\\ Mallorca, 183", "categoria_arbrat": "TERCERA", "emission_weight": 0.45, "source": "ajuntament-arbrat-viari"}}, {"type": "Feature", "geometry": {"type": "Point", "coordinates": [2.161575, 41.386772]}, "properties": {"codi": "0167646AR", "species": "Platanus \u00d7 acerifolia", "address": "C\\ Aribau, 22", "categoria_arbrat": "EXEMPLAR", "emission_weight": 1.0, "source": "ajuntament-arbrat-viari"}}, {"type": "Feature", "geometry": {"type": "Point", "coordinates": [2.155629, 41.386836]}, "properties": {"codi": "0167649AR", "species": "Platanus \u00d7 acerifolia", "address": "C\\ Val\u00e8ncia, 164", "categoria_arbrat": "TERCERA", "emission_weight": 0.45, "source": "ajuntament-arbrat-viari"}}, {"type": "Feature", "geometry": {"type": "Point", "coordinates": [2.164844, 41.386953]}, "properties": {"codi": "0167650AR", "species": "Platanus \u00d7 acerifolia", "address": "G.V. Corts Catalanes, 585", "categoria_arbrat": "SEGONA", "emission_weight": 0.65, "source": "ajuntament-arbrat-viari"}}, {"type": "Feature", "geometry": {"type": "Point", "coordinates": [2.149532, 41.393918]}, "properties": {"codi": "0167656AR", "species": "Platanus \u00d7 acerifolia", "address": "Av Diagonal, 441", "categoria_arbrat": "EXEMPLAR", "emission_weight": 1.0, "source": "ajuntament-arbrat-viari"}}, {"type": "Feature", "geometry": {"type": "Point", "coordinates": [2.159966, 41.383384]}, "properties": {"codi": "0167662AR", "species": "Platanus \u00d7 acerifolia", "address": "G.V. Corts Catalanes, 543", "categoria_arbrat": "EXEMPLAR", "emission_weight": 1.0, "source": "ajuntament-arbrat-viari"}}, {"type": "Feature", "geometry": {"type": "Point", "coordinates": [2.15295, 41.391429]}, "properties": {"codi": "0167665AR", "species": "Platanus orientalis", "address": "C\\ C\u00f2rsega, 210", "categoria_arbrat": "EXEMPLAR", "emission_weight": 1.0, "source": "ajuntament-arbrat-viari"}}, {"type": "Feature", "geometry": {"type": "Point", "coordinates": [2.163327, 41.387667]}, "properties": {"codi": "0167673AR", "species": "Platanus \u00d7 acerifolia", "address": "C\\ Diputaci\u00f3, 231", "categoria_arbrat": "EXEMPLAR", "emission_weight": 1.0, "source": "ajuntament-arbrat-viari"}}, {"type": "Feature", "geometry": {"type": "Point", "coordinates": [2.149178, 41.39079]}, "properties": {"codi": "0167675AR", "species": "Platanus \u00d7 acerifolia", "address": "C\\ Par\u00eds, 133", "categoria_arbrat": "SEGONA", "emission_weight": 0.65, "source": "ajuntament-arbrat-viari"}}, {"type": "Feature", "geometry": {"type": "Point", "coordinates": [2.157774, 41.391346]}, "properties": {"codi": "0167679AR", "species": "Platanus \u00d7 acerifolia", "address": "C\\ Enric Granados, 52", "categoria_arbrat": "EXEMPLAR", "emission_weight": 1.0, "source": "ajuntament-arbrat-viari"}}, {"type": "Feature", "geometry": {"type": "Point", "coordinates": [2.156943, 41.387826]}, "properties": {"codi": "0167681AR", "species": "Platanus \u00d7 acerifolia", "address": "C\\ Val\u00e8ncia, 186", "categoria_arbrat": "EXEMPLAR", "emission_weight": 1.0, "source": "ajuntament-arbrat-viari"}}, {"type": "Feature", "geometry": {"type": "Point", "coordinates": [2.155462, 41.391816]}, "properties": {"codi": "0167682AR", "species": "Platanus \u00d7 acerifolia", "address": "C\\ Rossell\u00f3, 166", "categoria_arbrat": "SEGONA", "emission_weight": 0.65, "source": "ajuntament-arbrat-viari"}}, {"type": "Feature", "geometry": {"type": "Point", "coordinates": [2.160443, 41.383651]}, "properties": {"codi": "0167684AR", "species": "Platanus \u00d7 acerifolia", "address": "G.V. Corts Catalanes, 553", "categoria_arbrat": "TERCERA", "emission_weight": 0.45, "source": "ajuntament-arbrat-viari"}}, {"type": "Feature", "geometry": {"type": "Point", "coordinates": [2.15559, 41.385656]}, "properties": {"codi": "0167687AR", "species": "Platanus \u00d7 acerifolia", "address": "Av Roma, 146", "categoria_arbrat": "SEGONA", "emission_weight": 0.65, "source": "ajuntament-arbrat-viari"}}, {"type": "Feature", "geometry": {"type": "Point", "coordinates": [2.153809, 41.385835]}, "properties": {"codi": "0167689AR", "species": "Platanus \u00d7 acerifolia", "address": "C\\ Comte d'Urgell, 148", "categoria_arbrat": "SEGONA", "emission_weight": 0.65, "source": "ajuntament-arbrat-viari"}}, {"type": "Feature", "geometry": {"type": "Point", "coordinates": [2.165122, 41.387164]}, "properties": {"codi": "0167691AR", "species": "Platanus \u00d7 acerifolia", "address": "G.V. Corts Catalanes, 585", "categoria_arbrat": "SEGONA", "emission_weight": 0.65, "source": "ajuntament-arbrat-viari"}}, {"type": "Feature", "geometry": {"type": "Point", "coordinates": [2.159822, 41.386454]}, "properties": {"codi": "0167694AR", "species": "Platanus \u00d7 acerifolia", "address": "C\\ Consell de Cent, 234", "categoria_arbrat": "EXEMPLAR", "emission_weight": 1.0, "source": "ajuntament-arbrat-viari"}}, {"type": "Feature", "geometry": {"type": "Point", "coordinates": [2.161445, 41.384497]}, "properties": {"codi": "0167695AR", "species": "Platanus \u00d7 acerifolia", "address": "G.V. Corts Catalanes, 567", "categoria_arbrat": "EXEMPLAR", "emission_weight": 1.0, "source": "ajuntament-arbrat-viari"}}, {"type": "Feature", "geometry": {"type": "Point", "coordinates": [2.161022, 41.38579]}, "properties": {"codi": "0167700AR", "species": "Platanus \u00d7 acerifolia", "address": "C\\ Diputaci\u00f3, 200", "categoria_arbrat": "EXEMPLAR", "emission_weight": 1.0, "source": "ajuntament-arbrat-viari"}}, {"type": "Feature", "geometry": {"type": "Point", "coordinates": [2.151916, 41.394261]}, "properties": {"codi": "0167701AR", "species": "Platanus \u00d7 acerifolia", "address": "Av Diagonal, 431", "categoria_arbrat": "EXEMPLAR", "emission_weight": 1.0, "source": "ajuntament-arbrat-viari"}}, {"type": "Feature", "geometry": {"type": "Point", "coordinates": [2.163671, 41.387928]}, "properties": {"codi": "0167702AR", "species": "Platanus \u00d7 acerifolia", "address": "C\\ Diputaci\u00f3, 231", "categoria_arbrat": "EXEMPLAR", "emission_weight": 1.0, "source": "ajuntament-arbrat-viari"}}, {"type": "Feature", "geometry": {"type": "Point", "coordinates": [2.154657, 41.38687]}, "properties": {"codi": "0167705AR", "species": "Platanus \u00d7 acerifolia", "address": "C\\ Villarroel, 136", "categoria_arbrat": "EXEMPLAR", "emission_weight": 1.0, "source": "ajuntament-arbrat-viari"}}, {"type": "Feature", "geometry": {"type": "Point", "coordinates": [2.152599, 41.388422]}, "properties": {"codi": "0167706AR", "species": "Platanus \u00d7 acerifolia", "address": "C\\ Villarroel, 166", "categoria_arbrat": "EXEMPLAR", "emission_weight": 1.0, "source": "ajuntament-arbrat-viari"}}, {"type": "Feature", "geometry": {"type": "Point", "coordinates": [2.155048, 41.393493]}, "properties": {"codi": "0167708AR", "species": "Platanus \u00d7 acerifolia", "address": "C\\ C\u00f2rsega, 263", "categoria_arbrat": "TERCERA", "emission_weight": 0.45, "source": "ajuntament-arbrat-viari"}}, {"type": "Feature", "geometry": {"type": "Point", "coordinates": [2.1567, 41.384393]}, "properties": {"codi": "0167709AR", "species": "Platanus \u00d7 acerifolia", "address": "C\\ Consell de Cent, 197", "categoria_arbrat": "EXEMPLAR", "emission_weight": 1.0, "source": "ajuntament-arbrat-viari"}}, {"type": "Feature", "geometry": {"type": "Point", "coordinates": [2.155973, 41.390646]}, "properties": {"codi": "0167712AR", "species": "Platanus \u00d7 acerifolia", "address": "C\\ Proven\u00e7a, 177", "categoria_arbrat": "TERCERA", "emission_weight": 0.45, "source": "ajuntament-arbrat-viari"}}, {"type": "Feature", "geometry": {"type": "Point", "coordinates": [2.157579, 41.391494]}, "properties": {"codi": "0167714AR", "species": "Platanus \u00d7 acerifolia", "address": "C\\ Enric Granados, 56", "categoria_arbrat": "EXEMPLAR", "emission_weight": 1.0, "source": "ajuntament-arbrat-viari"}}, {"type": "Feature", "geometry": {"type": "Point", "coordinates": [2.156726, 41.384266]}, "properties": {"codi": "0167716AR", "species": "Platanus \u00d7 acerifolia", "address": "C\\ Consell de Cent, 200", "categoria_arbrat": "EXEMPLAR", "emission_weight": 1.0, "source": "ajuntament-arbrat-viari"}}, {"type": "Feature", "geometry": {"type": "Point", "coordinates": [2.159152, 41.388601]}, "properties": {"codi": "0167718AR", "species": "Platanus \u00d7 acerifolia", "address": "C\\ Aribau, 62", "categoria_arbrat": "TERCERA", "emission_weight": 0.45, "source": "ajuntament-arbrat-viari"}}, {"type": "Feature", "geometry": {"type": "Point", "coordinates": [2.158719, 41.384205]}, "properties": {"codi": "0167719AR", "species": "Platanus \u00d7 acerifolia", "address": "C\\ Diputaci\u00f3, 161", "categoria_arbrat": "EXEMPLAR", "emission_weight": 1.0, "source": "ajuntament-arbrat-viari"}}, {"type": "Feature", "geometry": {"type": "Point", "coordinates": [2.161715, 41.384696]}, "properties": {"codi": "0167721AR", "species": "Platanus \u00d7 acerifolia", "address": "G.V. Corts Catalanes, 569", "categoria_arbrat": "SEGONA", "emission_weight": 0.65, "source": "ajuntament-arbrat-viari"}}, {"type": "Feature", "geometry": {"type": "Point", "coordinates": [2.153711, 41.390647]}, "properties": {"codi": "0167723AR", "species": "Platanus \u00d7 acerifolia", "address": "C\\ Rossell\u00f3, 171", "categoria_arbrat": "EXEMPLAR", "emission_weight": 1.0, "source": "ajuntament-arbrat-viari"}}, {"type": "Feature", "geometry": {"type": "Point", "coordinates": [2.161336, 41.388649]}, "properties": {"codi": "0167733AR", "species": "Platanus \u00d7 acerifolia", "address": "C\\ Enric Granados, 12", "categoria_arbrat": "EXEMPLAR", "emission_weight": 1.0, "source": "ajuntament-arbrat-viari"}}, {"type": "Feature", "geometry": {"type": "Point", "coordinates": [2.153606, 41.39384]}, "properties": {"codi": "0167735AR", "species": "Platanus \u00d7 acerifolia", "address": "C\\ Par\u00eds, 194", "categoria_arbrat": "EXEMPLAR", "emission_weight": 1.0, "source": "ajuntament-arbrat-viari"}}, {"type": "Feature", "geometry": {"type": "Point", "coordinates": [2.159119, 41.382746]}, "properties": {"codi": "0167737AR", "species": "Platanus \u00d7 acerifolia", "address": "G.V. Corts Catalanes, 533", "categoria_arbrat": "SEGONA", "emission_weight": 0.65, "source": "ajuntament-arbrat-viari"}}, {"type": "Feature", "geometry": {"type": "Point", "coordinates": [2.14907, 41.389392]}, "properties": {"codi": "0167738AR", "species": "Platanus \u00d7 acerifolia", "address": "C\\ Comte d'Urgell, 230", "categoria_arbrat": "SEGONA", "emission_weight": 0.65, "source": "ajuntament-arbrat-viari"}}, {"type": "Feature", "geometry": {"type": "Point", "coordinates": [2.158749, 41.383782]}, "properties": {"codi": "0167743AR", "species": "Platanus \u00d7 acerifolia", "address": "C\\ Villarroel, 70", "categoria_arbrat": "EXEMPLAR", "emission_weight": 1.0, "source": "ajuntament-arbrat-viari"}}, {"type": "Feature", "geometry": {"type": "Point", "coordinates": [2.149278, 41.390935]}, "properties": {"codi": "0167745AR", "species": "Platanus \u00d7 acerifolia", "address": "C\\ Par\u00eds, 135", "categoria_arbrat": "SEGONA", "emission_weight": 0.65, "source": "ajuntament-arbrat-viari"}}, {"type": "Feature", "geometry": {"type": "Point", "coordinates": [2.15823, 41.389148]}, "properties": {"codi": "0167746AR", "species": "Platanus orientalis", "address": "C\\ Aribau, 69", "categoria_arbrat": "EXEMPLAR", "emission_weight": 1.0, "source": "ajuntament-arbrat-viari"}}, {"type": "Feature", "geometry": {"type": "Point", "coordinates": [2.150792, 41.39321]}, "properties": {"codi": "0167752AR", "species": "Platanus \u00d7 acerifolia", "address": "C\\ Londres, 92", "categoria_arbrat": "EXEMPLAR", "emission_weight": 1.0, "source": "ajuntament-arbrat-viari"}}, {"type": "Feature", "geometry": {"type": "Point", "coordinates": [2.157853, 41.382781]}, "properties": {"codi": "0167754AR", "species": "Platanus \u00d7 acerifolia", "address": "C\\ Comte d'Urgell, 80", "categoria_arbrat": "EXEMPLAR", "emission_weight": 1.0, "source": "ajuntament-arbrat-viari"}}, {"type": "Feature", "geometry": {"type": "Point", "coordinates": [2.162685, 41.385783]}, "properties": {"codi": "0167755AR", "species": "Platanus \u00d7 acerifolia", "address": "C\\ Aribau, 1", "categoria_arbrat": "SEGONA", "emission_weight": 0.65, "source": "ajuntament-arbrat-viari"}}, {"type": "Feature", "geometry": {"type": "Point", "coordinates": [2.155484, 41.385175]}, "properties": {"codi": "0167756AR", "species": "Platanus \u00d7 acerifolia", "address": "C\\ Arag\u00f3, 155", "categoria_arbrat": "SEGONA", "emission_weight": 0.65, "source": "ajuntament-arbrat-viari"}}, {"type": "Feature", "geometry": {"type": "Point", "coordinates": [2.151002, 41.393581]}, "properties": {"codi": "0167757AR", "species": "Platanus \u00d7 acerifolia", "address": "C\\ Londres, 94", "categoria_arbrat": "EXEMPLAR", "emission_weight": 1.0, "source": "ajuntament-arbrat-viari"}}, {"type": "Feature", "geometry": {"type": "Point", "coordinates": [2.155373, 41.385562]}, "properties": {"codi": "0167760AR", "species": "Platanus \u00d7 acerifolia", "address": "Av Roma, 142", "categoria_arbrat": "SEGONA", "emission_weight": 0.65, "source": "ajuntament-arbrat-viari"}}, {"type": "Feature", "geometry": {"type": "Point", "coordinates": [2.153615, 41.385981]}, "properties": {"codi": "0167763AR", "species": "Platanus \u00d7 acerifolia", "address": "C\\ Comte d'Urgell, 152", "categoria_arbrat": "SEGONA", "emission_weight": 0.65, "source": "ajuntament-arbrat-viari"}}, {"type": "Feature", "geometry": {"type": "Point", "coordinates": [2.151429, 41.392727]}, "properties": {"codi": "0167765AR", "species": "Platanus \u00d7 acerifolia", "address": "C\\ Muntaner, 188", "categoria_arbrat": "SEGONA", "emission_weight": 0.65, "source": "ajuntament-arbrat-viari"}}, {"type": "Feature", "geometry": {"type": "Point", "coordinates": [2.150865, 41.393478]}, "properties": {"codi": "0167766AR", "species": "Platanus \u00d7 acerifolia", "address": "C\\ Londres, 92", "categoria_arbrat": "EXEMPLAR", "emission_weight": 1.0, "source": "ajuntament-arbrat-viari"}}, {"type": "Feature", "geometry": {"type": "Point", "coordinates": [2.156046, 41.387149]}, "properties": {"codi": "0167767AR", "species": "Platanus \u00d7 acerifolia", "address": "C\\ Val\u00e8ncia, 176", "categoria_arbrat": "SEGONA", "emission_weight": 0.65, "source": "ajuntament-arbrat-viari"}}, {"type": "Feature", "geometry": {"type": "Point", "coordinates": [2.160483, 41.385665]}, "properties": {"codi": "0167769AR", "species": "Platanus \u00d7 acerifolia", "address": "C\\ Muntaner, 41", "categoria_arbrat": "TERCERA", "emission_weight": 0.45, "source": "ajuntament-arbrat-viari"}}, {"type": "Feature", "geometry": {"type": "Point", "coordinates": [2.158168, 41.388895]}, "properties": {"codi": "0167771AR", "species": "Platanus \u00d7 acerifolia", "address": "C\\ Val\u00e8ncia, 183", "categoria_arbrat": "EXEMPLAR", "emission_weight": 1.0, "source": "ajuntament-arbrat-viari"}}, {"type": "Feature", "geometry": {"type": "Point", "coordinates": [2.158591, 41.383755]}, "properties": {"codi": "0167773AR", "species": "Platanus \u00d7 acerifolia", "address": "C\\ Diputaci\u00f3, 166", "categoria_arbrat": "EXEMPLAR", "emission_weight": 1.0, "source": "ajuntament-arbrat-viari"}}, {"type": "Feature", "geometry": {"type": "Point", "coordinates": [2.155663, 41.385687]}, "properties": {"codi": "0167775AR", "species": "Platanus \u00d7 acerifolia", "address": "Av Roma, 146", "categoria_arbrat": "SEGONA", "emission_weight": 0.65, "source": "ajuntament-arbrat-viari"}}, {"type": "Feature", "geometry": {"type": "Point", "coordinates": [2.159121, 41.390182]}, "properties": {"codi": "0167776AR", "species": "Platanus \u00d7 acerifolia", "address": "C\\ Enric Granados, 43", "categoria_arbrat": "EXEMPLAR", "emission_weight": 1.0, "source": "ajuntament-arbrat-viari"}}, {"type": "Feature", "geometry": {"type": "Point", "coordinates": [2.162721, 41.385452]}, "properties": {"codi": "0167777AR", "species": "Platanus \u00d7 acerifolia", "address": "G.V. Corts Catalanes, 583", "categoria_arbrat": "TERCERA", "emission_weight": 0.45, "source": "ajuntament-arbrat-viari"}}, {"type": "Feature", "geometry": {"type": "Point", "coordinates": [2.158262, 41.388818]}, "properties": {"codi": "0167782AR", "species": "Platanus \u00d7 acerifolia", "address": "C\\ Val\u00e8ncia, 206", "categoria_arbrat": "EXEMPLAR", "emission_weight": 1.0, "source": "ajuntament-arbrat-viari"}}, {"type": "Feature", "geometry": {"type": "Point", "coordinates": [2.156577, 41.392252]}, "properties": {"codi": "0167783AR", "species": "Platanus orientalis", "address": "C\\ Enric Granados, 72", "categoria_arbrat": "EXEMPLAR", "emission_weight": 1.0, "source": "ajuntament-arbrat-viari"}}, {"type": "Feature", "geometry": {"type": "Point", "coordinates": [2.15546, 41.384585]}, "properties": {"codi": "0167785AR", "species": "Platanus \u00d7 acerifolia", "address": "C\\ Comte d'Urgell, 124", "categoria_arbrat": "SEGONA", "emission_weight": 0.65, "source": "ajuntament-arbrat-viari"}}, {"type": "Feature", "geometry": {"type": "Point", "coordinates": [2.154613, 41.393034]}, "properties": {"codi": "0167788AR", "species": "Platanus \u00d7 acerifolia", "address": "C\\ C\u00f2rsega, 255", "categoria_arbrat": "TERCERA", "emission_weight": 0.45, "source": "ajuntament-arbrat-viari"}}, {"type": "Feature", "geometry": {"type": "Point", "coordinates": [2.149282, 41.392283]}, "properties": {"codi": "0167790AR", "species": "Platanus \u00d7 acerifolia", "address": "C\\ Londres, 72", "categoria_arbrat": "SEGONA", "emission_weight": 0.65, "source": "ajuntament-arbrat-viari"}}, {"type": "Feature", "geometry": {"type": "Point", "coordinates": [2.149299, 41.389245]}, "properties": {"codi": "0167793AR", "species": "Platanus \u00d7 acerifolia", "address": "C\\ C\u00f2rsega, 161", "categoria_arbrat": "EXEMPLAR", "emission_weight": 1.0, "source": "ajuntament-arbrat-viari"}}, {"type": "Feature", "geometry": {"type": "Point", "coordinates": [2.152665, 41.38802]}, "properties": {"codi": "0167795AR", "species": "Platanus \u00d7 acerifolia", "address": "C\\ Proven\u00e7a, 162", "categoria_arbrat": "EXEMPLAR", "emission_weight": 1.0, "source": "ajuntament-arbrat-viari"}}, {"type": "Feature", "geometry": {"type": "Point", "coordinates": [2.159833, 41.384897]}, "properties": {"codi": "0167797AR", "species": "Platanus \u00d7 acerifolia", "address": "C\\ Diputaci\u00f3, 180", "categoria_arbrat": "EXEMPLAR", "emission_weight": 1.0, "source": "ajuntament-arbrat-viari"}}, {"type": "Feature", "geometry": {"type": "Point", "coordinates": [2.158702, 41.390643]}, "properties": {"codi": "0167798AR", "species": "Platanus \u00d7 acerifolia", "address": "C\\ Mallorca, 212", "categoria_arbrat": "EXEMPLAR", "emission_weight": 1.0, "source": "ajuntament-arbrat-viari"}}, {"type": "Feature", "geometry": {"type": "Point", "coordinates": [2.16375, 41.386228]}, "properties": {"codi": "0167800AR", "species": "Platanus \u00d7 acerifolia", "address": "G.V. Corts Catalanes, 585", "categoria_arbrat": "SEGONA", "emission_weight": 0.65, "source": "ajuntament-arbrat-viari"}}, {"type": "Feature", "geometry": {"type": "Point", "coordinates": [2.155445, 41.385593]}, "properties": {"codi": "0167803AR", "species": "Platanus \u00d7 acerifolia", "address": "Av Roma, 142", "categoria_arbrat": "SEGONA", "emission_weight": 0.65, "source": "ajuntament-arbrat-viari"}}, {"type": "Feature", "geometry": {"type": "Point", "coordinates": [2.155866, 41.384279]}, "properties": {"codi": "0167806AR", "species": "Platanus \u00d7 acerifolia", "address": "C\\ Comte d'Urgell, 112", "categoria_arbrat": "EXEMPLAR", "emission_weight": 1.0, "source": "ajuntament-arbrat-viari"}}, {"type": "Feature", "geometry": {"type": "Point", "coordinates": [2.152366, 41.393048]}, "properties": {"codi": "0167814AR", "species": "Platanus \u00d7 acerifolia", "address": "C\\ Par\u00eds, 179", "categoria_arbrat": "SEGONA", "emission_weight": 0.65, "source": "ajuntament-arbrat-viari"}}, {"type": "Feature", "geometry": {"type": "Point", "coordinates": [2.161585, 41.384597]}, "properties": {"codi": "0167820AR", "species": "Platanus \u00d7 acerifolia", "address": "G.V. Corts Catalanes, 569", "categoria_arbrat": "EXEMPLAR", "emission_weight": 1.0, "source": "ajuntament-arbrat-viari"}}, {"type": "Feature", "geometry": {"type": "Point", "coordinates": [2.155427, 41.391418]}, "properties": {"codi": "0167822AR", "species": "Platanus \u00d7 acerifolia", "address": "C\\ Aribau, 138", "categoria_arbrat": "EXEMPLAR", "emission_weight": 1.0, "source": "ajuntament-arbrat-viari"}}, {"type": "Feature", "geometry": {"type": "Point", "coordinates": [2.156538, 41.387669]}, "properties": {"codi": "0167830AR", "species": "Platanus \u00d7 acerifolia", "address": "C\\ Val\u00e8ncia, 149", "categoria_arbrat": "EXEMPLAR", "emission_weight": 1.0, "source": "ajuntament-arbrat-viari"}}, {"type": "Feature", "geometry": {"type": "Point", "coordinates": [2.151474, 41.390988]}, "properties": {"codi": "0167831AR", "species": "Platanus \u00d7 acerifolia", "address": "C\\ Casanova, 172", "categoria_arbrat": "EXEMPLAR", "emission_weight": 1.0, "source": "ajuntament-arbrat-viari"}}, {"type": "Feature", "geometry": {"type": "Point", "coordinates": [2.160856, 41.385817]}, "properties": {"codi": "0167834AR", "species": "Platanus \u00d7 acerifolia", "address": "C\\ Diputaci\u00f3, 191", "categoria_arbrat": "EXEMPLAR", "emission_weight": 1.0, "source": "ajuntament-arbrat-viari"}}, {"type": "Feature", "geometry": {"type": "Point", "coordinates": [2.149568, 41.392285]}, "properties": {"codi": "0167840AR", "species": "Platanus \u00d7 acerifolia", "address": "C\\ Londres, 79", "categoria_arbrat": "TERCERA", "emission_weight": 0.45, "source": "ajuntament-arbrat-viari"}}, {"type": "Feature", "geometry": {"type": "Point", "coordinates": [2.1514, 41.392606]}, "properties": {"codi": "0167847AR", "species": "Platanus \u00d7 acerifolia", "address": "C\\ Muntaner, 183", "categoria_arbrat": "EXEMPLAR", "emission_weight": 1.0, "source": "ajuntament-arbrat-viari"}}, {"type": "Feature", "geometry": {"type": "Point", "coordinates": [2.160672, 41.387521]}, "properties": {"codi": "0167851AR", "species": "Platanus \u00d7 acerifolia", "address": "C\\ Consell de Cent, 269", "categoria_arbrat": "TERCERA", "emission_weight": 0.45, "source": "ajuntament-arbrat-viari"}}, {"type": "Feature", "geometry": {"type": "Point", "coordinates": [2.157651, 41.382935]}, "properties": {"codi": "0167856AR", "species": "Platanus \u00d7 acerifolia", "address": "C\\ Comte d'Urgell, 88", "categoria_arbrat": "PRIMERA", "emission_weight": 0.85, "source": "ajuntament-arbrat-viari"}}, {"type": "Feature", "geometry": {"type": "Point", "coordinates": [2.150319, 41.393296]}, "properties": {"codi": "0167858AR", "species": "Platanus \u00d7 acerifolia", "address": "C\\ Londres, 99", "categoria_arbrat": "EXEMPLAR", "emission_weight": 1.0, "source": "ajuntament-arbrat-viari"}}, {"type": "Feature", "geometry": {"type": "Point", "coordinates": [2.15919, 41.388431]}, "properties": {"codi": "0167859AR", "species": "Platanus \u00d7 acerifolia", "address": "C\\ Aribau, 55", "categoria_arbrat": "EXEMPLAR", "emission_weight": 1.0, "source": "ajuntament-arbrat-viari"}}, {"type": "Feature", "geometry": {"type": "Point", "coordinates": [2.158966, 41.382547]}, "properties": {"codi": "0167860AR", "species": "Platanus \u00d7 acerifolia", "address": "G.V. Corts Catalanes, 529", "categoria_arbrat": "SEGONA", "emission_weight": 0.65, "source": "ajuntament-arbrat-viari"}}, {"type": "Feature", "geometry": {"type": "Point", "coordinates": [2.159023, 41.388697]}, "properties": {"codi": "0167861AR", "species": "Platanus \u00d7 acerifolia", "address": "C\\ Aribau, 64", "categoria_arbrat": "EXEMPLAR", "emission_weight": 1.0, "source": "ajuntament-arbrat-viari"}}, {"type": "Feature", "geometry": {"type": "Point", "coordinates": [2.161709, 41.388372]}, "properties": {"codi": "0167864AR", "species": "Platanus \u00d7 acerifolia", "address": "C\\ Consell de Cent, 291", "categoria_arbrat": "EXEMPLAR", "emission_weight": 1.0, "source": "ajuntament-arbrat-viari"}}, {"type": "Feature", "geometry": {"type": "Point", "coordinates": [2.164318, 41.386557]}, "properties": {"codi": "0167867AR", "species": "Platanus \u00d7 acerifolia", "address": "G.V. Corts Catalanes, 585", "categoria_arbrat": "SEGONA", "emission_weight": 0.65, "source": "ajuntament-arbrat-viari"}}, {"type": "Feature", "geometry": {"type": "Point", "coordinates": [2.158495, 41.383751]}, "properties": {"codi": "0167868AR", "species": "Platanus \u00d7 acerifolia", "address": "C\\ Diputaci\u00f3, 166", "categoria_arbrat": "SEGONA", "emission_weight": 0.65, "source": "ajuntament-arbrat-viari"}}, {"type": "Feature", "geometry": {"type": "Point", "coordinates": [2.149396, 41.389244]}, "properties": {"codi": "0167869AR", "species": "Platanus \u00d7 acerifolia", "address": "C\\ C\u00f2rsega, 161", "categoria_arbrat": "EXEMPLAR", "emission_weight": 1.0, "source": "ajuntament-arbrat-viari"}}, {"type": "Feature", "geometry": {"type": "Point", "coordinates": [2.158844, 41.382447]}, "properties": {"codi": "0167872AR", "species": "Platanus \u00d7 acerifolia", "address": "G.V. Corts Catalanes, 527", "categoria_arbrat": "TERCERA", "emission_weight": 0.45, "source": "ajuntament-arbrat-viari"}}, {"type": "Feature", "geometry": {"type": "Point", "coordinates": [2.160308, 41.383547]}, "properties": {"codi": "0167879AR", "species": "Platanus \u00d7 acerifolia", "address": "G.V. Corts Catalanes, 549", "categoria_arbrat": "EXEMPLAR", "emission_weight": 1.0, "source": "ajuntament-arbrat-viari"}}, {"type": "Feature", "geometry": {"type": "Point", "coordinates": [2.155984, 41.388809]}, "properties": {"codi": "0167889AR", "species": "Platanus \u00d7 acerifolia", "address": "C\\ Mallorca, 174", "categoria_arbrat": "EXEMPLAR", "emission_weight": 1.0, "source": "ajuntament-arbrat-viari"}}, {"type": "Feature", "geometry": {"type": "Point", "coordinates": [2.15026, 41.389615]}, "properties": {"codi": "0167890AR", "species": "Platanus \u00d7 acerifolia", "address": "C\\ C\u00f2rsega, 182", "categoria_arbrat": "EXEMPLAR", "emission_weight": 1.0, "source": "ajuntament-arbrat-viari"}}, {"type": "Feature", "geometry": {"type": "Point", "coordinates": [2.155676, 41.387025]}, "properties": {"codi": "0167893AR", "species": "Platanus \u00d7 acerifolia", "address": "C\\ Val\u00e8ncia, 137", "categoria_arbrat": "EXEMPLAR", "emission_weight": 1.0, "source": "ajuntament-arbrat-viari"}}, {"type": "Feature", "geometry": {"type": "Point", "coordinates": [2.156951, 41.392928]}, "properties": {"codi": "0167895AR", "species": "Platanus \u00d7 acerifolia", "address": "C\\ Rossell\u00f3, 192", "categoria_arbrat": "TERCERA", "emission_weight": 0.45, "source": "ajuntament-arbrat-viari"}}, {"type": "Feature", "geometry": {"type": "Point", "coordinates": [2.157569, 41.388229]}, "properties": {"codi": "0167898AR", "species": "Platanus \u00d7 acerifolia", "address": "C\\ Val\u00e8ncia, 192", "categoria_arbrat": "TERCERA", "emission_weight": 0.45, "source": "ajuntament-arbrat-viari"}}, {"type": "Feature", "geometry": {"type": "Point", "coordinates": [2.155725, 41.384378]}, "properties": {"codi": "0167902AR", "species": "Platanus \u00d7 acerifolia", "address": "C\\ Comte d'Urgell, 118", "categoria_arbrat": "SEGONA", "emission_weight": 0.65, "source": "ajuntament-arbrat-viari"}}, {"type": "Feature", "geometry": {"type": "Point", "coordinates": [2.152334, 41.386945]}, "properties": {"codi": "0167904AR", "species": "Platanus \u00d7 acerifolia", "address": "C\\ Comte d'Urgell, 174", "categoria_arbrat": "EXEMPLAR", "emission_weight": 1.0, "source": "ajuntament-arbrat-viari"}}, {"type": "Feature", "geometry": {"type": "Point", "coordinates": [2.156574, 41.389252]}, "properties": {"codi": "0167906AR", "species": "Platanus \u00d7 acerifolia", "address": "C\\ Mallorca, 180", "categoria_arbrat": "EXEMPLAR", "emission_weight": 1.0, "source": "ajuntament-arbrat-viari"}}, {"type": "Feature", "geometry": {"type": "Point", "coordinates": [2.155394, 41.386659]}, "properties": {"codi": "0167909AR", "species": "Platanus \u00d7 acerifolia", "address": "C\\ Val\u00e8ncia, 160", "categoria_arbrat": "TERCERA", "emission_weight": 0.45, "source": "ajuntament-arbrat-viari"}}, {"type": "Feature", "geometry": {"type": "Point", "coordinates": [2.161408, 41.385188]}, "properties": {"codi": "0167910AR", "species": "Platanus \u00d7 acerifolia", "address": "C\\ Muntaner, 22", "categoria_arbrat": "SEGONA", "emission_weight": 0.65, "source": "ajuntament-arbrat-viari"}}, {"type": "Feature", "geometry": {"type": "Point", "coordinates": [2.156856, 41.384365]}, "properties": {"codi": "0167912AR", "species": "Platanus \u00d7 acerifolia", "address": "C\\ Consell de Cent, 202", "categoria_arbrat": "SEGONA", "emission_weight": 0.65, "source": "ajuntament-arbrat-viari"}}, {"type": "Feature", "geometry": {"type": "Point", "coordinates": [2.15891, 41.382496]}, "properties": {"codi": "0167917AR", "species": "Platanus \u00d7 acerifolia", "address": "G.V. Corts Catalanes, 527", "categoria_arbrat": "TERCERA", "emission_weight": 0.45, "source": "ajuntament-arbrat-viari"}}, {"type": "Feature", "geometry": {"type": "Point", "coordinates": [2.163533, 41.387824]}, "properties": {"codi": "0167918AR", "species": "Platanus \u00d7 acerifolia", "address": "C\\ Diputaci\u00f3, 231", "categoria_arbrat": "EXEMPLAR", "emission_weight": 1.0, "source": "ajuntament-arbrat-viari"}}, {"type": "Feature", "geometry": {"type": "Point", "coordinates": [2.162143, 41.388343]}, "properties": {"codi": "0167919AR", "species": "Platanus \u00d7 acerifolia", "address": "C\\ Consell de Cent, 272", "categoria_arbrat": "EXEMPLAR", "emission_weight": 1.0, "source": "ajuntament-arbrat-viari"}}, {"type": "Feature", "geometry": {"type": "Point", "coordinates": [2.160504, 41.385869]}, "properties": {"codi": "0167920AR", "species": "Platanus \u00d7 acerifolia", "address": "C\\ Muntaner, 38", "categoria_arbrat": "EXEMPLAR", "emission_weight": 1.0, "source": "ajuntament-arbrat-viari"}}, {"type": "Feature", "geometry": {"type": "Point", "coordinates": [2.161614, 41.386381]}, "properties": {"codi": "0167926AR", "species": "Platanus \u00d7 acerifolia", "address": "C\\ Diputaci\u00f3, 207", "categoria_arbrat": "TERCERA", "emission_weight": 0.45, "source": "ajuntament-arbrat-viari"}}, {"type": "Feature", "geometry": {"type": "Point", "coordinates": [2.16117, 41.38429]}, "properties": {"codi": "0167930AR", "species": "Platanus \u00d7 acerifolia", "address": "G.V. Corts Catalanes, 561", "categoria_arbrat": "PRIMERA", "emission_weight": 0.85, "source": "ajuntament-arbrat-viari"}}, {"type": "Feature", "geometry": {"type": "Point", "coordinates": [2.154293, 41.38768]}, "properties": {"codi": "0167939AR", "species": "Platanus \u00d7 acerifolia", "address": "C\\ Mallorca, 135", "categoria_arbrat": "SEGONA", "emission_weight": 0.65, "source": "ajuntament-arbrat-viari"}}, {"type": "Feature", "geometry": {"type": "Point", "coordinates": [2.15566, 41.384436]}, "properties": {"codi": "0167941AR", "species": "Platanus \u00d7 acerifolia", "address": "C\\ Comte d'Urgell, 120", "categoria_arbrat": "SEGONA", "emission_weight": 0.65, "source": "ajuntament-arbrat-viari"}}, {"type": "Feature", "geometry": {"type": "Point", "coordinates": [2.159326, 41.390171]}, "properties": {"codi": "0167944AR", "species": "Platanus \u00d7 acerifolia", "address": "C\\ Enric Granados, 26", "categoria_arbrat": "EXEMPLAR", "emission_weight": 1.0, "source": "ajuntament-arbrat-viari"}}, {"type": "Feature", "geometry": {"type": "Point", "coordinates": [2.150291, 41.393588]}, "properties": {"codi": "0167946AR", "species": "Platanus \u00d7 acerifolia", "address": "C\\ Muntaner, 212", "categoria_arbrat": "SEGONA", "emission_weight": 0.65, "source": "ajuntament-arbrat-viari"}}, {"type": "Feature", "geometry": {"type": "Point", "coordinates": [2.149388, 41.392644]}, "properties": {"codi": "0167947AR", "species": "Platanus \u00d7 acerifolia", "address": "C\\ Londres, 75", "categoria_arbrat": "TERCERA", "emission_weight": 0.45, "source": "ajuntament-arbrat-viari"}}, {"type": "Feature", "geometry": {"type": "Point", "coordinates": [2.156252, 41.388869]}, "properties": {"codi": "0167948AR", "species": "Platanus \u00d7 acerifolia", "address": "C\\ Mallorca, 176", "categoria_arbrat": "EXEMPLAR", "emission_weight": 1.0, "source": "ajuntament-arbrat-viari"}}, {"type": "Feature", "geometry": {"type": "Point", "coordinates": [2.158959, 41.38949]}, "properties": {"codi": "0167952AR", "species": "Platanus \u00d7 acerifolia", "address": "C\\ Val\u00e8ncia, 193", "categoria_arbrat": "EXEMPLAR", "emission_weight": 1.0, "source": "ajuntament-arbrat-viari"}}, {"type": "Feature", "geometry": {"type": "Point", "coordinates": [2.155429, 41.385951]}, "properties": {"codi": "0167953AR", "species": "Platanus \u00d7 acerifolia", "address": "Av Roma, 131", "categoria_arbrat": "TERCERA", "emission_weight": 0.45, "source": "ajuntament-arbrat-viari"}}, {"type": "Feature", "geometry": {"type": "Point", "coordinates": [2.155443, 41.387988]}, "properties": {"codi": "0167957AR", "species": "Platanus \u00d7 acerifolia", "address": "C\\ Casanova, 122", "categoria_arbrat": "EXEMPLAR", "emission_weight": 1.0, "source": "ajuntament-arbrat-viari"}}, {"type": "Feature", "geometry": {"type": "Point", "coordinates": [2.150595, 41.389722]}, "properties": {"codi": "0167960AR", "species": "Platanus \u00d7 acerifolia", "address": "C\\ C\u00f2rsega, 186", "categoria_arbrat": "EXEMPLAR", "emission_weight": 1.0, "source": "ajuntament-arbrat-viari"}}, {"type": "Feature", "geometry": {"type": "Point", "coordinates": [2.153538, 41.392079]}, "properties": {"codi": "0167963AR", "species": "Platanus \u00d7 acerifolia", "address": "C\\ C\u00f2rsega, 222", "categoria_arbrat": "SEGONA", "emission_weight": 0.65, "source": "ajuntament-arbrat-viari"}}, {"type": "Feature", "geometry": {"type": "Point", "coordinates": [2.149369, 41.390934]}, "properties": {"codi": "0167967AR", "species": "Platanus \u00d7 acerifolia", "address": "C\\ Par\u00eds, 135", "categoria_arbrat": "EXEMPLAR", "emission_weight": 1.0, "source": "ajuntament-arbrat-viari"}}, {"type": "Feature", "geometry": {"type": "Point", "coordinates": [2.158665, 41.385875]}, "properties": {"codi": "0167968AR", "species": "Platanus \u00d7 acerifolia", "address": "C\\ Consell de Cent, 233", "categoria_arbrat": "EXEMPLAR", "emission_weight": 1.0, "source": "ajuntament-arbrat-viari"}}, {"type": "Feature", "geometry": {"type": "Point", "coordinates": [2.159786, 41.386716]}, "properties": {"codi": "0167973AR", "species": "Platanus \u00d7 acerifolia", "address": "C\\ Consell de Cent, 253", "categoria_arbrat": "EXEMPLAR", "emission_weight": 1.0, "source": "ajuntament-arbrat-viari"}}, {"type": "Feature", "geometry": {"type": "Point", "coordinates": [2.159959, 41.383287]}, "properties": {"codi": "0167974AR", "species": "Platanus \u00d7 acerifolia", "address": "G.V. Corts Catalanes, 541", "categoria_arbrat": "EXEMPLAR", "emission_weight": 1.0, "source": "ajuntament-arbrat-viari"}}, {"type": "Feature", "geometry": {"type": "Point", "coordinates": [2.160131, 41.386007]}, "properties": {"codi": "0167976AR", "species": "Platanus \u00d7 acerifolia", "address": "C\\ Muntaner, 49", "categoria_arbrat": "SEGONA", "emission_weight": 0.65, "source": "ajuntament-arbrat-viari"}}, {"type": "Feature", "geometry": {"type": "Point", "coordinates": [2.157359, 41.384955]}, "properties": {"codi": "0167984AR", "species": "Platanus \u00d7 acerifolia", "address": "C\\ Consell de Cent, 211", "categoria_arbrat": "EXEMPLAR", "emission_weight": 1.0, "source": "ajuntament-arbrat-viari"}}, {"type": "Feature", "geometry": {"type": "Point", "coordinates": [2.158086, 41.38428]}, "properties": {"codi": "0167987AR", "species": "Platanus \u00d7 acerifolia", "address": "C\\ Villarroel, 80", "categoria_arbrat": "EXEMPLAR", "emission_weight": 1.0, "source": "ajuntament-arbrat-viari"}}, {"type": "Feature", "geometry": {"type": "Point", "coordinates": [2.159816, 41.38318]}, "properties": {"codi": "0167993AR", "species": "Platanus \u00d7 acerifolia", "address": "G.V. Corts Catalanes, 539", "categoria_arbrat": "TERCERA", "emission_weight": 0.45, "source": "ajuntament-arbrat-viari"}}, {"type": "Feature", "geometry": {"type": "Point", "coordinates": [2.159064, 41.383544]}, "properties": {"codi": "0167998AR", "species": "Platanus \u00d7 acerifolia", "address": "C\\ Villarroel, 60", "categoria_arbrat": "EXEMPLAR", "emission_weight": 1.0, "source": "ajuntament-arbrat-viari"}}, {"type": "Feature", "geometry": {"type": "Point", "coordinates": [2.156656, 41.387758]}, "properties": {"codi": "0168001AR", "species": "Platanus \u00d7 acerifolia", "address": "C\\ Val\u00e8ncia, 151", "categoria_arbrat": "EXEMPLAR", "emission_weight": 1.0, "source": "ajuntament-arbrat-viari"}}, {"type": "Feature", "geometry": {"type": "Point", "coordinates": [2.155951, 41.393897]}, "properties": {"codi": "0168002AR", "species": "Platanus \u00d7 acerifolia", "address": "C\\ C\u00f2rsega, 264", "categoria_arbrat": "EXEMPLAR", "emission_weight": 1.0, "source": "ajuntament-arbrat-viari"}}, {"type": "Feature", "geometry": {"type": "Point", "coordinates": [2.162377, 41.388665]}, "properties": {"codi": "0168003AR", "species": "Platanus \u00d7 acerifolia", "address": "C\\ Consell de Cent, 301", "categoria_arbrat": "EXEMPLAR", "emission_weight": 1.0, "source": "ajuntament-arbrat-viari"}}, {"type": "Feature", "geometry": {"type": "Point", "coordinates": [2.153522, 41.394425]}, "properties": {"codi": "0168004AR", "species": "Platanus orientalis", "address": "C\\ Enric Granados, 149", "categoria_arbrat": "TERCERA", "emission_weight": 0.45, "source": "ajuntament-arbrat-viari"}}, {"type": "Feature", "geometry": {"type": "Point", "coordinates": [2.150507, 41.391432]}, "properties": {"codi": "0168008AR", "species": "Platanus \u00d7 acerifolia", "address": "C\\ Par\u00eds, 146", "categoria_arbrat": "SEGONA", "emission_weight": 0.65, "source": "ajuntament-arbrat-viari"}}, {"type": "Feature", "geometry": {"type": "Point", "coordinates": [2.152121, 41.392203]}, "properties": {"codi": "0168014AR", "species": "Platanus \u00d7 acerifolia", "address": "C\\ Muntaner, 182", "categoria_arbrat": "SEGONA", "emission_weight": 0.65, "source": "ajuntament-arbrat-viari"}}, {"type": "Feature", "geometry": {"type": "Point", "coordinates": [2.160242, 41.383592]}, "properties": {"codi": "0168015AR", "species": "Platanus \u00d7 acerifolia", "address": "G.V. Corts Catalanes, 549", "categoria_arbrat": "EXEMPLAR", "emission_weight": 1.0, "source": "ajuntament-arbrat-viari"}}, {"type": "Feature", "geometry": {"type": "Point", "coordinates": [2.157827, 41.385242]}, "properties": {"codi": "0168021AR", "species": "Platanus \u00d7 acerifolia", "address": "C\\ Consell de Cent, 219", "categoria_arbrat": "TERCERA", "emission_weight": 0.45, "source": "ajuntament-arbrat-viari"}}, {"type": "Feature", "geometry": {"type": "Point", "coordinates": [2.155489, 41.385976]}, "properties": {"codi": "0168022AR", "species": "Platanus \u00d7 acerifolia", "address": "Av Roma, 131", "categoria_arbrat": "EXEMPLAR", "emission_weight": 1.0, "source": "ajuntament-arbrat-viari"}}, {"type": "Feature", "geometry": {"type": "Point", "coordinates": [2.1508, 41.388107]}, "properties": {"codi": "0168024AR", "species": "Platanus \u00d7 acerifolia", "address": "C\\ Rossell\u00f3, 108", "categoria_arbrat": "EXEMPLAR", "emission_weight": 1.0, "source": "ajuntament-arbrat-viari"}}, {"type": "Feature", "geometry": {"type": "Point", "coordinates": [2.158902, 41.38352]}, "properties": {"codi": "0168027AR", "species": "Platanus \u00d7 acerifolia", "address": "C\\ Villarroel, 63", "categoria_arbrat": "EXEMPLAR", "emission_weight": 1.0, "source": "ajuntament-arbrat-viari"}}, {"type": "Feature", "geometry": {"type": "Point", "coordinates": [2.154749, 41.385658]}, "properties": {"codi": "0168030AR", "species": "Platanus \u00d7 acerifolia", "address": "Av Roma, 119", "categoria_arbrat": "EXEMPLAR", "emission_weight": 1.0, "source": "ajuntament-arbrat-viari"}}, {"type": "Feature", "geometry": {"type": "Point", "coordinates": [2.159929, 41.388013]}, "properties": {"codi": "0168033AR", "species": "Platanus \u00d7 acerifolia", "address": "C\\ Aribau, 54", "categoria_arbrat": "EXEMPLAR", "emission_weight": 1.0, "source": "ajuntament-arbrat-viari"}}, {"type": "Feature", "geometry": {"type": "Point", "coordinates": [2.150606, 41.391431]}, "properties": {"codi": "0168034AR", "species": "Platanus \u00d7 acerifolia", "address": "C\\ Par\u00eds, 148", "categoria_arbrat": "SEGONA", "emission_weight": 0.65, "source": "ajuntament-arbrat-viari"}}, {"type": "Feature", "geometry": {"type": "Point", "coordinates": [2.156997, 41.3851]}, "properties": {"codi": "0168035AR", "species": "Platanus \u00d7 acerifolia", "address": "C\\ Villarroel, 100", "categoria_arbrat": "EXEMPLAR", "emission_weight": 1.0, "source": "ajuntament-arbrat-viari"}}, {"type": "Feature", "geometry": {"type": "Point", "coordinates": [2.162222, 41.387982]}, "properties": {"codi": "0168036AR", "species": "Platanus \u00d7 acerifolia", "address": "C\\ Enric Granados, 2", "categoria_arbrat": "EXEMPLAR", "emission_weight": 1.0, "source": "ajuntament-arbrat-viari"}}, {"type": "Feature", "geometry": {"type": "Point", "coordinates": [2.164383, 41.386704]}, "properties": {"codi": "0168039AR", "species": "Platanus \u00d7 acerifolia", "address": "G.V. Corts Catalanes, 585", "categoria_arbrat": "PRIMERA", "emission_weight": 0.85, "source": "ajuntament-arbrat-viari"}}, {"type": "Feature", "geometry": {"type": "Point", "coordinates": [2.153467, 41.390325]}, "properties": {"codi": "0168047AR", "species": "Platanus \u00d7 acerifolia", "address": "C\\ Rossell\u00f3, 136", "categoria_arbrat": "EXEMPLAR", "emission_weight": 1.0, "source": "ajuntament-arbrat-viari"}}, {"type": "Feature", "geometry": {"type": "Point", "coordinates": [2.154591, 41.390194]}, "properties": {"codi": "0168050AR", "species": "Platanus \u00d7 acerifolia", "address": "C\\ Muntaner, 131", "categoria_arbrat": "SEGONA", "emission_weight": 0.65, "source": "ajuntament-arbrat-viari"}}, {"type": "Feature", "geometry": {"type": "Point", "coordinates": [2.161479, 41.38628]}, "properties": {"codi": "0168051AR", "species": "Platanus \u00d7 acerifolia", "address": "C\\ Diputaci\u00f3, 205", "categoria_arbrat": "EXEMPLAR", "emission_weight": 1.0, "source": "ajuntament-arbrat-viari"}}, {"type": "Feature", "geometry": {"type": "Point", "coordinates": [2.155422, 41.389711]}, "properties": {"codi": "0168054AR", "species": "Platanus \u00d7 acerifolia", "address": "C\\ Muntaner, 128", "categoria_arbrat": "SEGONA", "emission_weight": 0.65, "source": "ajuntament-arbrat-viari"}}, {"type": "Feature", "geometry": {"type": "Point", "coordinates": [2.163211, 41.385826]}, "properties": {"codi": "0168058AR", "species": "Platanus \u00d7 acerifolia", "address": "G.V. Corts Catalanes, 585", "categoria_arbrat": "TERCERA", "emission_weight": 0.45, "source": "ajuntament-arbrat-viari"}}, {"type": "Feature", "geometry": {"type": "Point", "coordinates": [2.156866, 41.391171]}, "properties": {"codi": "0168064AR", "species": "Platanus \u00d7 acerifolia", "address": "C\\ Proven\u00e7a, 226", "categoria_arbrat": "EXEMPLAR", "emission_weight": 1.0, "source": "ajuntament-arbrat-viari"}}, {"type": "Feature", "geometry": {"type": "Point", "coordinates": [2.158047, 41.388657]}, "properties": {"codi": "0168068AR", "species": "Platanus \u00d7 acerifolia", "address": "C\\ Val\u00e8ncia, 202", "categoria_arbrat": "EXEMPLAR", "emission_weight": 1.0, "source": "ajuntament-arbrat-viari"}}, {"type": "Feature", "geometry": {"type": "Point", "coordinates": [2.159345, 41.383189]}, "properties": {"codi": "0168074AR", "species": "Platanus \u00d7 acerifolia", "address": "C\\ Villarroel, 55", "categoria_arbrat": "EXEMPLAR", "emission_weight": 1.0, "source": "ajuntament-arbrat-viari"}}, {"type": "Feature", "geometry": {"type": "Point", "coordinates": [2.151909, 41.394524]}, "properties": {"codi": "0168090AR", "species": "Platanus \u00d7 acerifolia", "address": "Av Diagonal, 9992", "categoria_arbrat": "EXEMPLAR", "emission_weight": 1.0, "source": "ajuntament-arbrat-viari"}}, {"type": "Feature", "geometry": {"type": "Point", "coordinates": [2.156991, 41.388526]}, "properties": {"codi": "0168092AR", "species": "Platanus \u00d7 acerifolia", "address": "C\\ Muntaner, 98", "categoria_arbrat": "EXEMPLAR", "emission_weight": 1.0, "source": "ajuntament-arbrat-viari"}}, {"type": "Feature", "geometry": {"type": "Point", "coordinates": [2.159091, 41.389589]}, "properties": {"codi": "0168094AR", "species": "Platanus \u00d7 acerifolia", "address": "C\\ Val\u00e8ncia, 197", "categoria_arbrat": "EXEMPLAR", "emission_weight": 1.0, "source": "ajuntament-arbrat-viari"}}, {"type": "Feature", "geometry": {"type": "Point", "coordinates": [2.157645, 41.38974]}, "properties": {"codi": "0168096AR", "species": "Platanus \u00d7 acerifolia", "address": "C\\ Aribau, 92", "categoria_arbrat": "EXEMPLAR", "emission_weight": 1.0, "source": "ajuntament-arbrat-viari"}}, {"type": "Feature", "geometry": {"type": "Point", "coordinates": [2.152574, 41.391498]}, "properties": {"codi": "0168097AR", "species": "Platanus \u00d7 acerifolia", "address": "C\\ C\u00f2rsega, 221", "categoria_arbrat": "TERCERA", "emission_weight": 0.45, "source": "ajuntament-arbrat-viari"}}, {"type": "Feature", "geometry": {"type": "Point", "coordinates": [2.159118, 41.382653]}, "properties": {"codi": "0168101AR", "species": "Platanus \u00d7 acerifolia", "address": "G.V. Corts Catalanes, 531", "categoria_arbrat": "TERCERA", "emission_weight": 0.45, "source": "ajuntament-arbrat-viari"}}, {"type": "Feature", "geometry": {"type": "Point", "coordinates": [2.155978, 41.390716]}, "properties": {"codi": "0168104AR", "species": "Platanus \u00d7 acerifolia", "address": "C\\ Proven\u00e7a, 177", "categoria_arbrat": "EXEMPLAR", "emission_weight": 1.0, "source": "ajuntament-arbrat-viari"}}, {"type": "Feature", "geometry": {"type": "Point", "coordinates": [2.158872, 41.390982]}, "properties": {"codi": "0168107AR", "species": "Platanus \u00d7 acerifolia", "address": "C\\ Mallorca, 214", "categoria_arbrat": "PRIMERA", "emission_weight": 0.85, "source": "ajuntament-arbrat-viari"}}, {"type": "Feature", "geometry": {"type": "Point", "coordinates": [2.154877, 41.391377]}, "properties": {"codi": "0168110AR", "species": "Platanus \u00d7 acerifolia", "address": "C\\ Rossell\u00f3, 160", "categoria_arbrat": "EXEMPLAR", "emission_weight": 1.0, "source": "ajuntament-arbrat-viari"}}, {"type": "Feature", "geometry": {"type": "Point", "coordinates": [2.155963, 41.387443]}, "properties": {"codi": "0168112AR", "species": "Platanus \u00d7 acerifolia", "address": "C\\ Val\u00e8ncia, 143", "categoria_arbrat": "TERCERA", "emission_weight": 0.45, "source": "ajuntament-arbrat-viari"}}, {"type": "Feature", "geometry": {"type": "Point", "coordinates": [2.160167, 41.387687]}, "properties": {"codi": "0168116AR", "species": "Platanus \u00d7 acerifolia", "address": "C\\ Aribau, 39", "categoria_arbrat": "TERCERA", "emission_weight": 0.45, "source": "ajuntament-arbrat-viari"}}, {"type": "Feature", "geometry": {"type": "Point", "coordinates": [2.162412, 41.387693]}, "properties": {"codi": "0168119AR", "species": "Platanus \u00d7 acerifolia", "address": "C\\ Enric Granados, 9", "categoria_arbrat": "EXEMPLAR", "emission_weight": 1.0, "source": "ajuntament-arbrat-viari"}}, {"type": "Feature", "geometry": {"type": "Point", "coordinates": [2.158513, 41.390931]}, "properties": {"codi": "0168120AR", "species": "Platanus \u00d7 acerifolia", "address": "C\\ Mallorca, 213", "categoria_arbrat": "EXEMPLAR", "emission_weight": 1.0, "source": "ajuntament-arbrat-viari"}}, {"type": "Feature", "geometry": {"type": "Point", "coordinates": [2.16031, 41.383646]}, "properties": {"codi": "0168122AR", "species": "Platanus \u00d7 acerifolia", "address": "G.V. Corts Catalanes, 551", "categoria_arbrat": "EXEMPLAR", "emission_weight": 1.0, "source": "ajuntament-arbrat-viari"}}, {"type": "Feature", "geometry": {"type": "Point", "coordinates": [2.153214, 41.38858]}, "properties": {"codi": "0168128AR", "species": "Platanus \u00d7 acerifolia", "address": "C\\ Proven\u00e7a, 143", "categoria_arbrat": "EXEMPLAR", "emission_weight": 1.0, "source": "ajuntament-arbrat-viari"}}, {"type": "Feature", "geometry": {"type": "Point", "coordinates": [2.160954, 41.385383]}, "properties": {"codi": "0168129AR", "species": "Platanus \u00d7 acerifolia", "address": "C\\ Muntaner, 33", "categoria_arbrat": "TERCERA", "emission_weight": 0.45, "source": "ajuntament-arbrat-viari"}}, {"type": "Feature", "geometry": {"type": "Point", "coordinates": [2.152528, 41.391322]}, "properties": {"codi": "0168130AR", "species": "Platanus \u00d7 acerifolia", "address": "C\\ C\u00f2rsega, 206", "categoria_arbrat": "EXEMPLAR", "emission_weight": 1.0, "source": "ajuntament-arbrat-viari"}}, {"type": "Feature", "geometry": {"type": "Point", "coordinates": [2.156344, 41.389228]}, "properties": {"codi": "0168131AR", "species": "Platanus \u00d7 acerifolia", "address": "C\\ Mallorca, 177", "categoria_arbrat": "EXEMPLAR", "emission_weight": 1.0, "source": "ajuntament-arbrat-viari"}}, {"type": "Feature", "geometry": {"type": "Point", "coordinates": [2.152257, 41.391117]}, "properties": {"codi": "0168134AR", "species": "Platanus \u00d7 acerifolia", "address": "C\\ C\u00f2rsega, 202", "categoria_arbrat": "EXEMPLAR", "emission_weight": 1.0, "source": "ajuntament-arbrat-viari"}}, {"type": "Feature", "geometry": {"type": "Point", "coordinates": [2.156446, 41.389155]}, "properties": {"codi": "0168135AR", "species": "Platanus \u00d7 acerifolia", "address": "C\\ Mallorca, 178", "categoria_arbrat": "SEGONA", "emission_weight": 0.65, "source": "ajuntament-arbrat-viari"}}, {"type": "Feature", "geometry": {"type": "Point", "coordinates": [2.164446, 41.386652]}, "properties": {"codi": "0168136AR", "species": "Platanus \u00d7 acerifolia", "address": "G.V. Corts Catalanes, 585", "categoria_arbrat": "TERCERA", "emission_weight": 0.45, "source": "ajuntament-arbrat-viari"}}, {"type": "Feature", "geometry": {"type": "Point", "coordinates": [2.159366, 41.387894]}, "properties": {"codi": "0168137AR", "species": "Platanus \u00d7 acerifolia", "address": "C\\ Arag\u00f3, 212", "categoria_arbrat": "PRIMERA", "emission_weight": 0.85, "source": "ajuntament-arbrat-viari"}}, {"type": "Feature", "geometry": {"type": "Point", "coordinates": [2.155585, 41.390209]}, "properties": {"codi": "0168139AR", "species": "Platanus \u00d7 acerifolia", "address": "C\\ Proven\u00e7a, 210", "categoria_arbrat": "EXEMPLAR", "emission_weight": 1.0, "source": "ajuntament-arbrat-viari"}}, {"type": "Feature", "geometry": {"type": "Point", "coordinates": [2.158737, 41.390476]}, "properties": {"codi": "0168141AR", "species": "Platanus \u00d7 acerifolia", "address": "C\\ Enric Granados, 51", "categoria_arbrat": "EXEMPLAR", "emission_weight": 1.0, "source": "ajuntament-arbrat-viari"}}, {"type": "Feature", "geometry": {"type": "Point", "coordinates": [2.156877, 41.386553]}, "properties": {"codi": "0168142AR", "species": "Platanus \u00d7 acerifolia", "address": "Av Roma, 149", "categoria_arbrat": "EXEMPLAR", "emission_weight": 1.0, "source": "ajuntament-arbrat-viari"}}, {"type": "Feature", "geometry": {"type": "Point", "coordinates": [2.152301, 41.392997]}, "properties": {"codi": "0168147AR", "species": "Platanus \u00d7 acerifolia", "address": "C\\ Par\u00eds, 179", "categoria_arbrat": "EXEMPLAR", "emission_weight": 1.0, "source": "ajuntament-arbrat-viari"}}, {"type": "Feature", "geometry": {"type": "Point", "coordinates": [2.160374, 41.3836]}, "properties": {"codi": "0168148AR", "species": "Platanus \u00d7 acerifolia", "address": "G.V. Corts Catalanes, 551", "categoria_arbrat": "EXEMPLAR", "emission_weight": 1.0, "source": "ajuntament-arbrat-viari"}}, {"type": "Feature", "geometry": {"type": "Point", "coordinates": [2.151954, 41.392739]}, "properties": {"codi": "0168149AR", "species": "Platanus \u00d7 acerifolia", "address": "C\\ Par\u00eds, 173", "categoria_arbrat": "SEGONA", "emission_weight": 0.65, "source": "ajuntament-arbrat-viari"}}, {"type": "Feature", "geometry": {"type": "Point", "coordinates": [2.153274, 41.393053]}, "properties": {"codi": "0168152AR", "species": "Platanus \u00d7 acerifolia", "address": "C\\ Aribau, 176", "categoria_arbrat": "TERCERA", "emission_weight": 0.45, "source": "ajuntament-arbrat-viari"}}, {"type": "Feature", "geometry": {"type": "Point", "coordinates": [2.156371, 41.386334]}, "properties": {"codi": "0168153AR", "species": "Platanus \u00d7 acerifolia", "address": "Av Roma, 141", "categoria_arbrat": "TERCERA", "emission_weight": 0.45, "source": "ajuntament-arbrat-viari"}}, {"type": "Feature", "geometry": {"type": "Point", "coordinates": [2.160252, 41.38777]}, "properties": {"codi": "0168155AR", "species": "Platanus orientalis", "address": "C\\ Aribau, 46", "categoria_arbrat": "EXEMPLAR", "emission_weight": 1.0, "source": "ajuntament-arbrat-viari"}}, {"type": "Feature", "geometry": {"type": "Point", "coordinates": [2.154477, 41.391989]}, "properties": {"codi": "0168156AR", "species": "Platanus \u00d7 acerifolia", "address": "C\\ Aribau, 135", "categoria_arbrat": "EXEMPLAR", "emission_weight": 1.0, "source": "ajuntament-arbrat-viari"}}, {"type": "Feature", "geometry": {"type": "Point", "coordinates": [2.153573, 41.392252]}, "properties": {"codi": "0168159AR", "species": "Platanus \u00d7 acerifolia", "address": "C\\ C\u00f2rsega, 239", "categoria_arbrat": "TERCERA", "emission_weight": 0.45, "source": "ajuntament-arbrat-viari"}}, {"type": "Feature", "geometry": {"type": "Point", "coordinates": [2.16181, 41.388372]}, "properties": {"codi": "0168160AR", "species": "Platanus \u00d7 acerifolia", "address": "C\\ Consell de Cent, 291", "categoria_arbrat": "EXEMPLAR", "emission_weight": 1.0, "source": "ajuntament-arbrat-viari"}}, {"type": "Feature", "geometry": {"type": "Point", "coordinates": [2.154924, 41.38631]}, "properties": {"codi": "0168161AR", "species": "Platanus \u00d7 acerifolia", "address": "C\\ Val\u00e8ncia, 156", "categoria_arbrat": "SEGONA", "emission_weight": 0.65, "source": "ajuntament-arbrat-viari"}}, {"type": "Feature", "geometry": {"type": "Point", "coordinates": [2.14921, 41.390982]}, "properties": {"codi": "0168168AR", "species": "Platanus \u00d7 acerifolia", "address": "C\\ Villarroel, 188", "categoria_arbrat": "EXEMPLAR", "emission_weight": 1.0, "source": "ajuntament-arbrat-viari"}}, {"type": "Feature", "geometry": {"type": "Point", "coordinates": [2.153568, 41.394873]}, "properties": {"codi": "0168169AR", "species": "Platanus \u00d7 acerifolia", "address": "Av Diagonal, 421", "categoria_arbrat": "TERCERA", "emission_weight": 0.45, "source": "ajuntament-arbrat-viari"}}, {"type": "Feature", "geometry": {"type": "Point", "coordinates": [2.157539, 41.390124]}, "properties": {"codi": "0168170AR", "species": "Platanus \u00d7 acerifolia", "address": "C\\ Mallorca, 197", "categoria_arbrat": "EXEMPLAR", "emission_weight": 1.0, "source": "ajuntament-arbrat-viari"}}, {"type": "Feature", "geometry": {"type": "Point", "coordinates": [2.16259, 41.385347]}, "properties": {"codi": "0168171AR", "species": "Platanus \u00d7 acerifolia", "address": "G.V. Corts Catalanes, 581", "categoria_arbrat": "SEGONA", "emission_weight": 0.65, "source": "ajuntament-arbrat-viari"}}, {"type": "Feature", "geometry": {"type": "Point", "coordinates": [2.158706, 41.382439]}, "properties": {"codi": "0168173AR", "species": "Platanus \u00d7 acerifolia", "address": "G.V. Corts Catalanes, 525", "categoria_arbrat": "EXEMPLAR", "emission_weight": 1.0, "source": "ajuntament-arbrat-viari"}}, {"type": "Feature", "geometry": {"type": "Point", "coordinates": [2.153634, 41.388893]}, "properties": {"codi": "0168175AR", "species": "Platanus \u00d7 acerifolia", "address": "C\\ Proven\u00e7a, 143", "categoria_arbrat": "EXEMPLAR", "emission_weight": 1.0, "source": "ajuntament-arbrat-viari"}}, {"type": "Feature", "geometry": {"type": "Point", "coordinates": [2.158024, 41.388787]}, "properties": {"codi": "0168179AR", "species": "Platanus \u00d7 acerifolia", "address": "C\\ Val\u00e8ncia, 179", "categoria_arbrat": "EXEMPLAR", "emission_weight": 1.0, "source": "ajuntament-arbrat-viari"}}, {"type": "Feature", "geometry": {"type": "Point", "coordinates": [2.157533, 41.38797]}, "properties": {"codi": "0168182AR", "species": "Platanus \u00d7 acerifolia", "address": "C\\ Muntaner, 83", "categoria_arbrat": "EXEMPLAR", "emission_weight": 1.0, "source": "ajuntament-arbrat-viari"}}, {"type": "Feature", "geometry": {"type": "Point", "coordinates": [2.15803, 41.385396]}, "properties": {"codi": "0168184AR", "species": "Platanus \u00d7 acerifolia", "address": "C\\ Consell de Cent, 223", "categoria_arbrat": "TERCERA", "emission_weight": 0.45, "source": "ajuntament-arbrat-viari"}}, {"type": "Feature", "geometry": {"type": "Point", "coordinates": [2.157128, 41.389671]}, "properties": {"codi": "0168191AR", "species": "Platanus \u00d7 acerifolia", "address": "C\\ Mallorca, 192", "categoria_arbrat": "EXEMPLAR", "emission_weight": 1.0, "source": "ajuntament-arbrat-viari"}}, {"type": "Feature", "geometry": {"type": "Point", "coordinates": [2.155091, 41.385803]}, "properties": {"codi": "0168194AR", "species": "Platanus \u00d7 acerifolia", "address": "Av Roma, 125", "categoria_arbrat": "EXEMPLAR", "emission_weight": 1.0, "source": "ajuntament-arbrat-viari"}}, {"type": "Feature", "geometry": {"type": "Point", "coordinates": [2.158592, 41.38235]}, "properties": {"codi": "0168195AR", "species": "Platanus \u00d7 acerifolia", "address": "G.V. Corts Catalanes, 525", "categoria_arbrat": "SEGONA", "emission_weight": 0.65, "source": "ajuntament-arbrat-viari"}}, {"type": "Feature", "geometry": {"type": "Point", "coordinates": [2.15244, 41.388001]}, "properties": {"codi": "0168199AR", "species": "Platanus \u00d7 acerifolia", "address": "C\\ Proven\u00e7a, 137", "categoria_arbrat": "EXEMPLAR", "emission_weight": 1.0, "source": "ajuntament-arbrat-viari"}}, {"type": "Feature", "geometry": {"type": "Point", "coordinates": [2.15533, 41.384909]}, "properties": {"codi": "0168200AR", "species": "Platanus \u00d7 acerifolia", "address": "C\\ Arag\u00f3, 126", "categoria_arbrat": "EXEMPLAR", "emission_weight": 1.0, "source": "ajuntament-arbrat-viari"}}, {"type": "Feature", "geometry": {"type": "Point", "coordinates": [2.159752, 41.38313]}, "properties": {"codi": "0168202AR", "species": "Platanus \u00d7 acerifolia", "address": "G.V. Corts Catalanes, 539", "categoria_arbrat": "EXEMPLAR", "emission_weight": 1.0, "source": "ajuntament-arbrat-viari"}}, {"type": "Feature", "geometry": {"type": "Point", "coordinates": [2.156587, 41.386426]}, "properties": {"codi": "0168204AR", "species": "Platanus \u00d7 acerifolia", "address": "Av Roma, 143", "categoria_arbrat": "PRIMERA", "emission_weight": 0.85, "source": "ajuntament-arbrat-viari"}}, {"type": "Feature", "geometry": {"type": "Point", "coordinates": [2.149632, 41.392693]}, "properties": {"codi": "0168205AR", "species": "Platanus \u00d7 acerifolia", "address": "C\\ Londres, 77", "categoria_arbrat": "EXEMPLAR", "emission_weight": 1.0, "source": "ajuntament-arbrat-viari"}}, {"type": "Feature", "geometry": {"type": "Point", "coordinates": [2.161283, 41.386845]}, "properties": {"codi": "0168206AR", "species": "Platanus \u00d7 acerifolia", "address": "C\\ Aribau, 21", "categoria_arbrat": "EXEMPLAR", "emission_weight": 1.0, "source": "ajuntament-arbrat-viari"}}, {"type": "Feature", "geometry": {"type": "Point", "coordinates": [2.161512, 41.384547]}, "properties": {"codi": "0168210AR", "species": "Platanus \u00d7 acerifolia", "address": "G.V. Corts Catalanes, 567", "categoria_arbrat": "PRIMERA", "emission_weight": 0.85, "source": "ajuntament-arbrat-viari"}}, {"type": "Feature", "geometry": {"type": "Point", "coordinates": [2.158318, 41.385463]}, "properties": {"codi": "0168213AR", "species": "Platanus \u00d7 acerifolia", "address": "C\\ Consell de Cent, 212", "categoria_arbrat": "EXEMPLAR", "emission_weight": 1.0, "source": "ajuntament-arbrat-viari"}}, {"type": "Feature", "geometry": {"type": "Point", "coordinates": [2.158126, 41.392263]}, "properties": {"codi": "0168215AR", "species": "Platanus \u00d7 acerifolia", "address": "C\\ Proven\u00e7a, 209", "categoria_arbrat": "EXEMPLAR", "emission_weight": 1.0, "source": "ajuntament-arbrat-viari"}}, {"type": "Feature", "geometry": {"type": "Point", "coordinates": [2.154844, 41.393341]}, "properties": {"codi": "0168218AR", "species": "Platanus \u00d7 acerifolia", "address": "C\\ C\u00f2rsega, 252", "categoria_arbrat": "SEGONA", "emission_weight": 0.65, "source": "ajuntament-arbrat-viari"}}, {"type": "Feature", "geometry": {"type": "Point", "coordinates": [2.156227, 41.386271]}, "properties": {"codi": "0168220AR", "species": "Platanus \u00d7 acerifolia", "address": "Av Roma, 139", "categoria_arbrat": "EXEMPLAR", "emission_weight": 1.0, "source": "ajuntament-arbrat-viari"}}, {"type": "Feature", "geometry": {"type": "Point", "coordinates": [2.153675, 41.391029]}, "properties": {"codi": "0168224AR", "species": "Platanus \u00d7 acerifolia", "address": "C\\ Muntaner, 158", "categoria_arbrat": "SEGONA", "emission_weight": 0.65, "source": "ajuntament-arbrat-viari"}}, {"type": "Feature", "geometry": {"type": "Point", "coordinates": [2.151294, 41.393943]}, "properties": {"codi": "0168226AR", "species": "Platanus \u00d7 acerifolia", "address": "C\\ Londres, 109", "categoria_arbrat": "EXEMPLAR", "emission_weight": 1.0, "source": "ajuntament-arbrat-viari"}}, {"type": "Feature", "geometry": {"type": "Point", "coordinates": [2.159735, 41.389718]}, "properties": {"codi": "0168231AR", "species": "Platanus \u00d7 acerifolia", "address": "C\\ Enric Granados, 37", "categoria_arbrat": "EXEMPLAR", "emission_weight": 1.0, "source": "ajuntament-arbrat-viari"}}, {"type": "Feature", "geometry": {"type": "Point", "coordinates": [2.154246, 41.387181]}, "properties": {"codi": "0168236AR", "species": "Platanus \u00d7 acerifolia", "address": "C\\ Villarroel, 146", "categoria_arbrat": "EXEMPLAR", "emission_weight": 1.0, "source": "ajuntament-arbrat-viari"}}, {"type": "Feature", "geometry": {"type": "Point", "coordinates": [2.151145, 41.392796]}, "properties": {"codi": "0168247AR", "species": "Platanus \u00d7 acerifolia", "address": "C\\ Muntaner, 187", "categoria_arbrat": "SEGONA", "emission_weight": 0.65, "source": "ajuntament-arbrat-viari"}}, {"type": "Feature", "geometry": {"type": "Point", "coordinates": [2.157639, 41.38447]}, "properties": {"codi": "0168252AR", "species": "Platanus \u00d7 acerifolia", "address": "C\\ Villarroel, 83", "categoria_arbrat": "SEGONA", "emission_weight": 0.65, "source": "ajuntament-arbrat-viari"}}, {"type": "Feature", "geometry": {"type": "Point", "coordinates": [2.156254, 41.385517]}, "properties": {"codi": "0168253AR", "species": "Platanus \u00d7 acerifolia", "address": "C\\ Villarroel, 115", "categoria_arbrat": "EXEMPLAR", "emission_weight": 1.0, "source": "ajuntament-arbrat-viari"}}, {"type": "Feature", "geometry": {"type": "Point", "coordinates": [2.154297, 41.389391]}, "properties": {"codi": "0168257AR", "species": "Platanus \u00d7 acerifolia", "address": "C\\ Proven\u00e7a, 153", "categoria_arbrat": "EXEMPLAR", "emission_weight": 1.0, "source": "ajuntament-arbrat-viari"}}, {"type": "Feature", "geometry": {"type": "Point", "coordinates": [2.160455, 41.387619]}, "properties": {"codi": "0168258AR", "species": "Platanus \u00d7 acerifolia", "address": "C\\ Aribau, 42", "categoria_arbrat": "EXEMPLAR", "emission_weight": 1.0, "source": "ajuntament-arbrat-viari"}}, {"type": "Feature", "geometry": {"type": "Point", "coordinates": [2.160481, 41.387238]}, "properties": {"codi": "0168261AR", "species": "Platanus \u00d7 acerifolia", "address": "C\\ Consell de Cent, 265", "categoria_arbrat": "TERCERA", "emission_weight": 0.45, "source": "ajuntament-arbrat-viari"}}, {"type": "Feature", "geometry": {"type": "Point", "coordinates": [2.157919, 41.391235]}, "properties": {"codi": "0168263AR", "species": "Platanus \u00d7 acerifolia", "address": "C\\ Enric Granados, 48", "categoria_arbrat": "EXEMPLAR", "emission_weight": 1.0, "source": "ajuntament-arbrat-viari"}}, {"type": "Feature", "geometry": {"type": "Point", "coordinates": [2.157148, 41.390116]}, "properties": {"codi": "0168264AR", "species": "Platanus \u00d7 acerifolia", "address": "C\\ Aribau, 96", "categoria_arbrat": "EXEMPLAR", "emission_weight": 1.0, "source": "ajuntament-arbrat-viari"}}, {"type": "Feature", "geometry": {"type": "Point", "coordinates": [2.150252, 41.393472]}, "properties": {"codi": "0168265AR", "species": "Platanus \u00d7 acerifolia", "address": "C\\ Muntaner, 213", "categoria_arbrat": "EXEMPLAR", "emission_weight": 1.0, "source": "ajuntament-arbrat-viari"}}, {"type": "Feature", "geometry": {"type": "Point", "coordinates": [2.155865, 41.391087]}, "properties": {"codi": "0168266AR", "species": "Platanus \u00d7 acerifolia", "address": "C\\ Aribau, 122", "categoria_arbrat": "SEGONA", "emission_weight": 0.65, "source": "ajuntament-arbrat-viari"}}, {"type": "Feature", "geometry": {"type": "Point", "coordinates": [2.155125, 41.391784]}, "properties": {"codi": "0168267AR", "species": "Platanus \u00d7 acerifolia", "address": "C\\ Rossell\u00f3, 189", "categoria_arbrat": "EXEMPLAR", "emission_weight": 1.0, "source": "ajuntament-arbrat-viari"}}, {"type": "Feature", "geometry": {"type": "Point", "coordinates": [2.156484, 41.390474]}, "properties": {"codi": "0168268AR", "species": "Platanus \u00d7 acerifolia", "address": "C\\ Aribau, 105", "categoria_arbrat": "EXEMPLAR", "emission_weight": 1.0, "source": "ajuntament-arbrat-viari"}}, {"type": "Feature", "geometry": {"type": "Point", "coordinates": [2.151471, 41.394077]}, "properties": {"codi": "0168273AR", "species": "Platanus \u00d7 acerifolia", "address": "C\\ Londres, 111", "categoria_arbrat": "TERCERA", "emission_weight": 0.45, "source": "ajuntament-arbrat-viari"}}, {"type": "Feature", "geometry": {"type": "Point", "coordinates": [2.162408, 41.385995]}, "properties": {"codi": "0168274AR", "species": "Platanus \u00d7 acerifolia", "address": "C\\ Aribau, 5", "categoria_arbrat": "EXEMPLAR", "emission_weight": 1.0, "source": "ajuntament-arbrat-viari"}}, {"type": "Feature", "geometry": {"type": "Point", "coordinates": [2.161986, 41.38802]}, "properties": {"codi": "0168275AR", "species": "Platanus \u00d7 acerifolia", "address": "C\\ Enric Granados, 15", "categoria_arbrat": "EXEMPLAR", "emission_weight": 1.0, "source": "ajuntament-arbrat-viari"}}, {"type": "Feature", "geometry": {"type": "Point", "coordinates": [2.15652, 41.392296]}, "properties": {"codi": "0168276AR", "species": "Platanus \u00d7 acerifolia", "address": "C\\ Enric Granados, 72", "categoria_arbrat": "EXEMPLAR", "emission_weight": 1.0, "source": "ajuntament-arbrat-viari"}}, {"type": "Feature", "geometry": {"type": "Point", "coordinates": [2.152929, 41.388367]}, "properties": {"codi": "0168277AR", "species": "Platanus \u00d7 acerifolia", "address": "C\\ Proven\u00e7a, 143", "categoria_arbrat": "EXEMPLAR", "emission_weight": 1.0, "source": "ajuntament-arbrat-viari"}}, {"type": "Feature", "geometry": {"type": "Point", "coordinates": [2.15796, 41.384228]}, "properties": {"codi": "0168282AR", "species": "Platanus \u00d7 acerifolia", "address": "C\\ Villarroel, 79", "categoria_arbrat": "SEGONA", "emission_weight": 0.65, "source": "ajuntament-arbrat-viari"}}, {"type": "Feature", "geometry": {"type": "Point", "coordinates": [2.153055, 41.393274]}, "properties": {"codi": "0168285AR", "species": "Platanus \u00d7 acerifolia", "address": "C\\ Par\u00eds, 165", "categoria_arbrat": "EXEMPLAR", "emission_weight": 1.0, "source": "ajuntament-arbrat-viari"}}, {"type": "Feature", "geometry": {"type": "Point", "coordinates": [2.157519, 41.38501]}, "properties": {"codi": "0168286AR", "species": "Platanus \u00d7 acerifolia", "address": "C\\ Consell de Cent, 213", "categoria_arbrat": "TERCERA", "emission_weight": 0.45, "source": "ajuntament-arbrat-viari"}}, {"type": "Feature", "geometry": {"type": "Point", "coordinates": [2.159821, 41.386593]}, "properties": {"codi": "0168289AR", "species": "Platanus \u00d7 acerifolia", "address": "C\\ Consell de Cent, 234", "categoria_arbrat": "EXEMPLAR", "emission_weight": 1.0, "source": "ajuntament-arbrat-viari"}}, {"type": "Feature", "geometry": {"type": "Point", "coordinates": [2.15771, 41.38289]}, "properties": {"codi": "0168291AR", "species": "Platanus \u00d7 acerifolia", "address": "C\\ Comte d'Urgell, 86", "categoria_arbrat": "PRIMERA", "emission_weight": 0.85, "source": "ajuntament-arbrat-viari"}}, {"type": "Feature", "geometry": {"type": "Point", "coordinates": [2.161415, 41.386231]}, "properties": {"codi": "0168293AR", "species": "Platanus \u00d7 acerifolia", "address": "C\\ Diputaci\u00f3, 203", "categoria_arbrat": "EXEMPLAR", "emission_weight": 1.0, "source": "ajuntament-arbrat-viari"}}, {"type": "Feature", "geometry": {"type": "Point", "coordinates": [2.163563, 41.387699]}, "properties": {"codi": "0168299AR", "species": "Platanus \u00d7 acerifolia", "address": "C\\ Diputaci\u00f3, 226", "categoria_arbrat": "EXEMPLAR", "emission_weight": 1.0, "source": "ajuntament-arbrat-viari"}}, {"type": "Feature", "geometry": {"type": "Point", "coordinates": [2.16264, 41.387524]}, "properties": {"codi": "0168302AR", "species": "Platanus \u00d7 acerifolia", "address": "C\\ Enric Granados, 3", "categoria_arbrat": "EXEMPLAR", "emission_weight": 1.0, "source": "ajuntament-arbrat-viari"}}, {"type": "Feature", "geometry": {"type": "Point", "coordinates": [2.152959, 41.393496]}, "properties": {"codi": "0168303AR", "species": "Platanus \u00d7 acerifolia", "address": "C\\ Par\u00eds, 187", "categoria_arbrat": "EXEMPLAR", "emission_weight": 1.0, "source": "ajuntament-arbrat-viari"}}, {"type": "Feature", "geometry": {"type": "Point", "coordinates": [2.161094, 41.384141]}, "properties": {"codi": "0168306AR", "species": "Platanus \u00d7 acerifolia", "address": "G.V. Corts Catalanes, 561", "categoria_arbrat": "SEGONA", "emission_weight": 0.65, "source": "ajuntament-arbrat-viari"}}, {"type": "Feature", "geometry": {"type": "Point", "coordinates": [2.153139, 41.386658]}, "properties": {"codi": "0168307AR", "species": "Platanus \u00d7 acerifolia", "address": "C\\ Mallorca, 124", "categoria_arbrat": "TERCERA", "emission_weight": 0.45, "source": "ajuntament-arbrat-viari"}}, {"type": "Feature", "geometry": {"type": "Point", "coordinates": [2.157819, 41.387902]}, "properties": {"codi": "0168309AR", "species": "Platanus \u00d7 acerifolia", "address": "C\\ Muntaner, 84", "categoria_arbrat": "EXEMPLAR", "emission_weight": 1.0, "source": "ajuntament-arbrat-viari"}}, {"type": "Feature", "geometry": {"type": "Point", "coordinates": [2.155525, 41.38454]}, "properties": {"codi": "0168310AR", "species": "Platanus \u00d7 acerifolia", "address": "C\\ Comte d'Urgell, 122", "categoria_arbrat": "SEGONA", "emission_weight": 0.65, "source": "ajuntament-arbrat-viari"}}, {"type": "Feature", "geometry": {"type": "Point", "coordinates": [2.156843, 41.390346]}, "properties": {"codi": "0168311AR", "species": "Platanus \u00d7 acerifolia", "address": "C\\ Aribau, 106", "categoria_arbrat": "EXEMPLAR", "emission_weight": 1.0, "source": "ajuntament-arbrat-viari"}}, {"type": "Feature", "geometry": {"type": "Point", "coordinates": [2.157741, 41.384539]}, "properties": {"codi": "0168317AR", "species": "Platanus \u00d7 acerifolia", "address": "C\\ Villarroel, 90", "categoria_arbrat": "EXEMPLAR", "emission_weight": 1.0, "source": "ajuntament-arbrat-viari"}}, {"type": "Feature", "geometry": {"type": "Point", "coordinates": [2.155934, 41.392741]}, "properties": {"codi": "0168319AR", "species": "Platanus \u00d7 acerifolia", "address": "C\\ Enric Granados, 82", "categoria_arbrat": "TERCERA", "emission_weight": 0.45, "source": "ajuntament-arbrat-viari"}}, {"type": "Feature", "geometry": {"type": "Point", "coordinates": [2.16015, 41.385281]}, "properties": {"codi": "0168322AR", "species": "Platanus \u00d7 acerifolia", "address": "C\\ Diputaci\u00f3, 183", "categoria_arbrat": "EXEMPLAR", "emission_weight": 1.0, "source": "ajuntament-arbrat-viari"}}, {"type": "Feature", "geometry": {"type": "Point", "coordinates": [2.157544, 41.388426]}, "properties": {"codi": "0168323AR", "species": "Platanus \u00d7 acerifolia", "address": "C\\ Val\u00e8ncia, 167", "categoria_arbrat": "EXEMPLAR", "emission_weight": 1.0, "source": "ajuntament-arbrat-viari"}}, {"type": "Feature", "geometry": {"type": "Point", "coordinates": [2.155988, 41.394204]}, "properties": {"codi": "0168324AR", "species": "Platanus \u00d7 acerifolia", "address": "C\\ C\u00f2rsega, 283", "categoria_arbrat": "EXEMPLAR", "emission_weight": 1.0, "source": "ajuntament-arbrat-viari"}}, {"type": "Feature", "geometry": {"type": "Point", "coordinates": [2.162318, 41.385152]}, "properties": {"codi": "0168325AR", "species": "Platanus \u00d7 acerifolia", "address": "G.V. Corts Catalanes, 575", "categoria_arbrat": "TERCERA", "emission_weight": 0.45, "source": "ajuntament-arbrat-viari"}}, {"type": "Feature", "geometry": {"type": "Point", "coordinates": [2.156265, 41.392274]}, "properties": {"codi": "0168327AR", "species": "Platanus \u00d7 acerifolia", "address": "C\\ Rossell\u00f3, 178", "categoria_arbrat": "EXEMPLAR", "emission_weight": 1.0, "source": "ajuntament-arbrat-viari"}}, {"type": "Feature", "geometry": {"type": "Point", "coordinates": [2.163286, 41.387492]}, "properties": {"codi": "0168329AR", "species": "Platanus \u00d7 acerifolia", "address": "C\\ Diputaci\u00f3, 226", "categoria_arbrat": "EXEMPLAR", "emission_weight": 1.0, "source": "ajuntament-arbrat-viari"}}, {"type": "Feature", "geometry": {"type": "Point", "coordinates": [2.154298, 41.390564]}, "properties": {"codi": "0168330AR", "species": "Platanus \u00d7 acerifolia", "address": "C\\ Muntaner, 154", "categoria_arbrat": "SEGONA", "emission_weight": 0.65, "source": "ajuntament-arbrat-viari"}}, {"type": "Feature", "geometry": {"type": "Point", "coordinates": [2.157704, 41.38442]}, "properties": {"codi": "0168336AR", "species": "Platanus \u00d7 acerifolia", "address": "C\\ Villarroel, 83", "categoria_arbrat": "SEGONA", "emission_weight": 0.65, "source": "ajuntament-arbrat-viari"}}, {"type": "Feature", "geometry": {"type": "Point", "coordinates": [2.16151, 41.387869]}, "properties": {"codi": "0168345AR", "species": "Platanus \u00d7 acerifolia", "address": "C\\ Consell de Cent, 264", "categoria_arbrat": "EXEMPLAR", "emission_weight": 1.0, "source": "ajuntament-arbrat-viari"}}, {"type": "Feature", "geometry": {"type": "Point", "coordinates": [2.152619, 41.39463]}, "properties": {"codi": "0168349AR", "species": "Platanus \u00d7 acerifolia", "address": "Av Diagonal, 427", "categoria_arbrat": "EXEMPLAR", "emission_weight": 1.0, "source": "ajuntament-arbrat-viari"}}, {"type": "Feature", "geometry": {"type": "Point", "coordinates": [2.156629, 41.392215]}, "properties": {"codi": "0168351AR", "species": "Platanus \u00d7 acerifolia", "address": "C\\ Enric Granados, 70", "categoria_arbrat": "TERCERA", "emission_weight": 0.45, "source": "ajuntament-arbrat-viari"}}, {"type": "Feature", "geometry": {"type": "Point", "coordinates": [2.155436, 41.393508]}, "properties": {"codi": "0168356AR", "species": "Platanus \u00d7 acerifolia", "address": "C\\ C\u00f2rsega, 250", "categoria_arbrat": "EXEMPLAR", "emission_weight": 1.0, "source": "ajuntament-arbrat-viari"}}, {"type": "Feature", "geometry": {"type": "Point", "coordinates": [2.16388, 41.388154]}, "properties": {"codi": "0168357AR", "species": "Platanus \u00d7 acerifolia", "address": "C\\ Diputaci\u00f3, 231", "categoria_arbrat": "EXEMPLAR", "emission_weight": 1.0, "source": "ajuntament-arbrat-viari"}}, {"type": "Feature", "geometry": {"type": "Point", "coordinates": [2.163477, 41.385924]}, "properties": {"codi": "0168358AR", "species": "Platanus \u00d7 acerifolia", "address": "G.V. Corts Catalanes, 585", "categoria_arbrat": "SEGONA", "emission_weight": 0.65, "source": "ajuntament-arbrat-viari"}}, {"type": "Feature", "geometry": {"type": "Point", "coordinates": [2.162264, 41.386868]}, "properties": {"codi": "0168366AR", "species": "Platanus \u00d7 acerifolia", "address": "C\\ Diputaci\u00f3, 215", "categoria_arbrat": "EXEMPLAR", "emission_weight": 1.0, "source": "ajuntament-arbrat-viari"}}, {"type": "Feature", "geometry": {"type": "Point", "coordinates": [2.150042, 41.391299]}, "properties": {"codi": "0168369AR", "species": "Platanus \u00d7 acerifolia", "address": "C\\ Par\u00eds, 143", "categoria_arbrat": "EXEMPLAR", "emission_weight": 1.0, "source": "ajuntament-arbrat-viari"}}, {"type": "Feature", "geometry": {"type": "Point", "coordinates": [2.151713, 41.394401]}, "properties": {"codi": "0168370AR", "species": "Platanus \u00d7 acerifolia", "address": "Av Diagonal, 9992", "categoria_arbrat": "TERCERA", "emission_weight": 0.45, "source": "ajuntament-arbrat-viari"}}, {"type": "Feature", "geometry": {"type": "Point", "coordinates": [2.162274, 41.38794]}, "properties": {"codi": "0168374AR", "species": "Platanus \u00d7 acerifolia", "address": "C\\ Enric Granados, 2", "categoria_arbrat": "EXEMPLAR", "emission_weight": 1.0, "source": "ajuntament-arbrat-viari"}}, {"type": "Feature", "geometry": {"type": "Point", "coordinates": [2.160194, 41.38596]}, "properties": {"codi": "0168377AR", "species": "Platanus \u00d7 acerifolia", "address": "C\\ Muntaner, 45", "categoria_arbrat": "SEGONA", "emission_weight": 0.65, "source": "ajuntament-arbrat-viari"}}, {"type": "Feature", "geometry": {"type": "Point", "coordinates": [2.154772, 41.388042]}, "properties": {"codi": "0168379AR", "species": "Platanus \u00d7 acerifolia", "address": "C\\ Mallorca, 155", "categoria_arbrat": "SEGONA", "emission_weight": 0.65, "source": "ajuntament-arbrat-viari"}}, {"type": "Feature", "geometry": {"type": "Point", "coordinates": [2.153663, 41.385944]}, "properties": {"codi": "0168382AR", "species": "Platanus \u00d7 acerifolia", "address": "C\\ Comte d'Urgell, 152", "categoria_arbrat": "SEGONA", "emission_weight": 0.65, "source": "ajuntament-arbrat-viari"}}, {"type": "Feature", "geometry": {"type": "Point", "coordinates": [2.159157, 41.38964]}, "properties": {"codi": "0168387AR", "species": "Platanus \u00d7 acerifolia", "address": "C\\ Val\u00e8ncia, 197", "categoria_arbrat": "EXEMPLAR", "emission_weight": 1.0, "source": "ajuntament-arbrat-viari"}}, {"type": "Feature", "geometry": {"type": "Point", "coordinates": [2.149076, 41.39213]}, "properties": {"codi": "0168389AR", "species": "Platanus \u00d7 acerifolia", "address": "C\\ Londres, 72", "categoria_arbrat": "TERCERA", "emission_weight": 0.45, "source": "ajuntament-arbrat-viari"}}, {"type": "Feature", "geometry": {"type": "Point", "coordinates": [2.152979, 41.386683]}, "properties": {"codi": "0168391AR", "species": "Platanus \u00d7 acerifolia", "address": "C\\ Mallorca, 115", "categoria_arbrat": "SEGONA", "emission_weight": 0.65, "source": "ajuntament-arbrat-viari"}}, {"type": "Feature", "geometry": {"type": "Point", "coordinates": [2.160955, 41.38731]}, "properties": {"codi": "0168393AR", "species": "Platanus \u00d7 acerifolia", "address": "C\\ Consell de Cent, 252", "categoria_arbrat": "TERCERA", "emission_weight": 0.45, "source": "ajuntament-arbrat-viari"}}, {"type": "Feature", "geometry": {"type": "Point", "coordinates": [2.1553, 41.385531]}, "properties": {"codi": "0168394AR", "species": "Platanus \u00d7 acerifolia", "address": "Av Roma, 142", "categoria_arbrat": "SEGONA", "emission_weight": 0.65, "source": "ajuntament-arbrat-viari"}}, {"type": "Feature", "geometry": {"type": "Point", "coordinates": [2.16137, 41.384438]}, "properties": {"codi": "0168397AR", "species": "Platanus \u00d7 acerifolia", "address": "G.V. Corts Catalanes, 565", "categoria_arbrat": "PRIMERA", "emission_weight": 0.85, "source": "ajuntament-arbrat-viari"}}, {"type": "Feature", "geometry": {"type": "Point", "coordinates": [2.156722, 41.387808]}, "properties": {"codi": "0168402AR", "species": "Platanus \u00d7 acerifolia", "address": "C\\ Val\u00e8ncia, 153", "categoria_arbrat": "EXEMPLAR", "emission_weight": 1.0, "source": "ajuntament-arbrat-viari"}}, {"type": "Feature", "geometry": {"type": "Point", "coordinates": [2.156439, 41.388944]}, "properties": {"codi": "0168406AR", "species": "Platanus \u00d7 acerifolia", "address": "C\\ Mallorca, 178", "categoria_arbrat": "SEGONA", "emission_weight": 0.65, "source": "ajuntament-arbrat-viari"}}, {"type": "Feature", "geometry": {"type": "Point", "coordinates": [2.155019, 41.394908]}, "properties": {"codi": "0168408AR", "species": "Platanus \u00d7 acerifolia", "address": "C\\ Par\u00eds, 210", "categoria_arbrat": "EXEMPLAR", "emission_weight": 1.0, "source": "ajuntament-arbrat-viari"}}, {"type": "Feature", "geometry": {"type": "Point", "coordinates": [2.15665, 41.391009]}, "properties": {"codi": "0168411AR", "species": "Platanus \u00d7 acerifolia", "address": "C\\ Proven\u00e7a, 224", "categoria_arbrat": "EXEMPLAR", "emission_weight": 1.0, "source": "ajuntament-arbrat-viari"}}, {"type": "Feature", "geometry": {"type": "Point", "coordinates": [2.154505, 41.387841]}, "properties": {"codi": "0168412AR", "species": "Platanus \u00d7 acerifolia", "address": "C\\ Mallorca, 141", "categoria_arbrat": "SEGONA", "emission_weight": 0.65, "source": "ajuntament-arbrat-viari"}}, {"type": "Feature", "geometry": {"type": "Point", "coordinates": [2.149654, 41.390718]}, "properties": {"codi": "0168413AR", "species": "Platanus \u00d7 acerifolia", "address": "C\\ Par\u00eds, 132", "categoria_arbrat": "TERCERA", "emission_weight": 0.45, "source": "ajuntament-arbrat-viari"}}, {"type": "Feature", "geometry": {"type": "Point", "coordinates": [2.154368, 41.39285]}, "properties": {"codi": "0168416AR", "species": "Platanus \u00d7 acerifolia", "address": "C\\ C\u00f2rsega, 249", "categoria_arbrat": "EXEMPLAR", "emission_weight": 1.0, "source": "ajuntament-arbrat-viari"}}, {"type": "Feature", "geometry": {"type": "Point", "coordinates": [2.156449, 41.38399]}, "properties": {"codi": "0168420AR", "species": "Platanus \u00d7 acerifolia", "address": "C\\ Consell de Cent, 190", "categoria_arbrat": "EXEMPLAR", "emission_weight": 1.0, "source": "ajuntament-arbrat-viari"}}, {"type": "Feature", "geometry": {"type": "Point", "coordinates": [2.161394, 41.389673]}, "properties": {"codi": "0168421AR", "species": "Platanus \u00d7 acerifolia", "address": "C\\ Arag\u00f3, 221", "categoria_arbrat": "SEGONA", "emission_weight": 0.65, "source": "ajuntament-arbrat-viari"}}, {"type": "Feature", "geometry": {"type": "Point", "coordinates": [2.159447, 41.384603]}, "properties": {"codi": "0168423AR", "species": "Platanus \u00d7 acerifolia", "address": "C\\ Diputaci\u00f3, 178", "categoria_arbrat": "EXEMPLAR", "emission_weight": 1.0, "source": "ajuntament-arbrat-viari"}}, {"type": "Feature", "geometry": {"type": "Point", "coordinates": [2.156731, 41.386489]}, "properties": {"codi": "0168431AR", "species": "Platanus \u00d7 acerifolia", "address": "Av Roma, 143", "categoria_arbrat": "EXEMPLAR", "emission_weight": 1.0, "source": "ajuntament-arbrat-viari"}}, {"type": "Feature", "geometry": {"type": "Point", "coordinates": [2.159249, 41.38275]}, "properties": {"codi": "0168432AR", "species": "Platanus \u00d7 acerifolia", "address": "G.V. Corts Catalanes, 533", "categoria_arbrat": "TERCERA", "emission_weight": 0.45, "source": "ajuntament-arbrat-viari"}}, {"type": "Feature", "geometry": {"type": "Point", "coordinates": [2.159915, 41.389582]}, "properties": {"codi": "0168435AR", "species": "Platanus \u00d7 acerifolia", "address": "C\\ Enric Granados, 33", "categoria_arbrat": "EXEMPLAR", "emission_weight": 1.0, "source": "ajuntament-arbrat-viari"}}, {"type": "Feature", "geometry": {"type": "Point", "coordinates": [2.15999, 41.38687]}, "properties": {"codi": "0168437AR", "species": "Platanus \u00d7 acerifolia", "address": "C\\ Consell de Cent, 257", "categoria_arbrat": "SEGONA", "emission_weight": 0.65, "source": "ajuntament-arbrat-viari"}}, {"type": "Feature", "geometry": {"type": "Point", "coordinates": [2.151933, 41.387248]}, "properties": {"codi": "0168445AR", "species": "Platanus \u00d7 acerifolia", "address": "C\\ Proven\u00e7a, 144", "categoria_arbrat": "EXEMPLAR", "emission_weight": 1.0, "source": "ajuntament-arbrat-viari"}}, {"type": "Feature", "geometry": {"type": "Point", "coordinates": [2.157583, 41.383059]}, "properties": {"codi": "0168446AR", "species": "Platanus \u00d7 acerifolia", "address": "C\\ Comte d'Urgell, 90", "categoria_arbrat": "EXEMPLAR", "emission_weight": 1.0, "source": "ajuntament-arbrat-viari"}}, {"type": "Feature", "geometry": {"type": "Point", "coordinates": [2.158997, 41.390428]}, "properties": {"codi": "0168450AR", "species": "Platanus \u00d7 acerifolia", "address": "C\\ Enric Granados, 32", "categoria_arbrat": "SEGONA", "emission_weight": 0.65, "source": "ajuntament-arbrat-viari"}}, {"type": "Feature", "geometry": {"type": "Point", "coordinates": [2.154587, 41.3879]}, "properties": {"codi": "0168456AR", "species": "Platanus \u00d7 acerifolia", "address": "C\\ Mallorca, 143", "categoria_arbrat": "EXEMPLAR", "emission_weight": 1.0, "source": "ajuntament-arbrat-viari"}}, {"type": "Feature", "geometry": {"type": "Point", "coordinates": [2.161714, 41.386309]}, "properties": {"codi": "0168460AR", "species": "Platanus \u00d7 acerifolia", "address": "C\\ Diputaci\u00f3, 220", "categoria_arbrat": "EXEMPLAR", "emission_weight": 1.0, "source": "ajuntament-arbrat-viari"}}, {"type": "Feature", "geometry": {"type": "Point", "coordinates": [2.15442, 41.390323]}, "properties": {"codi": "0168461AR", "species": "Platanus \u00d7 acerifolia", "address": "C\\ Muntaner, 137", "categoria_arbrat": "EXEMPLAR", "emission_weight": 1.0, "source": "ajuntament-arbrat-viari"}}, {"type": "Feature", "geometry": {"type": "Point", "coordinates": [2.150499, 41.389722]}, "properties": {"codi": "0168462AR", "species": "Platanus \u00d7 acerifolia", "address": "C\\ C\u00f2rsega, 186", "categoria_arbrat": "EXEMPLAR", "emission_weight": 1.0, "source": "ajuntament-arbrat-viari"}}, {"type": "Feature", "geometry": {"type": "Point", "coordinates": [2.155593, 41.384488]}, "properties": {"codi": "0168465AR", "species": "Platanus \u00d7 acerifolia", "address": "C\\ Comte d'Urgell, 120", "categoria_arbrat": "TERCERA", "emission_weight": 0.45, "source": "ajuntament-arbrat-viari"}}, {"type": "Feature", "geometry": {"type": "Point", "coordinates": [2.158803, 41.385306]}, "properties": {"codi": "0168472AR", "species": "Platanus \u00d7 acerifolia", "address": "C\\ Casanova, 65", "categoria_arbrat": "EXEMPLAR", "emission_weight": 1.0, "source": "ajuntament-arbrat-viari"}}, {"type": "Feature", "geometry": {"type": "Point", "coordinates": [2.159856, 41.389628]}, "properties": {"codi": "0168476AR", "species": "Platanus \u00d7 acerifolia", "address": "C\\ Enric Granados, 35", "categoria_arbrat": "EXEMPLAR", "emission_weight": 1.0, "source": "ajuntament-arbrat-viari"}}, {"type": "Feature", "geometry": {"type": "Point", "coordinates": [2.158387, 41.382381]}, "properties": {"codi": "0168479AR", "species": "Platanus \u00d7 acerifolia", "address": "C\\ Comte d'Urgell, 66", "categoria_arbrat": "SEGONA", "emission_weight": 0.65, "source": "ajuntament-arbrat-viari"}}, {"type": "Feature", "geometry": {"type": "Point", "coordinates": [2.15351, 41.387594]}, "properties": {"codi": "0168480AR", "species": "Platanus \u00d7 acerifolia", "address": "C\\ Villarroel, 157", "categoria_arbrat": "SEGONA", "emission_weight": 0.65, "source": "ajuntament-arbrat-viari"}}, {"type": "Feature", "geometry": {"type": "Point", "coordinates": [2.152256, 41.393669]}, "properties": {"codi": "0168490AR", "species": "Platanus \u00d7 acerifolia", "address": "C\\ Aribau, 173", "categoria_arbrat": "EXEMPLAR", "emission_weight": 1.0, "source": "ajuntament-arbrat-viari"}}, {"type": "Feature", "geometry": {"type": "Point", "coordinates": [2.155362, 41.385922]}, "properties": {"codi": "0168494AR", "species": "Platanus \u00d7 acerifolia", "address": "Av Roma, 129", "categoria_arbrat": "TERCERA", "emission_weight": 0.45, "source": "ajuntament-arbrat-viari"}}, {"type": "Feature", "geometry": {"type": "Point", "coordinates": [2.159547, 41.38972]}, "properties": {"codi": "0168495AR", "species": "Platanus \u00d7 acerifolia", "address": "C\\ Val\u00e8ncia, 224", "categoria_arbrat": "EXEMPLAR", "emission_weight": 1.0, "source": "ajuntament-arbrat-viari"}}, {"type": "Feature", "geometry": {"type": "Point", "coordinates": [2.155534, 41.391339]}, "properties": {"codi": "0168497AR", "species": "Platanus \u00d7 acerifolia", "address": "C\\ Aribau, 134", "categoria_arbrat": "EXEMPLAR", "emission_weight": 1.0, "source": "ajuntament-arbrat-viari"}}, {"type": "Feature", "geometry": {"type": "Point", "coordinates": [2.152909, 41.386683]}, "properties": {"codi": "0168498AR", "species": "Platanus \u00d7 acerifolia", "address": "C\\ Mallorca, 115", "categoria_arbrat": "EXEMPLAR", "emission_weight": 1.0, "source": "ajuntament-arbrat-viari"}}, {"type": "Feature", "geometry": {"type": "Point", "coordinates": [2.160825, 41.38403]}, "properties": {"codi": "0168502AR", "species": "Platanus \u00d7 acerifolia", "address": "G.V. Corts Catalanes, 562", "categoria_arbrat": "EXEMPLAR", "emission_weight": 1.0, "source": "ajuntament-arbrat-viari"}}, {"type": "Feature", "geometry": {"type": "Point", "coordinates": [2.152869, 41.393492]}, "properties": {"codi": "0168503AR", "species": "Platanus \u00d7 acerifolia", "address": "C\\ Par\u00eds, 187", "categoria_arbrat": "EXEMPLAR", "emission_weight": 1.0, "source": "ajuntament-arbrat-viari"}}, {"type": "Feature", "geometry": {"type": "Point", "coordinates": [2.157472, 41.388374]}, "properties": {"codi": "0168508AR", "species": "Platanus \u00d7 acerifolia", "address": "C\\ Val\u00e8ncia, 167", "categoria_arbrat": "EXEMPLAR", "emission_weight": 1.0, "source": "ajuntament-arbrat-viari"}}, {"type": "Feature", "geometry": {"type": "Point", "coordinates": [2.156851, 41.393002]}, "properties": {"codi": "0168511AR", "species": "Platanus \u00d7 acerifolia", "address": "C\\ Rossell\u00f3, 215", "categoria_arbrat": "EXEMPLAR", "emission_weight": 1.0, "source": "ajuntament-arbrat-viari"}}, {"type": "Feature", "geometry": {"type": "Point", "coordinates": [2.162756, 41.389091]}, "properties": {"codi": "0168514AR", "species": "Platanus \u00d7 acerifolia", "address": "C\\ Consell de Cent, 309", "categoria_arbrat": "EXEMPLAR", "emission_weight": 1.0, "source": "ajuntament-arbrat-viari"}}, {"type": "Feature", "geometry": {"type": "Point", "coordinates": [2.157292, 41.383278]}, "properties": {"codi": "0168518AR", "species": "Platanus \u00d7 acerifolia", "address": "C\\ Diputaci\u00f3, 135", "categoria_arbrat": "SEGONA", "emission_weight": 0.65, "source": "ajuntament-arbrat-viari"}}, {"type": "Feature", "geometry": {"type": "Point", "coordinates": [2.164512, 41.386801]}, "properties": {"codi": "0168519AR", "species": "Platanus \u00d7 acerifolia", "address": "G.V. Corts Catalanes, 585", "categoria_arbrat": "TERCERA", "emission_weight": 0.45, "source": "ajuntament-arbrat-viari"}}, {"type": "Feature", "geometry": {"type": "Point", "coordinates": [2.16438, 41.386603]}, "properties": {"codi": "0168521AR", "species": "Platanus \u00d7 acerifolia", "address": "G.V. Corts Catalanes, 585", "categoria_arbrat": "PRIMERA", "emission_weight": 0.85, "source": "ajuntament-arbrat-viari"}}, {"type": "Feature", "geometry": {"type": "Point", "coordinates": [2.152536, 41.388471]}, "properties": {"codi": "0168526AR", "species": "Platanus \u00d7 acerifolia", "address": "C\\ Villarroel, 166", "categoria_arbrat": "EXEMPLAR", "emission_weight": 1.0, "source": "ajuntament-arbrat-viari"}}, {"type": "Feature", "geometry": {"type": "Point", "coordinates": [2.15484, 41.390003]}, "properties": {"codi": "0168527AR", "species": "Platanus \u00d7 acerifolia", "address": "C\\ Proven\u00e7a, 161", "categoria_arbrat": "EXEMPLAR", "emission_weight": 1.0, "source": "ajuntament-arbrat-viari"}}, {"type": "Feature", "geometry": {"type": "Point", "coordinates": [2.161981, 41.384809]}, "properties": {"codi": "0168528AR", "species": "Platanus \u00d7 acerifolia", "address": "G.V. Corts Catalanes, 571", "categoria_arbrat": "SEGONA", "emission_weight": 0.65, "source": "ajuntament-arbrat-viari"}}, {"type": "Feature", "geometry": {"type": "Point", "coordinates": [2.161717, 41.38461]}, "properties": {"codi": "0168529AR", "species": "Platanus \u00d7 acerifolia", "address": "G.V. Corts Catalanes, 569", "categoria_arbrat": "SEGONA", "emission_weight": 0.65, "source": "ajuntament-arbrat-viari"}}, {"type": "Feature", "geometry": {"type": "Point", "coordinates": [2.150508, 41.391789]}, "properties": {"codi": "0168532AR", "species": "Platanus \u00d7 acerifolia", "address": "C\\ Par\u00eds, 151", "categoria_arbrat": "TERCERA", "emission_weight": 0.45, "source": "ajuntament-arbrat-viari"}}, {"type": "Feature", "geometry": {"type": "Point", "coordinates": [2.154117, 41.385698]}, "properties": {"codi": "0168534AR", "species": "Platanus \u00d7 acerifolia", "address": "C\\ Val\u00e8ncia, 130", "categoria_arbrat": "EXEMPLAR", "emission_weight": 1.0, "source": "ajuntament-arbrat-viari"}}, {"type": "Feature", "geometry": {"type": "Point", "coordinates": [2.160424, 41.387494]}, "properties": {"codi": "0168536AR", "species": "Platanus \u00d7 acerifolia", "address": "C\\ Aribau, 33", "categoria_arbrat": "EXEMPLAR", "emission_weight": 1.0, "source": "ajuntament-arbrat-viari"}}, {"type": "Feature", "geometry": {"type": "Point", "coordinates": [2.157287, 41.388373]}, "properties": {"codi": "0168537AR", "species": "Platanus \u00d7 acerifolia", "address": "C\\ Val\u00e8ncia, 167", "categoria_arbrat": "SEGONA", "emission_weight": 0.65, "source": "ajuntament-arbrat-viari"}}, {"type": "Feature", "geometry": {"type": "Point", "coordinates": [2.154943, 41.391784]}, "properties": {"codi": "0168540AR", "species": "Platanus \u00d7 acerifolia", "address": "C\\ Rossell\u00f3, 189", "categoria_arbrat": "TERCERA", "emission_weight": 0.45, "source": "ajuntament-arbrat-viari"}}, {"type": "Feature", "geometry": {"type": "Point", "coordinates": [2.163257, 41.387616]}, "properties": {"codi": "0168541AR", "species": "Platanus \u00d7 acerifolia", "address": "C\\ Diputaci\u00f3, 231", "categoria_arbrat": "EXEMPLAR", "emission_weight": 1.0, "source": "ajuntament-arbrat-viari"}}, {"type": "Feature", "geometry": {"type": "Point", "coordinates": [2.157625, 41.391316]}, "properties": {"codi": "0168542AR", "species": "Platanus \u00d7 acerifolia", "address": "C\\ Enric Granados, 73", "categoria_arbrat": "EXEMPLAR", "emission_weight": 1.0, "source": "ajuntament-arbrat-viari"}}, {"type": "Feature", "geometry": {"type": "Point", "coordinates": [2.159263, 41.390222]}, "properties": {"codi": "0168543AR", "species": "Platanus \u00d7 acerifolia", "address": "C\\ Enric Granados, 26", "categoria_arbrat": "EXEMPLAR", "emission_weight": 1.0, "source": "ajuntament-arbrat-viari"}}, {"type": "Feature", "geometry": {"type": "Point", "coordinates": [2.160181, 41.388508]}, "properties": {"codi": "0168547AR", "species": "Platanus \u00d7 acerifolia", "address": "C\\ Arag\u00f3, 222", "categoria_arbrat": "SEGONA", "emission_weight": 0.65, "source": "ajuntament-arbrat-viari"}}, {"type": "Feature", "geometry": {"type": "Point", "coordinates": [2.156661, 41.386457]}, "properties": {"codi": "0168548AR", "species": "Platanus \u00d7 acerifolia", "address": "Av Roma, 143", "categoria_arbrat": "EXEMPLAR", "emission_weight": 1.0, "source": "ajuntament-arbrat-viari"}}, {"type": "Feature", "geometry": {"type": "Point", "coordinates": [2.153373, 41.39297]}, "properties": {"codi": "0168549AR", "species": "Platanus \u00d7 acerifolia", "address": "C\\ Aribau, 174", "categoria_arbrat": "TERCERA", "emission_weight": 0.45, "source": "ajuntament-arbrat-viari"}}, {"type": "Feature", "geometry": {"type": "Point", "coordinates": [2.155038, 41.384979]}, "properties": {"codi": "0168551AR", "species": "Platanus \u00d7 acerifolia", "address": "C\\ Arag\u00f3, 149", "categoria_arbrat": "TERCERA", "emission_weight": 0.45, "source": "ajuntament-arbrat-viari"}}, {"type": "Feature", "geometry": {"type": "Point", "coordinates": [2.158266, 41.387565]}, "properties": {"codi": "0168554AR", "species": "Platanus \u00d7 acerifolia", "address": "C\\ Arag\u00f3, 185", "categoria_arbrat": "EXEMPLAR", "emission_weight": 1.0, "source": "ajuntament-arbrat-viari"}}, {"type": "Feature", "geometry": {"type": "Point", "coordinates": [2.163491, 41.387647]}, "properties": {"codi": "0168566AR", "species": "Platanus \u00d7 acerifolia", "address": "C\\ Diputaci\u00f3, 226", "categoria_arbrat": "EXEMPLAR", "emission_weight": 1.0, "source": "ajuntament-arbrat-viari"}}, {"type": "Feature", "geometry": {"type": "Point", "coordinates": [2.156008, 41.392223]}, "properties": {"codi": "0168571AR", "species": "Platanus \u00d7 acerifolia", "address": "C\\ Rossell\u00f3, 178", "categoria_arbrat": "EXEMPLAR", "emission_weight": 1.0, "source": "ajuntament-arbrat-viari"}}, {"type": "Feature", "geometry": {"type": "Point", "coordinates": [2.153041, 41.386731]}, "properties": {"codi": "0168576AR", "species": "Platanus \u00d7 acerifolia", "address": "C\\ Mallorca, 115", "categoria_arbrat": "TERCERA", "emission_weight": 0.45, "source": "ajuntament-arbrat-viari"}}, {"type": "Feature", "geometry": {"type": "Point", "coordinates": [2.155691, 41.387653]}, "properties": {"codi": "0168579AR", "species": "Platanus \u00d7 acerifolia", "address": "C\\ Casanova, 109", "categoria_arbrat": "EXEMPLAR", "emission_weight": 1.0, "source": "ajuntament-arbrat-viari"}}, {"type": "Feature", "geometry": {"type": "Point", "coordinates": [2.163476, 41.386026]}, "properties": {"codi": "0168590AR", "species": "Platanus \u00d7 acerifolia", "address": "G.V. Corts Catalanes, 585", "categoria_arbrat": "SEGONA", "emission_weight": 0.65, "source": "ajuntament-arbrat-viari"}}, {"type": "Feature", "geometry": {"type": "Point", "coordinates": [2.15371, 41.387307]}, "properties": {"codi": "0168596AR", "species": "Platanus \u00d7 acerifolia", "address": "C\\ Mallorca, 131", "categoria_arbrat": "TERCERA", "emission_weight": 0.45, "source": "ajuntament-arbrat-viari"}}, {"type": "Feature", "geometry": {"type": "Point", "coordinates": [2.159394, 41.39012]}, "properties": {"codi": "0168602AR", "species": "Platanus \u00d7 acerifolia", "address": "C\\ Enric Granados, 22", "categoria_arbrat": "EXEMPLAR", "emission_weight": 1.0, "source": "ajuntament-arbrat-viari"}}, {"type": "Feature", "geometry": {"type": "Point", "coordinates": [2.155611, 41.386149]}, "properties": {"codi": "0168603AR", "species": "Platanus \u00d7 acerifolia", "address": "C\\ Villarroel, 121", "categoria_arbrat": "EXEMPLAR", "emission_weight": 1.0, "source": "ajuntament-arbrat-viari"}}, {"type": "Feature", "geometry": {"type": "Point", "coordinates": [2.164781, 41.387002]}, "properties": {"codi": "0168604AR", "species": "Platanus \u00d7 acerifolia", "address": "G.V. Corts Catalanes, 1", "categoria_arbrat": "EXEMPLAR", "emission_weight": 1.0, "source": "ajuntament-arbrat-viari"}}, {"type": "Feature", "geometry": {"type": "Point", "coordinates": [2.160407, 41.385802]}, "properties": {"codi": "0168605AR", "species": "Platanus \u00d7 acerifolia", "address": "C\\ Muntaner, 43", "categoria_arbrat": "EXEMPLAR", "emission_weight": 1.0, "source": "ajuntament-arbrat-viari"}}, {"type": "Feature", "geometry": {"type": "Point", "coordinates": [2.158641, 41.382296]}, "properties": {"codi": "0168606AR", "species": "Platanus \u00d7 acerifolia", "address": "G.V. Corts Catalanes, 525", "categoria_arbrat": "SEGONA", "emission_weight": 0.65, "source": "ajuntament-arbrat-viari"}}, {"type": "Feature", "geometry": {"type": "Point", "coordinates": [2.156172, 41.392274]}, "properties": {"codi": "0168608AR", "species": "Platanus \u00d7 acerifolia", "address": "C\\ Rossell\u00f3, 178", "categoria_arbrat": "TERCERA", "emission_weight": 0.45, "source": "ajuntament-arbrat-viari"}}, {"type": "Feature", "geometry": {"type": "Point", "coordinates": [2.155967, 41.389149]}, "properties": {"codi": "0168611AR", "species": "Platanus \u00d7 acerifolia", "address": "C\\ Mallorca, 175", "categoria_arbrat": "EXEMPLAR", "emission_weight": 1.0, "source": "ajuntament-arbrat-viari"}}, {"type": "Feature", "geometry": {"type": "Point", "coordinates": [2.155292, 41.386457]}, "properties": {"codi": "0168616AR", "species": "Platanus \u00d7 acerifolia", "address": "C\\ Val\u00e8ncia, 160", "categoria_arbrat": "TERCERA", "emission_weight": 0.45, "source": "ajuntament-arbrat-viari"}}, {"type": "Feature", "geometry": {"type": "Point", "coordinates": [2.158801, 41.388722]}, "properties": {"codi": "0168618AR", "species": "Platanus \u00d7 acerifolia", "address": "C\\ Aribau, 65", "categoria_arbrat": "EXEMPLAR", "emission_weight": 1.0, "source": "ajuntament-arbrat-viari"}}, {"type": "Feature", "geometry": {"type": "Point", "coordinates": [2.15748, 41.391425]}, "properties": {"codi": "0168625AR", "species": "Platanus \u00d7 acerifolia", "address": "C\\ Enric Granados, 77", "categoria_arbrat": "EXEMPLAR", "emission_weight": 1.0, "source": "ajuntament-arbrat-viari"}}, {"type": "Feature", "geometry": {"type": "Point", "coordinates": [2.155228, 41.3855]}, "properties": {"codi": "0168626AR", "species": "Platanus \u00d7 acerifolia", "address": "Av Roma, 140", "categoria_arbrat": "SEGONA", "emission_weight": 0.65, "source": "ajuntament-arbrat-viari"}}, {"type": "Feature", "geometry": {"type": "Point", "coordinates": [2.153031, 41.38824]}, "properties": {"codi": "0168638AR", "species": "Platanus \u00d7 acerifolia", "address": "C\\ Proven\u00e7a, 164", "categoria_arbrat": "EXEMPLAR", "emission_weight": 1.0, "source": "ajuntament-arbrat-viari"}}, {"type": "Feature", "geometry": {"type": "Point", "coordinates": [2.15809, 41.39054]}, "properties": {"codi": "0168639AR", "species": "Platanus \u00d7 acerifolia", "address": "C\\ Mallorca, 209", "categoria_arbrat": "EXEMPLAR", "emission_weight": 1.0, "source": "ajuntament-arbrat-viari"}}, {"type": "Feature", "geometry": {"type": "Point", "coordinates": [2.15541, 41.393634]}, "properties": {"codi": "0168641AR", "species": "Platanus \u00d7 acerifolia", "address": "C\\ C\u00f2rsega, 267", "categoria_arbrat": "EXEMPLAR", "emission_weight": 1.0, "source": "ajuntament-arbrat-viari"}}, {"type": "Feature", "geometry": {"type": "Point", "coordinates": [2.152283, 41.388661]}, "properties": {"codi": "0168646AR", "species": "Platanus \u00d7 acerifolia", "address": "C\\ Villarroel, 168", "categoria_arbrat": "SEGONA", "emission_weight": 0.65, "source": "ajuntament-arbrat-viari"}}, {"type": "Feature", "geometry": {"type": "Point", "coordinates": [2.160521, 41.383801]}, "properties": {"codi": "0168647AR", "species": "Platanus \u00d7 acerifolia", "address": "G.V. Corts Catalanes, 555", "categoria_arbrat": "EXEMPLAR", "emission_weight": 1.0, "source": "ajuntament-arbrat-viari"}}, {"type": "Feature", "geometry": {"type": "Point", "coordinates": [2.159356, 41.389998]}, "properties": {"codi": "0168651AR", "species": "Platanus \u00d7 acerifolia", "address": "C\\ Enric Granados, 39", "categoria_arbrat": "EXEMPLAR", "emission_weight": 1.0, "source": "ajuntament-arbrat-viari"}}, {"type": "Feature", "geometry": {"type": "Point", "coordinates": [2.16199, 41.386307]}, "properties": {"codi": "0168652AR", "species": "Platanus \u00d7 acerifolia", "address": "C\\ Aribau, 13", "categoria_arbrat": "EXEMPLAR", "emission_weight": 1.0, "source": "ajuntament-arbrat-viari"}}, {"type": "Feature", "geometry": {"type": "Point", "coordinates": [2.162236, 41.385003]}, "properties": {"codi": "0168654AR", "species": "Platanus \u00d7 acerifolia", "address": "G.V. Corts Catalanes, 573", "categoria_arbrat": "SEGONA", "emission_weight": 0.65, "source": "ajuntament-arbrat-viari"}}, {"type": "Feature", "geometry": {"type": "Point", "coordinates": [2.156936, 41.390128]}, "properties": {"codi": "0168659AR", "species": "Platanus \u00d7 acerifolia", "address": "C\\ Aribau, 95", "categoria_arbrat": "SEGONA", "emission_weight": 0.65, "source": "ajuntament-arbrat-viari"}}, {"type": "Feature", "geometry": {"type": "Point", "coordinates": [2.158501, 41.385819]}, "properties": {"codi": "0168665AR", "species": "Platanus \u00d7 acerifolia", "address": "C\\ Consell de Cent, 233", "categoria_arbrat": "SEGONA", "emission_weight": 0.65, "source": "ajuntament-arbrat-viari"}}, {"type": "Feature", "geometry": {"type": "Point", "coordinates": [2.154313, 41.392259]}, "properties": {"codi": "0168667AR", "species": "Platanus \u00d7 acerifolia", "address": "C\\ Aribau, 158", "categoria_arbrat": "SEGONA", "emission_weight": 0.65, "source": "ajuntament-arbrat-viari"}}, {"type": "Feature", "geometry": {"type": "Point", "coordinates": [2.158738, 41.385355]}, "properties": {"codi": "0168668AR", "species": "Platanus \u00d7 acerifolia", "address": "C\\ Casanova, 65", "categoria_arbrat": "SEGONA", "emission_weight": 0.65, "source": "ajuntament-arbrat-viari"}}, {"type": "Feature", "geometry": {"type": "Point", "coordinates": [2.150307, 41.389866]}, "properties": {"codi": "0168670AR", "species": "Platanus \u00d7 acerifolia", "address": "C\\ C\u00f2rsega, 175", "categoria_arbrat": "TERCERA", "emission_weight": 0.45, "source": "ajuntament-arbrat-viari"}}, {"type": "Feature", "geometry": {"type": "Point", "coordinates": [2.150574, 41.394116]}, "properties": {"codi": "0168672AR", "species": "Platanus \u00d7 acerifolia", "address": "Av Diagonal, 437", "categoria_arbrat": "EXEMPLAR", "emission_weight": 1.0, "source": "ajuntament-arbrat-viari"}}, {"type": "Feature", "geometry": {"type": "Point", "coordinates": [2.159456, 41.389718]}, "properties": {"codi": "0168674AR", "species": "Platanus \u00d7 acerifolia", "address": "C\\ Val\u00e8ncia, 224", "categoria_arbrat": "EXEMPLAR", "emission_weight": 1.0, "source": "ajuntament-arbrat-viari"}}, {"type": "Feature", "geometry": {"type": "Point", "coordinates": [2.156462, 41.384066]}, "properties": {"codi": "0168679AR", "species": "Platanus \u00d7 acerifolia", "address": "C\\ Consell de Cent, 190", "categoria_arbrat": "EXEMPLAR", "emission_weight": 1.0, "source": "ajuntament-arbrat-viari"}}, {"type": "Feature", "geometry": {"type": "Point", "coordinates": [2.155325, 41.393056]}, "properties": {"codi": "0168680AR", "species": "Platanus \u00d7 acerifolia", "address": "C\\ Enric Granados, 113", "categoria_arbrat": "SEGONA", "emission_weight": 0.65, "source": "ajuntament-arbrat-viari"}}, {"type": "Feature", "geometry": {"type": "Point", "coordinates": [2.161436, 41.384399]}, "properties": {"codi": "0168681AR", "species": "Platanus \u00d7 acerifolia", "address": "G.V. Corts Catalanes, 565", "categoria_arbrat": "TERCERA", "emission_weight": 0.45, "source": "ajuntament-arbrat-viari"}}, {"type": "Feature", "geometry": {"type": "Point", "coordinates": [2.160094, 41.38339]}, "properties": {"codi": "0168682AR", "species": "Platanus \u00d7 acerifolia", "address": "G.V. Corts Catalanes, 547", "categoria_arbrat": "SEGONA", "emission_weight": 0.65, "source": "ajuntament-arbrat-viari"}}, {"type": "Feature", "geometry": {"type": "Point", "coordinates": [2.155329, 41.384687]}, "properties": {"codi": "0168686AR", "species": "Platanus \u00d7 acerifolia", "address": "C\\ Arag\u00f3, 128", "categoria_arbrat": "EXEMPLAR", "emission_weight": 1.0, "source": "ajuntament-arbrat-viari"}}, {"type": "Feature", "geometry": {"type": "Point", "coordinates": [2.156582, 41.390959]}, "properties": {"codi": "0168695AR", "species": "Platanus \u00d7 acerifolia", "address": "C\\ Proven\u00e7a, 222", "categoria_arbrat": "TERCERA", "emission_weight": 0.45, "source": "ajuntament-arbrat-viari"}}, {"type": "Feature", "geometry": {"type": "Point", "coordinates": [2.160582, 41.385458]}, "properties": {"codi": "0168696AR", "species": "Platanus \u00d7 acerifolia", "address": "C\\ Diputaci\u00f3, 188", "categoria_arbrat": "EXEMPLAR", "emission_weight": 1.0, "source": "ajuntament-arbrat-viari"}}, {"type": "Feature", "geometry": {"type": "Point", "coordinates": [2.160018, 41.390287]}, "properties": {"codi": "0168699AR", "species": "Platanus \u00d7 acerifolia", "address": "C\\ Val\u00e8ncia, 209", "categoria_arbrat": "EXEMPLAR", "emission_weight": 1.0, "source": "ajuntament-arbrat-viari"}}, {"type": "Feature", "geometry": {"type": "Point", "coordinates": [2.155102, 41.386665]}, "properties": {"codi": "0168700AR", "species": "Platanus \u00d7 acerifolia", "address": "C\\ Val\u00e8ncia, 123", "categoria_arbrat": "EXEMPLAR", "emission_weight": 1.0, "source": "ajuntament-arbrat-viari"}}, {"type": "Feature", "geometry": {"type": "Point", "coordinates": [2.15005, 41.393011]}, "properties": {"codi": "0168701AR", "species": "Platanus \u00d7 acerifolia", "address": "C\\ Londres, 93", "categoria_arbrat": "TERCERA", "emission_weight": 0.45, "source": "ajuntament-arbrat-viari"}}, {"type": "Feature", "geometry": {"type": "Point", "coordinates": [2.152467, 41.388516]}, "properties": {"codi": "0168704AR", "species": "Platanus \u00d7 acerifolia", "address": "C\\ Villarroel, 168", "categoria_arbrat": "EXEMPLAR", "emission_weight": 1.0, "source": "ajuntament-arbrat-viari"}}, {"type": "Feature", "geometry": {"type": "Point", "coordinates": [2.154181, 41.390502]}, "properties": {"codi": "0168706AR", "species": "Platanus \u00d7 acerifolia", "address": "C\\ Muntaner, 145", "categoria_arbrat": "EXEMPLAR", "emission_weight": 1.0, "source": "ajuntament-arbrat-viari"}}, {"type": "Feature", "geometry": {"type": "Point", "coordinates": [2.163949, 41.386379]}, "properties": {"codi": "0168716AR", "species": "Platanus \u00d7 acerifolia", "address": "G.V. Corts Catalanes, 585", "categoria_arbrat": "EXEMPLAR", "emission_weight": 1.0, "source": "ajuntament-arbrat-viari"}}, {"type": "Feature", "geometry": {"type": "Point", "coordinates": [2.151435, 41.389155]}, "properties": {"codi": "0168719AR", "species": "Platanus \u00d7 acerifolia", "address": "C\\ Rossell\u00f3, 157", "categoria_arbrat": "EXEMPLAR", "emission_weight": 1.0, "source": "ajuntament-arbrat-viari"}}, {"type": "Feature", "geometry": {"type": "Point", "coordinates": [2.15426, 41.390913]}, "properties": {"codi": "0168720AR", "species": "Platanus \u00d7 acerifolia", "address": "C\\ Rossell\u00f3, 144", "categoria_arbrat": "EXEMPLAR", "emission_weight": 1.0, "source": "ajuntament-arbrat-viari"}}, {"type": "Feature", "geometry": {"type": "Point", "coordinates": [2.160901, 41.384084]}, "properties": {"codi": "0168723AR", "species": "Platanus \u00d7 acerifolia", "address": "G.V. Corts Catalanes, 562", "categoria_arbrat": "EXEMPLAR", "emission_weight": 1.0, "source": "ajuntament-arbrat-viari"}}, {"type": "Feature", "geometry": {"type": "Point", "coordinates": [2.159291, 41.386198]}, "properties": {"codi": "0168726AR", "species": "Platanus \u00d7 acerifolia", "address": "C\\ Consell de Cent, 230", "categoria_arbrat": "SEGONA", "emission_weight": 0.65, "source": "ajuntament-arbrat-viari"}}, {"type": "Feature", "geometry": {"type": "Point", "coordinates": [2.160957, 41.385732]}, "properties": {"codi": "0168728AR", "species": "Platanus \u00d7 acerifolia", "address": "C\\ Diputaci\u00f3, 200", "categoria_arbrat": "EXEMPLAR", "emission_weight": 1.0, "source": "ajuntament-arbrat-viari"}}, {"type": "Feature", "geometry": {"type": "Point", "coordinates": [2.157268, 41.388019]}, "properties": {"codi": "0168732AR", "species": "Platanus \u00d7 acerifolia", "address": "C\\ Val\u00e8ncia, 190", "categoria_arbrat": "EXEMPLAR", "emission_weight": 1.0, "source": "ajuntament-arbrat-viari"}}, {"type": "Feature", "geometry": {"type": "Point", "coordinates": [2.155968, 41.387377]}, "properties": {"codi": "0168735AR", "species": "Platanus \u00d7 acerifolia", "address": "C\\ Val\u00e8ncia, 143", "categoria_arbrat": "TERCERA", "emission_weight": 0.45, "source": "ajuntament-arbrat-viari"}}, {"type": "Feature", "geometry": {"type": "Point", "coordinates": [2.159448, 41.391417]}, "properties": {"codi": "0168737AR", "species": "Platanus \u00d7 acerifolia", "address": "C\\ Mallorca, 220", "categoria_arbrat": "EXEMPLAR", "emission_weight": 1.0, "source": "ajuntament-arbrat-viari"}}, {"type": "Feature", "geometry": {"type": "Point", "coordinates": [2.153104, 41.39146]}, "properties": {"codi": "0168738AR", "species": "Platanus \u00d7 acerifolia", "address": "C\\ Muntaner, 168", "categoria_arbrat": "EXEMPLAR", "emission_weight": 1.0, "source": "ajuntament-arbrat-viari"}}, {"type": "Feature", "geometry": {"type": "Point", "coordinates": [2.161309, 41.388525]}, "properties": {"codi": "0168747AR", "species": "Platanus \u00d7 acerifolia", "address": "C\\ Enric Granados, 25", "categoria_arbrat": "TERCERA", "emission_weight": 0.45, "source": "ajuntament-arbrat-viari"}}, {"type": "Feature", "geometry": {"type": "Point", "coordinates": [2.163753, 41.386133]}, "properties": {"codi": "0168749AR", "species": "Platanus \u00d7 acerifolia", "address": "G.V. Corts Catalanes, 585", "categoria_arbrat": "TERCERA", "emission_weight": 0.45, "source": "ajuntament-arbrat-viari"}}, {"type": "Feature", "geometry": {"type": "Point", "coordinates": [2.152452, 41.39352]}, "properties": {"codi": "0168753AR", "species": "Platanus \u00d7 acerifolia", "address": "C\\ Aribau, 171", "categoria_arbrat": "SEGONA", "emission_weight": 0.65, "source": "ajuntament-arbrat-viari"}}, {"type": "Feature", "geometry": {"type": "Point", "coordinates": [2.154136, 41.385587]}, "properties": {"codi": "0168755AR", "species": "Platanus \u00d7 acerifolia", "address": "C\\ Comte d'Urgell, 146", "categoria_arbrat": "SEGONA", "emission_weight": 0.65, "source": "ajuntament-arbrat-viari"}}, {"type": "Feature", "geometry": {"type": "Point", "coordinates": [2.156485, 41.38876]}, "properties": {"codi": "0168759AR", "species": "Platanus \u00d7 acerifolia", "address": "C\\ Muntaner, 101", "categoria_arbrat": "EXEMPLAR", "emission_weight": 1.0, "source": "ajuntament-arbrat-viari"}}, {"type": "Feature", "geometry": {"type": "Point", "coordinates": [2.156759, 41.388554]}, "properties": {"codi": "0168762AR", "species": "Platanus \u00d7 acerifolia", "address": "C\\ Muntaner, 93", "categoria_arbrat": "EXEMPLAR", "emission_weight": 1.0, "source": "ajuntament-arbrat-viari"}}, {"type": "Feature", "geometry": {"type": "Point", "coordinates": [2.157099, 41.388224]}, "properties": {"codi": "0168764AR", "species": "Platanus \u00d7 acerifolia", "address": "C\\ Muntaner, 85", "categoria_arbrat": "EXEMPLAR", "emission_weight": 1.0, "source": "ajuntament-arbrat-viari"}}, {"type": "Feature", "geometry": {"type": "Point", "coordinates": [2.149378, 41.392287]}, "properties": {"codi": "0168767AR", "species": "Platanus \u00d7 acerifolia", "address": "C\\ Londres, 72", "categoria_arbrat": "TERCERA", "emission_weight": 0.45, "source": "ajuntament-arbrat-viari"}}, {"type": "Feature", "geometry": {"type": "Point", "coordinates": [2.158189, 41.387332]}, "properties": {"codi": "0168769AR", "species": "Platanus \u00d7 acerifolia", "address": "C\\ Arag\u00f3, 183", "categoria_arbrat": "EXEMPLAR", "emission_weight": 1.0, "source": "ajuntament-arbrat-viari"}}, {"type": "Feature", "geometry": {"type": "Point", "coordinates": [2.156494, 41.392734]}, "properties": {"codi": "0168772AR", "species": "Platanus \u00d7 acerifolia", "address": "C\\ Rossell\u00f3, 207", "categoria_arbrat": "EXEMPLAR", "emission_weight": 1.0, "source": "ajuntament-arbrat-viari"}}, {"type": "Feature", "geometry": {"type": "Point", "coordinates": [2.153712, 41.390788]}, "properties": {"codi": "0168776AR", "species": "Platanus \u00d7 acerifolia", "address": "C\\ Rossell\u00f3, 171", "categoria_arbrat": "TERCERA", "emission_weight": 0.45, "source": "ajuntament-arbrat-viari"}}, {"type": "Feature", "geometry": {"type": "Point", "coordinates": [2.155027, 41.388018]}, "properties": {"codi": "0168777AR", "species": "Platanus \u00d7 acerifolia", "address": "C\\ Mallorca, 158", "categoria_arbrat": "EXEMPLAR", "emission_weight": 1.0, "source": "ajuntament-arbrat-viari"}}, {"type": "Feature", "geometry": {"type": "Point", "coordinates": [2.161554, 41.388045]}, "properties": {"codi": "0168779AR", "species": "Platanus \u00d7 acerifolia", "address": "C\\ Consell de Cent, 289", "categoria_arbrat": "EXEMPLAR", "emission_weight": 1.0, "source": "ajuntament-arbrat-viari"}}, {"type": "Feature", "geometry": {"type": "Point", "coordinates": [2.154928, 41.394984]}, "properties": {"codi": "0168780AR", "species": "Platanus \u00d7 acerifolia", "address": "C\\ Par\u00eds, 219", "categoria_arbrat": "EXEMPLAR", "emission_weight": 1.0, "source": "ajuntament-arbrat-viari"}}, {"type": "Feature", "geometry": {"type": "Point", "coordinates": [2.152079, 41.388815]}, "properties": {"codi": "0168782AR", "species": "Platanus \u00d7 acerifolia", "address": "C\\ Villarroel, 168", "categoria_arbrat": "EXEMPLAR", "emission_weight": 1.0, "source": "ajuntament-arbrat-viari"}}, {"type": "Feature", "geometry": {"type": "Point", "coordinates": [2.149663, 41.392361]}, "properties": {"codi": "0168783AR", "species": "Platanus \u00d7 acerifolia", "address": "C\\ Londres, 78", "categoria_arbrat": "TERCERA", "emission_weight": 0.45, "source": "ajuntament-arbrat-viari"}}, {"type": "Feature", "geometry": {"type": "Point", "coordinates": [2.155966, 41.387302]}, "properties": {"codi": "0168787AR", "species": "Platanus \u00d7 acerifolia", "address": "C\\ Val\u00e8ncia, 143", "categoria_arbrat": "EXEMPLAR", "emission_weight": 1.0, "source": "ajuntament-arbrat-viari"}}, {"type": "Feature", "geometry": {"type": "Point", "coordinates": [2.160164, 41.383442]}, "properties": {"codi": "0168788AR", "species": "Platanus \u00d7 acerifolia", "address": "G.V. Corts Catalanes, 547", "categoria_arbrat": "SEGONA", "emission_weight": 0.65, "source": "ajuntament-arbrat-viari"}}, {"type": "Feature", "geometry": {"type": "Point", "coordinates": [2.150933, 41.394205]}, "properties": {"codi": "0168790AR", "species": "Platanus \u00d7 acerifolia", "address": "Av Diagonal, 433", "categoria_arbrat": "EXEMPLAR", "emission_weight": 1.0, "source": "ajuntament-arbrat-viari"}}, {"type": "Feature", "geometry": {"type": "Point", "coordinates": [2.153757, 41.394925]}, "properties": {"codi": "0168794AR", "species": "Platanus \u00d7 acerifolia", "address": "Av Diagonal, 419", "categoria_arbrat": "EXEMPLAR", "emission_weight": 1.0, "source": "ajuntament-arbrat-viari"}}, {"type": "Feature", "geometry": {"type": "Point", "coordinates": [2.156062, 41.384135]}, "properties": {"codi": "0168795AR", "species": "Platanus \u00d7 acerifolia", "address": "C\\ Consell de Cent, 191", "categoria_arbrat": "EXEMPLAR", "emission_weight": 1.0, "source": "ajuntament-arbrat-viari"}}, {"type": "Feature", "geometry": {"type": "Point", "coordinates": [2.155194, 41.386667]}, "properties": {"codi": "0168796AR", "species": "Platanus \u00d7 acerifolia", "address": "C\\ Val\u00e8ncia, 123", "categoria_arbrat": "EXEMPLAR", "emission_weight": 1.0, "source": "ajuntament-arbrat-viari"}}, {"type": "Feature", "geometry": {"type": "Point", "coordinates": [2.157139, 41.383323]}, "properties": {"codi": "0168797AR", "species": "Platanus \u00d7 acerifolia", "address": "C\\ Comte d'Urgell, 92", "categoria_arbrat": "SEGONA", "emission_weight": 0.65, "source": "ajuntament-arbrat-viari"}}, {"type": "Feature", "geometry": {"type": "Point", "coordinates": [2.155615, 41.392989]}, "properties": {"codi": "0168798AR", "species": "Platanus \u00d7 acerifolia", "address": "C\\ Enric Granados, 90", "categoria_arbrat": "SEGONA", "emission_weight": 0.65, "source": "ajuntament-arbrat-viari"}}, {"type": "Feature", "geometry": {"type": "Point", "coordinates": [2.160581, 41.387524]}, "properties": {"codi": "0168801AR", "species": "Platanus \u00d7 acerifolia", "address": "C\\ Consell de Cent, 269", "categoria_arbrat": "EXEMPLAR", "emission_weight": 1.0, "source": "ajuntament-arbrat-viari"}}, {"type": "Feature", "geometry": {"type": "Point", "coordinates": [2.161835, 41.384697]}, "properties": {"codi": "0168802AR", "species": "Platanus \u00d7 acerifolia", "address": "G.V. Corts Catalanes, 569", "categoria_arbrat": "SEGONA", "emission_weight": 0.65, "source": "ajuntament-arbrat-viari"}}, {"type": "Feature", "geometry": {"type": "Point", "coordinates": [2.153049, 41.391576]}, "properties": {"codi": "0168805AR", "species": "Platanus \u00d7 acerifolia", "address": "C\\ C\u00f2rsega, 212", "categoria_arbrat": "TERCERA", "emission_weight": 0.45, "source": "ajuntament-arbrat-viari"}}, {"type": "Feature", "geometry": {"type": "Point", "coordinates": [2.160336, 41.385852]}, "properties": {"codi": "0168806AR", "species": "Platanus \u00d7 acerifolia", "address": "C\\ Muntaner, 43", "categoria_arbrat": "EXEMPLAR", "emission_weight": 1.0, "source": "ajuntament-arbrat-viari"}}, {"type": "Feature", "geometry": {"type": "Point", "coordinates": [2.157815, 41.383521]}, "properties": {"codi": "0168808AR", "species": "Platanus \u00d7 acerifolia", "address": "C\\ Diputaci\u00f3, 141", "categoria_arbrat": "EXEMPLAR", "emission_weight": 1.0, "source": "ajuntament-arbrat-viari"}}, {"type": "Feature", "geometry": {"type": "Point", "coordinates": [2.156601, 41.383727]}, "properties": {"codi": "0168810AR", "species": "Platanus \u00d7 acerifolia", "address": "C\\ Comte d'Urgell, 106", "categoria_arbrat": "SEGONA", "emission_weight": 0.65, "source": "ajuntament-arbrat-viari"}}, {"type": "Feature", "geometry": {"type": "Point", "coordinates": [2.157472, 41.388014]}, "properties": {"codi": "0168811AR", "species": "Platanus \u00d7 acerifolia", "address": "C\\ Val\u00e8ncia, 190", "categoria_arbrat": "TERCERA", "emission_weight": 0.45, "source": "ajuntament-arbrat-viari"}}, {"type": "Feature", "geometry": {"type": "Point", "coordinates": [2.159155, 41.386741]}, "properties": {"codi": "0168815AR", "species": "Platanus \u00d7 acerifolia", "address": "C\\ Muntaner, 63", "categoria_arbrat": "EXEMPLAR", "emission_weight": 1.0, "source": "ajuntament-arbrat-viari"}}, {"type": "Feature", "geometry": {"type": "Point", "coordinates": [2.159141, 41.390315]}, "properties": {"codi": "0168817AR", "species": "Platanus \u00d7 acerifolia", "address": "C\\ Enric Granados, 30", "categoria_arbrat": "SEGONA", "emission_weight": 0.65, "source": "ajuntament-arbrat-viari"}}, {"type": "Feature", "geometry": {"type": "Point", "coordinates": [2.155796, 41.391142]}, "properties": {"codi": "0168818AR", "species": "Platanus \u00d7 acerifolia", "address": "C\\ Aribau, 124", "categoria_arbrat": "SEGONA", "emission_weight": 0.65, "source": "ajuntament-arbrat-viari"}}, {"type": "Feature", "geometry": {"type": "Point", "coordinates": [2.155413, 41.388526]}, "properties": {"codi": "0168821AR", "species": "Platanus \u00d7 acerifolia", "address": "C\\ Mallorca, 163", "categoria_arbrat": "EXEMPLAR", "emission_weight": 1.0, "source": "ajuntament-arbrat-viari"}}, {"type": "Feature", "geometry": {"type": "Point", "coordinates": [2.153742, 41.385884]}, "properties": {"codi": "0168823AR", "species": "Platanus \u00d7 acerifolia", "address": "C\\ Comte d'Urgell, 150", "categoria_arbrat": "SEGONA", "emission_weight": 0.65, "source": "ajuntament-arbrat-viari"}}, {"type": "Feature", "geometry": {"type": "Point", "coordinates": [2.150414, 41.393139]}, "properties": {"codi": "0168824AR", "species": "Platanus \u00d7 acerifolia", "address": "C\\ Londres, 90", "categoria_arbrat": "EXEMPLAR", "emission_weight": 1.0, "source": "ajuntament-arbrat-viari"}}, {"type": "Feature", "geometry": {"type": "Point", "coordinates": [2.159282, 41.388503]}, "properties": {"codi": "0168829AR", "species": "Platanus \u00d7 acerifolia", "address": "C\\ Aribau, 60", "categoria_arbrat": "EXEMPLAR", "emission_weight": 1.0, "source": "ajuntament-arbrat-viari"}}, {"type": "Feature", "geometry": {"type": "Point", "coordinates": [2.158157, 41.38408]}, "properties": {"codi": "0168836AR", "species": "Platanus \u00d7 acerifolia", "address": "C\\ Villarroel, 75", "categoria_arbrat": "EXEMPLAR", "emission_weight": 1.0, "source": "ajuntament-arbrat-viari"}}, {"type": "Feature", "geometry": {"type": "Point", "coordinates": [2.155986, 41.39414]}, "properties": {"codi": "0168837AR", "species": "Platanus \u00d7 acerifolia", "address": "C\\ C\u00f2rsega, 283", "categoria_arbrat": "EXEMPLAR", "emission_weight": 1.0, "source": "ajuntament-arbrat-viari"}}, {"type": "Feature", "geometry": {"type": "Point", "coordinates": [2.1503, 41.389791]}, "properties": {"codi": "0168838AR", "species": "Platanus \u00d7 acerifolia", "address": "C\\ C\u00f2rsega, 185", "categoria_arbrat": "EXEMPLAR", "emission_weight": 1.0, "source": "ajuntament-arbrat-viari"}}, {"type": "Feature", "geometry": {"type": "Point", "coordinates": [2.161103, 41.384239]}, "properties": {"codi": "0168843AR", "species": "Platanus \u00d7 acerifolia", "address": "G.V. Corts Catalanes, 561", "categoria_arbrat": "EXEMPLAR", "emission_weight": 1.0, "source": "ajuntament-arbrat-viari"}}, {"type": "Feature", "geometry": {"type": "Point", "coordinates": [2.156626, 41.384334]}, "properties": {"codi": "0168844AR", "species": "Platanus \u00d7 acerifolia", "address": "C\\ Consell de Cent, 197", "categoria_arbrat": "EXEMPLAR", "emission_weight": 1.0, "source": "ajuntament-arbrat-viari"}}, {"type": "Feature", "geometry": {"type": "Point", "coordinates": [2.163879, 41.388225]}, "properties": {"codi": "0168846AR", "species": "Platanus \u00d7 acerifolia", "address": "C\\ Diputaci\u00f3, 231", "categoria_arbrat": "EXEMPLAR", "emission_weight": 1.0, "source": "ajuntament-arbrat-viari"}}, {"type": "Feature", "geometry": {"type": "Point", "coordinates": [2.155843, 41.392247]}, "properties": {"codi": "0168852AR", "species": "Platanus \u00d7 acerifolia", "address": "C\\ Rossell\u00f3, 197", "categoria_arbrat": "EXEMPLAR", "emission_weight": 1.0, "source": "ajuntament-arbrat-viari"}}, {"type": "Feature", "geometry": {"type": "Point", "coordinates": [2.154831, 41.386524]}, "properties": {"codi": "0168856AR", "species": "Platanus \u00d7 acerifolia", "address": "C\\ Val\u00e8ncia, 121", "categoria_arbrat": "EXEMPLAR", "emission_weight": 1.0, "source": "ajuntament-arbrat-viari"}}, {"type": "Feature", "geometry": {"type": "Point", "coordinates": [2.153614, 41.387023]}, "properties": {"codi": "0168859AR", "species": "Platanus \u00d7 acerifolia", "address": "C\\ Mallorca, 134", "categoria_arbrat": "EXEMPLAR", "emission_weight": 1.0, "source": "ajuntament-arbrat-viari"}}, {"type": "Feature", "geometry": {"type": "Point", "coordinates": [2.159119, 41.389466]}, "properties": {"codi": "0168860AR", "species": "Platanus \u00d7 acerifolia", "address": "C\\ Val\u00e8ncia, 216", "categoria_arbrat": "EXEMPLAR", "emission_weight": 1.0, "source": "ajuntament-arbrat-viari"}}, {"type": "Feature", "geometry": {"type": "Point", "coordinates": [2.149185, 41.392435]}, "properties": {"codi": "0168865AR", "species": "Platanus \u00d7 acerifolia", "address": "C\\ Londres, 73", "categoria_arbrat": "SEGONA", "emission_weight": 0.65, "source": "ajuntament-arbrat-viari"}}, {"type": "Feature", "geometry": {"type": "Point", "coordinates": [2.155014, 41.385769]}, "properties": {"codi": "0168872AR", "species": "Platanus \u00d7 acerifolia", "address": "Av Roma, 119", "categoria_arbrat": "PRIMERA", "emission_weight": 0.85, "source": "ajuntament-arbrat-viari"}}, {"type": "Feature", "geometry": {"type": "Point", "coordinates": [2.159064, 41.386176]}, "properties": {"codi": "0168874AR", "species": "Platanus \u00d7 acerifolia", "address": "C\\ Consell de Cent, 245", "categoria_arbrat": "EXEMPLAR", "emission_weight": 1.0, "source": "ajuntament-arbrat-viari"}}, {"type": "Feature", "geometry": {"type": "Point", "coordinates": [2.15938, 41.386723]}, "properties": {"codi": "0168875AR", "species": "Platanus \u00d7 acerifolia", "address": "C\\ Muntaner, 56", "categoria_arbrat": "EXEMPLAR", "emission_weight": 1.0, "source": "ajuntament-arbrat-viari"}}, {"type": "Feature", "geometry": {"type": "Point", "coordinates": [2.152579, 41.391641]}, "properties": {"codi": "0168876AR", "species": "Platanus \u00d7 acerifolia", "address": "C\\ C\u00f2rsega, 221", "categoria_arbrat": "EXEMPLAR", "emission_weight": 1.0, "source": "ajuntament-arbrat-viari"}}, {"type": "Feature", "geometry": {"type": "Point", "coordinates": [2.162791, 41.385849]}, "properties": {"codi": "0168877AR", "species": "Platanus \u00d7 acerifolia", "address": "C\\ Aribau, 2", "categoria_arbrat": "EXEMPLAR", "emission_weight": 1.0, "source": "ajuntament-arbrat-viari"}}, {"type": "Feature", "geometry": {"type": "Point", "coordinates": [2.154226, 41.387484]}, "properties": {"codi": "0168878AR", "species": "Platanus \u00d7 acerifolia", "address": "C\\ Mallorca, 140", "categoria_arbrat": "EXEMPLAR", "emission_weight": 1.0, "source": "ajuntament-arbrat-viari"}}, {"type": "Feature", "geometry": {"type": "Point", "coordinates": [2.159314, 41.388264]}, "properties": {"codi": "0168879AR", "species": "Platanus \u00d7 acerifolia", "address": "C\\ Arag\u00f3, 203", "categoria_arbrat": "EXEMPLAR", "emission_weight": 1.0, "source": "ajuntament-arbrat-viari"}}, {"type": "Feature", "geometry": {"type": "Point", "coordinates": [2.15592, 41.39402]}, "properties": {"codi": "0168881AR", "species": "Platanus \u00d7 acerifolia", "address": "C\\ C\u00f2rsega, 281", "categoria_arbrat": "EXEMPLAR", "emission_weight": 1.0, "source": "ajuntament-arbrat-viari"}}, {"type": "Feature", "geometry": {"type": "Point", "coordinates": [2.157748, 41.388578]}, "properties": {"codi": "0168888AR", "species": "Platanus \u00d7 acerifolia", "address": "C\\ Val\u00e8ncia, 171", "categoria_arbrat": "EXEMPLAR", "emission_weight": 1.0, "source": "ajuntament-arbrat-viari"}}, {"type": "Feature", "geometry": {"type": "Point", "coordinates": [2.160104, 41.383487]}, "properties": {"codi": "0168891AR", "species": "Platanus \u00d7 acerifolia", "address": "G.V. Corts Catalanes, 547", "categoria_arbrat": "PRIMERA", "emission_weight": 0.85, "source": "ajuntament-arbrat-viari"}}, {"type": "Feature", "geometry": {"type": "Point", "coordinates": [2.159836, 41.38979]}, "properties": {"codi": "0168892AR", "species": "Platanus \u00d7 acerifolia", "address": "C\\ Enric Granados, 20", "categoria_arbrat": "EXEMPLAR", "emission_weight": 1.0, "source": "ajuntament-arbrat-viari"}}, {"type": "Feature", "geometry": {"type": "Point", "coordinates": [2.155914, 41.389196]}, "properties": {"codi": "0168893AR", "species": "Platanus \u00d7 acerifolia", "address": "C\\ Muntaner, 107", "categoria_arbrat": "EXEMPLAR", "emission_weight": 1.0, "source": "ajuntament-arbrat-viari"}}, {"type": "Feature", "geometry": {"type": "Point", "coordinates": [2.151638, 41.387543]}, "properties": {"codi": "0168895AR", "species": "Platanus \u00d7 acerifolia", "address": "C\\ Proven\u00e7a, 125", "categoria_arbrat": "EXEMPLAR", "emission_weight": 1.0, "source": "ajuntament-arbrat-viari"}}, {"type": "Feature", "geometry": {"type": "Point", "coordinates": [2.159136, 41.383489]}, "properties": {"codi": "0168896AR", "species": "Platanus \u00d7 acerifolia", "address": "C\\ Villarroel, 60", "categoria_arbrat": "EXEMPLAR", "emission_weight": 1.0, "source": "ajuntament-arbrat-viari"}}, {"type": "Feature", "geometry": {"type": "Point", "coordinates": [2.155589, 41.391909]}, "properties": {"codi": "0168907AR", "species": "Platanus \u00d7 acerifolia", "address": "C\\ Rossell\u00f3, 168", "categoria_arbrat": "SEGONA", "emission_weight": 0.65, "source": "ajuntament-arbrat-viari"}}, {"type": "Feature", "geometry": {"type": "Point", "coordinates": [2.153981, 41.388879]}, "properties": {"codi": "0168915AR", "species": "Platanus \u00d7 acerifolia", "address": "C\\ Proven\u00e7a, 164", "categoria_arbrat": "EXEMPLAR", "emission_weight": 1.0, "source": "ajuntament-arbrat-viari"}}, {"type": "Feature", "geometry": {"type": "Point", "coordinates": [2.161085, 41.387144]}, "properties": {"codi": "0168917AR", "species": "Platanus \u00d7 acerifolia", "address": "C\\ Aribau, 34", "categoria_arbrat": "TERCERA", "emission_weight": 0.45, "source": "ajuntament-arbrat-viari"}}, {"type": "Feature", "geometry": {"type": "Point", "coordinates": [2.156756, 41.39212]}, "properties": {"codi": "0168920AR", "species": "Platanus \u00d7 acerifolia", "address": "C\\ Enric Granados, 68", "categoria_arbrat": "EXEMPLAR", "emission_weight": 1.0, "source": "ajuntament-arbrat-viari"}}, {"type": "Feature", "geometry": {"type": "Point", "coordinates": [2.16051, 41.383701]}, "properties": {"codi": "0168933AR", "species": "Platanus \u00d7 acerifolia", "address": "G.V. Corts Catalanes, 553", "categoria_arbrat": "TERCERA", "emission_weight": 0.45, "source": "ajuntament-arbrat-viari"}}, {"type": "Feature", "geometry": {"type": "Point", "coordinates": [2.15142, 41.393893]}, "properties": {"codi": "0168934AR", "species": "Platanus \u00d7 acerifolia", "address": "C\\ Londres, 100", "categoria_arbrat": "TERCERA", "emission_weight": 0.45, "source": "ajuntament-arbrat-viari"}}, {"type": "Feature", "geometry": {"type": "Point", "coordinates": [2.153291, 41.392883]}, "properties": {"codi": "0168935AR", "species": "Platanus \u00d7 acerifolia", "address": "C\\ Aribau, 157", "categoria_arbrat": "EXEMPLAR", "emission_weight": 1.0, "source": "ajuntament-arbrat-viari"}}, {"type": "Feature", "geometry": {"type": "Point", "coordinates": [2.155928, 41.387624]}, "properties": {"codi": "0168937AR", "species": "Platanus \u00d7 acerifolia", "address": "C\\ Casanova, 110", "categoria_arbrat": "EXEMPLAR", "emission_weight": 1.0, "source": "ajuntament-arbrat-viari"}}, {"type": "Feature", "geometry": {"type": "Point", "coordinates": [2.163696, 41.387803]}, "properties": {"codi": "0168938AR", "species": "Platanus \u00d7 acerifolia", "address": "C\\ Diputaci\u00f3, 226", "categoria_arbrat": "EXEMPLAR", "emission_weight": 1.0, "source": "ajuntament-arbrat-viari"}}, {"type": "Feature", "geometry": {"type": "Point", "coordinates": [2.152686, 41.386684]}, "properties": {"codi": "0168939AR", "species": "Platanus \u00d7 acerifolia", "address": "C\\ Mallorca, 115", "categoria_arbrat": "EXEMPLAR", "emission_weight": 1.0, "source": "ajuntament-arbrat-viari"}}, {"type": "Feature", "geometry": {"type": "Point", "coordinates": [2.150413, 41.391432]}, "properties": {"codi": "0168942AR", "species": "Platanus \u00d7 acerifolia", "address": "C\\ Par\u00eds, 146", "categoria_arbrat": "EXEMPLAR", "emission_weight": 1.0, "source": "ajuntament-arbrat-viari"}}, {"type": "Feature", "geometry": {"type": "Point", "coordinates": [2.160584, 41.383756]}, "properties": {"codi": "0168944AR", "species": "Platanus \u00d7 acerifolia", "address": "G.V. Corts Catalanes, 555", "categoria_arbrat": "EXEMPLAR", "emission_weight": 1.0, "source": "ajuntament-arbrat-viari"}}, {"type": "Feature", "geometry": {"type": "Point", "coordinates": [2.158126, 41.39108]}, "properties": {"codi": "0168946AR", "species": "Platanus \u00d7 acerifolia", "address": "C\\ Enric Granados, 44", "categoria_arbrat": "EXEMPLAR", "emission_weight": 1.0, "source": "ajuntament-arbrat-viari"}}, {"type": "Feature", "geometry": {"type": "Point", "coordinates": [2.157083, 41.384682]}, "properties": {"codi": "0168947AR", "species": "Platanus \u00d7 acerifolia", "address": "C\\ Consell de Cent, 209", "categoria_arbrat": "EXEMPLAR", "emission_weight": 1.0, "source": "ajuntament-arbrat-viari"}}, {"type": "Feature", "geometry": {"type": "Point", "coordinates": [2.158151, 41.383775]}, "properties": {"codi": "0168949AR", "species": "Platanus \u00d7 acerifolia", "address": "C\\ Diputaci\u00f3, 155", "categoria_arbrat": "EXEMPLAR", "emission_weight": 1.0, "source": "ajuntament-arbrat-viari"}}, {"type": "Feature", "geometry": {"type": "Point", "coordinates": [2.156451, 41.392487]}, "properties": {"codi": "0168954AR", "species": "Platanus \u00d7 acerifolia", "address": "C\\ Rossell\u00f3, 182", "categoria_arbrat": "TERCERA", "emission_weight": 0.45, "source": "ajuntament-arbrat-viari"}}, {"type": "Feature", "geometry": {"type": "Point", "coordinates": [2.154727, 41.386815]}, "properties": {"codi": "0168959AR", "species": "Platanus \u00d7 acerifolia", "address": "C\\ Villarroel, 134", "categoria_arbrat": "EXEMPLAR", "emission_weight": 1.0, "source": "ajuntament-arbrat-viari"}}, {"type": "Feature", "geometry": {"type": "Point", "coordinates": [2.164448, 41.386753]}, "properties": {"codi": "0168963AR", "species": "Platanus \u00d7 acerifolia", "address": "G.V. Corts Catalanes, 585", "categoria_arbrat": "TERCERA", "emission_weight": 0.45, "source": "ajuntament-arbrat-viari"}}, {"type": "Feature", "geometry": {"type": "Point", "coordinates": [2.152586, 41.393418]}, "properties": {"codi": "0168967AR", "species": "Platanus \u00d7 acerifolia", "address": "C\\ Par\u00eds, 185", "categoria_arbrat": "TERCERA", "emission_weight": 0.45, "source": "ajuntament-arbrat-viari"}}, {"type": "Feature", "geometry": {"type": "Point", "coordinates": [2.153029, 41.391839]}, "properties": {"codi": "0168972AR", "species": "Platanus \u00d7 acerifolia", "address": "C\\ C\u00f2rsega, 225", "categoria_arbrat": "EXEMPLAR", "emission_weight": 1.0, "source": "ajuntament-arbrat-viari"}}, {"type": "Feature", "geometry": {"type": "Point", "coordinates": [2.151434, 41.389013]}, "properties": {"codi": "0168974AR", "species": "Platanus \u00d7 acerifolia", "address": "C\\ Rossell\u00f3, 157", "categoria_arbrat": "EXEMPLAR", "emission_weight": 1.0, "source": "ajuntament-arbrat-viari"}}, {"type": "Feature", "geometry": {"type": "Point", "coordinates": [2.162088, 41.388235]}, "properties": {"codi": "0168976AR", "species": "Platanus \u00d7 acerifolia", "address": "C\\ Consell de Cent, 272", "categoria_arbrat": "EXEMPLAR", "emission_weight": 1.0, "source": "ajuntament-arbrat-viari"}}, {"type": "Feature", "geometry": {"type": "Point", "coordinates": [2.155386, 41.39301]}, "properties": {"codi": "0168979AR", "species": "Platanus \u00d7 acerifolia", "address": "C\\ Enric Granados, 113", "categoria_arbrat": "TERCERA", "emission_weight": 0.45, "source": "ajuntament-arbrat-viari"}}, {"type": "Feature", "geometry": {"type": "Point", "coordinates": [2.159109, 41.385221]}, "properties": {"codi": "0168980AR", "species": "Platanus \u00d7 acerifolia", "address": "C\\ Casanova, 64", "categoria_arbrat": "EXEMPLAR", "emission_weight": 1.0, "source": "ajuntament-arbrat-viari"}}, {"type": "Feature", "geometry": {"type": "Point", "coordinates": [2.161804, 41.386665]}, "properties": {"codi": "0168982AR", "species": "Platanus \u00d7 acerifolia", "address": "C\\ Diputaci\u00f3, 209", "categoria_arbrat": "EXEMPLAR", "emission_weight": 1.0, "source": "ajuntament-arbrat-viari"}}, {"type": "Feature", "geometry": {"type": "Point", "coordinates": [2.149664, 41.392509]}, "properties": {"codi": "0168984AR", "species": "Platanus \u00d7 acerifolia", "address": "C\\ Londres, 78", "categoria_arbrat": "TERCERA", "emission_weight": 0.45, "source": "ajuntament-arbrat-viari"}}, {"type": "Feature", "geometry": {"type": "Point", "coordinates": [2.162182, 41.384954]}, "properties": {"codi": "0168985AR", "species": "Platanus \u00d7 acerifolia", "address": "G.V. Corts Catalanes, 573", "categoria_arbrat": "SEGONA", "emission_weight": 0.65, "source": "ajuntament-arbrat-viari"}}, {"type": "Feature", "geometry": {"type": "Point", "coordinates": [2.155284, 41.390128]}, "properties": {"codi": "0168986AR", "species": "Platanus \u00d7 acerifolia", "address": "C\\ Proven\u00e7a, 163", "categoria_arbrat": "EXEMPLAR", "emission_weight": 1.0, "source": "ajuntament-arbrat-viari"}}, {"type": "Feature", "geometry": {"type": "Point", "coordinates": [2.15521, 41.38837]}, "properties": {"codi": "0168989AR", "species": "Platanus \u00d7 acerifolia", "address": "C\\ Mallorca, 159", "categoria_arbrat": "EXEMPLAR", "emission_weight": 1.0, "source": "ajuntament-arbrat-viari"}}, {"type": "Feature", "geometry": {"type": "Point", "coordinates": [2.161457, 41.388557]}, "properties": {"codi": "0168990AR", "species": "Platanus \u00d7 acerifolia", "address": "C\\ Enric Granados, 10", "categoria_arbrat": "EXEMPLAR", "emission_weight": 1.0, "source": "ajuntament-arbrat-viari"}}, {"type": "Feature", "geometry": {"type": "Point", "coordinates": [2.157189, 41.388011]}, "properties": {"codi": "0168991AR", "species": "Platanus \u00d7 acerifolia", "address": "C\\ Val\u00e8ncia, 190", "categoria_arbrat": "EXEMPLAR", "emission_weight": 1.0, "source": "ajuntament-arbrat-viari"}}, {"type": "Feature", "geometry": {"type": "Point", "coordinates": [2.150343, 41.393084]}, "properties": {"codi": "0168992AR", "species": "Platanus \u00d7 acerifolia", "address": "C\\ Londres, 90", "categoria_arbrat": "TERCERA", "emission_weight": 0.45, "source": "ajuntament-arbrat-viari"}}, {"type": "Feature", "geometry": {"type": "Point", "coordinates": [2.152559, 41.388098]}, "properties": {"codi": "0168993AR", "species": "Platanus \u00d7 acerifolia", "address": "C\\ Proven\u00e7a, 139", "categoria_arbrat": "EXEMPLAR", "emission_weight": 1.0, "source": "ajuntament-arbrat-viari"}}, {"type": "Feature", "geometry": {"type": "Point", "coordinates": [2.155553, 41.387755]}, "properties": {"codi": "0168995AR", "species": "Platanus \u00d7 acerifolia", "address": "C\\ Casanova, 113", "categoria_arbrat": "EXEMPLAR", "emission_weight": 1.0, "source": "ajuntament-arbrat-viari"}}, {"type": "Feature", "geometry": {"type": "Point", "coordinates": [2.151578, 41.394176]}, "properties": {"codi": "0168997AR", "species": "Platanus \u00d7 acerifolia", "address": "C\\ Aribau, 181", "categoria_arbrat": "TERCERA", "emission_weight": 0.45, "source": "ajuntament-arbrat-viari"}}, {"type": "Feature", "geometry": {"type": "Point", "coordinates": [2.161231, 41.384245]}, "properties": {"codi": "0169000AR", "species": "Platanus \u00d7 acerifolia", "address": "G.V. Corts Catalanes, 561", "categoria_arbrat": "SEGONA", "emission_weight": 0.65, "source": "ajuntament-arbrat-viari"}}, {"type": "Feature", "geometry": {"type": "Point", "coordinates": [2.155367, 41.386794]}, "properties": {"codi": "0169002AR", "species": "Platanus \u00d7 acerifolia", "address": "C\\ Val\u00e8ncia, 127", "categoria_arbrat": "TERCERA", "emission_weight": 0.45, "source": "ajuntament-arbrat-viari"}}, {"type": "Feature", "geometry": {"type": "Point", "coordinates": [2.154938, 41.385375]}, "properties": {"codi": "0169005AR", "species": "Platanus \u00d7 acerifolia", "address": "Av Roma, 132", "categoria_arbrat": "SEGONA", "emission_weight": 0.65, "source": "ajuntament-arbrat-viari"}}, {"type": "Feature", "geometry": {"type": "Point", "coordinates": [2.150847, 41.388066]}, "properties": {"codi": "0169007AR", "species": "Platanus \u00d7 acerifolia", "address": "C\\ Comte d'Urgell, 200", "categoria_arbrat": "EXEMPLAR", "emission_weight": 1.0, "source": "ajuntament-arbrat-viari"}}, {"type": "Feature", "geometry": {"type": "Point", "coordinates": [2.149141, 41.390472]}, "properties": {"codi": "0169008AR", "species": "Platanus \u00d7 acerifolia", "address": "C\\ Par\u00eds, 128", "categoria_arbrat": "EXEMPLAR", "emission_weight": 1.0, "source": "ajuntament-arbrat-viari"}}, {"type": "Feature", "geometry": {"type": "Point", "coordinates": [2.16276, 41.387096]}, "properties": {"codi": "0169012AR", "species": "Platanus \u00d7 acerifolia", "address": "C\\ Diputaci\u00f3, 226", "categoria_arbrat": "SEGONA", "emission_weight": 0.65, "source": "ajuntament-arbrat-viari"}}, {"type": "Feature", "geometry": {"type": "Point", "coordinates": [2.158097, 41.392099]}, "properties": {"codi": "0169016AR", "species": "Platanus \u00d7 acerifolia", "address": "C\\ Proven\u00e7a, 244", "categoria_arbrat": "EXEMPLAR", "emission_weight": 1.0, "source": "ajuntament-arbrat-viari"}}, {"type": "Feature", "geometry": {"type": "Point", "coordinates": [2.150789, 41.39329]}, "properties": {"codi": "0169017AR", "species": "Platanus \u00d7 acerifolia", "address": "C\\ Londres, 92", "categoria_arbrat": "EXEMPLAR", "emission_weight": 1.0, "source": "ajuntament-arbrat-viari"}}, {"type": "Feature", "geometry": {"type": "Point", "coordinates": [2.160192, 41.389513]}, "properties": {"codi": "0169018AR", "species": "Platanus \u00d7 acerifolia", "address": "C\\ Enric Granados, 14", "categoria_arbrat": "EXEMPLAR", "emission_weight": 1.0, "source": "ajuntament-arbrat-viari"}}, {"type": "Feature", "geometry": {"type": "Point", "coordinates": [2.154871, 41.387968]}, "properties": {"codi": "0169023AR", "species": "Platanus \u00d7 acerifolia", "address": "C\\ Mallorca, 158", "categoria_arbrat": "EXEMPLAR", "emission_weight": 1.0, "source": "ajuntament-arbrat-viari"}}, {"type": "Feature", "geometry": {"type": "Point", "coordinates": [2.150892, 41.392989]}, "properties": {"codi": "0169024AR", "species": "Platanus \u00d7 acerifolia", "address": "C\\ Muntaner, 191", "categoria_arbrat": "SEGONA", "emission_weight": 0.65, "source": "ajuntament-arbrat-viari"}}, {"type": "Feature", "geometry": {"type": "Point", "coordinates": [2.156429, 41.384188]}, "properties": {"codi": "0169027AR", "species": "Platanus \u00d7 acerifolia", "address": "C\\ Consell de Cent, 191", "categoria_arbrat": "EXEMPLAR", "emission_weight": 1.0, "source": "ajuntament-arbrat-viari"}}, {"type": "Feature", "geometry": {"type": "Point", "coordinates": [2.152567, 41.38815]}, "properties": {"codi": "0169030AR", "species": "Platanus \u00d7 acerifolia", "address": "C\\ Proven\u00e7a, 139", "categoria_arbrat": "EXEMPLAR", "emission_weight": 1.0, "source": "ajuntament-arbrat-viari"}}, {"type": "Feature", "geometry": {"type": "Point", "coordinates": [2.152433, 41.391392]}, "properties": {"codi": "0169033AR", "species": "Platanus \u00d7 acerifolia", "address": "C\\ C\u00f2rsega, 219", "categoria_arbrat": "EXEMPLAR", "emission_weight": 1.0, "source": "ajuntament-arbrat-viari"}}, {"type": "Feature", "geometry": {"type": "Point", "coordinates": [2.154067, 41.395068]}, "properties": {"codi": "0169036AR", "species": "Platanus \u00d7 acerifolia", "address": "Av Diagonal, 415", "categoria_arbrat": "EXEMPLAR", "emission_weight": 1.0, "source": "ajuntament-arbrat-viari"}}, {"type": "Feature", "geometry": {"type": "Point", "coordinates": [2.157582, 41.391707]}, "properties": {"codi": "0169037AR", "species": "Platanus \u00d7 acerifolia", "address": "C\\ Proven\u00e7a, 236", "categoria_arbrat": "EXEMPLAR", "emission_weight": 1.0, "source": "ajuntament-arbrat-viari"}}, {"type": "Feature", "geometry": {"type": "Point", "coordinates": [2.161528, 41.388505]}, "properties": {"codi": "0169040AR", "species": "Platanus \u00d7 acerifolia", "address": "C\\ Enric Granados, 8", "categoria_arbrat": "EXEMPLAR", "emission_weight": 1.0, "source": "ajuntament-arbrat-viari"}}, {"type": "Feature", "geometry": {"type": "Point", "coordinates": [2.152783, 41.393492]}, "properties": {"codi": "0169041AR", "species": "Platanus \u00d7 acerifolia", "address": "C\\ Par\u00eds, 189", "categoria_arbrat": "TERCERA", "emission_weight": 0.45, "source": "ajuntament-arbrat-viari"}}, {"type": "Feature", "geometry": {"type": "Point", "coordinates": [2.1531, 41.388045]}, "properties": {"codi": "0169047AR", "species": "Platanus \u00d7 acerifolia", "address": "C\\ Villarroel, 162", "categoria_arbrat": "TERCERA", "emission_weight": 0.45, "source": "ajuntament-arbrat-viari"}}, {"type": "Feature", "geometry": {"type": "Point", "coordinates": [2.155904, 41.387198]}, "properties": {"codi": "0169048AR", "species": "Platanus \u00d7 acerifolia", "address": "C\\ Val\u00e8ncia, 143", "categoria_arbrat": "TERCERA", "emission_weight": 0.45, "source": "ajuntament-arbrat-viari"}}, {"type": "Feature", "geometry": {"type": "Point", "coordinates": [2.151171, 41.387832]}, "properties": {"codi": "0169050AR", "species": "Platanus \u00d7 acerifolia", "address": "C\\ Comte d'Urgell, 192", "categoria_arbrat": "EXEMPLAR", "emission_weight": 1.0, "source": "ajuntament-arbrat-viari"}}, {"type": "Feature", "geometry": {"type": "Point", "coordinates": [2.160621, 41.384084]}, "properties": {"codi": "0169052AR", "species": "Platanus \u00d7 acerifolia", "address": "C\\ Casanova, 35", "categoria_arbrat": "EXEMPLAR", "emission_weight": 1.0, "source": "ajuntament-arbrat-viari"}}, {"type": "Feature", "geometry": {"type": "Point", "coordinates": [2.161347, 41.38618]}, "properties": {"codi": "0169055AR", "species": "Platanus \u00d7 acerifolia", "address": "C\\ Diputaci\u00f3, 203", "categoria_arbrat": "EXEMPLAR", "emission_weight": 1.0, "source": "ajuntament-arbrat-viari"}}, {"type": "Feature", "geometry": {"type": "Point", "coordinates": [2.162058, 41.388423]}, "properties": {"codi": "0169057AR", "species": "Platanus \u00d7 acerifolia", "address": "C\\ Consell de Cent, 291", "categoria_arbrat": "EXEMPLAR", "emission_weight": 1.0, "source": "ajuntament-arbrat-viari"}}, {"type": "Feature", "geometry": {"type": "Point", "coordinates": [2.15783, 41.391163]}, "properties": {"codi": "0169059AR", "species": "Platanus \u00d7 acerifolia", "address": "C\\ Enric Granados, 65", "categoria_arbrat": "EXEMPLAR", "emission_weight": 1.0, "source": "ajuntament-arbrat-viari"}}, {"type": "Feature", "geometry": {"type": "Point", "coordinates": [2.163615, 41.386125]}, "properties": {"codi": "0169060AR", "species": "Platanus \u00d7 acerifolia", "address": "G.V. Corts Catalanes, 585", "categoria_arbrat": "SEGONA", "emission_weight": 0.65, "source": "ajuntament-arbrat-viari"}}, {"type": "Feature", "geometry": {"type": "Point", "coordinates": [2.162405, 41.388541]}, "properties": {"codi": "0169064AR", "species": "Platanus \u00d7 acerifolia", "address": "C\\ Consell de Cent, 272", "categoria_arbrat": "TERCERA", "emission_weight": 0.45, "source": "ajuntament-arbrat-viari"}}, {"type": "Feature", "geometry": {"type": "Point", "coordinates": [2.150201, 41.393511]}, "properties": {"codi": "0169067AR", "species": "Platanus \u00d7 acerifolia", "address": "C\\ Muntaner, 213", "categoria_arbrat": "EXEMPLAR", "emission_weight": 1.0, "source": "ajuntament-arbrat-viari"}}, {"type": "Feature", "geometry": {"type": "Point", "coordinates": [2.149555, 41.390933]}, "properties": {"codi": "0169075AR", "species": "Platanus \u00d7 acerifolia", "address": "C\\ Par\u00eds, 135", "categoria_arbrat": "EXEMPLAR", "emission_weight": 1.0, "source": "ajuntament-arbrat-viari"}}, {"type": "Feature", "geometry": {"type": "Point", "coordinates": [2.155826, 41.388836]}, "properties": {"codi": "0169080AR", "species": "Platanus \u00d7 acerifolia", "address": "C\\ Mallorca, 171", "categoria_arbrat": "EXEMPLAR", "emission_weight": 1.0, "source": "ajuntament-arbrat-viari"}}, {"type": "Feature", "geometry": {"type": "Point", "coordinates": [2.150859, 41.391765]}, "properties": {"codi": "0169081AR", "species": "Platanus \u00d7 acerifolia", "address": "C\\ Par\u00eds, 150", "categoria_arbrat": "EXEMPLAR", "emission_weight": 1.0, "source": "ajuntament-arbrat-viari"}}, {"type": "Feature", "geometry": {"type": "Point", "coordinates": [2.161549, 41.386331]}, "properties": {"codi": "0169086AR", "species": "Platanus \u00d7 acerifolia", "address": "C\\ Diputaci\u00f3, 207", "categoria_arbrat": "EXEMPLAR", "emission_weight": 1.0, "source": "ajuntament-arbrat-viari"}}, {"type": "Feature", "geometry": {"type": "Point", "coordinates": [2.163768, 41.387855]}, "properties": {"codi": "0169093AR", "species": "Platanus \u00d7 acerifolia", "address": "C\\ Diputaci\u00f3, 226", "categoria_arbrat": "EXEMPLAR", "emission_weight": 1.0, "source": "ajuntament-arbrat-viari"}}, {"type": "Feature", "geometry": {"type": "Point", "coordinates": [2.159826, 41.383279]}, "properties": {"codi": "0169098AR", "species": "Platanus \u00d7 acerifolia", "address": "G.V. Corts Catalanes, 539", "categoria_arbrat": "EXEMPLAR", "emission_weight": 1.0, "source": "ajuntament-arbrat-viari"}}, {"type": "Feature", "geometry": {"type": "Point", "coordinates": [2.157374, 41.388371]}, "properties": {"codi": "0169102AR", "species": "Platanus \u00d7 acerifolia", "address": "C\\ Val\u00e8ncia, 167", "categoria_arbrat": "EXEMPLAR", "emission_weight": 1.0, "source": "ajuntament-arbrat-viari"}}, {"type": "Feature", "geometry": {"type": "Point", "coordinates": [2.159634, 41.386673]}, "properties": {"codi": "0169103AR", "species": "Platanus \u00d7 acerifolia", "address": "C\\ Consell de Cent, 253", "categoria_arbrat": "TERCERA", "emission_weight": 0.45, "source": "ajuntament-arbrat-viari"}}, {"type": "Feature", "geometry": {"type": "Point", "coordinates": [2.153379, 41.387689]}, "properties": {"codi": "0169105AR", "species": "Platanus \u00d7 acerifolia", "address": "C\\ Villarroel, 159", "categoria_arbrat": "TERCERA", "emission_weight": 0.45, "source": "ajuntament-arbrat-viari"}}, {"type": "Feature", "geometry": {"type": "Point", "coordinates": [2.150776, 41.394231]}, "properties": {"codi": "0169109AR", "species": "Platanus \u00d7 acerifolia", "address": "Av Diagonal, 435", "categoria_arbrat": "EXEMPLAR", "emission_weight": 1.0, "source": "ajuntament-arbrat-viari"}}, {"type": "Feature", "geometry": {"type": "Point", "coordinates": [2.156989, 41.384465]}, "properties": {"codi": "0169111AR", "species": "Platanus \u00d7 acerifolia", "address": "C\\ Consell de Cent, 202", "categoria_arbrat": "EXEMPLAR", "emission_weight": 1.0, "source": "ajuntament-arbrat-viari"}}, {"type": "Feature", "geometry": {"type": "Point", "coordinates": [2.161158, 41.385891]}, "properties": {"codi": "0169112AR", "species": "Platanus \u00d7 acerifolia", "address": "C\\ Diputaci\u00f3, 204", "categoria_arbrat": "EXEMPLAR", "emission_weight": 1.0, "source": "ajuntament-arbrat-viari"}}, {"type": "Feature", "geometry": {"type": "Point", "coordinates": [2.150413, 41.393494]}, "properties": {"codi": "0169114AR", "species": "Platanus \u00d7 acerifolia", "address": "C\\ Londres, 101", "categoria_arbrat": "EXEMPLAR", "emission_weight": 1.0, "source": "ajuntament-arbrat-viari"}}, {"type": "Feature", "geometry": {"type": "Point", "coordinates": [2.153177, 41.390104]}, "properties": {"codi": "0169115AR", "species": "Platanus \u00d7 acerifolia", "address": "C\\ Rossell\u00f3, 124", "categoria_arbrat": "EXEMPLAR", "emission_weight": 1.0, "source": "ajuntament-arbrat-viari"}}, {"type": "Feature", "geometry": {"type": "Point", "coordinates": [2.160239, 41.387058]}, "properties": {"codi": "0169116AR", "species": "Platanus \u00d7 acerifolia", "address": "C\\ Consell de Cent, 263", "categoria_arbrat": "EXEMPLAR", "emission_weight": 1.0, "source": "ajuntament-arbrat-viari"}}, {"type": "Feature", "geometry": {"type": "Point", "coordinates": [2.152615, 41.393544]}, "properties": {"codi": "0169121AR", "species": "Platanus \u00d7 acerifolia", "address": "C\\ Aribau, 182", "categoria_arbrat": "TERCERA", "emission_weight": 0.45, "source": "ajuntament-arbrat-viari"}}, {"type": "Feature", "geometry": {"type": "Point", "coordinates": [2.155083, 41.385437]}, "properties": {"codi": "0169122AR", "species": "Platanus \u00d7 acerifolia", "address": "Av Roma, 138", "categoria_arbrat": "SEGONA", "emission_weight": 0.65, "source": "ajuntament-arbrat-viari"}}, {"type": "Feature", "geometry": {"type": "Point", "coordinates": [2.156059, 41.385811]}, "properties": {"codi": "0169123AR", "species": "Platanus \u00d7 acerifolia", "address": "Pl Gall, 9999", "categoria_arbrat": "TERCERA", "emission_weight": 0.45, "source": "ajuntament-arbrat-viari"}}, {"type": "Feature", "geometry": {"type": "Point", "coordinates": [2.154835, 41.388142]}, "properties": {"codi": "0169126AR", "species": "Platanus \u00d7 acerifolia", "address": "C\\ Mallorca, 157", "categoria_arbrat": "SEGONA", "emission_weight": 0.65, "source": "ajuntament-arbrat-viari"}}, {"type": "Feature", "geometry": {"type": "Point", "coordinates": [2.156403, 41.38555]}, "properties": {"codi": "0169127AR", "species": "Platanus \u00d7 acerifolia", "address": "C\\ Villarroel, 110", "categoria_arbrat": "EXEMPLAR", "emission_weight": 1.0, "source": "ajuntament-arbrat-viari"}}, {"type": "Feature", "geometry": {"type": "Point", "coordinates": [2.152262, 41.392823]}, "properties": {"codi": "0169128AR", "species": "Platanus \u00d7 acerifolia", "address": "C\\ Par\u00eds, 172", "categoria_arbrat": "SEGONA", "emission_weight": 0.65, "source": "ajuntament-arbrat-viari"}}, {"type": "Feature", "geometry": {"type": "Point", "coordinates": [2.162664, 41.387169]}, "properties": {"codi": "0169130AR", "species": "Platanus \u00d7 acerifolia", "address": "C\\ Diputaci\u00f3, 227", "categoria_arbrat": "SEGONA", "emission_weight": 0.65, "source": "ajuntament-arbrat-viari"}}, {"type": "Feature", "geometry": {"type": "Point", "coordinates": [2.151446, 41.390722]}, "properties": {"codi": "0169132AR", "species": "Platanus \u00d7 acerifolia", "address": "C\\ C\u00f2rsega, 203", "categoria_arbrat": "TERCERA", "emission_weight": 0.45, "source": "ajuntament-arbrat-viari"}}, {"type": "Feature", "geometry": {"type": "Point", "coordinates": [2.158595, 41.385822]}, "properties": {"codi": "0169134AR", "species": "Platanus \u00d7 acerifolia", "address": "C\\ Consell de Cent, 233", "categoria_arbrat": "EXEMPLAR", "emission_weight": 1.0, "source": "ajuntament-arbrat-viari"}}, {"type": "Feature", "geometry": {"type": "Point", "coordinates": [2.156634, 41.389299]}, "properties": {"codi": "0169137AR", "species": "Platanus \u00d7 acerifolia", "address": "C\\ Mallorca, 182", "categoria_arbrat": "TERCERA", "emission_weight": 0.45, "source": "ajuntament-arbrat-viari"}}, {"type": "Feature", "geometry": {"type": "Point", "coordinates": [2.159916, 41.38617]}, "properties": {"codi": "0169142AR", "species": "Platanus \u00d7 acerifolia", "address": "C\\ Muntaner, 53", "categoria_arbrat": "EXEMPLAR", "emission_weight": 1.0, "source": "ajuntament-arbrat-viari"}}, {"type": "Feature", "geometry": {"type": "Point", "coordinates": [2.161618, 41.386451]}, "properties": {"codi": "0169143AR", "species": "Platanus \u00d7 acerifolia", "address": "C\\ Diputaci\u00f3, 207", "categoria_arbrat": "EXEMPLAR", "emission_weight": 1.0, "source": "ajuntament-arbrat-viari"}}, {"type": "Feature", "geometry": {"type": "Point", "coordinates": [2.15223, 41.391239]}, "properties": {"codi": "0169150AR", "species": "Platanus \u00d7 acerifolia", "address": "C\\ C\u00f2rsega, 213", "categoria_arbrat": "EXEMPLAR", "emission_weight": 1.0, "source": "ajuntament-arbrat-viari"}}, {"type": "Feature", "geometry": {"type": "Point", "coordinates": [2.152854, 41.391785]}, "properties": {"codi": "0169152AR", "species": "Platanus \u00d7 acerifolia", "address": "C\\ C\u00f2rsega, 223", "categoria_arbrat": "EXEMPLAR", "emission_weight": 1.0, "source": "ajuntament-arbrat-viari"}}, {"type": "Feature", "geometry": {"type": "Point", "coordinates": [2.155159, 41.385836]}, "properties": {"codi": "0169154AR", "species": "Platanus \u00d7 acerifolia", "address": "Av Roma, 125", "categoria_arbrat": "EXEMPLAR", "emission_weight": 1.0, "source": "ajuntament-arbrat-viari"}}, {"type": "Feature", "geometry": {"type": "Point", "coordinates": [2.158104, 41.390955]}, "properties": {"codi": "0169156AR", "species": "Platanus \u00d7 acerifolia", "address": "C\\ Enric Granados, 61", "categoria_arbrat": "EXEMPLAR", "emission_weight": 1.0, "source": "ajuntament-arbrat-viari"}}, {"type": "Feature", "geometry": {"type": "Point", "coordinates": [2.155317, 41.393269]}, "properties": {"codi": "0169157AR", "species": "Platanus \u00d7 acerifolia", "address": "C\\ C\u00f2rsega, 246", "categoria_arbrat": "EXEMPLAR", "emission_weight": 1.0, "source": "ajuntament-arbrat-viari"}}, {"type": "Feature", "geometry": {"type": "Point", "coordinates": [2.161642, 41.386719]}, "properties": {"codi": "0169158AR", "species": "Platanus \u00d7 acerifolia", "address": "C\\ Aribau, 22", "categoria_arbrat": "EXEMPLAR", "emission_weight": 1.0, "source": "ajuntament-arbrat-viari"}}, {"type": "Feature", "geometry": {"type": "Point", "coordinates": [2.156518, 41.385464]}, "properties": {"codi": "0169159AR", "species": "Platanus \u00d7 acerifolia", "address": "C\\ Villarroel, 108", "categoria_arbrat": "EXEMPLAR", "emission_weight": 1.0, "source": "ajuntament-arbrat-viari"}}, {"type": "Feature", "geometry": {"type": "Point", "coordinates": [2.161902, 41.38837]}, "properties": {"codi": "0169160AR", "species": "Platanus \u00d7 acerifolia", "address": "C\\ Consell de Cent, 291", "categoria_arbrat": "TERCERA", "emission_weight": 0.45, "source": "ajuntament-arbrat-viari"}}, {"type": "Feature", "geometry": {"type": "Point", "coordinates": [2.158993, 41.387864]}, "properties": {"codi": "0169161AR", "species": "Platanus \u00d7 acerifolia", "address": "C\\ Arag\u00f3, 195", "categoria_arbrat": "PRIMERA", "emission_weight": 0.85, "source": "ajuntament-arbrat-viari"}}, {"type": "Feature", "geometry": {"type": "Point", "coordinates": [2.161025, 41.384089]}, "properties": {"codi": "0169162AR", "species": "Platanus \u00d7 acerifolia", "address": "G.V. Corts Catalanes, 562", "categoria_arbrat": "EXEMPLAR", "emission_weight": 1.0, "source": "ajuntament-arbrat-viari"}}, {"type": "Feature", "geometry": {"type": "Point", "coordinates": [2.155155, 41.385469]}, "properties": {"codi": "0169163AR", "species": "Platanus \u00d7 acerifolia", "address": "Av Roma, 138", "categoria_arbrat": "SEGONA", "emission_weight": 0.65, "source": "ajuntament-arbrat-viari"}}, {"type": "Feature", "geometry": {"type": "Point", "coordinates": [2.153622, 41.390582]}, "properties": {"codi": "0169167AR", "species": "Platanus \u00d7 acerifolia", "address": "C\\ Rossell\u00f3, 171", "categoria_arbrat": "SEGONA", "emission_weight": 0.65, "source": "ajuntament-arbrat-viari"}}, {"type": "Feature", "geometry": {"type": "Point", "coordinates": [2.150749, 41.394158]}, "properties": {"codi": "0169169AR", "species": "Platanus \u00d7 acerifolia", "address": "Av Diagonal, 435", "categoria_arbrat": "EXEMPLAR", "emission_weight": 1.0, "source": "ajuntament-arbrat-viari"}}, {"type": "Feature", "geometry": {"type": "Point", "coordinates": [2.153624, 41.394496]}, "properties": {"codi": "0169170AR", "species": "Platanus \u00d7 acerifolia", "address": "C\\ Enric Granados, 122", "categoria_arbrat": "TERCERA", "emission_weight": 0.45, "source": "ajuntament-arbrat-viari"}}, {"type": "Feature", "geometry": {"type": "Point", "coordinates": [2.155522, 41.386911]}, "properties": {"codi": "0169174AR", "species": "Platanus \u00d7 acerifolia", "address": "C\\ Val\u00e8ncia, 129", "categoria_arbrat": "TERCERA", "emission_weight": 0.45, "source": "ajuntament-arbrat-viari"}}, {"type": "Feature", "geometry": {"type": "Point", "coordinates": [2.155979, 41.392474]}, "properties": {"codi": "0169175AR", "species": "Platanus \u00d7 acerifolia", "address": "C\\ Rossell\u00f3, 201", "categoria_arbrat": "EXEMPLAR", "emission_weight": 1.0, "source": "ajuntament-arbrat-viari"}}, {"type": "Feature", "geometry": {"type": "Point", "coordinates": [2.157964, 41.385346]}, "properties": {"codi": "0169178AR", "species": "Platanus \u00d7 acerifolia", "address": "C\\ Consell de Cent, 221", "categoria_arbrat": "EXEMPLAR", "emission_weight": 1.0, "source": "ajuntament-arbrat-viari"}}, {"type": "Feature", "geometry": {"type": "Point", "coordinates": [2.162651, 41.3854]}, "properties": {"codi": "0169179AR", "species": "Platanus \u00d7 acerifolia", "address": "G.V. Corts Catalanes, 581", "categoria_arbrat": "SEGONA", "emission_weight": 0.65, "source": "ajuntament-arbrat-viari"}}, {"type": "Feature", "geometry": {"type": "Point", "coordinates": [2.154176, 41.387591]}, "properties": {"codi": "0169184AR", "species": "Platanus \u00d7 acerifolia", "address": "C\\ Mallorca, 133", "categoria_arbrat": "EXEMPLAR", "emission_weight": 1.0, "source": "ajuntament-arbrat-viari"}}, {"type": "Feature", "geometry": {"type": "Point", "coordinates": [2.158197, 41.391026]}, "properties": {"codi": "0169185AR", "species": "Platanus \u00d7 acerifolia", "address": "C\\ Enric Granados, 44", "categoria_arbrat": "EXEMPLAR", "emission_weight": 1.0, "source": "ajuntament-arbrat-viari"}}, {"type": "Feature", "geometry": {"type": "Point", "coordinates": [2.157678, 41.388524]}, "properties": {"codi": "0169189AR", "species": "Platanus \u00d7 acerifolia", "address": "C\\ Val\u00e8ncia, 171", "categoria_arbrat": "EXEMPLAR", "emission_weight": 1.0, "source": "ajuntament-arbrat-viari"}}, {"type": "Feature", "geometry": {"type": "Point", "coordinates": [2.149226, 41.39377]}, "properties": {"codi": "0169192AR", "species": "Platanus \u00d7 acerifolia", "address": "Av Diagonal, 445", "categoria_arbrat": "EXEMPLAR", "emission_weight": 1.0, "source": "ajuntament-arbrat-viari"}}, {"type": "Feature", "geometry": {"type": "Point", "coordinates": [2.149072, 41.390421]}, "properties": {"codi": "0169194AR", "species": "Platanus \u00d7 acerifolia", "address": "C\\ Par\u00eds, 126", "categoria_arbrat": "EXEMPLAR", "emission_weight": 1.0, "source": "ajuntament-arbrat-viari"}}, {"type": "Feature", "geometry": {"type": "Point", "coordinates": [2.158026, 41.38418]}, "properties": {"codi": "0169195AR", "species": "Platanus \u00d7 acerifolia", "address": "C\\ Villarroel, 79", "categoria_arbrat": "EXEMPLAR", "emission_weight": 1.0, "source": "ajuntament-arbrat-viari"}}, {"type": "Feature", "geometry": {"type": "Point", "coordinates": [2.150791, 41.393419]}, "properties": {"codi": "0169196AR", "species": "Platanus \u00d7 acerifolia", "address": "C\\ Londres, 92", "categoria_arbrat": "EXEMPLAR", "emission_weight": 1.0, "source": "ajuntament-arbrat-viari"}}, {"type": "Feature", "geometry": {"type": "Point", "coordinates": [2.158206, 41.392178]}, "properties": {"codi": "0169197AR", "species": "Platanus \u00d7 acerifolia", "address": "C\\ Proven\u00e7a, 248", "categoria_arbrat": "EXEMPLAR", "emission_weight": 1.0, "source": "ajuntament-arbrat-viari"}}, {"type": "Feature", "geometry": {"type": "Point", "coordinates": [2.151245, 41.387774]}, "properties": {"codi": "0169199AR", "species": "Platanus \u00d7 acerifolia", "address": "C\\ Comte d'Urgell, 190", "categoria_arbrat": "SEGONA", "emission_weight": 0.65, "source": "ajuntament-arbrat-viari"}}, {"type": "Feature", "geometry": {"type": "Point", "coordinates": [2.153422, 41.386881]}, "properties": {"codi": "0169204AR", "species": "Platanus \u00d7 acerifolia", "address": "C\\ Mallorca, 130", "categoria_arbrat": "EXEMPLAR", "emission_weight": 1.0, "source": "ajuntament-arbrat-viari"}}, {"type": "Feature", "geometry": {"type": "Point", "coordinates": [2.154188, 41.39407]}, "properties": {"codi": "0169206AR", "species": "Platanus \u00d7 acerifolia", "address": "C\\ Enric Granados, 118", "categoria_arbrat": "TERCERA", "emission_weight": 0.45, "source": "ajuntament-arbrat-viari"}}, {"type": "Feature", "geometry": {"type": "Point", "coordinates": [2.161505, 41.386823]}, "properties": {"codi": "0169210AR", "species": "Platanus \u00d7 acerifolia", "address": "C\\ Aribau, 24", "categoria_arbrat": "EXEMPLAR", "emission_weight": 1.0, "source": "ajuntament-arbrat-viari"}}, {"type": "Feature", "geometry": {"type": "Point", "coordinates": [2.154381, 41.387601]}, "properties": {"codi": "0169211AR", "species": "Platanus \u00d7 acerifolia", "address": "C\\ Mallorca, 146", "categoria_arbrat": "TERCERA", "emission_weight": 0.45, "source": "ajuntament-arbrat-viari"}}, {"type": "Feature", "geometry": {"type": "Point", "coordinates": [2.156853, 41.38521]}, "properties": {"codi": "0169215AR", "species": "Platanus \u00d7 acerifolia", "address": "C\\ Villarroel, 104", "categoria_arbrat": "SEGONA", "emission_weight": 0.65, "source": "ajuntament-arbrat-viari"}}, {"type": "Feature", "geometry": {"type": "Point", "coordinates": [2.156437, 41.389089]}, "properties": {"codi": "0169216AR", "species": "Platanus \u00d7 acerifolia", "address": "C\\ Mallorca, 178", "categoria_arbrat": "TERCERA", "emission_weight": 0.45, "source": "ajuntament-arbrat-viari"}}, {"type": "Feature", "geometry": {"type": "Point", "coordinates": [2.160036, 41.383437]}, "properties": {"codi": "0169229AR", "species": "Platanus \u00d7 acerifolia", "address": "G.V. Corts Catalanes, 547", "categoria_arbrat": "SEGONA", "emission_weight": 0.65, "source": "ajuntament-arbrat-viari"}}, {"type": "Feature", "geometry": {"type": "Point", "coordinates": [2.150109, 41.391351]}, "properties": {"codi": "0169230AR", "species": "Platanus \u00d7 acerifolia", "address": "C\\ Par\u00eds, 145", "categoria_arbrat": "EXEMPLAR", "emission_weight": 1.0, "source": "ajuntament-arbrat-viari"}}, {"type": "Feature", "geometry": {"type": "Point", "coordinates": [2.154525, 41.395113]}, "properties": {"codi": "0169231AR", "species": "Platanus \u00d7 acerifolia", "address": "Av Diagonal, 409", "categoria_arbrat": "EXEMPLAR", "emission_weight": 1.0, "source": "ajuntament-arbrat-viari"}}, {"type": "Feature", "geometry": {"type": "Point", "coordinates": [2.15576, 41.387601]}, "properties": {"codi": "0169232AR", "species": "Platanus \u00d7 acerifolia", "address": "C\\ Casanova, 109", "categoria_arbrat": "SEGONA", "emission_weight": 0.65, "source": "ajuntament-arbrat-viari"}}, {"type": "Feature", "geometry": {"type": "Point", "coordinates": [2.154681, 41.385624]}, "properties": {"codi": "0169235AR", "species": "Platanus \u00d7 acerifolia", "address": "Av Roma, 117", "categoria_arbrat": "PRIMERA", "emission_weight": 0.85, "source": "ajuntament-arbrat-viari"}}, {"type": "Feature", "geometry": {"type": "Point", "coordinates": [2.153712, 41.392563]}, "properties": {"codi": "0169236AR", "species": "Platanus \u00d7 acerifolia", "address": "C\\ C\u00f2rsega, 241", "categoria_arbrat": "EXEMPLAR", "emission_weight": 1.0, "source": "ajuntament-arbrat-viari"}}, {"type": "Feature", "geometry": {"type": "Point", "coordinates": [2.155652, 41.388557]}, "properties": {"codi": "0169237AR", "species": "Platanus \u00d7 acerifolia", "address": "C\\ Mallorca, 166", "categoria_arbrat": "EXEMPLAR", "emission_weight": 1.0, "source": "ajuntament-arbrat-viari"}}, {"type": "Feature", "geometry": {"type": "Point", "coordinates": [2.158263, 41.390978]}, "properties": {"codi": "0169240AR", "species": "Platanus \u00d7 acerifolia", "address": "C\\ Enric Granados, 42", "categoria_arbrat": "EXEMPLAR", "emission_weight": 1.0, "source": "ajuntament-arbrat-viari"}}, {"type": "Feature", "geometry": {"type": "Point", "coordinates": [2.155512, 41.390153]}, "properties": {"codi": "0169243AR", "species": "Platanus \u00d7 acerifolia", "address": "C\\ Proven\u00e7a, 206", "categoria_arbrat": "SEGONA", "emission_weight": 0.65, "source": "ajuntament-arbrat-viari"}}, {"type": "Feature", "geometry": {"type": "Point", "coordinates": [2.155624, 41.388683]}, "properties": {"codi": "0169244AR", "species": "Platanus \u00d7 acerifolia", "address": "C\\ Mallorca, 165", "categoria_arbrat": "TERCERA", "emission_weight": 0.45, "source": "ajuntament-arbrat-viari"}}, {"type": "Feature", "geometry": {"type": "Point", "coordinates": [2.158507, 41.388868]}, "properties": {"codi": "0169253AR", "species": "Platanus \u00d7 acerifolia", "address": "C\\ Val\u00e8ncia, 206", "categoria_arbrat": "TERCERA", "emission_weight": 0.45, "source": "ajuntament-arbrat-viari"}}, {"type": "Feature", "geometry": {"type": "Point", "coordinates": [2.152275, 41.394617]}, "properties": {"codi": "0169255AR", "species": "Platanus \u00d7 acerifolia", "address": "Av Diagonal, 431", "categoria_arbrat": "EXEMPLAR", "emission_weight": 1.0, "source": "ajuntament-arbrat-viari"}}, {"type": "Feature", "geometry": {"type": "Point", "coordinates": [2.155771, 41.390494]}, "properties": {"codi": "0169257AR", "species": "Platanus \u00d7 acerifolia", "address": "C\\ Proven\u00e7a, 175", "categoria_arbrat": "SEGONA", "emission_weight": 0.65, "source": "ajuntament-arbrat-viari"}}, {"type": "Feature", "geometry": {"type": "Point", "coordinates": [2.155296, 41.385894]}, "properties": {"codi": "0169258AR", "species": "Platanus \u00d7 acerifolia", "address": "Av Roma, 127", "categoria_arbrat": "TERCERA", "emission_weight": 0.45, "source": "ajuntament-arbrat-viari"}}, {"type": "Feature", "geometry": {"type": "Point", "coordinates": [2.153201, 41.386288]}, "properties": {"codi": "0169260AR", "species": "Platanus \u00d7 acerifolia", "address": "C\\ Comte d'Urgell, 158", "categoria_arbrat": "SEGONA", "emission_weight": 0.65, "source": "ajuntament-arbrat-viari"}}, {"type": "Feature", "geometry": {"type": "Point", "coordinates": [2.156826, 41.392066]}, "properties": {"codi": "0169262AR", "species": "Platanus \u00d7 acerifolia", "address": "C\\ Enric Granados, 66", "categoria_arbrat": "EXEMPLAR", "emission_weight": 1.0, "source": "ajuntament-arbrat-viari"}}, {"type": "Feature", "geometry": {"type": "Point", "coordinates": [2.156543, 41.385279]}, "properties": {"codi": "0169266AR", "species": "Platanus \u00d7 acerifolia", "address": "C\\ Villarroel, 107", "categoria_arbrat": "SEGONA", "emission_weight": 0.65, "source": "ajuntament-arbrat-viari"}}, {"type": "Feature", "geometry": {"type": "Point", "coordinates": [2.156252, 41.39093]}, "properties": {"codi": "0169269AR", "species": "Platanus \u00d7 acerifolia", "address": "C\\ Proven\u00e7a, 179", "categoria_arbrat": "SEGONA", "emission_weight": 0.65, "source": "ajuntament-arbrat-viari"}}, {"type": "Feature", "geometry": {"type": "Point", "coordinates": [2.156777, 41.390396]}, "properties": {"codi": "0169270AR", "species": "Platanus \u00d7 acerifolia", "address": "C\\ Aribau, 108", "categoria_arbrat": "EXEMPLAR", "emission_weight": 1.0, "source": "ajuntament-arbrat-viari"}}, {"type": "Feature", "geometry": {"type": "Point", "coordinates": [2.156467, 41.383832]}, "properties": {"codi": "0169285AR", "species": "Platanus \u00d7 acerifolia", "address": "C\\ Consell de Cent, 190", "categoria_arbrat": "EXEMPLAR", "emission_weight": 1.0, "source": "ajuntament-arbrat-viari"}}, {"type": "Feature", "geometry": {"type": "Point", "coordinates": [2.158257, 41.39052]}, "properties": {"codi": "0169288AR", "species": "Platanus \u00d7 acerifolia", "address": "C\\ Mallorca, 208", "categoria_arbrat": "EXEMPLAR", "emission_weight": 1.0, "source": "ajuntament-arbrat-viari"}}, {"type": "Feature", "geometry": {"type": "Point", "coordinates": [2.155143, 41.393493]}, "properties": {"codi": "0169292AR", "species": "Platanus \u00d7 acerifolia", "address": "C\\ C\u00f2rsega, 263", "categoria_arbrat": "SEGONA", "emission_weight": 0.65, "source": "ajuntament-arbrat-viari"}}, {"type": "Feature", "geometry": {"type": "Point", "coordinates": [2.149625, 41.390983]}, "properties": {"codi": "0169293AR", "species": "Platanus \u00d7 acerifolia", "address": "C\\ Par\u00eds, 135", "categoria_arbrat": "EXEMPLAR", "emission_weight": 1.0, "source": "ajuntament-arbrat-viari"}}, {"type": "Feature", "geometry": {"type": "Point", "coordinates": [2.153748, 41.394397]}, "properties": {"codi": "0169294AR", "species": "Platanus \u00d7 acerifolia", "address": "C\\ Enric Granados, 120", "categoria_arbrat": "TERCERA", "emission_weight": 0.45, "source": "ajuntament-arbrat-viari"}}, {"type": "Feature", "geometry": {"type": "Point", "coordinates": [2.153273, 41.386239]}, "properties": {"codi": "0169295AR", "species": "Platanus \u00d7 acerifolia", "address": "C\\ Comte d'Urgell, 156", "categoria_arbrat": "SEGONA", "emission_weight": 0.65, "source": "ajuntament-arbrat-viari"}}, {"type": "Feature", "geometry": {"type": "Point", "coordinates": [2.155376, 41.390049]}, "properties": {"codi": "0169296AR", "species": "Platanus \u00d7 acerifolia", "address": "C\\ Proven\u00e7a, 204", "categoria_arbrat": "TERCERA", "emission_weight": 0.45, "source": "ajuntament-arbrat-viari"}}, {"type": "Feature", "geometry": {"type": "Point", "coordinates": [2.158703, 41.389078]}, "properties": {"codi": "0169297AR", "species": "Platanus \u00d7 acerifolia", "address": "C\\ Val\u00e8ncia, 208", "categoria_arbrat": "SEGONA", "emission_weight": 0.65, "source": "ajuntament-arbrat-viari"}}, {"type": "Feature", "geometry": {"type": "Point", "coordinates": [2.161754, 41.389689]}, "properties": {"codi": "0169299AR", "species": "Platanus \u00d7 acerifolia", "address": "C\\ Arag\u00f3, 232", "categoria_arbrat": "PRIMERA", "emission_weight": 0.85, "source": "ajuntament-arbrat-viari"}}, {"type": "Feature", "geometry": {"type": "Point", "coordinates": [2.150912, 41.389698]}, "properties": {"codi": "0169300AR", "species": "Platanus \u00d7 acerifolia", "address": "C\\ Villarroel, 168", "categoria_arbrat": "EXEMPLAR", "emission_weight": 1.0, "source": "ajuntament-arbrat-viari"}}, {"type": "Feature", "geometry": {"type": "Point", "coordinates": [2.154188, 41.394273]}, "properties": {"codi": "0169305AR", "species": "Platanus \u00d7 acerifolia", "address": "C\\ Par\u00eds, 198", "categoria_arbrat": "EXEMPLAR", "emission_weight": 1.0, "source": "ajuntament-arbrat-viari"}}, {"type": "Feature", "geometry": {"type": "Point", "coordinates": [2.157945, 41.387808]}, "properties": {"codi": "0169307AR", "species": "Platanus \u00d7 acerifolia", "address": "C\\ Muntaner, 80", "categoria_arbrat": "EXEMPLAR", "emission_weight": 1.0, "source": "ajuntament-arbrat-viari"}}, {"type": "Feature", "geometry": {"type": "Point", "coordinates": [2.162113, 41.388467]}, "properties": {"codi": "0169309AR", "species": "Platanus \u00d7 acerifolia", "address": "C\\ Consell de Cent, 293", "categoria_arbrat": "EXEMPLAR", "emission_weight": 1.0, "source": "ajuntament-arbrat-viari"}}, {"type": "Feature", "geometry": {"type": "Point", "coordinates": [2.155109, 41.386315]}, "properties": {"codi": "0169310AR", "species": "Platanus \u00d7 acerifolia", "address": "C\\ Val\u00e8ncia, 156", "categoria_arbrat": "TERCERA", "emission_weight": 0.45, "source": "ajuntament-arbrat-viari"}}, {"type": "Feature", "geometry": {"type": "Point", "coordinates": [2.158251, 41.385867]}, "properties": {"codi": "0169311AR", "species": "Platanus \u00d7 acerifolia", "address": "C\\ Casanova, 76", "categoria_arbrat": "EXEMPLAR", "emission_weight": 1.0, "source": "ajuntament-arbrat-viari"}}, {"type": "Feature", "geometry": {"type": "Point", "coordinates": [2.163554, 41.385981]}, "properties": {"codi": "0169312AR", "species": "Platanus \u00d7 acerifolia", "address": "G.V. Corts Catalanes, 585", "categoria_arbrat": "TERCERA", "emission_weight": 0.45, "source": "ajuntament-arbrat-viari"}}, {"type": "Feature", "geometry": {"type": "Point", "coordinates": [2.158672, 41.385404]}, "properties": {"codi": "0169313AR", "species": "Platanus \u00d7 acerifolia", "address": "C\\ Casanova, 65", "categoria_arbrat": "EXEMPLAR", "emission_weight": 1.0, "source": "ajuntament-arbrat-viari"}}, {"type": "Feature", "geometry": {"type": "Point", "coordinates": [2.163138, 41.385778]}, "properties": {"codi": "0169316AR", "species": "Platanus \u00d7 acerifolia", "address": "G.V. Corts Catalanes, 585", "categoria_arbrat": "SEGONA", "emission_weight": 0.65, "source": "ajuntament-arbrat-viari"}}, {"type": "Feature", "geometry": {"type": "Point", "coordinates": [2.150137, 41.39408]}, "properties": {"codi": "0169318AR", "species": "Platanus \u00d7 acerifolia", "address": "Av Diagonal, 439", "categoria_arbrat": "SEGONA", "emission_weight": 0.65, "source": "ajuntament-arbrat-viari"}}, {"type": "Feature", "geometry": {"type": "Point", "coordinates": [2.159955, 41.3897]}, "properties": {"codi": "0169327AR", "species": "Platanus \u00d7 acerifolia", "address": "C\\ Enric Granados, 16", "categoria_arbrat": "EXEMPLAR", "emission_weight": 1.0, "source": "ajuntament-arbrat-viari"}}, {"type": "Feature", "geometry": {"type": "Point", "coordinates": [2.162825, 41.385675]}, "properties": {"codi": "0169328AR", "species": "Platanus \u00d7 acerifolia", "address": "C\\ Aribau, 1", "categoria_arbrat": "EXEMPLAR", "emission_weight": 1.0, "source": "ajuntament-arbrat-viari"}}, {"type": "Feature", "geometry": {"type": "Point", "coordinates": [2.157005, 41.391274]}, "properties": {"codi": "0169330AR", "species": "Platanus \u00d7 acerifolia", "address": "C\\ Proven\u00e7a, 228", "categoria_arbrat": "TERCERA", "emission_weight": 0.45, "source": "ajuntament-arbrat-viari"}}, {"type": "Feature", "geometry": {"type": "Point", "coordinates": [2.161613, 41.386592]}, "properties": {"codi": "0169332AR", "species": "Platanus \u00d7 acerifolia", "address": "C\\ Diputaci\u00f3, 207", "categoria_arbrat": "EXEMPLAR", "emission_weight": 1.0, "source": "ajuntament-arbrat-viari"}}, {"type": "Feature", "geometry": {"type": "Point", "coordinates": [2.149673, 41.38895]}, "properties": {"codi": "0169333AR", "species": "Platanus \u00d7 acerifolia", "address": "C\\ C\u00f2rsega, 168", "categoria_arbrat": "EXEMPLAR", "emission_weight": 1.0, "source": "ajuntament-arbrat-viari"}}, {"type": "Feature", "geometry": {"type": "Point", "coordinates": [2.150038, 41.394047]}, "properties": {"codi": "0169334AR", "species": "Platanus \u00d7 acerifolia", "address": "Av Diagonal, 439", "categoria_arbrat": "EXEMPLAR", "emission_weight": 1.0, "source": "ajuntament-arbrat-viari"}}, {"type": "Feature", "geometry": {"type": "Point", "coordinates": [2.150233, 41.3941]}, "properties": {"codi": "0169335AR", "species": "Platanus \u00d7 acerifolia", "address": "Av Diagonal, 437", "categoria_arbrat": "EXEMPLAR", "emission_weight": 1.0, "source": "ajuntament-arbrat-viari"}}, {"type": "Feature", "geometry": {"type": "Point", "coordinates": [2.150787, 41.393361]}, "properties": {"codi": "0169336AR", "species": "Platanus \u00d7 acerifolia", "address": "C\\ Londres, 92", "categoria_arbrat": "EXEMPLAR", "emission_weight": 1.0, "source": "ajuntament-arbrat-viari"}}, {"type": "Feature", "geometry": {"type": "Point", "coordinates": [2.155194, 41.386316]}, "properties": {"codi": "0169339AR", "species": "Platanus \u00d7 acerifolia", "address": "C\\ Val\u00e8ncia, 156", "categoria_arbrat": "TERCERA", "emission_weight": 0.45, "source": "ajuntament-arbrat-viari"}}, {"type": "Feature", "geometry": {"type": "Point", "coordinates": [2.162133, 41.388047]}, "properties": {"codi": "0169340AR", "species": "Platanus \u00d7 acerifolia", "address": "C\\ Enric Granados, 2", "categoria_arbrat": "EXEMPLAR", "emission_weight": 1.0, "source": "ajuntament-arbrat-viari"}}, {"type": "Feature", "geometry": {"type": "Point", "coordinates": [2.151991, 41.392618]}, "properties": {"codi": "0169341AR", "species": "Platanus \u00d7 acerifolia", "address": "C\\ Par\u00eds, 166", "categoria_arbrat": "EXEMPLAR", "emission_weight": 1.0, "source": "ajuntament-arbrat-viari"}}, {"type": "Feature", "geometry": {"type": "Point", "coordinates": [2.163415, 41.385977]}, "properties": {"codi": "0169344AR", "species": "Platanus \u00d7 acerifolia", "address": "G.V. Corts Catalanes, 585", "categoria_arbrat": "TERCERA", "emission_weight": 0.45, "source": "ajuntament-arbrat-viari"}}, {"type": "Feature", "geometry": {"type": "Point", "coordinates": [2.152075, 41.394494]}, "properties": {"codi": "0169345AR", "species": "Platanus \u00d7 acerifolia", "address": "Av Diagonal, 431", "categoria_arbrat": "TERCERA", "emission_weight": 0.45, "source": "ajuntament-arbrat-viari"}}, {"type": "Feature", "geometry": {"type": "Point", "coordinates": [2.152941, 41.388021]}, "properties": {"codi": "0169347AR", "species": "Platanus \u00d7 acerifolia", "address": "C\\ Proven\u00e7a, 162", "categoria_arbrat": "EXEMPLAR", "emission_weight": 1.0, "source": "ajuntament-arbrat-viari"}}, {"type": "Feature", "geometry": {"type": "Point", "coordinates": [2.151317, 41.389392]}, "properties": {"codi": "0169350AR", "species": "Platanus \u00d7 acerifolia", "address": "C\\ Villarroel, 168", "categoria_arbrat": "EXEMPLAR", "emission_weight": 1.0, "source": "ajuntament-arbrat-viari"}}, {"type": "Feature", "geometry": {"type": "Point", "coordinates": [2.158679, 41.390986]}, "properties": {"codi": "0169351AR", "species": "Platanus \u00d7 acerifolia", "address": "C\\ Mallorca, 213", "categoria_arbrat": "EXEMPLAR", "emission_weight": 1.0, "source": "ajuntament-arbrat-viari"}}, {"type": "Feature", "geometry": {"type": "Point", "coordinates": [2.159511, 41.382947]}, "properties": {"codi": "0169354AR", "species": "Platanus \u00d7 acerifolia", "address": "G.V. Corts Catalanes, 535", "categoria_arbrat": "TERCERA", "emission_weight": 0.45, "source": "ajuntament-arbrat-viari"}}, {"type": "Feature", "geometry": {"type": "Point", "coordinates": [2.162692, 41.387484]}, "properties": {"codi": "0169357AR", "species": "Platanus \u00d7 acerifolia", "address": "C\\ Enric Granados, 3", "categoria_arbrat": "EXEMPLAR", "emission_weight": 1.0, "source": "ajuntament-arbrat-viari"}}, {"type": "Feature", "geometry": {"type": "Point", "coordinates": [2.158983, 41.382641]}, "properties": {"codi": "0169360AR", "species": "Platanus \u00d7 acerifolia", "address": "G.V. Corts Catalanes, 531", "categoria_arbrat": "TERCERA", "emission_weight": 0.45, "source": "ajuntament-arbrat-viari"}}, {"type": "Feature", "geometry": {"type": "Point", "coordinates": [2.154187, 41.394134]}, "properties": {"codi": "0169361AR", "species": "Platanus \u00d7 acerifolia", "address": "C\\ Enric Granados, 118", "categoria_arbrat": "EXEMPLAR", "emission_weight": 1.0, "source": "ajuntament-arbrat-viari"}}, {"type": "Feature", "geometry": {"type": "Point", "coordinates": [2.151023, 41.387936]}, "properties": {"codi": "0169362AR", "species": "Platanus \u00d7 acerifolia", "address": "C\\ Comte d'Urgell, 196", "categoria_arbrat": "EXEMPLAR", "emission_weight": 1.0, "source": "ajuntament-arbrat-viari"}}, {"type": "Feature", "geometry": {"type": "Point", "coordinates": [2.155028, 41.386313]}, "properties": {"codi": "0169363AR", "species": "Platanus \u00d7 acerifolia", "address": "C\\ Val\u00e8ncia, 156", "categoria_arbrat": "SEGONA", "emission_weight": 0.65, "source": "ajuntament-arbrat-viari"}}, {"type": "Feature", "geometry": {"type": "Point", "coordinates": [2.159188, 41.382798]}, "properties": {"codi": "0169364AR", "species": "Platanus \u00d7 acerifolia", "address": "G.V. Corts Catalanes, 533", "categoria_arbrat": "EXEMPLAR", "emission_weight": 1.0, "source": "ajuntament-arbrat-viari"}}, {"type": "Feature", "geometry": {"type": "Point", "coordinates": [2.150231, 41.389739]}, "properties": {"codi": "0169365AR", "species": "Platanus \u00d7 acerifolia", "address": "C\\ C\u00f2rsega, 183", "categoria_arbrat": "EXEMPLAR", "emission_weight": 1.0, "source": "ajuntament-arbrat-viari"}}, {"type": "Feature", "geometry": {"type": "Point", "coordinates": [2.158931, 41.388626]}, "properties": {"codi": "0169370AR", "species": "Platanus \u00d7 acerifolia", "address": "C\\ Aribau, 61", "categoria_arbrat": "EXEMPLAR", "emission_weight": 1.0, "source": "ajuntament-arbrat-viari"}}, {"type": "Feature", "geometry": {"type": "Point", "coordinates": [2.153701, 41.388945]}, "properties": {"codi": "0169374AR", "species": "Platanus \u00d7 acerifolia", "address": "C\\ Proven\u00e7a, 143", "categoria_arbrat": "EXEMPLAR", "emission_weight": 1.0, "source": "ajuntament-arbrat-viari"}}, {"type": "Feature", "geometry": {"type": "Point", "coordinates": [2.154175, 41.387293]}, "properties": {"codi": "0169375AR", "species": "Platanus \u00d7 acerifolia", "address": "C\\ Mallorca, 140", "categoria_arbrat": "TERCERA", "emission_weight": 0.45, "source": "ajuntament-arbrat-viari"}}, {"type": "Feature", "geometry": {"type": "Point", "coordinates": [2.158849, 41.384302]}, "properties": {"codi": "0169379AR", "species": "Platanus \u00d7 acerifolia", "address": "C\\ Diputaci\u00f3, 163", "categoria_arbrat": "EXEMPLAR", "emission_weight": 1.0, "source": "ajuntament-arbrat-viari"}}, {"type": "Feature", "geometry": {"type": "Point", "coordinates": [2.154315, 41.392668]}, "properties": {"codi": "0169382AR", "species": "Platanus \u00d7 acerifolia", "address": "C\\ C\u00f2rsega, 232", "categoria_arbrat": "EXEMPLAR", "emission_weight": 1.0, "source": "ajuntament-arbrat-viari"}}, {"type": "Feature", "geometry": {"type": "Point", "coordinates": [2.1618, 41.388019]}, "properties": {"codi": "0169384AR", "species": "Platanus \u00d7 acerifolia", "address": "C\\ Consell de Cent, 270", "categoria_arbrat": "EXEMPLAR", "emission_weight": 1.0, "source": "ajuntament-arbrat-viari"}}, {"type": "Feature", "geometry": {"type": "Point", "coordinates": [2.165041, 41.387102]}, "properties": {"codi": "0169385AR", "species": "Platanus \u00d7 acerifolia", "address": "G.V. Corts Catalanes, 585", "categoria_arbrat": "TERCERA", "emission_weight": 0.45, "source": "ajuntament-arbrat-viari"}}, {"type": "Feature", "geometry": {"type": "Point", "coordinates": [2.164506, 41.386698]}, "properties": {"codi": "0169386AR", "species": "Platanus \u00d7 acerifolia", "address": "G.V. Corts Catalanes, 585", "categoria_arbrat": "PRIMERA", "emission_weight": 0.85, "source": "ajuntament-arbrat-viari"}}, {"type": "Feature", "geometry": {"type": "Point", "coordinates": [2.153893, 41.387162]}, "properties": {"codi": "0169387AR", "species": "Platanus \u00d7 acerifolia", "address": "C\\ Mallorca, 136", "categoria_arbrat": "TERCERA", "emission_weight": 0.45, "source": "ajuntament-arbrat-viari"}}, {"type": "Feature", "geometry": {"type": "Point", "coordinates": [2.16252, 41.385208]}, "properties": {"codi": "0169388AR", "species": "Platanus \u00d7 acerifolia", "address": "G.V. Corts Catalanes, 579", "categoria_arbrat": "EXEMPLAR", "emission_weight": 1.0, "source": "ajuntament-arbrat-viari"}}, {"type": "Feature", "geometry": {"type": "Point", "coordinates": [2.157037, 41.388042]}, "properties": {"codi": "0169392AR", "species": "Platanus \u00d7 acerifolia", "address": "C\\ Val\u00e8ncia, 161", "categoria_arbrat": "EXEMPLAR", "emission_weight": 1.0, "source": "ajuntament-arbrat-viari"}}, {"type": "Feature", "geometry": {"type": "Point", "coordinates": [2.156501, 41.387494]}, "properties": {"codi": "0169397AR", "species": "Platanus \u00d7 acerifolia", "address": "C\\ Val\u00e8ncia, 178", "categoria_arbrat": "EXEMPLAR", "emission_weight": 1.0, "source": "ajuntament-arbrat-viari"}}, {"type": "Feature", "geometry": {"type": "Point", "coordinates": [2.15586, 41.386114]}, "properties": {"codi": "0169398AR", "species": "Platanus \u00d7 acerifolia", "address": "Av Roma, 133", "categoria_arbrat": "EXEMPLAR", "emission_weight": 1.0, "source": "ajuntament-arbrat-viari"}}, {"type": "Feature", "geometry": {"type": "Point", "coordinates": [2.150399, 41.389712]}, "properties": {"codi": "0169400AR", "species": "Platanus \u00d7 acerifolia", "address": "C\\ C\u00f2rsega, 184", "categoria_arbrat": "EXEMPLAR", "emission_weight": 1.0, "source": "ajuntament-arbrat-viari"}}, {"type": "Feature", "geometry": {"type": "Point", "coordinates": [2.154867, 41.385033]}, "properties": {"codi": "0169403AR", "species": "Platanus \u00d7 acerifolia", "address": "C\\ Comte d'Urgell, 134", "categoria_arbrat": "EXEMPLAR", "emission_weight": 1.0, "source": "ajuntament-arbrat-viari"}}, {"type": "Feature", "geometry": {"type": "Point", "coordinates": [2.158216, 41.383827]}, "properties": {"codi": "0169404AR", "species": "Platanus \u00d7 acerifolia", "address": "C\\ Diputaci\u00f3, 155", "categoria_arbrat": "EXEMPLAR", "emission_weight": 1.0, "source": "ajuntament-arbrat-viari"}}, {"type": "Feature", "geometry": {"type": "Point", "coordinates": [2.158098, 41.387542]}, "properties": {"codi": "0169409AR", "species": "Platanus \u00d7 acerifolia", "address": "C\\ Muntaner, 79", "categoria_arbrat": "EXEMPLAR", "emission_weight": 1.0, "source": "ajuntament-arbrat-viari"}}, {"type": "Feature", "geometry": {"type": "Point", "coordinates": [2.161693, 41.389642]}, "properties": {"codi": "0169410AR", "species": "Platanus \u00d7 acerifolia", "address": "C\\ Arag\u00f3, 232", "categoria_arbrat": "SEGONA", "emission_weight": 0.65, "source": "ajuntament-arbrat-viari"}}, {"type": "Feature", "geometry": {"type": "Point", "coordinates": [2.152218, 41.38871]}, "properties": {"codi": "0169411AR", "species": "Platanus \u00d7 acerifolia", "address": "C\\ Villarroel, 168", "categoria_arbrat": "TERCERA", "emission_weight": 0.45, "source": "ajuntament-arbrat-viari"}}, {"type": "Feature", "geometry": {"type": "Point", "coordinates": [2.152161, 41.387075]}, "properties": {"codi": "0169422AR", "species": "Platanus \u00d7 acerifolia", "address": "C\\ Comte d'Urgell, 176", "categoria_arbrat": "PRIMERA", "emission_weight": 0.85, "source": "ajuntament-arbrat-viari"}}, {"type": "Feature", "geometry": {"type": "Point", "coordinates": [2.159048, 41.382691]}, "properties": {"codi": "0169425AR", "species": "Platanus \u00d7 acerifolia", "address": "G.V. Corts Catalanes, 533", "categoria_arbrat": "TERCERA", "emission_weight": 0.45, "source": "ajuntament-arbrat-viari"}}, {"type": "Feature", "geometry": {"type": "Point", "coordinates": [2.151894, 41.394446]}, "properties": {"codi": "0169430AR", "species": "Platanus \u00d7 acerifolia", "address": "Av Diagonal, 9992", "categoria_arbrat": "EXEMPLAR", "emission_weight": 1.0, "source": "ajuntament-arbrat-viari"}}, {"type": "Feature", "geometry": {"type": "Point", "coordinates": [2.157763, 41.391214]}, "properties": {"codi": "0169432AR", "species": "Platanus \u00d7 acerifolia", "address": "C\\ Enric Granados, 69", "categoria_arbrat": "EXEMPLAR", "emission_weight": 1.0, "source": "ajuntament-arbrat-viari"}}, {"type": "Feature", "geometry": {"type": "Point", "coordinates": [2.15095, 41.394277]}, "properties": {"codi": "0169434AR", "species": "Platanus \u00d7 acerifolia", "address": "Av Diagonal, 433", "categoria_arbrat": "EXEMPLAR", "emission_weight": 1.0, "source": "ajuntament-arbrat-viari"}}, {"type": "Feature", "geometry": {"type": "Point", "coordinates": [2.149119, 41.39231]}, "properties": {"codi": "0169436AR", "species": "Platanus \u00d7 acerifolia", "address": "C\\ Londres, 73", "categoria_arbrat": "EXEMPLAR", "emission_weight": 1.0, "source": "ajuntament-arbrat-viari"}}, {"type": "Feature", "geometry": {"type": "Point", "coordinates": [2.151623, 41.394046]}, "properties": {"codi": "0169437AR", "species": "Platanus \u00d7 acerifolia", "address": "C\\ Londres, 100", "categoria_arbrat": "EXEMPLAR", "emission_weight": 1.0, "source": "ajuntament-arbrat-viari"}}, {"type": "Feature", "geometry": {"type": "Point", "coordinates": [2.154931, 41.384984]}, "properties": {"codi": "0169440AR", "species": "Platanus \u00d7 acerifolia", "address": "C\\ Arag\u00f3, 149", "categoria_arbrat": "SEGONA", "emission_weight": 0.65, "source": "ajuntament-arbrat-viari"}}, {"type": "Feature", "geometry": {"type": "Point", "coordinates": [2.152474, 41.391791]}, "properties": {"codi": "0169441AR", "species": "Platanus \u00d7 acerifolia", "address": "C\\ Muntaner, 173", "categoria_arbrat": "EXEMPLAR", "emission_weight": 1.0, "source": "ajuntament-arbrat-viari"}}, {"type": "Feature", "geometry": {"type": "Point", "coordinates": [2.159044, 41.391117]}, "properties": {"codi": "0169442AR", "species": "Platanus \u00d7 acerifolia", "address": "C\\ Mallorca, 214", "categoria_arbrat": "EXEMPLAR", "emission_weight": 1.0, "source": "ajuntament-arbrat-viari"}}, {"type": "Feature", "geometry": {"type": "Point", "coordinates": [2.156338, 41.387522]}, "properties": {"codi": "0169446AR", "species": "Platanus \u00d7 acerifolia", "address": "C\\ Val\u00e8ncia, 145", "categoria_arbrat": "EXEMPLAR", "emission_weight": 1.0, "source": "ajuntament-arbrat-viari"}}, {"type": "Feature", "geometry": {"type": "Point", "coordinates": [2.158164, 41.387494]}, "properties": {"codi": "0169452AR", "species": "Platanus \u00d7 acerifolia", "address": "C\\ Arag\u00f3, 183", "categoria_arbrat": "TERCERA", "emission_weight": 0.45, "source": "ajuntament-arbrat-viari"}}, {"type": "Feature", "geometry": {"type": "Point", "coordinates": [2.161619, 41.388159]}, "properties": {"codi": "0169454AR", "species": "Platanus \u00d7 acerifolia", "address": "C\\ Consell de Cent, 289", "categoria_arbrat": "EXEMPLAR", "emission_weight": 1.0, "source": "ajuntament-arbrat-viari"}}, {"type": "Feature", "geometry": {"type": "Point", "coordinates": [2.158488, 41.387129]}, "properties": {"codi": "0169455AR", "species": "Platanus \u00d7 acerifolia", "address": "C\\ Arag\u00f3, 192", "categoria_arbrat": "EXEMPLAR", "emission_weight": 1.0, "source": "ajuntament-arbrat-viari"}}, {"type": "Feature", "geometry": {"type": "Point", "coordinates": [2.154646, 41.39477]}, "properties": {"codi": "0169457AR", "species": "Platanus \u00d7 acerifolia", "address": "C\\ Par\u00eds, 217", "categoria_arbrat": "EXEMPLAR", "emission_weight": 1.0, "source": "ajuntament-arbrat-viari"}}, {"type": "Feature", "geometry": {"type": "Point", "coordinates": [2.16006, 41.387913]}, "properties": {"codi": "0169458AR", "species": "Platanus \u00d7 acerifolia", "address": "C\\ Aribau, 50", "categoria_arbrat": "EXEMPLAR", "emission_weight": 1.0, "source": "ajuntament-arbrat-viari"}}, {"type": "Feature", "geometry": {"type": "Point", "coordinates": [2.159617, 41.384956]}, "properties": {"codi": "0169459AR", "species": "Platanus \u00d7 acerifolia", "address": "C\\ Diputaci\u00f3, 171", "categoria_arbrat": "EXEMPLAR", "emission_weight": 1.0, "source": "ajuntament-arbrat-viari"}}, {"type": "Feature", "geometry": {"type": "Point", "coordinates": [2.164079, 41.386378]}, "properties": {"codi": "0169460AR", "species": "Platanus \u00d7 acerifolia", "address": "G.V. Corts Catalanes, 585", "categoria_arbrat": "SEGONA", "emission_weight": 0.65, "source": "ajuntament-arbrat-viari"}}, {"type": "Feature", "geometry": {"type": "Point", "coordinates": [2.154177, 41.390697]}, "properties": {"codi": "0169461AR", "species": "Platanus \u00d7 acerifolia", "address": "C\\ Rossell\u00f3, 144", "categoria_arbrat": "EXEMPLAR", "emission_weight": 1.0, "source": "ajuntament-arbrat-viari"}}, {"type": "Feature", "geometry": {"type": "Point", "coordinates": [2.153706, 41.387237]}, "properties": {"codi": "0169462AR", "species": "Platanus \u00d7 acerifolia", "address": "C\\ Mallorca, 131", "categoria_arbrat": "TERCERA", "emission_weight": 0.45, "source": "ajuntament-arbrat-viari"}}, {"type": "Feature", "geometry": {"type": "Point", "coordinates": [2.154587, 41.38946]}, "properties": {"codi": "0169463AR", "species": "Platanus \u00d7 acerifolia", "address": "C\\ Proven\u00e7a, 192", "categoria_arbrat": "EXEMPLAR", "emission_weight": 1.0, "source": "ajuntament-arbrat-viari"}}, {"type": "Feature", "geometry": {"type": "Point", "coordinates": [2.157552, 41.391369]}, "properties": {"codi": "0169464AR", "species": "Platanus \u00d7 acerifolia", "address": "C\\ Enric Granados, 77", "categoria_arbrat": "EXEMPLAR", "emission_weight": 1.0, "source": "ajuntament-arbrat-viari"}}, {"type": "Feature", "geometry": {"type": "Point", "coordinates": [2.16275, 41.387369]}, "properties": {"codi": "0169465AR", "species": "Platanus \u00d7 acerifolia", "address": "C\\ Enric Granados, 1", "categoria_arbrat": "EXEMPLAR", "emission_weight": 1.0, "source": "ajuntament-arbrat-viari"}}, {"type": "Feature", "geometry": {"type": "Point", "coordinates": [2.159367, 41.385026]}, "properties": {"codi": "0169466AR", "species": "Platanus \u00d7 acerifolia", "address": "C\\ Casanova, 58", "categoria_arbrat": "TERCERA", "emission_weight": 0.45, "source": "ajuntament-arbrat-viari"}}, {"type": "Feature", "geometry": {"type": "Point", "coordinates": [2.149805, 41.393808]}, "properties": {"codi": "0169469AR", "species": "Platanus \u00d7 acerifolia", "address": "C\\ Muntaner, 223", "categoria_arbrat": "EXEMPLAR", "emission_weight": 1.0, "source": "ajuntament-arbrat-viari"}}, {"type": "Feature", "geometry": {"type": "Point", "coordinates": [2.162367, 41.386171]}, "properties": {"codi": "0169476AR", "species": "Platanus \u00d7 acerifolia", "address": "C\\ Aribau, 12", "categoria_arbrat": "EXEMPLAR", "emission_weight": 1.0, "source": "ajuntament-arbrat-viari"}}, {"type": "Feature", "geometry": {"type": "Point", "coordinates": [2.162159, 41.386645]}, "properties": {"codi": "0169479AR", "species": "Platanus \u00d7 acerifolia", "address": "C\\ Diputaci\u00f3, 222", "categoria_arbrat": "SEGONA", "emission_weight": 0.65, "source": "ajuntament-arbrat-viari"}}, {"type": "Feature", "geometry": {"type": "Point", "coordinates": [2.153099, 41.39303]}, "properties": {"codi": "0169480AR", "species": "Platanus \u00d7 acerifolia", "address": "C\\ Aribau, 163", "categoria_arbrat": "EXEMPLAR", "emission_weight": 1.0, "source": "ajuntament-arbrat-viari"}}, {"type": "Feature", "geometry": {"type": "Point", "coordinates": [2.160048, 41.386915]}, "properties": {"codi": "0169483AR", "species": "Platanus \u00d7 acerifolia", "address": "C\\ Consell de Cent, 259", "categoria_arbrat": "EXEMPLAR", "emission_weight": 1.0, "source": "ajuntament-arbrat-viari"}}, {"type": "Feature", "geometry": {"type": "Point", "coordinates": [2.154521, 41.390392]}, "properties": {"codi": "0169484AR", "species": "Platanus \u00d7 acerifolia", "address": "C\\ Muntaner, 146", "categoria_arbrat": "EXEMPLAR", "emission_weight": 1.0, "source": "ajuntament-arbrat-viari"}}, {"type": "Feature", "geometry": {"type": "Point", "coordinates": [2.156414, 41.388816]}, "properties": {"codi": "0169486AR", "species": "Platanus \u00d7 acerifolia", "address": "C\\ Muntaner, 103", "categoria_arbrat": "EXEMPLAR", "emission_weight": 1.0, "source": "ajuntament-arbrat-viari"}}, {"type": "Feature", "geometry": {"type": "Point", "coordinates": [2.157475, 41.390081]}, "properties": {"codi": "0169490AR", "species": "Platanus \u00d7 acerifolia", "address": "C\\ Mallorca, 197", "categoria_arbrat": "SEGONA", "emission_weight": 0.65, "source": "ajuntament-arbrat-viari"}}, {"type": "Feature", "geometry": {"type": "Point", "coordinates": [2.149469, 41.390577]}, "properties": {"codi": "0169491AR", "species": "Platanus \u00d7 acerifolia", "address": "C\\ Par\u00eds, 130", "categoria_arbrat": "TERCERA", "emission_weight": 0.45, "source": "ajuntament-arbrat-viari"}}, {"type": "Feature", "geometry": {"type": "Point", "coordinates": [2.160766, 41.385815]}, "properties": {"codi": "0169492AR", "species": "Platanus \u00d7 acerifolia", "address": "C\\ Diputaci\u00f3, 191", "categoria_arbrat": "EXEMPLAR", "emission_weight": 1.0, "source": "ajuntament-arbrat-viari"}}, {"type": "Feature", "geometry": {"type": "Point", "coordinates": [2.152599, 41.387976]}, "properties": {"codi": "0169493AR", "species": "Platanus \u00d7 acerifolia", "address": "C\\ Proven\u00e7a, 160", "categoria_arbrat": "EXEMPLAR", "emission_weight": 1.0, "source": "ajuntament-arbrat-viari"}}, {"type": "Feature", "geometry": {"type": "Point", "coordinates": [2.156498, 41.38424]}, "properties": {"codi": "0169496AR", "species": "Platanus \u00d7 acerifolia", "address": "C\\ Consell de Cent, 193", "categoria_arbrat": "EXEMPLAR", "emission_weight": 1.0, "source": "ajuntament-arbrat-viari"}}, {"type": "Feature", "geometry": {"type": "Point", "coordinates": [2.154793, 41.385312]}, "properties": {"codi": "0169514AR", "species": "Platanus \u00d7 acerifolia", "address": "Av Roma, 132", "categoria_arbrat": "SEGONA", "emission_weight": 0.65, "source": "ajuntament-arbrat-viari"}}, {"type": "Feature", "geometry": {"type": "Point", "coordinates": [2.164015, 41.386427]}, "properties": {"codi": "0169515AR", "species": "Platanus \u00d7 acerifolia", "address": "G.V. Corts Catalanes, 585", "categoria_arbrat": "SEGONA", "emission_weight": 0.65, "source": "ajuntament-arbrat-viari"}}, {"type": "Feature", "geometry": {"type": "Point", "coordinates": [2.153888, 41.388876]}, "properties": {"codi": "0169516AR", "species": "Platanus \u00d7 acerifolia", "address": "C\\ Proven\u00e7a, 164", "categoria_arbrat": "EXEMPLAR", "emission_weight": 1.0, "source": "ajuntament-arbrat-viari"}}, {"type": "Feature", "geometry": {"type": "Point", "coordinates": [2.162225, 41.387835]}, "properties": {"codi": "0169519AR", "species": "Platanus \u00d7 acerifolia", "address": "C\\ Enric Granados, 13", "categoria_arbrat": "EXEMPLAR", "emission_weight": 1.0, "source": "ajuntament-arbrat-viari"}}, {"type": "Feature", "geometry": {"type": "Point", "coordinates": [2.153494, 41.388789]}, "properties": {"codi": "0169520AR", "species": "Platanus \u00d7 acerifolia", "address": "C\\ Proven\u00e7a, 143", "categoria_arbrat": "EXEMPLAR", "emission_weight": 1.0, "source": "ajuntament-arbrat-viari"}}, {"type": "Feature", "geometry": {"type": "Point", "coordinates": [2.149422, 41.393824]}, "properties": {"codi": "0169522AR", "species": "Platanus \u00d7 acerifolia", "address": "Av Diagonal, 441", "categoria_arbrat": "TERCERA", "emission_weight": 0.45, "source": "ajuntament-arbrat-viari"}}, {"type": "Feature", "geometry": {"type": "Point", "coordinates": [2.158608, 41.389223]}, "properties": {"codi": "0169525AR", "species": "Platanus \u00d7 acerifolia", "address": "C\\ Val\u00e8ncia, 185", "categoria_arbrat": "EXEMPLAR", "emission_weight": 1.0, "source": "ajuntament-arbrat-viari"}}, {"type": "Feature", "geometry": {"type": "Point", "coordinates": [2.161649, 41.38465]}, "properties": {"codi": "0169526AR", "species": "Platanus \u00d7 acerifolia", "address": "G.V. Corts Catalanes, 569", "categoria_arbrat": "EXEMPLAR", "emission_weight": 1.0, "source": "ajuntament-arbrat-viari"}}, {"type": "Feature", "geometry": {"type": "Point", "coordinates": [2.159443, 41.383259]}, "properties": {"codi": "0169527AR", "species": "Platanus \u00d7 acerifolia", "address": "C\\ Villarroel, 58", "categoria_arbrat": "EXEMPLAR", "emission_weight": 1.0, "source": "ajuntament-arbrat-viari"}}, {"type": "Feature", "geometry": {"type": "Point", "coordinates": [2.153112, 41.394758]}, "properties": {"codi": "0169530AR", "species": "Platanus \u00d7 acerifolia", "address": "Av Diagonal, 423", "categoria_arbrat": "SEGONA", "emission_weight": 0.65, "source": "ajuntament-arbrat-viari"}}, {"type": "Feature", "geometry": {"type": "Point", "coordinates": [2.155932, 41.386142]}, "properties": {"codi": "0169535AR", "species": "Platanus \u00d7 acerifolia", "address": "Av Roma, 133", "categoria_arbrat": "EXEMPLAR", "emission_weight": 1.0, "source": "ajuntament-arbrat-viari"}}, {"type": "Feature", "geometry": {"type": "Point", "coordinates": [2.155931, 41.384231]}, "properties": {"codi": "0169537AR", "species": "Platanus \u00d7 acerifolia", "address": "C\\ Comte d'Urgell, 112", "categoria_arbrat": "SEGONA", "emission_weight": 0.65, "source": "ajuntament-arbrat-viari"}}, {"type": "Feature", "geometry": {"type": "Point", "coordinates": [2.150994, 41.391343]}, "properties": {"codi": "0169538AR", "species": "Platanus \u00d7 acerifolia", "address": "C\\ Casanova, 180", "categoria_arbrat": "EXEMPLAR", "emission_weight": 1.0, "source": "ajuntament-arbrat-viari"}}, {"type": "Feature", "geometry": {"type": "Point", "coordinates": [2.158248, 41.39235]}, "properties": {"codi": "0169539AR", "species": "Platanus \u00d7 acerifolia", "address": "C\\ Proven\u00e7a, 211", "categoria_arbrat": "EXEMPLAR", "emission_weight": 1.0, "source": "ajuntament-arbrat-viari"}}, {"type": "Feature", "geometry": {"type": "Point", "coordinates": [2.15465, 41.38795]}, "properties": {"codi": "0169542AR", "species": "Platanus \u00d7 acerifolia", "address": "C\\ Mallorca, 147", "categoria_arbrat": "SEGONA", "emission_weight": 0.65, "source": "ajuntament-arbrat-viari"}}, {"type": "Feature", "geometry": {"type": "Point", "coordinates": [2.159355, 41.384755]}, "properties": {"codi": "0169543AR", "species": "Platanus \u00d7 acerifolia", "address": "C\\ Diputaci\u00f3, 167", "categoria_arbrat": "EXEMPLAR", "emission_weight": 1.0, "source": "ajuntament-arbrat-viari"}}, {"type": "Feature", "geometry": {"type": "Point", "coordinates": [2.152488, 41.393641]}, "properties": {"codi": "0169544AR", "species": "Platanus \u00d7 acerifolia", "address": "C\\ Aribau, 188", "categoria_arbrat": "EXEMPLAR", "emission_weight": 1.0, "source": "ajuntament-arbrat-viari"}}, {"type": "Feature", "geometry": {"type": "Point", "coordinates": [2.149481, 41.392642]}, "properties": {"codi": "0169545AR", "species": "Platanus \u00d7 acerifolia", "address": "C\\ Londres, 75", "categoria_arbrat": "EXEMPLAR", "emission_weight": 1.0, "source": "ajuntament-arbrat-viari"}}, {"type": "Feature", "geometry": {"type": "Point", "coordinates": [2.158416, 41.385464]}, "properties": {"codi": "0169549AR", "species": "Platanus \u00d7 acerifolia", "address": "C\\ Consell de Cent, 212", "categoria_arbrat": "EXEMPLAR", "emission_weight": 1.0, "source": "ajuntament-arbrat-viari"}}, {"type": "Feature", "geometry": {"type": "Point", "coordinates": [2.149126, 41.392621]}, "properties": {"codi": "0169551AR", "species": "Platanus \u00d7 acerifolia", "address": "C\\ Casanova, 189", "categoria_arbrat": "TERCERA", "emission_weight": 0.45, "source": "ajuntament-arbrat-viari"}}, {"type": "Feature", "geometry": {"type": "Point", "coordinates": [2.160928, 41.385865]}, "properties": {"codi": "0169561AR", "species": "Platanus \u00d7 acerifolia", "address": "C\\ Diputaci\u00f3, 191", "categoria_arbrat": "EXEMPLAR", "emission_weight": 1.0, "source": "ajuntament-arbrat-viari"}}, {"type": "Feature", "geometry": {"type": "Point", "coordinates": [2.158336, 41.392273]}, "properties": {"codi": "0169564AR", "species": "Platanus \u00d7 acerifolia", "address": "C\\ Proven\u00e7a, 248", "categoria_arbrat": "EXEMPLAR", "emission_weight": 1.0, "source": "ajuntament-arbrat-viari"}}, {"type": "Feature", "geometry": {"type": "Point", "coordinates": [2.157072, 41.387919]}, "properties": {"codi": "0169565AR", "species": "Platanus \u00d7 acerifolia", "address": "C\\ Val\u00e8ncia, 188", "categoria_arbrat": "TERCERA", "emission_weight": 0.45, "source": "ajuntament-arbrat-viari"}}, {"type": "Feature", "geometry": {"type": "Point", "coordinates": [2.156905, 41.3903]}, "properties": {"codi": "0169570AR", "species": "Platanus \u00d7 acerifolia", "address": "C\\ Aribau, 104", "categoria_arbrat": "EXEMPLAR", "emission_weight": 1.0, "source": "ajuntament-arbrat-viari"}}, {"type": "Feature", "geometry": {"type": "Point", "coordinates": [2.154712, 41.391401]}, "properties": {"codi": "0169574AR", "species": "Platanus \u00d7 acerifolia", "address": "C\\ Rossell\u00f3, 185", "categoria_arbrat": "TERCERA", "emission_weight": 0.45, "source": "ajuntament-arbrat-viari"}}, {"type": "Feature", "geometry": {"type": "Point", "coordinates": [2.150918, 41.393113]}, "properties": {"codi": "0169575AR", "species": "Platanus \u00d7 acerifolia", "address": "C\\ Muntaner, 206", "categoria_arbrat": "SEGONA", "emission_weight": 0.65, "source": "ajuntament-arbrat-viari"}}, {"type": "Feature", "geometry": {"type": "Point", "coordinates": [2.158258, 41.385421]}, "properties": {"codi": "0169576AR", "species": "Platanus \u00d7 acerifolia", "address": "C\\ Consell de Cent, 212", "categoria_arbrat": "EXEMPLAR", "emission_weight": 1.0, "source": "ajuntament-arbrat-viari"}}, {"type": "Feature", "geometry": {"type": "Point", "coordinates": [2.149208, 41.390524]}, "properties": {"codi": "0169577AR", "species": "Platanus \u00d7 acerifolia", "address": "C\\ Par\u00eds, 128", "categoria_arbrat": "TERCERA", "emission_weight": 0.45, "source": "ajuntament-arbrat-viari"}}, {"type": "Feature", "geometry": {"type": "Point", "coordinates": [2.15771, 41.390107]}, "properties": {"codi": "0169578AR", "species": "Platanus \u00d7 acerifolia", "address": "C\\ Mallorca, 196", "categoria_arbrat": "SEGONA", "emission_weight": 0.65, "source": "ajuntament-arbrat-viari"}}, {"type": "Feature", "geometry": {"type": "Point", "coordinates": [2.154209, 41.390629]}, "properties": {"codi": "0169582AR", "species": "Platanus \u00d7 acerifolia", "address": "C\\ Rossell\u00f3, 144", "categoria_arbrat": "EXEMPLAR", "emission_weight": 1.0, "source": "ajuntament-arbrat-viari"}}, {"type": "Feature", "geometry": {"type": "Point", "coordinates": [2.15192, 41.392493]}, "properties": {"codi": "0169583AR", "species": "Platanus \u00d7 acerifolia", "address": "C\\ Par\u00eds, 166", "categoria_arbrat": "SEGONA", "emission_weight": 0.65, "source": "ajuntament-arbrat-viari"}}, {"type": "Feature", "geometry": {"type": "Point", "coordinates": [2.154772, 41.390205]}, "properties": {"codi": "0169586AR", "species": "Platanus \u00d7 acerifolia", "address": "C\\ Muntaner, 140", "categoria_arbrat": "TERCERA", "emission_weight": 0.45, "source": "ajuntament-arbrat-viari"}}, {"type": "Feature", "geometry": {"type": "Point", "coordinates": [2.15201, 41.388868]}, "properties": {"codi": "0169591AR", "species": "Platanus \u00d7 acerifolia", "address": "C\\ Villarroel, 168", "categoria_arbrat": "EXEMPLAR", "emission_weight": 1.0, "source": "ajuntament-arbrat-viari"}}, {"type": "Feature", "geometry": {"type": "Point", "coordinates": [2.161435, 41.386103]}, "properties": {"codi": "0169592AR", "species": "Platanus \u00d7 acerifolia", "address": "C\\ Diputaci\u00f3, 216", "categoria_arbrat": "TERCERA", "emission_weight": 0.45, "source": "ajuntament-arbrat-viari"}}, {"type": "Feature", "geometry": {"type": "Point", "coordinates": [2.156937, 41.383475]}, "properties": {"codi": "0169593AR", "species": "Platanus \u00d7 acerifolia", "address": "C\\ Comte d'Urgell, 94", "categoria_arbrat": "SEGONA", "emission_weight": 0.65, "source": "ajuntament-arbrat-viari"}}, {"type": "Feature", "geometry": {"type": "Point", "coordinates": [2.150183, 41.39311]}, "properties": {"codi": "0169594AR", "species": "Platanus \u00d7 acerifolia", "address": "C\\ Londres, 95", "categoria_arbrat": "EXEMPLAR", "emission_weight": 1.0, "source": "ajuntament-arbrat-viari"}}, {"type": "Feature", "geometry": {"type": "Point", "coordinates": [2.156842, 41.384485]}, "properties": {"codi": "0169596AR", "species": "Platanus \u00d7 acerifolia", "address": "C\\ Consell de Cent, 205", "categoria_arbrat": "EXEMPLAR", "emission_weight": 1.0, "source": "ajuntament-arbrat-viari"}}, {"type": "Feature", "geometry": {"type": "Point", "coordinates": [2.151045, 41.389597]}, "properties": {"codi": "0169597AR", "species": "Platanus \u00d7 acerifolia", "address": "C\\ Villarroel, 168", "categoria_arbrat": "EXEMPLAR", "emission_weight": 1.0, "source": "ajuntament-arbrat-viari"}}, {"type": "Feature", "geometry": {"type": "Point", "coordinates": [2.150695, 41.391432]}, "properties": {"codi": "0169599AR", "species": "Platanus \u00d7 acerifolia", "address": "C\\ Par\u00eds, 146", "categoria_arbrat": "TERCERA", "emission_weight": 0.45, "source": "ajuntament-arbrat-viari"}}, {"type": "Feature", "geometry": {"type": "Point", "coordinates": [2.160882, 41.383983]}, "properties": {"codi": "0169600AR", "species": "Platanus \u00d7 acerifolia", "address": "G.V. Corts Catalanes, 562", "categoria_arbrat": "SEGONA", "emission_weight": 0.65, "source": "ajuntament-arbrat-viari"}}, {"type": "Feature", "geometry": {"type": "Point", "coordinates": [2.158967, 41.385327]}, "properties": {"codi": "0169601AR", "species": "Platanus \u00d7 acerifolia", "address": "C\\ Casanova, 66", "categoria_arbrat": "EXEMPLAR", "emission_weight": 1.0, "source": "ajuntament-arbrat-viari"}}, {"type": "Feature", "geometry": {"type": "Point", "coordinates": [2.156598, 41.385394]}, "properties": {"codi": "0169604AR", "species": "Platanus \u00d7 acerifolia", "address": "C\\ Villarroel, 108", "categoria_arbrat": "TERCERA", "emission_weight": 0.45, "source": "ajuntament-arbrat-viari"}}, {"type": "Feature", "geometry": {"type": "Point", "coordinates": [2.161581, 41.384506]}, "properties": {"codi": "0169608AR", "species": "Platanus \u00d7 acerifolia", "address": "G.V. Corts Catalanes, 567", "categoria_arbrat": "SEGONA", "emission_weight": 0.65, "source": "ajuntament-arbrat-viari"}}, {"type": "Feature", "geometry": {"type": "Point", "coordinates": [2.150796, 41.388177]}, "properties": {"codi": "0169609AR", "species": "Platanus \u00d7 acerifolia", "address": "C\\ Rossell\u00f3, 108", "categoria_arbrat": "EXEMPLAR", "emission_weight": 1.0, "source": "ajuntament-arbrat-viari"}}, {"type": "Feature", "geometry": {"type": "Point", "coordinates": [2.156064, 41.388864]}, "properties": {"codi": "0169610AR", "species": "Platanus \u00d7 acerifolia", "address": "C\\ Mallorca, 176", "categoria_arbrat": "EXEMPLAR", "emission_weight": 1.0, "source": "ajuntament-arbrat-viari"}}, {"type": "Feature", "geometry": {"type": "Point", "coordinates": [2.157876, 41.392075]}, "properties": {"codi": "0169612AR", "species": "Platanus \u00d7 acerifolia", "address": "C\\ Proven\u00e7a, 203", "categoria_arbrat": "EXEMPLAR", "emission_weight": 1.0, "source": "ajuntament-arbrat-viari"}}, {"type": "Feature", "geometry": {"type": "Point", "coordinates": [2.158582, 41.382252]}, "properties": {"codi": "0169613AR", "species": "Platanus \u00d7 acerifolia", "address": "G.V. Corts Catalanes, 525", "categoria_arbrat": "SEGONA", "emission_weight": 0.65, "source": "ajuntament-arbrat-viari"}}, {"type": "Feature", "geometry": {"type": "Point", "coordinates": [2.153626, 41.392631]}, "properties": {"codi": "0169618AR", "species": "Platanus \u00d7 acerifolia", "address": "C\\ Aribau, 151", "categoria_arbrat": "EXEMPLAR", "emission_weight": 1.0, "source": "ajuntament-arbrat-viari"}}, {"type": "Feature", "geometry": {"type": "Point", "coordinates": [2.155793, 41.388663]}, "properties": {"codi": "0169619AR", "species": "Platanus \u00d7 acerifolia", "address": "C\\ Mallorca, 170", "categoria_arbrat": "SEGONA", "emission_weight": 0.65, "source": "ajuntament-arbrat-viari"}}, {"type": "Feature", "geometry": {"type": "Point", "coordinates": [2.159888, 41.386336]}, "properties": {"codi": "0169621AR", "species": "Platanus \u00d7 acerifolia", "address": "C\\ Muntaner, 54", "categoria_arbrat": "EXEMPLAR", "emission_weight": 1.0, "source": "ajuntament-arbrat-viari"}}, {"type": "Feature", "geometry": {"type": "Point", "coordinates": [2.15842, 41.389223]}, "properties": {"codi": "0169623AR", "species": "Platanus \u00d7 acerifolia", "address": "C\\ Val\u00e8ncia, 185", "categoria_arbrat": "EXEMPLAR", "emission_weight": 1.0, "source": "ajuntament-arbrat-viari"}}, {"type": "Feature", "geometry": {"type": "Point", "coordinates": [2.158587, 41.384106]}, "properties": {"codi": "0169625AR", "species": "Platanus \u00d7 acerifolia", "address": "C\\ Diputaci\u00f3, 157", "categoria_arbrat": "EXEMPLAR", "emission_weight": 1.0, "source": "ajuntament-arbrat-viari"}}, {"type": "Feature", "geometry": {"type": "Point", "coordinates": [2.162113, 41.384901]}, "properties": {"codi": "0169627AR", "species": "Platanus \u00d7 acerifolia", "address": "G.V. Corts Catalanes, 571", "categoria_arbrat": "SEGONA", "emission_weight": 0.65, "source": "ajuntament-arbrat-viari"}}, {"type": "Feature", "geometry": {"type": "Point", "coordinates": [2.160982, 41.387614]}, "properties": {"codi": "0169629AR", "species": "Platanus \u00d7 acerifolia", "address": "C\\ Consell de Cent, 273", "categoria_arbrat": "EXEMPLAR", "emission_weight": 1.0, "source": "ajuntament-arbrat-viari"}}, {"type": "Feature", "geometry": {"type": "Point", "coordinates": [2.150183, 41.391819]}, "properties": {"codi": "0169631AR", "species": "Platanus \u00d7 acerifolia", "address": "C\\ Casanova, 167", "categoria_arbrat": "EXEMPLAR", "emission_weight": 1.0, "source": "ajuntament-arbrat-viari"}}, {"type": "Feature", "geometry": {"type": "Point", "coordinates": [2.152481, 41.393131]}, "properties": {"codi": "0169632AR", "species": "Platanus \u00d7 acerifolia", "address": "C\\ Par\u00eds, 183", "categoria_arbrat": "SEGONA", "emission_weight": 0.65, "source": "ajuntament-arbrat-viari"}}, {"type": "Feature", "geometry": {"type": "Point", "coordinates": [2.153145, 41.393145]}, "properties": {"codi": "0169637AR", "species": "Platanus \u00d7 acerifolia", "address": "C\\ Aribau, 178", "categoria_arbrat": "EXEMPLAR", "emission_weight": 1.0, "source": "ajuntament-arbrat-viari"}}, {"type": "Feature", "geometry": {"type": "Point", "coordinates": [2.162473, 41.388594]}, "properties": {"codi": "0169639AR", "species": "Platanus \u00d7 acerifolia", "address": "C\\ Consell de Cent, 272", "categoria_arbrat": "SEGONA", "emission_weight": 0.65, "source": "ajuntament-arbrat-viari"}}, {"type": "Feature", "geometry": {"type": "Point", "coordinates": [2.152259, 41.394538]}, "properties": {"codi": "0169641AR", "species": "Platanus \u00d7 acerifolia", "address": "Av Diagonal, 431", "categoria_arbrat": "TERCERA", "emission_weight": 0.45, "source": "ajuntament-arbrat-viari"}}, {"type": "Feature", "geometry": {"type": "Point", "coordinates": [2.155308, 41.388297]}, "properties": {"codi": "0169642AR", "species": "Platanus \u00d7 acerifolia", "address": "C\\ Mallorca, 160", "categoria_arbrat": "EXEMPLAR", "emission_weight": 1.0, "source": "ajuntament-arbrat-viari"}}, {"type": "Feature", "geometry": {"type": "Point", "coordinates": [2.157394, 41.391776]}, "properties": {"codi": "0169646AR", "species": "Platanus \u00d7 acerifolia", "address": "C\\ Proven\u00e7a, 195", "categoria_arbrat": "EXEMPLAR", "emission_weight": 1.0, "source": "ajuntament-arbrat-viari"}}, {"type": "Feature", "geometry": {"type": "Point", "coordinates": [2.15194, 41.38892]}, "properties": {"codi": "0169648AR", "species": "Platanus \u00d7 acerifolia", "address": "C\\ Villarroel, 168", "categoria_arbrat": "EXEMPLAR", "emission_weight": 1.0, "source": "ajuntament-arbrat-viari"}}, {"type": "Feature", "geometry": {"type": "Point", "coordinates": [2.151237, 41.3939]}, "properties": {"codi": "0169649AR", "species": "Platanus \u00d7 acerifolia", "address": "C\\ Londres, 109", "categoria_arbrat": "EXEMPLAR", "emission_weight": 1.0, "source": "ajuntament-arbrat-viari"}}, {"type": "Feature", "geometry": {"type": "Point", "coordinates": [2.158831, 41.385429]}, "properties": {"codi": "0169651AR", "species": "Platanus \u00d7 acerifolia", "address": "C\\ Casanova, 72", "categoria_arbrat": "EXEMPLAR", "emission_weight": 1.0, "source": "ajuntament-arbrat-viari"}}, {"type": "Feature", "geometry": {"type": "Point", "coordinates": [2.149984, 41.393819]}, "properties": {"codi": "0169660AR", "species": "Platanus \u00d7 acerifolia", "address": "C\\ Muntaner, 216", "categoria_arbrat": "EXEMPLAR", "emission_weight": 1.0, "source": "ajuntament-arbrat-viari"}}, {"type": "Feature", "geometry": {"type": "Point", "coordinates": [2.150342, 41.391842]}, "properties": {"codi": "0169663AR", "species": "Platanus \u00d7 acerifolia", "address": "C\\ Casanova, 198", "categoria_arbrat": "TERCERA", "emission_weight": 0.45, "source": "ajuntament-arbrat-viari"}}, {"type": "Feature", "geometry": {"type": "Point", "coordinates": [2.151486, 41.387585]}, "properties": {"codi": "0169665AR", "species": "Platanus \u00d7 acerifolia", "address": "C\\ Comte d'Urgell, 184", "categoria_arbrat": "EXEMPLAR", "emission_weight": 1.0, "source": "ajuntament-arbrat-viari"}}, {"type": "Feature", "geometry": {"type": "Point", "coordinates": [2.157809, 41.384489]}, "properties": {"codi": "0169666AR", "species": "Platanus \u00d7 acerifolia", "address": "C\\ Villarroel, 88", "categoria_arbrat": "SEGONA", "emission_weight": 0.65, "source": "ajuntament-arbrat-viari"}}, {"type": "Feature", "geometry": {"type": "Point", "coordinates": [2.156435, 41.392229]}, "properties": {"codi": "0169668AR", "species": "Platanus \u00d7 acerifolia", "address": "C\\ Enric Granados, 91", "categoria_arbrat": "EXEMPLAR", "emission_weight": 1.0, "source": "ajuntament-arbrat-viari"}}, {"type": "Feature", "geometry": {"type": "Point", "coordinates": [2.149135, 41.389356]}, "properties": {"codi": "0169669AR", "species": "Platanus \u00d7 acerifolia", "address": "C\\ Comte d'Urgell, 228", "categoria_arbrat": "SEGONA", "emission_weight": 0.65, "source": "ajuntament-arbrat-viari"}}, {"type": "Feature", "geometry": {"type": "Point", "coordinates": [2.162716, 41.385358]}, "properties": {"codi": "0169671AR", "species": "Platanus \u00d7 acerifolia", "address": "G.V. Corts Catalanes, 581", "categoria_arbrat": "EXEMPLAR", "emission_weight": 1.0, "source": "ajuntament-arbrat-viari"}}, {"type": "Feature", "geometry": {"type": "Point", "coordinates": [2.15969, 41.383089]}, "properties": {"codi": "0169672AR", "species": "Platanus \u00d7 acerifolia", "address": "G.V. Corts Catalanes, 539", "categoria_arbrat": "PRIMERA", "emission_weight": 0.85, "source": "ajuntament-arbrat-viari"}}, {"type": "Feature", "geometry": {"type": "Point", "coordinates": [2.153432, 41.393851]}, "properties": {"codi": "0169677AR", "species": "Platanus \u00d7 acerifolia", "address": "C\\ Par\u00eds, 201", "categoria_arbrat": "EXEMPLAR", "emission_weight": 1.0, "source": "ajuntament-arbrat-viari"}}, {"type": "Feature", "geometry": {"type": "Point", "coordinates": [2.149189, 41.389313]}, "properties": {"codi": "0169680AR", "species": "Platanus \u00d7 acerifolia", "address": "C\\ Comte d'Urgell, 224", "categoria_arbrat": "SEGONA", "emission_weight": 0.65, "source": "ajuntament-arbrat-viari"}}, {"type": "Feature", "geometry": {"type": "Point", "coordinates": [2.15851, 41.389222]}, "properties": {"codi": "0169681AR", "species": "Platanus \u00d7 acerifolia", "address": "C\\ Val\u00e8ncia, 185", "categoria_arbrat": "EXEMPLAR", "emission_weight": 1.0, "source": "ajuntament-arbrat-viari"}}, {"type": "Feature", "geometry": {"type": "Point", "coordinates": [2.158509, 41.385463]}, "properties": {"codi": "0169682AR", "species": "Platanus \u00d7 acerifolia", "address": "C\\ Consell de Cent, 212", "categoria_arbrat": "EXEMPLAR", "emission_weight": 1.0, "source": "ajuntament-arbrat-viari"}}, {"type": "Feature", "geometry": {"type": "Point", "coordinates": [2.156661, 41.392043]}, "properties": {"codi": "0169684AR", "species": "Platanus \u00d7 acerifolia", "address": "C\\ Enric Granados, 87", "categoria_arbrat": "TERCERA", "emission_weight": 0.45, "source": "ajuntament-arbrat-viari"}}, {"type": "Feature", "geometry": {"type": "Point", "coordinates": [2.15819, 41.390473]}, "properties": {"codi": "0169688AR", "species": "Platanus \u00d7 acerifolia", "address": "C\\ Mallorca, 204", "categoria_arbrat": "EXEMPLAR", "emission_weight": 1.0, "source": "ajuntament-arbrat-viari"}}, {"type": "Feature", "geometry": {"type": "Point", "coordinates": [2.151101, 41.390391]}, "properties": {"codi": "0169690AR", "species": "Platanus \u00d7 acerifolia", "address": "C\\ C\u00f2rsega, 195", "categoria_arbrat": "EXEMPLAR", "emission_weight": 1.0, "source": "ajuntament-arbrat-viari"}}, {"type": "Feature", "geometry": {"type": "Point", "coordinates": [2.157128, 41.388424]}, "properties": {"codi": "0169692AR", "species": "Platanus \u00d7 acerifolia", "address": "C\\ Muntaner, 94", "categoria_arbrat": "SEGONA", "emission_weight": 0.65, "source": "ajuntament-arbrat-viari"}}, {"type": "Feature", "geometry": {"type": "Point", "coordinates": [2.15922, 41.386693]}, "properties": {"codi": "0169693AR", "species": "Platanus \u00d7 acerifolia", "address": "C\\ Muntaner, 63", "categoria_arbrat": "EXEMPLAR", "emission_weight": 1.0, "source": "ajuntament-arbrat-viari"}}, {"type": "Feature", "geometry": {"type": "Point", "coordinates": [2.157646, 41.391444]}, "properties": {"codi": "0169696AR", "species": "Platanus \u00d7 acerifolia", "address": "C\\ Enric Granados, 56", "categoria_arbrat": "EXEMPLAR", "emission_weight": 1.0, "source": "ajuntament-arbrat-viari"}}, {"type": "Feature", "geometry": {"type": "Point", "coordinates": [2.156437, 41.389015]}, "properties": {"codi": "0169697AR", "species": "Platanus \u00d7 acerifolia", "address": "C\\ Mallorca, 178", "categoria_arbrat": "EXEMPLAR", "emission_weight": 1.0, "source": "ajuntament-arbrat-viari"}}, {"type": "Feature", "geometry": {"type": "Point", "coordinates": [2.156536, 41.392138]}, "properties": {"codi": "0169702AR", "species": "Platanus \u00d7 acerifolia", "address": "C\\ Enric Granados, 89", "categoria_arbrat": "TERCERA", "emission_weight": 0.45, "source": "ajuntament-arbrat-viari"}}, {"type": "Feature", "geometry": {"type": "Point", "coordinates": [2.161074, 41.385975]}, "properties": {"codi": "0169704AR", "species": "Platanus \u00d7 acerifolia", "address": "C\\ Diputaci\u00f3, 195", "categoria_arbrat": "EXEMPLAR", "emission_weight": 1.0, "source": "ajuntament-arbrat-viari"}}, {"type": "Feature", "geometry": {"type": "Point", "coordinates": [2.157999, 41.392167]}, "properties": {"codi": "0169711AR", "species": "Platanus \u00d7 acerifolia", "address": "C\\ Proven\u00e7a, 207", "categoria_arbrat": "EXEMPLAR", "emission_weight": 1.0, "source": "ajuntament-arbrat-viari"}}, {"type": "Feature", "geometry": {"type": "Point", "coordinates": [2.157578, 41.391564]}, "properties": {"codi": "0169712AR", "species": "Platanus \u00d7 acerifolia", "address": "C\\ Proven\u00e7a, 236", "categoria_arbrat": "EXEMPLAR", "emission_weight": 1.0, "source": "ajuntament-arbrat-viari"}}, {"type": "Feature", "geometry": {"type": "Point", "coordinates": [2.164709, 41.38685]}, "properties": {"codi": "0169715AR", "species": "Platanus \u00d7 acerifolia", "address": "G.V. Corts Catalanes, 585", "categoria_arbrat": "EXEMPLAR", "emission_weight": 1.0, "source": "ajuntament-arbrat-viari"}}, {"type": "Feature", "geometry": {"type": "Point", "coordinates": [2.161615, 41.388234]}, "properties": {"codi": "0169723AR", "species": "Platanus \u00d7 acerifolia", "address": "C\\ Consell de Cent, 289", "categoria_arbrat": "TERCERA", "emission_weight": 0.45, "source": "ajuntament-arbrat-viari"}}, {"type": "Feature", "geometry": {"type": "Point", "coordinates": [2.160282, 41.384337]}, "properties": {"codi": "0169724AR", "species": "Platanus \u00d7 acerifolia", "address": "C\\ Casanova, 44", "categoria_arbrat": "EXEMPLAR", "emission_weight": 1.0, "source": "ajuntament-arbrat-viari"}}, {"type": "Feature", "geometry": {"type": "Point", "coordinates": [2.160451, 41.383747]}, "properties": {"codi": "0169729AR", "species": "Platanus \u00d7 acerifolia", "address": "G.V. Corts Catalanes, 553", "categoria_arbrat": "EXEMPLAR", "emission_weight": 1.0, "source": "ajuntament-arbrat-viari"}}, {"type": "Feature", "geometry": {"type": "Point", "coordinates": [2.155736, 41.389474]}, "properties": {"codi": "0169732AR", "species": "Platanus \u00d7 acerifolia", "address": "C\\ Muntaner, 118", "categoria_arbrat": "EXEMPLAR", "emission_weight": 1.0, "source": "ajuntament-arbrat-viari"}}, {"type": "Feature", "geometry": {"type": "Point", "coordinates": [2.159033, 41.389544]}, "properties": {"codi": "0169733AR", "species": "Platanus \u00d7 acerifolia", "address": "C\\ Val\u00e8ncia, 195", "categoria_arbrat": "EXEMPLAR", "emission_weight": 1.0, "source": "ajuntament-arbrat-viari"}}, {"type": "Feature", "geometry": {"type": "Point", "coordinates": [2.163285, 41.385878]}, "properties": {"codi": "0169734AR", "species": "Platanus \u00d7 acerifolia", "address": "G.V. Corts Catalanes, 585", "categoria_arbrat": "TERCERA", "emission_weight": 0.45, "source": "ajuntament-arbrat-viari"}}, {"type": "Feature", "geometry": {"type": "Point", "coordinates": [2.153639, 41.392301]}, "properties": {"codi": "0169736AR", "species": "Platanus \u00d7 acerifolia", "address": "C\\ C\u00f2rsega, 241", "categoria_arbrat": "SEGONA", "emission_weight": 0.65, "source": "ajuntament-arbrat-viari"}}, {"type": "Feature", "geometry": {"type": "Point", "coordinates": [2.154525, 41.38697]}, "properties": {"codi": "0169741AR", "species": "Platanus \u00d7 acerifolia", "address": "C\\ Villarroel, 140", "categoria_arbrat": "TERCERA", "emission_weight": 0.45, "source": "ajuntament-arbrat-viari"}}, {"type": "Feature", "geometry": {"type": "Point", "coordinates": [2.162754, 41.385732]}, "properties": {"codi": "0169742AR", "species": "Platanus \u00d7 acerifolia", "address": "C\\ Aribau, 1", "categoria_arbrat": "EXEMPLAR", "emission_weight": 1.0, "source": "ajuntament-arbrat-viari"}}, {"type": "Feature", "geometry": {"type": "Point", "coordinates": [2.163627, 41.387748]}, "properties": {"codi": "0169743AR", "species": "Platanus \u00d7 acerifolia", "address": "C\\ Diputaci\u00f3, 226", "categoria_arbrat": "EXEMPLAR", "emission_weight": 1.0, "source": "ajuntament-arbrat-viari"}}, {"type": "Feature", "geometry": {"type": "Point", "coordinates": [2.149602, 41.393862]}, "properties": {"codi": "0169745AR", "species": "Platanus \u00d7 acerifolia", "address": "Av Diagonal, 441", "categoria_arbrat": "EXEMPLAR", "emission_weight": 1.0, "source": "ajuntament-arbrat-viari"}}, {"type": "Feature", "geometry": {"type": "Point", "coordinates": [2.164649, 41.386906]}, "properties": {"codi": "0169754AR", "species": "Platanus \u00d7 acerifolia", "address": "G.V. Corts Catalanes, 585", "categoria_arbrat": "EXEMPLAR", "emission_weight": 1.0, "source": "ajuntament-arbrat-viari"}}, {"type": "Feature", "geometry": {"type": "Point", "coordinates": [2.161916, 41.384853]}, "properties": {"codi": "0169761AR", "species": "Platanus \u00d7 acerifolia", "address": "C\\ Muntaner, 18", "categoria_arbrat": "SEGONA", "emission_weight": 0.65, "source": "ajuntament-arbrat-viari"}}, {"type": "Feature", "geometry": {"type": "Point", "coordinates": [2.15598, 41.392559]}, "properties": {"codi": "0169762AR", "species": "Platanus \u00d7 acerifolia", "address": "C\\ Rossell\u00f3, 201", "categoria_arbrat": "EXEMPLAR", "emission_weight": 1.0, "source": "ajuntament-arbrat-viari"}}, {"type": "Feature", "geometry": {"type": "Point", "coordinates": [2.154698, 41.395164]}, "properties": {"codi": "0169763AR", "species": "Platanus \u00d7 acerifolia", "address": "Av Diagonal, 409", "categoria_arbrat": "EXEMPLAR", "emission_weight": 1.0, "source": "ajuntament-arbrat-viari"}}, {"type": "Feature", "geometry": {"type": "Point", "coordinates": [2.161151, 41.385384]}, "properties": {"codi": "0169766AR", "species": "Platanus \u00d7 acerifolia", "address": "C\\ Muntaner, 28", "categoria_arbrat": "SEGONA", "emission_weight": 0.65, "source": "ajuntament-arbrat-viari"}}, {"type": "Feature", "geometry": {"type": "Point", "coordinates": [2.160516, 41.384007]}, "properties": {"codi": "0169774AR", "species": "Platanus \u00d7 acerifolia", "address": "C\\ Casanova, 35", "categoria_arbrat": "EXEMPLAR", "emission_weight": 1.0, "source": "ajuntament-arbrat-viari"}}, {"type": "Feature", "geometry": {"type": "Point", "coordinates": [2.16425, 41.386604]}, "properties": {"codi": "0169775AR", "species": "Platanus \u00d7 acerifolia", "address": "G.V. Corts Catalanes, 585", "categoria_arbrat": "EXEMPLAR", "emission_weight": 1.0, "source": "ajuntament-arbrat-viari"}}, {"type": "Feature", "geometry": {"type": "Point", "coordinates": [2.15813, 41.389382]}, "properties": {"codi": "0169778AR", "species": "Platanus \u00d7 acerifolia", "address": "C\\ Aribau, 76", "categoria_arbrat": "EXEMPLAR", "emission_weight": 1.0, "source": "ajuntament-arbrat-viari"}}, {"type": "Feature", "geometry": {"type": "Point", "coordinates": [2.158085, 41.384126]}, "properties": {"codi": "0169786AR", "species": "Platanus \u00d7 acerifolia", "address": "C\\ Villarroel, 75", "categoria_arbrat": "TERCERA", "emission_weight": 0.45, "source": "ajuntament-arbrat-viari"}}, {"type": "Feature", "geometry": {"type": "Point", "coordinates": [2.16178, 41.384656]}, "properties": {"codi": "0169788AR", "species": "Platanus \u00d7 acerifolia", "address": "G.V. Corts Catalanes, 569", "categoria_arbrat": "TERCERA", "emission_weight": 0.45, "source": "ajuntament-arbrat-viari"}}, {"type": "Feature", "geometry": {"type": "Point", "coordinates": [2.157743, 41.391975]}, "properties": {"codi": "0169790AR", "species": "Platanus \u00d7 acerifolia", "address": "C\\ Proven\u00e7a, 201", "categoria_arbrat": "SEGONA", "emission_weight": 0.65, "source": "ajuntament-arbrat-viari"}}, {"type": "Feature", "geometry": {"type": "Point", "coordinates": [2.161652, 41.388416]}, "properties": {"codi": "0169792AR", "species": "Platanus \u00d7 acerifolia", "address": "C\\ Enric Granados, 4", "categoria_arbrat": "EXEMPLAR", "emission_weight": 1.0, "source": "ajuntament-arbrat-viari"}}, {"type": "Feature", "geometry": {"type": "Point", "coordinates": [2.158514, 41.390575]}, "properties": {"codi": "0169795AR", "species": "Platanus \u00d7 acerifolia", "address": "C\\ Mallorca, 208", "categoria_arbrat": "EXEMPLAR", "emission_weight": 1.0, "source": "ajuntament-arbrat-viari"}}, {"type": "Feature", "geometry": {"type": "Point", "coordinates": [2.157971, 41.392003]}, "properties": {"codi": "0169804AR", "species": "Platanus \u00d7 acerifolia", "address": "C\\ Proven\u00e7a, 244", "categoria_arbrat": "EXEMPLAR", "emission_weight": 1.0, "source": "ajuntament-arbrat-viari"}}, {"type": "Feature", "geometry": {"type": "Point", "coordinates": [2.152406, 41.388561]}, "properties": {"codi": "0169805AR", "species": "Platanus \u00d7 acerifolia", "address": "C\\ Villarroel, 168", "categoria_arbrat": "EXEMPLAR", "emission_weight": 1.0, "source": "ajuntament-arbrat-viari"}}, {"type": "Feature", "geometry": {"type": "Point", "coordinates": [2.157985, 41.382681]}, "properties": {"codi": "0169808AR", "species": "Platanus \u00d7 acerifolia", "address": "C\\ Comte d'Urgell, 74", "categoria_arbrat": "EXEMPLAR", "emission_weight": 1.0, "source": "ajuntament-arbrat-viari"}}, {"type": "Feature", "geometry": {"type": "Point", "coordinates": [2.1525, 41.388046]}, "properties": {"codi": "0169809AR", "species": "Platanus \u00d7 acerifolia", "address": "C\\ Proven\u00e7a, 137", "categoria_arbrat": "EXEMPLAR", "emission_weight": 1.0, "source": "ajuntament-arbrat-viari"}}, {"type": "Feature", "geometry": {"type": "Point", "coordinates": [2.156076, 41.390929]}, "properties": {"codi": "0169818AR", "species": "Platanus \u00d7 acerifolia", "address": "C\\ Proven\u00e7a, 179", "categoria_arbrat": "TERCERA", "emission_weight": 0.45, "source": "ajuntament-arbrat-viari"}}, {"type": "Feature", "geometry": {"type": "Point", "coordinates": [2.149702, 41.392747]}, "properties": {"codi": "0169822AR", "species": "Platanus \u00d7 acerifolia", "address": "C\\ Londres, 81", "categoria_arbrat": "EXEMPLAR", "emission_weight": 1.0, "source": "ajuntament-arbrat-viari"}}, {"type": "Feature", "geometry": {"type": "Point", "coordinates": [2.156408, 41.387571]}, "properties": {"codi": "0169823AR", "species": "Platanus \u00d7 acerifolia", "address": "C\\ Val\u00e8ncia, 147", "categoria_arbrat": "EXEMPLAR", "emission_weight": 1.0, "source": "ajuntament-arbrat-viari"}}, {"type": "Feature", "geometry": {"type": "Point", "coordinates": [2.15558, 41.392864]}, "properties": {"codi": "0169824AR", "species": "Platanus \u00d7 acerifolia", "address": "C\\ Enric Granados, 107", "categoria_arbrat": "EXEMPLAR", "emission_weight": 1.0, "source": "ajuntament-arbrat-viari"}}, {"type": "Feature", "geometry": {"type": "Point", "coordinates": [2.153074, 41.386455]}, "properties": {"codi": "0169829AR", "species": "Platanus \u00d7 acerifolia", "address": "C\\ Mallorca, 120", "categoria_arbrat": "SEGONA", "emission_weight": 0.65, "source": "ajuntament-arbrat-viari"}}, {"type": "Feature", "geometry": {"type": "Point", "coordinates": [2.151937, 41.388764]}, "properties": {"codi": "0169831AR", "species": "Platanus \u00d7 acerifolia", "address": "C\\ Villarroel, 181", "categoria_arbrat": "EXEMPLAR", "emission_weight": 1.0, "source": "ajuntament-arbrat-viari"}}, {"type": "Feature", "geometry": {"type": "Point", "coordinates": [2.156076, 41.386209]}, "properties": {"codi": "0169835AR", "species": "Platanus \u00d7 acerifolia", "address": "Av Roma, 137", "categoria_arbrat": "EXEMPLAR", "emission_weight": 1.0, "source": "ajuntament-arbrat-viari"}}, {"type": "Feature", "geometry": {"type": "Point", "coordinates": [2.149792, 41.390963]}, "properties": {"codi": "0169836AR", "species": "Platanus \u00d7 acerifolia", "address": "C\\ Par\u00eds, 136", "categoria_arbrat": "SEGONA", "emission_weight": 0.65, "source": "ajuntament-arbrat-viari"}}, {"type": "Feature", "geometry": {"type": "Point", "coordinates": [2.158744, 41.387203]}, "properties": {"codi": "0169841AR", "species": "Platanus \u00d7 acerifolia", "address": "C\\ Arag\u00f3, 194", "categoria_arbrat": "EXEMPLAR", "emission_weight": 1.0, "source": "ajuntament-arbrat-viari"}}, {"type": "Feature", "geometry": {"type": "Point", "coordinates": [2.161577, 41.386209]}, "properties": {"codi": "0169842AR", "species": "Platanus \u00d7 acerifolia", "address": "C\\ Diputaci\u00f3, 218", "categoria_arbrat": "TERCERA", "emission_weight": 0.45, "source": "ajuntament-arbrat-viari"}}, {"type": "Feature", "geometry": {"type": "Point", "coordinates": [2.153484, 41.392888]}, "properties": {"codi": "0169847AR", "species": "Platanus \u00d7 acerifolia", "address": "C\\ Aribau, 168", "categoria_arbrat": "TERCERA", "emission_weight": 0.45, "source": "ajuntament-arbrat-viari"}}, {"type": "Feature", "geometry": {"type": "Point", "coordinates": [2.164641, 41.3868]}, "properties": {"codi": "0169848AR", "species": "Platanus \u00d7 acerifolia", "address": "G.V. Corts Catalanes, 585", "categoria_arbrat": "EXEMPLAR", "emission_weight": 1.0, "source": "ajuntament-arbrat-viari"}}, {"type": "Feature", "geometry": {"type": "Point", "coordinates": [2.164904, 41.387]}, "properties": {"codi": "0169852AR", "species": "Platanus \u00d7 acerifolia", "address": "G.V. Corts Catalanes, 585", "categoria_arbrat": "SEGONA", "emission_weight": 0.65, "source": "ajuntament-arbrat-viari"}}, {"type": "Feature", "geometry": {"type": "Point", "coordinates": [2.16011, 41.39021]}, "properties": {"codi": "0169857AR", "species": "Platanus \u00d7 acerifolia", "address": "C\\ Val\u00e8ncia, 232", "categoria_arbrat": "EXEMPLAR", "emission_weight": 1.0, "source": "ajuntament-arbrat-viari"}}, {"type": "Feature", "geometry": {"type": "Point", "coordinates": [2.157001, 41.383424]}, "properties": {"codi": "0169858AR", "species": "Platanus \u00d7 acerifolia", "address": "C\\ Comte d'Urgell, 94", "categoria_arbrat": "EXEMPLAR", "emission_weight": 1.0, "source": "ajuntament-arbrat-viari"}}, {"type": "Feature", "geometry": {"type": "Point", "coordinates": [2.157903, 41.391105]}, "properties": {"codi": "0169862AR", "species": "Platanus \u00d7 acerifolia", "address": "C\\ Enric Granados, 65", "categoria_arbrat": "EXEMPLAR", "emission_weight": 1.0, "source": "ajuntament-arbrat-viari"}}, {"type": "Feature", "geometry": {"type": "Point", "coordinates": [2.155375, 41.388349]}, "properties": {"codi": "0169864AR", "species": "Platanus \u00d7 acerifolia", "address": "C\\ Mallorca, 162", "categoria_arbrat": "EXEMPLAR", "emission_weight": 1.0, "source": "ajuntament-arbrat-viari"}}, {"type": "Feature", "geometry": {"type": "Point", "coordinates": [2.15792, 41.388557]}, "properties": {"codi": "0169865AR", "species": "Platanus orientalis", "address": "C\\ Val\u00e8ncia, 198", "categoria_arbrat": "EXEMPLAR", "emission_weight": 1.0, "source": "ajuntament-arbrat-viari"}}, {"type": "Feature", "geometry": {"type": "Point", "coordinates": [2.162852, 41.38546]}, "properties": {"codi": "0169869AR", "species": "Platanus \u00d7 acerifolia", "address": "G.V. Corts Catalanes, 583", "categoria_arbrat": "SEGONA", "emission_weight": 0.65, "source": "ajuntament-arbrat-viari"}}, {"type": "Feature", "geometry": {"type": "Point", "coordinates": [2.15365, 41.387195]}, "properties": {"codi": "0169883AR", "species": "Platanus \u00d7 acerifolia", "address": "C\\ Mallorca, 131", "categoria_arbrat": "EXEMPLAR", "emission_weight": 1.0, "source": "ajuntament-arbrat-viari"}}, {"type": "Feature", "geometry": {"type": "Point", "coordinates": [2.163977, 41.388011]}, "properties": {"codi": "0169891AR", "species": "Platanus \u00d7 acerifolia", "address": "C\\ Diputaci\u00f3, 230", "categoria_arbrat": "SEGONA", "emission_weight": 0.65, "source": "ajuntament-arbrat-viari"}}, {"type": "Feature", "geometry": {"type": "Point", "coordinates": [2.156803, 41.386518]}, "properties": {"codi": "0169897AR", "species": "Platanus \u00d7 acerifolia", "address": "Av Roma, 149", "categoria_arbrat": "EXEMPLAR", "emission_weight": 1.0, "source": "ajuntament-arbrat-viari"}}, {"type": "Feature", "geometry": {"type": "Point", "coordinates": [2.158606, 41.388867]}, "properties": {"codi": "0169900AR", "species": "Platanus \u00d7 acerifolia", "address": "C\\ Val\u00e8ncia, 206", "categoria_arbrat": "EXEMPLAR", "emission_weight": 1.0, "source": "ajuntament-arbrat-viari"}}, {"type": "Feature", "geometry": {"type": "Point", "coordinates": [2.153682, 41.394448]}, "properties": {"codi": "0169902AR", "species": "Platanus \u00d7 acerifolia", "address": "C\\ Enric Granados, 122", "categoria_arbrat": "SEGONA", "emission_weight": 0.65, "source": "ajuntament-arbrat-viari"}}, {"type": "Feature", "geometry": {"type": "Point", "coordinates": [2.162301, 41.38622]}, "properties": {"codi": "0169904AR", "species": "Platanus \u00d7 acerifolia", "address": "C\\ Aribau, 14", "categoria_arbrat": "EXEMPLAR", "emission_weight": 1.0, "source": "ajuntament-arbrat-viari"}}, {"type": "Feature", "geometry": {"type": "Point", "coordinates": [2.154504, 41.387693]}, "properties": {"codi": "0169905AR", "species": "Platanus \u00d7 acerifolia", "address": "C\\ Mallorca, 150", "categoria_arbrat": "EXEMPLAR", "emission_weight": 1.0, "source": "ajuntament-arbrat-viari"}}, {"type": "Feature", "geometry": {"type": "Point", "coordinates": [2.152797, 41.394674]}, "properties": {"codi": "0169907AR", "species": "Platanus \u00d7 acerifolia", "address": "Av Diagonal, 423", "categoria_arbrat": "EXEMPLAR", "emission_weight": 1.0, "source": "ajuntament-arbrat-viari"}}, {"type": "Feature", "geometry": {"type": "Point", "coordinates": [2.162456, 41.385255]}, "properties": {"codi": "0169908AR", "species": "Platanus \u00d7 acerifolia", "address": "G.V. Corts Catalanes, 579", "categoria_arbrat": "EXEMPLAR", "emission_weight": 1.0, "source": "ajuntament-arbrat-viari"}}, {"type": "Feature", "geometry": {"type": "Point", "coordinates": [2.155136, 41.393136]}, "properties": {"codi": "0169911AR", "species": "Platanus \u00d7 acerifolia", "address": "C\\ C\u00f2rsega, 244", "categoria_arbrat": "EXEMPLAR", "emission_weight": 1.0, "source": "ajuntament-arbrat-viari"}}, {"type": "Feature", "geometry": {"type": "Point", "coordinates": [2.161333, 41.387735]}, "properties": {"codi": "0169913AR", "species": "Platanus \u00d7 acerifolia", "address": "C\\ Consell de Cent, 262", "categoria_arbrat": "EXEMPLAR", "emission_weight": 1.0, "source": "ajuntament-arbrat-viari"}}, {"type": "Feature", "geometry": {"type": "Point", "coordinates": [2.155666, 41.391237]}, "properties": {"codi": "0169915AR", "species": "Platanus \u00d7 acerifolia", "address": "C\\ Aribau, 130", "categoria_arbrat": "TERCERA", "emission_weight": 0.45, "source": "ajuntament-arbrat-viari"}}, {"type": "Feature", "geometry": {"type": "Point", "coordinates": [2.153142, 41.386337]}, "properties": {"codi": "0169916AR", "species": "Platanus \u00d7 acerifolia", "address": "C\\ Comte d'Urgell, 160", "categoria_arbrat": "SEGONA", "emission_weight": 0.65, "source": "ajuntament-arbrat-viari"}}, {"type": "Feature", "geometry": {"type": "Point", "coordinates": [2.158193, 41.385369]}, "properties": {"codi": "0169918AR", "species": "Platanus \u00d7 acerifolia", "address": "C\\ Consell de Cent, 212", "categoria_arbrat": "EXEMPLAR", "emission_weight": 1.0, "source": "ajuntament-arbrat-viari"}}, {"type": "Feature", "geometry": {"type": "Point", "coordinates": [2.153712, 41.392356]}, "properties": {"codi": "0169921AR", "species": "Platanus \u00d7 acerifolia", "address": "C\\ C\u00f2rsega, 241", "categoria_arbrat": "EXEMPLAR", "emission_weight": 1.0, "source": "ajuntament-arbrat-viari"}}, {"type": "Feature", "geometry": {"type": "Point", "coordinates": [2.157574, 41.391635]}, "properties": {"codi": "0169924AR", "species": "Platanus \u00d7 acerifolia", "address": "C\\ Proven\u00e7a, 236", "categoria_arbrat": "EXEMPLAR", "emission_weight": 1.0, "source": "ajuntament-arbrat-viari"}}, {"type": "Feature", "geometry": {"type": "Point", "coordinates": [2.150043, 41.391924]}, "properties": {"codi": "0169927AR", "species": "Platanus \u00d7 acerifolia", "address": "C\\ Casanova, 171", "categoria_arbrat": "EXEMPLAR", "emission_weight": 1.0, "source": "ajuntament-arbrat-viari"}}, {"type": "Feature", "geometry": {"type": "Point", "coordinates": [2.157818, 41.390334]}, "properties": {"codi": "0169928AR", "species": "Platanus \u00d7 acerifolia", "address": "C\\ Mallorca, 201", "categoria_arbrat": "EXEMPLAR", "emission_weight": 1.0, "source": "ajuntament-arbrat-viari"}}, {"type": "Feature", "geometry": {"type": "Point", "coordinates": [2.154545, 41.385566]}, "properties": {"codi": "0169933AR", "species": "Platanus \u00d7 acerifolia", "address": "Av Roma, 115", "categoria_arbrat": "EXEMPLAR", "emission_weight": 1.0, "source": "ajuntament-arbrat-viari"}}, {"type": "Feature", "geometry": {"type": "Point", "coordinates": [2.158018, 41.383674]}, "properties": {"codi": "0169935AR", "species": "Platanus \u00d7 acerifolia", "address": "C\\ Diputaci\u00f3, 141", "categoria_arbrat": "EXEMPLAR", "emission_weight": 1.0, "source": "ajuntament-arbrat-viari"}}, {"type": "Feature", "geometry": {"type": "Point", "coordinates": [2.149443, 41.393896]}, "properties": {"codi": "0169936AR", "species": "Platanus \u00d7 acerifolia", "address": "Av Diagonal, 441", "categoria_arbrat": "EXEMPLAR", "emission_weight": 1.0, "source": "ajuntament-arbrat-viari"}}, {"type": "Feature", "geometry": {"type": "Point", "coordinates": [2.150742, 41.389941]}, "properties": {"codi": "0169939AR", "species": "Platanus \u00d7 acerifolia", "address": "C\\ C\u00f2rsega, 186", "categoria_arbrat": "SEGONA", "emission_weight": 0.65, "source": "ajuntament-arbrat-viari"}}, {"type": "Feature", "geometry": {"type": "Point", "coordinates": [2.161004, 41.387205]}, "properties": {"codi": "0169947AR", "species": "Platanus \u00d7 acerifolia", "address": "C\\ Aribau, 36", "categoria_arbrat": "EXEMPLAR", "emission_weight": 1.0, "source": "ajuntament-arbrat-viari"}}, {"type": "Feature", "geometry": {"type": "Point", "coordinates": [2.156261, 41.393993]}, "properties": {"codi": "0169949AR", "species": "Platanus \u00d7 acerifolia", "address": "C\\ C\u00f2rsega, 266", "categoria_arbrat": "EXEMPLAR", "emission_weight": 1.0, "source": "ajuntament-arbrat-viari"}}, {"type": "Feature", "geometry": {"type": "Point", "coordinates": [2.152635, 41.394706]}, "properties": {"codi": "0169956AR", "species": "Platanus \u00d7 acerifolia", "address": "Av Diagonal, 427", "categoria_arbrat": "EXEMPLAR", "emission_weight": 1.0, "source": "ajuntament-arbrat-viari"}}, {"type": "Feature", "geometry": {"type": "Point", "coordinates": [2.163186, 41.385708]}, "properties": {"codi": "0169962AR", "species": "Platanus \u00d7 acerifolia", "address": "G.V. Corts Catalanes, 585", "categoria_arbrat": "SEGONA", "emission_weight": 0.65, "source": "ajuntament-arbrat-viari"}}, {"type": "Feature", "geometry": {"type": "Point", "coordinates": [2.151408, 41.390472]}, "properties": {"codi": "0169965AR", "species": "Platanus \u00d7 acerifolia", "address": "C\\ C\u00f2rsega, 194", "categoria_arbrat": "SEGONA", "emission_weight": 0.65, "source": "ajuntament-arbrat-viari"}}, {"type": "Feature", "geometry": {"type": "Point", "coordinates": [2.15746, 41.384967]}, "properties": {"codi": "0169966AR", "species": "Platanus \u00d7 acerifolia", "address": "C\\ Consell de Cent, 211", "categoria_arbrat": "EXEMPLAR", "emission_weight": 1.0, "source": "ajuntament-arbrat-viari"}}, {"type": "Feature", "geometry": {"type": "Point", "coordinates": [2.157577, 41.389791]}, "properties": {"codi": "0169968AR", "species": "Platanus \u00d7 acerifolia", "address": "C\\ Mallorca, 194", "categoria_arbrat": "EXEMPLAR", "emission_weight": 1.0, "source": "ajuntament-arbrat-viari"}}, {"type": "Feature", "geometry": {"type": "Point", "coordinates": [2.15268, 41.391786]}, "properties": {"codi": "0169971AR", "species": "Platanus \u00d7 acerifolia", "address": "C\\ Muntaner, 170", "categoria_arbrat": "SEGONA", "emission_weight": 0.65, "source": "ajuntament-arbrat-viari"}}, {"type": "Feature", "geometry": {"type": "Point", "coordinates": [2.15093, 41.388006]}, "properties": {"codi": "0169977AR", "species": "Platanus \u00d7 acerifolia", "address": "C\\ Comte d'Urgell, 198", "categoria_arbrat": "SEGONA", "emission_weight": 0.65, "source": "ajuntament-arbrat-viari"}}, {"type": "Feature", "geometry": {"type": "Point", "coordinates": [2.155772, 41.391011]}, "properties": {"codi": "0169978AR", "species": "Platanus \u00d7 acerifolia", "address": "C\\ Aribau, 117", "categoria_arbrat": "EXEMPLAR", "emission_weight": 1.0, "source": "ajuntament-arbrat-viari"}}, {"type": "Feature", "geometry": {"type": "Point", "coordinates": [2.161646, 41.384556]}, "properties": {"codi": "0169982AR", "species": "Platanus \u00d7 acerifolia", "address": "G.V. Corts Catalanes, 569", "categoria_arbrat": "EXEMPLAR", "emission_weight": 1.0, "source": "ajuntament-arbrat-viari"}}, {"type": "Feature", "geometry": {"type": "Point", "coordinates": [2.156911, 41.38795]}, "properties": {"codi": "0169985AR", "species": "Platanus \u00d7 acerifolia", "address": "C\\ Val\u00e8ncia, 159", "categoria_arbrat": "EXEMPLAR", "emission_weight": 1.0, "source": "ajuntament-arbrat-viari"}}, {"type": "Feature", "geometry": {"type": "Point", "coordinates": [2.150984, 41.393064]}, "properties": {"codi": "0169986AR", "species": "Platanus \u00d7 acerifolia", "address": "C\\ Muntaner, 206", "categoria_arbrat": "EXEMPLAR", "emission_weight": 1.0, "source": "ajuntament-arbrat-viari"}}, {"type": "Feature", "geometry": {"type": "Point", "coordinates": [2.154174, 41.387366]}, "properties": {"codi": "0169987AR", "species": "Platanus \u00d7 acerifolia", "address": "C\\ Mallorca, 140", "categoria_arbrat": "EXEMPLAR", "emission_weight": 1.0, "source": "ajuntament-arbrat-viari"}}, {"type": "Feature", "geometry": {"type": "Point", "coordinates": [2.156168, 41.39093]}, "properties": {"codi": "0169988AR", "species": "Platanus \u00d7 acerifolia", "address": "C\\ Proven\u00e7a, 179", "categoria_arbrat": "SEGONA", "emission_weight": 0.65, "source": "ajuntament-arbrat-viari"}}, {"type": "Feature", "geometry": {"type": "Point", "coordinates": [2.153075, 41.386609]}, "properties": {"codi": "0169991AR", "species": "Platanus \u00d7 acerifolia", "address": "C\\ Mallorca, 120", "categoria_arbrat": "EXEMPLAR", "emission_weight": 1.0, "source": "ajuntament-arbrat-viari"}}, {"type": "Feature", "geometry": {"type": "Point", "coordinates": [2.153479, 41.386084]}, "properties": {"codi": "0169993AR", "species": "Platanus \u00d7 acerifolia", "address": "C\\ Comte d'Urgell, 154", "categoria_arbrat": "SEGONA", "emission_weight": 0.65, "source": "ajuntament-arbrat-viari"}}, {"type": "Feature", "geometry": {"type": "Point", "coordinates": [2.153399, 41.391975]}, "properties": {"codi": "0169995AR", "species": "Platanus \u00d7 acerifolia", "address": "C\\ C\u00f2rsega, 220", "categoria_arbrat": "SEGONA", "emission_weight": 0.65, "source": "ajuntament-arbrat-viari"}}, {"type": "Feature", "geometry": {"type": "Point", "coordinates": [2.162579, 41.385248]}, "properties": {"codi": "0169998AR", "species": "Platanus \u00d7 acerifolia", "address": "G.V. Corts Catalanes, 579", "categoria_arbrat": "SEGONA", "emission_weight": 0.65, "source": "ajuntament-arbrat-viari"}}, {"type": "Feature", "geometry": {"type": "Point", "coordinates": [2.150607, 41.390079]}, "properties": {"codi": "0170001AR", "species": "Platanus \u00d7 acerifolia", "address": "C\\ C\u00f2rsega, 187", "categoria_arbrat": "SEGONA", "emission_weight": 0.65, "source": "ajuntament-arbrat-viari"}}, {"type": "Feature", "geometry": {"type": "Point", "coordinates": [2.155639, 41.389547]}, "properties": {"codi": "0170003AR", "species": "Platanus \u00d7 acerifolia", "address": "C\\ Muntaner, 124", "categoria_arbrat": "EXEMPLAR", "emission_weight": 1.0, "source": "ajuntament-arbrat-viari"}}, {"type": "Feature", "geometry": {"type": "Point", "coordinates": [2.157781, 41.386073]}, "properties": {"codi": "0170006AR", "species": "Platanus \u00d7 acerifolia", "address": "C\\ Casanova, 79", "categoria_arbrat": "EXEMPLAR", "emission_weight": 1.0, "source": "ajuntament-arbrat-viari"}}, {"type": "Feature", "geometry": {"type": "Point", "coordinates": [2.160647, 41.383901]}, "properties": {"codi": "0170008AR", "species": "Platanus \u00d7 acerifolia", "address": "G.V. Corts Catalanes, 555", "categoria_arbrat": "SEGONA", "emission_weight": 0.65, "source": "ajuntament-arbrat-viari"}}, {"type": "Feature", "geometry": {"type": "Point", "coordinates": [2.154849, 41.386725]}, "properties": {"codi": "0170009AR", "species": "Platanus \u00d7 acerifolia", "address": "C\\ Villarroel, 130", "categoria_arbrat": "EXEMPLAR", "emission_weight": 1.0, "source": "ajuntament-arbrat-viari"}}, {"type": "Feature", "geometry": {"type": "Point", "coordinates": [2.158654, 41.383706]}, "properties": {"codi": "0170010AR", "species": "Platanus \u00d7 acerifolia", "address": "C\\ Villarroel, 71", "categoria_arbrat": "EXEMPLAR", "emission_weight": 1.0, "source": "ajuntament-arbrat-viari"}}, {"type": "Feature", "geometry": {"type": "Point", "coordinates": [2.155354, 41.386345]}, "properties": {"codi": "0170012AR", "species": "Platanus \u00d7 acerifolia", "address": "C\\ Villarroel, 126", "categoria_arbrat": "TERCERA", "emission_weight": 0.45, "source": "ajuntament-arbrat-viari"}}, {"type": "Feature", "geometry": {"type": "Point", "coordinates": [2.155518, 41.385625]}, "properties": {"codi": "0170019AR", "species": "Platanus \u00d7 acerifolia", "address": "Av Roma, 146", "categoria_arbrat": "PRIMERA", "emission_weight": 0.85, "source": "ajuntament-arbrat-viari"}}, {"type": "Feature", "geometry": {"type": "Point", "coordinates": [2.151921, 41.392424]}, "properties": {"codi": "0170022AR", "species": "Platanus \u00d7 acerifolia", "address": "C\\ Par\u00eds, 166", "categoria_arbrat": "EXEMPLAR", "emission_weight": 1.0, "source": "ajuntament-arbrat-viari"}}, {"type": "Feature", "geometry": {"type": "Point", "coordinates": [2.161437, 41.386876]}, "properties": {"codi": "0170024AR", "species": "Platanus \u00d7 acerifolia", "address": "C\\ Aribau, 26", "categoria_arbrat": "EXEMPLAR", "emission_weight": 1.0, "source": "ajuntament-arbrat-viari"}}, {"type": "Feature", "geometry": {"type": "Point", "coordinates": [2.153447, 41.391057]}, "properties": {"codi": "0170025AR", "species": "Platanus \u00d7 acerifolia", "address": "C\\ Muntaner, 153", "categoria_arbrat": "EXEMPLAR", "emission_weight": 1.0, "source": "ajuntament-arbrat-viari"}}, {"type": "Feature", "geometry": {"type": "Point", "coordinates": [2.154339, 41.39507]}, "properties": {"codi": "0170028AR", "species": "Platanus \u00d7 acerifolia", "address": "Av Diagonal, 413", "categoria_arbrat": "EXEMPLAR", "emission_weight": 1.0, "source": "ajuntament-arbrat-viari"}}, {"type": "Feature", "geometry": {"type": "Point", "coordinates": [2.151302, 41.390542]}, "properties": {"codi": "0170038AR", "species": "Platanus \u00d7 acerifolia", "address": "C\\ C\u00f2rsega, 201", "categoria_arbrat": "EXEMPLAR", "emission_weight": 1.0, "source": "ajuntament-arbrat-viari"}}, {"type": "Feature", "geometry": {"type": "Point", "coordinates": [2.152686, 41.393493]}, "properties": {"codi": "0170039AR", "species": "Platanus \u00d7 acerifolia", "address": "C\\ Par\u00eds, 189", "categoria_arbrat": "TERCERA", "emission_weight": 0.45, "source": "ajuntament-arbrat-viari"}}, {"type": "Feature", "geometry": {"type": "Point", "coordinates": [2.159757, 41.383226]}, "properties": {"codi": "0170048AR", "species": "Platanus \u00d7 acerifolia", "address": "G.V. Corts Catalanes, 539", "categoria_arbrat": "PRIMERA", "emission_weight": 0.85, "source": "ajuntament-arbrat-viari"}}, {"type": "Feature", "geometry": {"type": "Point", "coordinates": [2.15788, 41.389563]}, "properties": {"codi": "0170049AR", "species": "Platanus \u00d7 acerifolia", "address": "C\\ Aribau, 86", "categoria_arbrat": "EXEMPLAR", "emission_weight": 1.0, "source": "ajuntament-arbrat-viari"}}, {"type": "Feature", "geometry": {"type": "Point", "coordinates": [2.155441, 41.389552]}, "properties": {"codi": "0170052AR", "species": "Platanus \u00d7 acerifolia", "address": "C\\ Muntaner, 115", "categoria_arbrat": "EXEMPLAR", "emission_weight": 1.0, "source": "ajuntament-arbrat-viari"}}, {"type": "Feature", "geometry": {"type": "Point", "coordinates": [2.156151, 41.386239]}, "properties": {"codi": "0170053AR", "species": "Platanus \u00d7 acerifolia", "address": "Av Roma, 139", "categoria_arbrat": "TERCERA", "emission_weight": 0.45, "source": "ajuntament-arbrat-viari"}}, {"type": "Feature", "geometry": {"type": "Point", "coordinates": [2.154068, 41.385641]}, "properties": {"codi": "0170054AR", "species": "Platanus \u00d7 acerifolia", "address": "C\\ Val\u00e8ncia, 130", "categoria_arbrat": "EXEMPLAR", "emission_weight": 1.0, "source": "ajuntament-arbrat-viari"}}, {"type": "Feature", "geometry": {"type": "Point", "coordinates": [2.14967, 41.389171]}, "properties": {"codi": "0170055AR", "species": "Platanus \u00d7 acerifolia", "address": "C\\ C\u00f2rsega, 168", "categoria_arbrat": "SEGONA", "emission_weight": 0.65, "source": "ajuntament-arbrat-viari"}}, {"type": "Feature", "geometry": {"type": "Point", "coordinates": [2.15681, 41.390224]}, "properties": {"codi": "0170060AR", "species": "Platanus \u00d7 acerifolia", "address": "C\\ Aribau, 97", "categoria_arbrat": "SEGONA", "emission_weight": 0.65, "source": "ajuntament-arbrat-viari"}}, {"type": "Feature", "geometry": {"type": "Point", "coordinates": [2.162476, 41.38765]}, "properties": {"codi": "0170064AR", "species": "Platanus \u00d7 acerifolia", "address": "C\\ Enric Granados, 7", "categoria_arbrat": "EXEMPLAR", "emission_weight": 1.0, "source": "ajuntament-arbrat-viari"}}, {"type": "Feature", "geometry": {"type": "Point", "coordinates": [2.149657, 41.390859]}, "properties": {"codi": "0170071AR", "species": "Platanus \u00d7 acerifolia", "address": "C\\ Par\u00eds, 132", "categoria_arbrat": "TERCERA", "emission_weight": 0.45, "source": "ajuntament-arbrat-viari"}}, {"type": "Feature", "geometry": {"type": "Point", "coordinates": [2.159807, 41.385024]}, "properties": {"codi": "0170073AR", "species": "Platanus \u00d7 acerifolia", "address": "C\\ Diputaci\u00f3, 175", "categoria_arbrat": "EXEMPLAR", "emission_weight": 1.0, "source": "ajuntament-arbrat-viari"}}, {"type": "Feature", "geometry": {"type": "Point", "coordinates": [2.154783, 41.393163]}, "properties": {"codi": "0170077AR", "species": "Platanus \u00d7 acerifolia", "address": "C\\ C\u00f2rsega, 259", "categoria_arbrat": "EXEMPLAR", "emission_weight": 1.0, "source": "ajuntament-arbrat-viari"}}, {"type": "Feature", "geometry": {"type": "Point", "coordinates": [2.160843, 41.387167]}, "properties": {"codi": "0170079AR", "species": "Platanus \u00d7 acerifolia", "address": "C\\ Consell de Cent, 250", "categoria_arbrat": "EXEMPLAR", "emission_weight": 1.0, "source": "ajuntament-arbrat-viari"}}, {"type": "Feature", "geometry": {"type": "Point", "coordinates": [2.154479, 41.385537]}, "properties": {"codi": "0170080AR", "species": "Platanus \u00d7 acerifolia", "address": "Av Roma, 113", "categoria_arbrat": "EXEMPLAR", "emission_weight": 1.0, "source": "ajuntament-arbrat-viari"}}, {"type": "Feature", "geometry": {"type": "Point", "coordinates": [2.153221, 41.387952]}, "properties": {"codi": "0170081AR", "species": "Platanus \u00d7 acerifolia", "address": "C\\ Villarroel, 162", "categoria_arbrat": "EXEMPLAR", "emission_weight": 1.0, "source": "ajuntament-arbrat-viari"}}, {"type": "Feature", "geometry": {"type": "Point", "coordinates": [2.158872, 41.383691]}, "properties": {"codi": "0170082AR", "species": "Platanus \u00d7 acerifolia", "address": "C\\ Villarroel, 64", "categoria_arbrat": "SEGONA", "emission_weight": 0.65, "source": "ajuntament-arbrat-viari"}}, {"type": "Feature", "geometry": {"type": "Point", "coordinates": [2.154244, 41.392615]}, "properties": {"codi": "0170085AR", "species": "Platanus \u00d7 acerifolia", "address": "C\\ C\u00f2rsega, 230", "categoria_arbrat": "EXEMPLAR", "emission_weight": 1.0, "source": "ajuntament-arbrat-viari"}}, {"type": "Feature", "geometry": {"type": "Point", "coordinates": [2.160751, 41.383984]}, "properties": {"codi": "0170088AR", "species": "Platanus \u00d7 acerifolia", "address": "G.V. Corts Catalanes, 557", "categoria_arbrat": "SEGONA", "emission_weight": 0.65, "source": "ajuntament-arbrat-viari"}}, {"type": "Feature", "geometry": {"type": "Point", "coordinates": [2.162633, 41.388858]}, "properties": {"codi": "0170093AR", "species": "Platanus \u00d7 acerifolia", "address": "C\\ Consell de Cent, 305", "categoria_arbrat": "EXEMPLAR", "emission_weight": 1.0, "source": "ajuntament-arbrat-viari"}}, {"type": "Feature", "geometry": {"type": "Point", "coordinates": [2.159281, 41.384946]}, "properties": {"codi": "0170099AR", "species": "Platanus \u00d7 acerifolia", "address": "C\\ Casanova, 57", "categoria_arbrat": "EXEMPLAR", "emission_weight": 1.0, "source": "ajuntament-arbrat-viari"}}, {"type": "Feature", "geometry": {"type": "Point", "coordinates": [2.154411, 41.387769]}, "properties": {"codi": "0170105AR", "species": "Platanus \u00d7 acerifolia", "address": "C\\ Mallorca, 137", "categoria_arbrat": "SEGONA", "emission_weight": 0.65, "source": "ajuntament-arbrat-viari"}}, {"type": "Feature", "geometry": {"type": "Point", "coordinates": [2.161639, 41.387964]}, "properties": {"codi": "0170116AR", "species": "Platanus \u00d7 acerifolia", "address": "C\\ Consell de Cent, 268", "categoria_arbrat": "EXEMPLAR", "emission_weight": 1.0, "source": "ajuntament-arbrat-viari"}}, {"type": "Feature", "geometry": {"type": "Point", "coordinates": [2.157363, 41.384609]}, "properties": {"codi": "0170119AR", "species": "Platanus \u00d7 acerifolia", "address": "C\\ Consell de Cent, 202", "categoria_arbrat": "SEGONA", "emission_weight": 0.65, "source": "ajuntament-arbrat-viari"}}, {"type": "Feature", "geometry": {"type": "Point", "coordinates": [2.152277, 41.386989]}, "properties": {"codi": "0170122AR", "species": "Platanus \u00d7 acerifolia", "address": "C\\ Comte d'Urgell, 174", "categoria_arbrat": "PRIMERA", "emission_weight": 0.85, "source": "ajuntament-arbrat-viari"}}, {"type": "Feature", "geometry": {"type": "Point", "coordinates": [2.158776, 41.382491]}, "properties": {"codi": "0170123AR", "species": "Platanus \u00d7 acerifolia", "address": "G.V. Corts Catalanes, 527", "categoria_arbrat": "TERCERA", "emission_weight": 0.45, "source": "ajuntament-arbrat-viari"}}, {"type": "Feature", "geometry": {"type": "Point", "coordinates": [2.15653, 41.38378]}, "properties": {"codi": "0170126AR", "species": "Platanus \u00d7 acerifolia", "address": "C\\ Comte d'Urgell, 108", "categoria_arbrat": "SEGONA", "emission_weight": 0.65, "source": "ajuntament-arbrat-viari"}}, {"type": "Feature", "geometry": {"type": "Point", "coordinates": [2.151131, 41.394323]}, "properties": {"codi": "0170127AR", "species": "Platanus \u00d7 acerifolia", "address": "Av Diagonal, 433", "categoria_arbrat": "EXEMPLAR", "emission_weight": 1.0, "source": "ajuntament-arbrat-viari"}}, {"type": "Feature", "geometry": {"type": "Point", "coordinates": [2.164778, 41.386903]}, "properties": {"codi": "0170136AR", "species": "Platanus \u00d7 acerifolia", "address": "G.V. Corts Catalanes, 585", "categoria_arbrat": "TERCERA", "emission_weight": 0.45, "source": "ajuntament-arbrat-viari"}}, {"type": "Feature", "geometry": {"type": "Point", "coordinates": [2.159776, 41.387985]}, "properties": {"codi": "0170137AR", "species": "Platanus \u00d7 acerifolia", "address": "C\\ Arag\u00f3, 212", "categoria_arbrat": "EXEMPLAR", "emission_weight": 1.0, "source": "ajuntament-arbrat-viari"}}, {"type": "Feature", "geometry": {"type": "Point", "coordinates": [2.152944, 41.391786]}, "properties": {"codi": "0170138AR", "species": "Platanus \u00d7 acerifolia", "address": "C\\ C\u00f2rsega, 223", "categoria_arbrat": "TERCERA", "emission_weight": 0.45, "source": "ajuntament-arbrat-viari"}}, {"type": "Feature", "geometry": {"type": "Point", "coordinates": [2.151854, 41.394215]}, "properties": {"codi": "0170140AR", "species": "Platanus \u00d7 acerifolia", "address": "Av Diagonal, 431", "categoria_arbrat": "EXEMPLAR", "emission_weight": 1.0, "source": "ajuntament-arbrat-viari"}}, {"type": "Feature", "geometry": {"type": "Point", "coordinates": [2.162381, 41.385103]}, "properties": {"codi": "0170143AR", "species": "Platanus \u00d7 acerifolia", "address": "G.V. Corts Catalanes, 575", "categoria_arbrat": "TERCERA", "emission_weight": 0.45, "source": "ajuntament-arbrat-viari"}}, {"type": "Feature", "geometry": {"type": "Point", "coordinates": [2.156441, 41.390853]}, "properties": {"codi": "0170145AR", "species": "Platanus \u00d7 acerifolia", "address": "C\\ Proven\u00e7a, 218", "categoria_arbrat": "EXEMPLAR", "emission_weight": 1.0, "source": "ajuntament-arbrat-viari"}}, {"type": "Feature", "geometry": {"type": "Point", "coordinates": [2.158596, 41.385462]}, "properties": {"codi": "0170146AR", "species": "Platanus \u00d7 acerifolia", "address": "C\\ Consell de Cent, 212", "categoria_arbrat": "EXEMPLAR", "emission_weight": 1.0, "source": "ajuntament-arbrat-viari"}}, {"type": "Feature", "geometry": {"type": "Point", "coordinates": [2.151104, 41.394245]}, "properties": {"codi": "0170147AR", "species": "Platanus \u00d7 acerifolia", "address": "Av Diagonal, 433", "categoria_arbrat": "TERCERA", "emission_weight": 0.45, "source": "ajuntament-arbrat-viari"}}, {"type": "Feature", "geometry": {"type": "Point", "coordinates": [2.150995, 41.390165]}, "properties": {"codi": "0170148AR", "species": "Platanus \u00d7 acerifolia", "address": "C\\ C\u00f2rsega, 190", "categoria_arbrat": "EXEMPLAR", "emission_weight": 1.0, "source": "ajuntament-arbrat-viari"}}, {"type": "Feature", "geometry": {"type": "Point", "coordinates": [2.151888, 41.390984]}, "properties": {"codi": "0170149AR", "species": "Platanus \u00d7 acerifolia", "address": "C\\ C\u00f2rsega, 207", "categoria_arbrat": "EXEMPLAR", "emission_weight": 1.0, "source": "ajuntament-arbrat-viari"}}, {"type": "Feature", "geometry": {"type": "Point", "coordinates": [2.162033, 41.384938]}, "properties": {"codi": "0170151AR", "species": "Platanus \u00d7 acerifolia", "address": "G.V. Corts Catalanes, 571", "categoria_arbrat": "SEGONA", "emission_weight": 0.65, "source": "ajuntament-arbrat-viari"}}, {"type": "Feature", "geometry": {"type": "Point", "coordinates": [2.158192, 41.382525]}, "properties": {"codi": "0170152AR", "species": "Platanus \u00d7 acerifolia", "address": "C\\ Comte d'Urgell, 68", "categoria_arbrat": "EXEMPLAR", "emission_weight": 1.0, "source": "ajuntament-arbrat-viari"}}, {"type": "Feature", "geometry": {"type": "Point", "coordinates": [2.158999, 41.383592]}, "properties": {"codi": "0170153AR", "species": "Platanus \u00d7 acerifolia", "address": "C\\ Villarroel, 62", "categoria_arbrat": "TERCERA", "emission_weight": 0.45, "source": "ajuntament-arbrat-viari"}}, {"type": "Feature", "geometry": {"type": "Point", "coordinates": [2.151079, 41.38789]}, "properties": {"codi": "0170162AR", "species": "Platanus \u00d7 acerifolia", "address": "C\\ Comte d'Urgell, 194", "categoria_arbrat": "EXEMPLAR", "emission_weight": 1.0, "source": "ajuntament-arbrat-viari"}}, {"type": "Feature", "geometry": {"type": "Point", "coordinates": [2.158153, 41.385487]}, "properties": {"codi": "0170164AR", "species": "Platanus \u00d7 acerifolia", "address": "C\\ Consell de Cent, 227", "categoria_arbrat": "EXEMPLAR", "emission_weight": 1.0, "source": "ajuntament-arbrat-viari"}}, {"type": "Feature", "geometry": {"type": "Point", "coordinates": [2.158125, 41.385318]}, "properties": {"codi": "0170166AR", "species": "Platanus \u00d7 acerifolia", "address": "C\\ Consell de Cent, 212", "categoria_arbrat": "EXEMPLAR", "emission_weight": 1.0, "source": "ajuntament-arbrat-viari"}}, {"type": "Feature", "geometry": {"type": "Point", "coordinates": [2.157291, 41.391424]}, "properties": {"codi": "0170168AR", "species": "Platanus \u00d7 acerifolia", "address": "C\\ Proven\u00e7a, 234", "categoria_arbrat": "EXEMPLAR", "emission_weight": 1.0, "source": "ajuntament-arbrat-viari"}}, {"type": "Feature", "geometry": {"type": "Point", "coordinates": [2.162644, 41.385962]}, "properties": {"codi": "0170171AR", "species": "Platanus \u00d7 acerifolia", "address": "C\\ Aribau, 2", "categoria_arbrat": "EXEMPLAR", "emission_weight": 1.0, "source": "ajuntament-arbrat-viari"}}, {"type": "Feature", "geometry": {"type": "Point", "coordinates": [2.163294, 41.385787]}, "properties": {"codi": "0170172AR", "species": "Platanus \u00d7 acerifolia", "address": "G.V. Corts Catalanes, 585", "categoria_arbrat": "SEGONA", "emission_weight": 0.65, "source": "ajuntament-arbrat-viari"}}, {"type": "Feature", "geometry": {"type": "Point", "coordinates": [2.161715, 41.386665]}, "properties": {"codi": "0170175AR", "species": "Platanus \u00d7 acerifolia", "address": "C\\ Diputaci\u00f3, 209", "categoria_arbrat": "EXEMPLAR", "emission_weight": 1.0, "source": "ajuntament-arbrat-viari"}}, {"type": "Feature", "geometry": {"type": "Point", "coordinates": [2.154001, 41.385832]}, "properties": {"codi": "0170180AR", "species": "Platanus \u00d7 acerifolia", "address": "C\\ Val\u00e8ncia, 101", "categoria_arbrat": "TERCERA", "emission_weight": 0.45, "source": "ajuntament-arbrat-viari"}}, {"type": "Feature", "geometry": {"type": "Point", "coordinates": [2.154711, 41.387995]}, "properties": {"codi": "0170183AR", "species": "Platanus \u00d7 acerifolia", "address": "C\\ Mallorca, 153", "categoria_arbrat": "EXEMPLAR", "emission_weight": 1.0, "source": "ajuntament-arbrat-viari"}}, {"type": "Feature", "geometry": {"type": "Point", "coordinates": [2.163551, 41.386078]}, "properties": {"codi": "0170184AR", "species": "Platanus \u00d7 acerifolia", "address": "G.V. Corts Catalanes, 585", "categoria_arbrat": "EXEMPLAR", "emission_weight": 1.0, "source": "ajuntament-arbrat-viari"}}, {"type": "Feature", "geometry": {"type": "Point", "coordinates": [2.154954, 41.385744]}, "properties": {"codi": "0170186AR", "species": "Platanus \u00d7 acerifolia", "address": "Av Roma, 119", "categoria_arbrat": "TERCERA", "emission_weight": 0.45, "source": "ajuntament-arbrat-viari"}}, {"type": "Feature", "geometry": {"type": "Point", "coordinates": [2.160349, 41.38543]}, "properties": {"codi": "0170189AR", "species": "Platanus \u00d7 acerifolia", "address": "C\\ Diputaci\u00f3, 187", "categoria_arbrat": "EXEMPLAR", "emission_weight": 1.0, "source": "ajuntament-arbrat-viari"}}, {"type": "Feature", "geometry": {"type": "Point", "coordinates": [2.151891, 41.39269]}, "properties": {"codi": "0170194AR", "species": "Platanus \u00d7 acerifolia", "address": "C\\ Par\u00eds, 171", "categoria_arbrat": "EXEMPLAR", "emission_weight": 1.0, "source": "ajuntament-arbrat-viari"}}, {"type": "Feature", "geometry": {"type": "Point", "coordinates": [2.161504, 41.38445]}, "properties": {"codi": "0170197AR", "species": "Platanus \u00d7 acerifolia", "address": "G.V. Corts Catalanes, 567", "categoria_arbrat": "SEGONA", "emission_weight": 0.65, "source": "ajuntament-arbrat-viari"}}, {"type": "Feature", "geometry": {"type": "Point", "coordinates": [2.160125, 41.387864]}, "properties": {"codi": "0170198AR", "species": "Platanus \u00d7 acerifolia", "address": "C\\ Aribau, 50", "categoria_arbrat": "EXEMPLAR", "emission_weight": 1.0, "source": "ajuntament-arbrat-viari"}}, {"type": "Feature", "geometry": {"type": "Point", "coordinates": [2.158742, 41.387263]}, "properties": {"codi": "0170208AR", "species": "Platanus \u00d7 acerifolia", "address": "C\\ Arag\u00f3, 194", "categoria_arbrat": "EXEMPLAR", "emission_weight": 1.0, "source": "ajuntament-arbrat-viari"}}, {"type": "Feature", "geometry": {"type": "Point", "coordinates": [2.1612, 41.385345]}, "properties": {"codi": "0170212AR", "species": "Platanus \u00d7 acerifolia", "address": "C\\ Muntaner, 26", "categoria_arbrat": "TERCERA", "emission_weight": 0.45, "source": "ajuntament-arbrat-viari"}}, {"type": "Feature", "geometry": {"type": "Point", "coordinates": [2.153649, 41.394326]}, "properties": {"codi": "0170218AR", "species": "Platanus \u00d7 acerifolia", "address": "C\\ Enric Granados, 143", "categoria_arbrat": "TERCERA", "emission_weight": 0.45, "source": "ajuntament-arbrat-viari"}}, {"type": "Feature", "geometry": {"type": "Point", "coordinates": [2.156871, 41.383524]}, "properties": {"codi": "0170223AR", "species": "Platanus \u00d7 acerifolia", "address": "C\\ Comte d'Urgell, 94", "categoria_arbrat": "EXEMPLAR", "emission_weight": 1.0, "source": "ajuntament-arbrat-viari"}}, {"type": "Feature", "geometry": {"type": "Point", "coordinates": [2.152048, 41.387161]}, "properties": {"codi": "0170224AR", "species": "Platanus \u00d7 acerifolia", "address": "C\\ Comte d'Urgell, 176", "categoria_arbrat": "PRIMERA", "emission_weight": 0.85, "source": "ajuntament-arbrat-viari"}}, {"type": "Feature", "geometry": {"type": "Point", "coordinates": [2.163415, 41.385878]}, "properties": {"codi": "0170225AR", "species": "Platanus \u00d7 acerifolia", "address": "G.V. Corts Catalanes, 585", "categoria_arbrat": "SEGONA", "emission_weight": 0.65, "source": "ajuntament-arbrat-viari"}}, {"type": "Feature", "geometry": {"type": "Point", "coordinates": [2.156, 41.392686]}, "properties": {"codi": "0170228AR", "species": "Platanus \u00d7 acerifolia", "address": "C\\ Enric Granados, 78", "categoria_arbrat": "EXEMPLAR", "emission_weight": 1.0, "source": "ajuntament-arbrat-viari"}}, {"type": "Feature", "geometry": {"type": "Point", "coordinates": [2.152343, 41.388616]}, "properties": {"codi": "0170229AR", "species": "Platanus \u00d7 acerifolia", "address": "C\\ Villarroel, 168", "categoria_arbrat": "EXEMPLAR", "emission_weight": 1.0, "source": "ajuntament-arbrat-viari"}}, {"type": "Feature", "geometry": {"type": "Point", "coordinates": [2.157209, 41.38328]}, "properties": {"codi": "0170231AR", "species": "Platanus \u00d7 acerifolia", "address": "C\\ Diputaci\u00f3, 135", "categoria_arbrat": "EXEMPLAR", "emission_weight": 1.0, "source": "ajuntament-arbrat-viari"}}, {"type": "Feature", "geometry": {"type": "Point", "coordinates": [2.151723, 41.394475]}, "properties": {"codi": "0170236AR", "species": "Platanus \u00d7 acerifolia", "address": "Av Diagonal, 9992", "categoria_arbrat": "EXEMPLAR", "emission_weight": 1.0, "source": "ajuntament-arbrat-viari"}}, {"type": "Feature", "geometry": {"type": "Point", "coordinates": [2.162337, 41.388487]}, "properties": {"codi": "0170238AR", "species": "Platanus \u00d7 acerifolia", "address": "C\\ Consell de Cent, 272", "categoria_arbrat": "EXEMPLAR", "emission_weight": 1.0, "source": "ajuntament-arbrat-viari"}}, {"type": "Feature", "geometry": {"type": "Point", "coordinates": [2.152497, 41.386823]}, "properties": {"codi": "0170242AR", "species": "Platanus \u00d7 acerifolia", "address": "C\\ Comte d'Urgell, 168", "categoria_arbrat": "PRIMERA", "emission_weight": 0.85, "source": "ajuntament-arbrat-viari"}}, {"type": "Feature", "geometry": {"type": "Point", "coordinates": [2.156826, 41.385075]}, "properties": {"codi": "0170246AR", "species": "Platanus \u00d7 acerifolia", "address": "C\\ Villarroel, 97", "categoria_arbrat": "EXEMPLAR", "emission_weight": 1.0, "source": "ajuntament-arbrat-viari"}}, {"type": "Feature", "geometry": {"type": "Point", "coordinates": [2.155358, 41.389762]}, "properties": {"codi": "0170247AR", "species": "Platanus \u00d7 acerifolia", "address": "C\\ Muntaner, 130", "categoria_arbrat": "EXEMPLAR", "emission_weight": 1.0, "source": "ajuntament-arbrat-viari"}}, {"type": "Feature", "geometry": {"type": "Point", "coordinates": [2.154599, 41.390332]}, "properties": {"codi": "0170248AR", "species": "Platanus \u00d7 acerifolia", "address": "C\\ Muntaner, 142", "categoria_arbrat": "SEGONA", "emission_weight": 0.65, "source": "ajuntament-arbrat-viari"}}, {"type": "Feature", "geometry": {"type": "Point", "coordinates": [2.155429, 41.385132]}, "properties": {"codi": "0170250AR", "species": "Platanus \u00d7 acerifolia", "address": "C\\ Arag\u00f3, 155", "categoria_arbrat": "EXEMPLAR", "emission_weight": 1.0, "source": "ajuntament-arbrat-viari"}}, {"type": "Feature", "geometry": {"type": "Point", "coordinates": [2.154345, 41.388668]}, "properties": {"codi": "0170256AR", "species": "Platanus \u00d7 acerifolia", "address": "C\\ Casanova, 135", "categoria_arbrat": "EXEMPLAR", "emission_weight": 1.0, "source": "ajuntament-arbrat-viari"}}, {"type": "Feature", "geometry": {"type": "Point", "coordinates": [2.153352, 41.388684]}, "properties": {"codi": "0170258AR", "species": "Platanus \u00d7 acerifolia", "address": "C\\ Proven\u00e7a, 143", "categoria_arbrat": "EXEMPLAR", "emission_weight": 1.0, "source": "ajuntament-arbrat-viari"}}, {"type": "Feature", "geometry": {"type": "Point", "coordinates": [2.160234, 41.383493]}, "properties": {"codi": "0170262AR", "species": "Platanus \u00d7 acerifolia", "address": "G.V. Corts Catalanes, 549", "categoria_arbrat": "SEGONA", "emission_weight": 0.65, "source": "ajuntament-arbrat-viari"}}, {"type": "Feature", "geometry": {"type": "Point", "coordinates": [2.158413, 41.38582]}, "properties": {"codi": "0170267AR", "species": "Platanus \u00d7 acerifolia", "address": "C\\ Consell de Cent, 233", "categoria_arbrat": "SEGONA", "emission_weight": 0.65, "source": "ajuntament-arbrat-viari"}}, {"type": "Feature", "geometry": {"type": "Point", "coordinates": [2.159737, 41.390075]}, "properties": {"codi": "0170268AR", "species": "Platanus \u00d7 acerifolia", "address": "C\\ Val\u00e8ncia, 203", "categoria_arbrat": "EXEMPLAR", "emission_weight": 1.0, "source": "ajuntament-arbrat-viari"}}, {"type": "Feature", "geometry": {"type": "Point", "coordinates": [2.161618, 41.386519]}, "properties": {"codi": "0170270AR", "species": "Platanus \u00d7 acerifolia", "address": "C\\ Diputaci\u00f3, 207", "categoria_arbrat": "EXEMPLAR", "emission_weight": 1.0, "source": "ajuntament-arbrat-viari"}}, {"type": "Feature", "geometry": {"type": "Point", "coordinates": [2.162059, 41.386712]}, "properties": {"codi": "0170277AR", "species": "Platanus \u00d7 acerifolia", "address": "C\\ Diputaci\u00f3, 211", "categoria_arbrat": "EXEMPLAR", "emission_weight": 1.0, "source": "ajuntament-arbrat-viari"}}, {"type": "Feature", "geometry": {"type": "Point", "coordinates": [2.154139, 41.395018]}, "properties": {"codi": "0170280AR", "species": "Platanus \u00d7 acerifolia", "address": "Av Diagonal, 413", "categoria_arbrat": "SEGONA", "emission_weight": 0.65, "source": "ajuntament-arbrat-viari"}}, {"type": "Feature", "geometry": {"type": "Point", "coordinates": [2.160591, 41.390572]}, "properties": {"codi": "0170284AR", "species": "Platanus \u00d7 acerifolia", "address": "C\\ Val\u00e8ncia, 242", "categoria_arbrat": "EXEMPLAR", "emission_weight": 1.0, "source": "ajuntament-arbrat-viari"}}, {"type": "Feature", "geometry": {"type": "Point", "coordinates": [2.151235, 41.390492]}, "properties": {"codi": "0170285AR", "species": "Platanus \u00d7 acerifolia", "address": "C\\ C\u00f2rsega, 201", "categoria_arbrat": "EXEMPLAR", "emission_weight": 1.0, "source": "ajuntament-arbrat-viari"}}, {"type": "Feature", "geometry": {"type": "Point", "coordinates": [2.156438, 41.387304]}, "properties": {"codi": "0170287AR", "species": "Platanus \u00d7 acerifolia", "address": "C\\ Val\u00e8ncia, 178", "categoria_arbrat": "TERCERA", "emission_weight": 0.45, "source": "ajuntament-arbrat-viari"}}, {"type": "Feature", "geometry": {"type": "Point", "coordinates": [2.155295, 41.386394]}, "properties": {"codi": "0170291AR", "species": "Platanus \u00d7 acerifolia", "address": "C\\ Val\u00e8ncia, 160", "categoria_arbrat": "TERCERA", "emission_weight": 0.45, "source": "ajuntament-arbrat-viari"}}, {"type": "Feature", "geometry": {"type": "Point", "coordinates": [2.159834, 41.389934]}, "properties": {"codi": "0170293AR", "species": "Platanus \u00d7 acerifolia", "address": "C\\ Val\u00e8ncia, 226", "categoria_arbrat": "EXEMPLAR", "emission_weight": 1.0, "source": "ajuntament-arbrat-viari"}}, {"type": "Feature", "geometry": {"type": "Point", "coordinates": [2.154311, 41.387132]}, "properties": {"codi": "0170300AR", "species": "Platanus \u00d7 acerifolia", "address": "C\\ Villarroel, 146", "categoria_arbrat": "TERCERA", "emission_weight": 0.45, "source": "ajuntament-arbrat-viari"}}, {"type": "Feature", "geometry": {"type": "Point", "coordinates": [2.153658, 41.392756]}, "properties": {"codi": "0170303AR", "species": "Platanus \u00d7 acerifolia", "address": "C\\ Aribau, 162", "categoria_arbrat": "EXEMPLAR", "emission_weight": 1.0, "source": "ajuntament-arbrat-viari"}}, {"type": "Feature", "geometry": {"type": "Point", "coordinates": [2.154278, 41.390429]}, "properties": {"codi": "0170305AR", "species": "Platanus \u00d7 acerifolia", "address": "C\\ Muntaner, 141", "categoria_arbrat": "EXEMPLAR", "emission_weight": 1.0, "source": "ajuntament-arbrat-viari"}}, {"type": "Feature", "geometry": {"type": "Point", "coordinates": [2.152092, 41.391134]}, "properties": {"codi": "0170307AR", "species": "Platanus \u00d7 acerifolia", "address": "C\\ C\u00f2rsega, 211", "categoria_arbrat": "EXEMPLAR", "emission_weight": 1.0, "source": "ajuntament-arbrat-viari"}}, {"type": "Feature", "geometry": {"type": "Point", "coordinates": [2.15761, 41.391876]}, "properties": {"codi": "0170311AR", "species": "Platanus \u00d7 acerifolia", "address": "C\\ Proven\u00e7a, 197", "categoria_arbrat": "EXEMPLAR", "emission_weight": 1.0, "source": "ajuntament-arbrat-viari"}}, {"type": "Feature", "geometry": {"type": "Point", "coordinates": [2.152439, 41.394579]}, "properties": {"codi": "0170312AR", "species": "Platanus \u00d7 acerifolia", "address": "Av Diagonal, 427", "categoria_arbrat": "TERCERA", "emission_weight": 0.45, "source": "ajuntament-arbrat-viari"}}, {"type": "Feature", "geometry": {"type": "Point", "coordinates": [2.151468, 41.390521]}, "properties": {"codi": "0170313AR", "species": "Platanus \u00d7 acerifolia", "address": "C\\ C\u00f2rsega, 194", "categoria_arbrat": "TERCERA", "emission_weight": 0.45, "source": "ajuntament-arbrat-viari"}}, {"type": "Feature", "geometry": {"type": "Point", "coordinates": [2.150314, 41.391506]}, "properties": {"codi": "0170314AR", "species": "Platanus \u00d7 acerifolia", "address": "C\\ Par\u00eds, 149", "categoria_arbrat": "EXEMPLAR", "emission_weight": 1.0, "source": "ajuntament-arbrat-viari"}}, {"type": "Feature", "geometry": {"type": "Point", "coordinates": [2.156071, 41.393989]}, "properties": {"codi": "0170319AR", "species": "Platanus \u00d7 acerifolia", "address": "C\\ C\u00f2rsega, 266", "categoria_arbrat": "EXEMPLAR", "emission_weight": 1.0, "source": "ajuntament-arbrat-viari"}}, {"type": "Feature", "geometry": {"type": "Point", "coordinates": [2.160032, 41.387791]}, "properties": {"codi": "0170326AR", "species": "Platanus \u00d7 acerifolia", "address": "C\\ Aribau, 41", "categoria_arbrat": "EXEMPLAR", "emission_weight": 1.0, "source": "ajuntament-arbrat-viari"}}, {"type": "Feature", "geometry": {"type": "Point", "coordinates": [2.16491, 41.387099]}, "properties": {"codi": "0170332AR", "species": "Platanus \u00d7 acerifolia", "address": "G.V. Corts Catalanes, 1", "categoria_arbrat": "SEGONA", "emission_weight": 0.65, "source": "ajuntament-arbrat-viari"}}, {"type": "Feature", "geometry": {"type": "Point", "coordinates": [2.163686, 41.386178]}, "properties": {"codi": "0170334AR", "species": "Platanus \u00d7 acerifolia", "address": "G.V. Corts Catalanes, 585", "categoria_arbrat": "EXEMPLAR", "emission_weight": 1.0, "source": "ajuntament-arbrat-viari"}}, {"type": "Feature", "geometry": {"type": "Point", "coordinates": [2.153295, 41.391316]}, "properties": {"codi": "0170336AR", "species": "Platanus \u00d7 acerifolia", "address": "C\\ Muntaner, 158", "categoria_arbrat": "TERCERA", "emission_weight": 0.45, "source": "ajuntament-arbrat-viari"}}, {"type": "Feature", "geometry": {"type": "Point", "coordinates": [2.161051, 41.385458]}, "properties": {"codi": "0170337AR", "species": "Platanus \u00d7 acerifolia", "address": "C\\ Muntaner, 32", "categoria_arbrat": "EXEMPLAR", "emission_weight": 1.0, "source": "ajuntament-arbrat-viari"}}, {"type": "Feature", "geometry": {"type": "Point", "coordinates": [2.152621, 41.386729]}, "properties": {"codi": "0170341AR", "species": "Platanus \u00d7 acerifolia", "address": "C\\ Comte d'Urgell, 168", "categoria_arbrat": "TERCERA", "emission_weight": 0.45, "source": "ajuntament-arbrat-viari"}}, {"type": "Feature", "geometry": {"type": "Point", "coordinates": [2.157646, 41.390059]}, "properties": {"codi": "0170344AR", "species": "Platanus \u00d7 acerifolia", "address": "C\\ Mallorca, 194", "categoria_arbrat": "TERCERA", "emission_weight": 0.45, "source": "ajuntament-arbrat-viari"}}, {"type": "Feature", "geometry": {"type": "Point", "coordinates": [2.164991, 41.387062]}, "properties": {"codi": "0170345AR", "species": "Platanus \u00d7 acerifolia", "address": "G.V. Corts Catalanes, 585", "categoria_arbrat": "TERCERA", "emission_weight": 0.45, "source": "ajuntament-arbrat-viari"}}, {"type": "Feature", "geometry": {"type": "Point", "coordinates": [2.15805, 41.391135]}, "properties": {"codi": "0170346AR", "species": "Platanus \u00d7 acerifolia", "address": "C\\ Enric Granados, 46", "categoria_arbrat": "EXEMPLAR", "emission_weight": 1.0, "source": "ajuntament-arbrat-viari"}}, {"type": "Feature", "geometry": {"type": "Point", "coordinates": [2.154865, 41.385344]}, "properties": {"codi": "0170347AR", "species": "Platanus \u00d7 acerifolia", "address": "Av Roma, 132", "categoria_arbrat": "SEGONA", "emission_weight": 0.65, "source": "ajuntament-arbrat-viari"}}, {"type": "Feature", "geometry": {"type": "Point", "coordinates": [2.151183, 41.393859]}, "properties": {"codi": "0170348AR", "species": "Platanus \u00d7 acerifolia", "address": "C\\ Londres, 109", "categoria_arbrat": "TERCERA", "emission_weight": 0.45, "source": "ajuntament-arbrat-viari"}}, {"type": "Feature", "geometry": {"type": "Point", "coordinates": [2.152103, 41.387119]}, "properties": {"codi": "0170349AR", "species": "Platanus \u00d7 acerifolia", "address": "C\\ Comte d'Urgell, 176", "categoria_arbrat": "PRIMERA", "emission_weight": 0.85, "source": "ajuntament-arbrat-viari"}}, {"type": "Feature", "geometry": {"type": "Point", "coordinates": [2.163614, 41.386025]}, "properties": {"codi": "0170353AR", "species": "Platanus \u00d7 acerifolia", "address": "G.V. Corts Catalanes, 585", "categoria_arbrat": "SEGONA", "emission_weight": 0.65, "source": "ajuntament-arbrat-viari"}}, {"type": "Feature", "geometry": {"type": "Point", "coordinates": [2.153948, 41.394971]}, "properties": {"codi": "0170355AR", "species": "Platanus \u00d7 acerifolia", "address": "Av Diagonal, 417", "categoria_arbrat": "EXEMPLAR", "emission_weight": 1.0, "source": "ajuntament-arbrat-viari"}}, {"type": "Feature", "geometry": {"type": "Point", "coordinates": [2.150241, 41.393624]}, "properties": {"codi": "0170358AR", "species": "Platanus \u00d7 acerifolia", "address": "C\\ Muntaner, 216", "categoria_arbrat": "TERCERA", "emission_weight": 0.45, "source": "ajuntament-arbrat-viari"}}, {"type": "Feature", "geometry": {"type": "Point", "coordinates": [2.162958, 41.38553]}, "properties": {"codi": "0170360AR", "species": "Platanus \u00d7 acerifolia", "address": "G.V. Corts Catalanes, 583", "categoria_arbrat": "SEGONA", "emission_weight": 0.65, "source": "ajuntament-arbrat-viari"}}, {"type": "Feature", "geometry": {"type": "Point", "coordinates": [2.160311, 41.385255]}, "properties": {"codi": "0170361AR", "species": "Platanus \u00d7 acerifolia", "address": "C\\ Diputaci\u00f3, 188", "categoria_arbrat": "TERCERA", "emission_weight": 0.45, "source": "ajuntament-arbrat-viari"}}, {"type": "Feature", "geometry": {"type": "Point", "coordinates": [2.159224, 41.38969]}, "properties": {"codi": "0170367AR", "species": "Platanus \u00d7 acerifolia", "address": "C\\ Val\u00e8ncia, 199", "categoria_arbrat": "EXEMPLAR", "emission_weight": 1.0, "source": "ajuntament-arbrat-viari"}}, {"type": "Feature", "geometry": {"type": "Point", "coordinates": [2.154617, 41.385596]}, "properties": {"codi": "0170368AR", "species": "Platanus \u00d7 acerifolia", "address": "Av Roma, 115", "categoria_arbrat": "EXEMPLAR", "emission_weight": 1.0, "source": "ajuntament-arbrat-viari"}}, {"type": "Feature", "geometry": {"type": "Point", "coordinates": [2.155258, 41.38969]}, "properties": {"codi": "0170371AR", "species": "Platanus \u00d7 acerifolia", "address": "C\\ Muntaner, 121", "categoria_arbrat": "EXEMPLAR", "emission_weight": 1.0, "source": "ajuntament-arbrat-viari"}}, {"type": "Feature", "geometry": {"type": "Point", "coordinates": [2.162952, 41.38724]}, "properties": {"codi": "0170374AR", "species": "Platanus \u00d7 acerifolia", "address": "C\\ Diputaci\u00f3, 226", "categoria_arbrat": "EXEMPLAR", "emission_weight": 1.0, "source": "ajuntament-arbrat-viari"}}, {"type": "Feature", "geometry": {"type": "Point", "coordinates": [2.149794, 41.389263]}, "properties": {"codi": "0170375AR", "species": "Platanus \u00d7 acerifolia", "address": "C\\ C\u00f2rsega, 168", "categoria_arbrat": "EXEMPLAR", "emission_weight": 1.0, "source": "ajuntament-arbrat-viari"}}, {"type": "Feature", "geometry": {"type": "Point", "coordinates": [2.162716, 41.385907]}, "properties": {"codi": "0170377AR", "species": "Platanus \u00d7 acerifolia", "address": "C\\ Aribau, 2", "categoria_arbrat": "TERCERA", "emission_weight": 0.45, "source": "ajuntament-arbrat-viari"}}, {"type": "Feature", "geometry": {"type": "Point", "coordinates": [2.158124, 41.382577]}, "properties": {"codi": "0170379AR", "species": "Platanus \u00d7 acerifolia", "address": "C\\ Comte d'Urgell, 70", "categoria_arbrat": "SEGONA", "emission_weight": 0.65, "source": "ajuntament-arbrat-viari"}}, {"type": "Feature", "geometry": {"type": "Point", "coordinates": [2.156976, 41.384965]}, "properties": {"codi": "0170380AR", "species": "Platanus \u00d7 acerifolia", "address": "C\\ Villarroel, 95", "categoria_arbrat": "EXEMPLAR", "emission_weight": 1.0, "source": "ajuntament-arbrat-viari"}}, {"type": "Feature", "geometry": {"type": "Point", "coordinates": [2.157096, 41.388092]}, "properties": {"codi": "0170381AR", "species": "Platanus \u00d7 acerifolia", "address": "C\\ Val\u00e8ncia, 163", "categoria_arbrat": "EXEMPLAR", "emission_weight": 1.0, "source": "ajuntament-arbrat-viari"}}, {"type": "Feature", "geometry": {"type": "Point", "coordinates": [2.162791, 41.385502]}, "properties": {"codi": "0170385AR", "species": "Platanus \u00d7 acerifolia", "address": "G.V. Corts Catalanes, 583", "categoria_arbrat": "SEGONA", "emission_weight": 0.65, "source": "ajuntament-arbrat-viari"}}, {"type": "Feature", "geometry": {"type": "Point", "coordinates": [2.156755, 41.389388]}, "properties": {"codi": "0170388AR", "species": "Platanus \u00d7 acerifolia", "address": "C\\ Mallorca, 184", "categoria_arbrat": "EXEMPLAR", "emission_weight": 1.0, "source": "ajuntament-arbrat-viari"}}, {"type": "Feature", "geometry": {"type": "Point", "coordinates": [2.160548, 41.384135]}, "properties": {"codi": "0170390AR", "species": "Platanus \u00d7 acerifolia", "address": "C\\ Casanova, 35", "categoria_arbrat": "EXEMPLAR", "emission_weight": 1.0, "source": "ajuntament-arbrat-viari"}}, {"type": "Feature", "geometry": {"type": "Point", "coordinates": [2.151329, 41.3943]}, "properties": {"codi": "0170391AR", "species": "Platanus \u00d7 acerifolia", "address": "Av Diagonal, 433", "categoria_arbrat": "TERCERA", "emission_weight": 0.45, "source": "ajuntament-arbrat-viari"}}, {"type": "Feature", "geometry": {"type": "Point", "coordinates": [2.159344, 41.384672]}, "properties": {"codi": "0170393AR", "species": "Platanus \u00d7 acerifolia", "address": "C\\ Diputaci\u00f3, 167", "categoria_arbrat": "TERCERA", "emission_weight": 0.45, "source": "ajuntament-arbrat-viari"}}, {"type": "Feature", "geometry": {"type": "Point", "coordinates": [2.158854, 41.389264]}, "properties": {"codi": "0170396AR", "species": "Platanus \u00d7 acerifolia", "address": "C\\ Val\u00e8ncia, 210", "categoria_arbrat": "SEGONA", "emission_weight": 0.65, "source": "ajuntament-arbrat-viari"}}, {"type": "Feature", "geometry": {"type": "Point", "coordinates": [2.157596, 41.385068]}, "properties": {"codi": "0170397AR", "species": "Platanus \u00d7 acerifolia", "address": "C\\ Consell de Cent, 215", "categoria_arbrat": "EXEMPLAR", "emission_weight": 1.0, "source": "ajuntament-arbrat-viari"}}, {"type": "Feature", "geometry": {"type": "Point", "coordinates": [2.156837, 41.389595]}, "properties": {"codi": "0170399AR", "species": "Platanus \u00d7 acerifolia", "address": "C\\ Mallorca, 187", "categoria_arbrat": "SEGONA", "emission_weight": 0.65, "source": "ajuntament-arbrat-viari"}}, {"type": "Feature", "geometry": {"type": "Point", "coordinates": [2.153802, 41.387517]}, "properties": {"codi": "0170403AR", "species": "Platanus \u00d7 acerifolia", "address": "C\\ Mallorca, 133", "categoria_arbrat": "TERCERA", "emission_weight": 0.45, "source": "ajuntament-arbrat-viari"}}, {"type": "Feature", "geometry": {"type": "Point", "coordinates": [2.150184, 41.393669]}, "properties": {"codi": "0170407AR", "species": "Platanus \u00d7 acerifolia", "address": "C\\ Muntaner, 216", "categoria_arbrat": "TERCERA", "emission_weight": 0.45, "source": "ajuntament-arbrat-viari"}}, {"type": "Feature", "geometry": {"type": "Point", "coordinates": [2.162109, 41.384996]}, "properties": {"codi": "0170412AR", "species": "Platanus \u00d7 acerifolia", "address": "G.V. Corts Catalanes, 573", "categoria_arbrat": "TERCERA", "emission_weight": 0.45, "source": "ajuntament-arbrat-viari"}}, {"type": "Feature", "geometry": {"type": "Point", "coordinates": [2.151303, 41.392822]}, "properties": {"codi": "0170417AR", "species": "Platanus \u00d7 acerifolia", "address": "C\\ Muntaner, 196", "categoria_arbrat": "EXEMPLAR", "emission_weight": 1.0, "source": "ajuntament-arbrat-viari"}}, {"type": "Feature", "geometry": {"type": "Point", "coordinates": [2.164579, 41.386851]}, "properties": {"codi": "0170425AR", "species": "Platanus \u00d7 acerifolia", "address": "G.V. Corts Catalanes, 585", "categoria_arbrat": "EXEMPLAR", "emission_weight": 1.0, "source": "ajuntament-arbrat-viari"}}, {"type": "Feature", "geometry": {"type": "Point", "coordinates": [2.15926, 41.383396]}, "properties": {"codi": "0170428AR", "species": "Platanus \u00d7 acerifolia", "address": "C\\ Villarroel, 58", "categoria_arbrat": "EXEMPLAR", "emission_weight": 1.0, "source": "ajuntament-arbrat-viari"}}, {"type": "Feature", "geometry": {"type": "Point", "coordinates": [2.152437, 41.391964]}, "properties": {"codi": "0170429AR", "species": "Platanus \u00d7 acerifolia", "address": "C\\ Muntaner, 176", "categoria_arbrat": "EXEMPLAR", "emission_weight": 1.0, "source": "ajuntament-arbrat-viari"}}, {"type": "Feature", "geometry": {"type": "Point", "coordinates": [2.159363, 41.391653]}, "properties": {"codi": "0170430AR", "species": "Platanus \u00d7 acerifolia", "address": "C\\ Mallorca, 229", "categoria_arbrat": "EXEMPLAR", "emission_weight": 1.0, "source": "ajuntament-arbrat-viari"}}, {"type": "Feature", "geometry": {"type": "Point", "coordinates": [2.157778, 41.388454]}, "properties": {"codi": "0170431AR", "species": "Platanus \u00d7 acerifolia", "address": "C\\ Val\u00e8ncia, 196", "categoria_arbrat": "EXEMPLAR", "emission_weight": 1.0, "source": "ajuntament-arbrat-viari"}}, {"type": "Feature", "geometry": {"type": "Point", "coordinates": [2.153498, 41.39492]}, "properties": {"codi": "0170432AR", "species": "Platanus \u00d7 acerifolia", "address": "Av Diagonal, 421", "categoria_arbrat": "EXEMPLAR", "emission_weight": 1.0, "source": "ajuntament-arbrat-viari"}}, {"type": "Feature", "geometry": {"type": "Point", "coordinates": [2.153034, 41.388165]}, "properties": {"codi": "0170437AR", "species": "Platanus \u00d7 acerifolia", "address": "C\\ Proven\u00e7a, 164", "categoria_arbrat": "TERCERA", "emission_weight": 0.45, "source": "ajuntament-arbrat-viari"}}, {"type": "Feature", "geometry": {"type": "Point", "coordinates": [2.159877, 41.390178]}, "properties": {"codi": "0170439AR", "species": "Platanus \u00d7 acerifolia", "address": "C\\ Val\u00e8ncia, 207", "categoria_arbrat": "EXEMPLAR", "emission_weight": 1.0, "source": "ajuntament-arbrat-viari"}}, {"type": "Feature", "geometry": {"type": "Point", "coordinates": [2.163684, 41.386083]}, "properties": {"codi": "0170441AR", "species": "Platanus \u00d7 acerifolia", "address": "G.V. Corts Catalanes, 585", "categoria_arbrat": "SEGONA", "emission_weight": 0.65, "source": "ajuntament-arbrat-viari"}}, {"type": "Feature", "geometry": {"type": "Point", "coordinates": [2.151241, 41.39287]}, "properties": {"codi": "0170444AR", "species": "Platanus \u00d7 acerifolia", "address": "C\\ Muntaner, 196", "categoria_arbrat": "EXEMPLAR", "emission_weight": 1.0, "source": "ajuntament-arbrat-viari"}}, {"type": "Feature", "geometry": {"type": "Point", "coordinates": [2.153055, 41.393349]}, "properties": {"codi": "0170446AR", "species": "Platanus \u00d7 acerifolia", "address": "C\\ Par\u00eds, 180", "categoria_arbrat": "EXEMPLAR", "emission_weight": 1.0, "source": "ajuntament-arbrat-viari"}}, {"type": "Feature", "geometry": {"type": "Point", "coordinates": [2.150386, 41.394072]}, "properties": {"codi": "0170448AR", "species": "Platanus \u00d7 acerifolia", "address": "Av Diagonal, 437", "categoria_arbrat": "TERCERA", "emission_weight": 0.45, "source": "ajuntament-arbrat-viari"}}, {"type": "Feature", "geometry": {"type": "Point", "coordinates": [2.15189, 41.387587]}, "properties": {"codi": "0170449AR", "species": "Platanus \u00d7 acerifolia", "address": "C\\ Proven\u00e7a, 125", "categoria_arbrat": "EXEMPLAR", "emission_weight": 1.0, "source": "ajuntament-arbrat-viari"}}, {"type": "Feature", "geometry": {"type": "Point", "coordinates": [2.16124, 41.384343]}, "properties": {"codi": "0170457AR", "species": "Platanus \u00d7 acerifolia", "address": "G.V. Corts Catalanes, 561", "categoria_arbrat": "EXEMPLAR", "emission_weight": 1.0, "source": "ajuntament-arbrat-viari"}}, {"type": "Feature", "geometry": {"type": "Point", "coordinates": [2.155865, 41.392118]}, "properties": {"codi": "0170460AR", "species": "Platanus \u00d7 acerifolia", "address": "C\\ Rossell\u00f3, 172", "categoria_arbrat": "SEGONA", "emission_weight": 0.65, "source": "ajuntament-arbrat-viari"}}, {"type": "Feature", "geometry": {"type": "Point", "coordinates": [2.16149, 41.386687]}, "properties": {"codi": "0170461AR", "species": "Platanus \u00d7 acerifolia", "address": "C\\ Aribau, 17", "categoria_arbrat": "TERCERA", "emission_weight": 0.45, "source": "ajuntament-arbrat-viari"}}, {"type": "Feature", "geometry": {"type": "Point", "coordinates": [2.154944, 41.39349]}, "properties": {"codi": "0170462AR", "species": "Platanus \u00d7 acerifolia", "address": "C\\ Enric Granados, 100", "categoria_arbrat": "EXEMPLAR", "emission_weight": 1.0, "source": "ajuntament-arbrat-viari"}}, {"type": "Feature", "geometry": {"type": "Point", "coordinates": [2.154264, 41.39512]}, "properties": {"codi": "0170463AR", "species": "Platanus \u00d7 acerifolia", "address": "Av Diagonal, 413", "categoria_arbrat": "TERCERA", "emission_weight": 0.45, "source": "ajuntament-arbrat-viari"}}, {"type": "Feature", "geometry": {"type": "Point", "coordinates": [2.15328, 41.38863]}, "properties": {"codi": "0170464AR", "species": "Platanus \u00d7 acerifolia", "address": "C\\ Proven\u00e7a, 143", "categoria_arbrat": "TERCERA", "emission_weight": 0.45, "source": "ajuntament-arbrat-viari"}}, {"type": "Feature", "geometry": {"type": "Point", "coordinates": [2.160955, 41.385656]}, "properties": {"codi": "0170466AR", "species": "Platanus \u00d7 acerifolia", "address": "C\\ Diputaci\u00f3, 198", "categoria_arbrat": "SEGONA", "emission_weight": 0.65, "source": "ajuntament-arbrat-viari"}}, {"type": "Feature", "geometry": {"type": "Point", "coordinates": [2.159386, 41.389666]}, "properties": {"codi": "0170471AR", "species": "Platanus \u00d7 acerifolia", "address": "C\\ Val\u00e8ncia, 222", "categoria_arbrat": "EXEMPLAR", "emission_weight": 1.0, "source": "ajuntament-arbrat-viari"}}, {"type": "Feature", "geometry": {"type": "Point", "coordinates": [2.162617, 41.385835]}, "properties": {"codi": "0170474AR", "species": "Platanus \u00d7 acerifolia", "address": "C\\ Aribau, 3", "categoria_arbrat": "EXEMPLAR", "emission_weight": 1.0, "source": "ajuntament-arbrat-viari"}}, {"type": "Feature", "geometry": {"type": "Point", "coordinates": [2.153483, 41.391175]}, "properties": {"codi": "0170475AR", "species": "Platanus \u00d7 acerifolia", "address": "C\\ Muntaner, 158", "categoria_arbrat": "SEGONA", "emission_weight": 0.65, "source": "ajuntament-arbrat-viari"}}, {"type": "Feature", "geometry": {"type": "Point", "coordinates": [2.160819, 41.383933]}, "properties": {"codi": "0170479AR", "species": "Platanus \u00d7 acerifolia", "address": "G.V. Corts Catalanes, 562", "categoria_arbrat": "SEGONA", "emission_weight": 0.65, "source": "ajuntament-arbrat-viari"}}, {"type": "Feature", "geometry": {"type": "Point", "coordinates": [2.156995, 41.391939]}, "properties": {"codi": "0170482AR", "species": "Platanus \u00d7 acerifolia", "address": "C\\ Enric Granados, 62", "categoria_arbrat": "EXEMPLAR", "emission_weight": 1.0, "source": "ajuntament-arbrat-viari"}}, {"type": "Feature", "geometry": {"type": "Point", "coordinates": [2.15258, 41.39157]}, "properties": {"codi": "0170485AR", "species": "Platanus \u00d7 acerifolia", "address": "C\\ C\u00f2rsega, 221", "categoria_arbrat": "EXEMPLAR", "emission_weight": 1.0, "source": "ajuntament-arbrat-viari"}}, {"type": "Feature", "geometry": {"type": "Point", "coordinates": [2.164576, 41.386748]}, "properties": {"codi": "0170486AR", "species": "Platanus \u00d7 acerifolia", "address": "G.V. Corts Catalanes, 585", "categoria_arbrat": "TERCERA", "emission_weight": 0.45, "source": "ajuntament-arbrat-viari"}}, {"type": "Feature", "geometry": {"type": "Point", "coordinates": [2.160433, 41.385925]}, "properties": {"codi": "0170487AR", "species": "Platanus \u00d7 acerifolia", "address": "C\\ Muntaner, 40", "categoria_arbrat": "TERCERA", "emission_weight": 0.45, "source": "ajuntament-arbrat-viari"}}, {"type": "Feature", "geometry": {"type": "Point", "coordinates": [2.15137, 41.387674]}, "properties": {"codi": "0170490AR", "species": "Platanus \u00d7 acerifolia", "address": "C\\ Comte d'Urgell, 186", "categoria_arbrat": "SEGONA", "emission_weight": 0.65, "source": "ajuntament-arbrat-viari"}}, {"type": "Feature", "geometry": {"type": "Point", "coordinates": [2.164252, 41.38651]}, "properties": {"codi": "0170491AR", "species": "Platanus \u00d7 acerifolia", "address": "G.V. Corts Catalanes, 585", "categoria_arbrat": "SEGONA", "emission_weight": 0.65, "source": "ajuntament-arbrat-viari"}}, {"type": "Feature", "geometry": {"type": "Point", "coordinates": [2.150319, 41.391575]}, "properties": {"codi": "0170492AR", "species": "Platanus \u00d7 acerifolia", "address": "C\\ Par\u00eds, 149", "categoria_arbrat": "TERCERA", "emission_weight": 0.45, "source": "ajuntament-arbrat-viari"}}, {"type": "Feature", "geometry": {"type": "Point", "coordinates": [2.159539, 41.386664]}, "properties": {"codi": "0170495AR", "species": "Platanus \u00d7 acerifolia", "address": "C\\ Consell de Cent, 253", "categoria_arbrat": "SEGONA", "emission_weight": 0.65, "source": "ajuntament-arbrat-viari"}}, {"type": "Feature", "geometry": {"type": "Point", "coordinates": [2.159833, 41.390004]}, "properties": {"codi": "0170498AR", "species": "Platanus \u00d7 acerifolia", "address": "C\\ Val\u00e8ncia, 226", "categoria_arbrat": "EXEMPLAR", "emission_weight": 1.0, "source": "ajuntament-arbrat-viari"}}, {"type": "Feature", "geometry": {"type": "Point", "coordinates": [2.156797, 41.383579]}, "properties": {"codi": "0170499AR", "species": "Platanus \u00d7 acerifolia", "address": "C\\ Comte d'Urgell, 102", "categoria_arbrat": "SEGONA", "emission_weight": 0.65, "source": "ajuntament-arbrat-viari"}}, {"type": "Feature", "geometry": {"type": "Point", "coordinates": [2.161353, 41.38523]}, "properties": {"codi": "0170504AR", "species": "Platanus \u00d7 acerifolia", "address": "C\\ Muntaner, 24", "categoria_arbrat": "TERCERA", "emission_weight": 0.45, "source": "ajuntament-arbrat-viari"}}, {"type": "Feature", "geometry": {"type": "Point", "coordinates": [2.161152, 41.387744]}, "properties": {"codi": "0170508AR", "species": "Platanus \u00d7 acerifolia", "address": "C\\ Consell de Cent, 277", "categoria_arbrat": "EXEMPLAR", "emission_weight": 1.0, "source": "ajuntament-arbrat-viari"}}, {"type": "Feature", "geometry": {"type": "Point", "coordinates": [2.156932, 41.389523]}, "properties": {"codi": "0170515AR", "species": "Platanus \u00d7 acerifolia", "address": "C\\ Mallorca, 188", "categoria_arbrat": "EXEMPLAR", "emission_weight": 1.0, "source": "ajuntament-arbrat-viari"}}, {"type": "Feature", "geometry": {"type": "Point", "coordinates": [2.155382, 41.391758]}, "properties": {"codi": "0170518AR", "species": "Platanus \u00d7 acerifolia", "address": "C\\ Rossell\u00f3, 164", "categoria_arbrat": "EXEMPLAR", "emission_weight": 1.0, "source": "ajuntament-arbrat-viari"}}, {"type": "Feature", "geometry": {"type": "Point", "coordinates": [2.158811, 41.391085]}, "properties": {"codi": "0170519AR", "species": "Platanus \u00d7 acerifolia", "address": "C\\ Mallorca, 217", "categoria_arbrat": "EXEMPLAR", "emission_weight": 1.0, "source": "ajuntament-arbrat-viari"}}, {"type": "Feature", "geometry": {"type": "Point", "coordinates": [2.157943, 41.383617]}, "properties": {"codi": "0170523AR", "species": "Platanus \u00d7 acerifolia", "address": "C\\ Diputaci\u00f3, 141", "categoria_arbrat": "EXEMPLAR", "emission_weight": 1.0, "source": "ajuntament-arbrat-viari"}}, {"type": "Feature", "geometry": {"type": "Point", "coordinates": [2.149019, 41.389441]}, "properties": {"codi": "0170526AR", "species": "Platanus \u00d7 acerifolia", "address": "C\\ Comte d'Urgell, 230", "categoria_arbrat": "EXEMPLAR", "emission_weight": 1.0, "source": "ajuntament-arbrat-viari"}}, {"type": "Feature", "geometry": {"type": "Point", "coordinates": [2.155995, 41.384185]}, "properties": {"codi": "0170527AR", "species": "Platanus \u00d7 acerifolia", "address": "C\\ Comte d'Urgell, 110", "categoria_arbrat": "EXEMPLAR", "emission_weight": 1.0, "source": "ajuntament-arbrat-viari"}}, {"type": "Feature", "geometry": {"type": "Point", "coordinates": [2.159446, 41.386675]}, "properties": {"codi": "0170528AR", "species": "Platanus \u00d7 acerifolia", "address": "C\\ Consell de Cent, 253", "categoria_arbrat": "TERCERA", "emission_weight": 0.45, "source": "ajuntament-arbrat-viari"}}, {"type": "Feature", "geometry": {"type": "Point", "coordinates": [2.161618, 41.38503]}, "properties": {"codi": "0170529AR", "species": "Platanus \u00d7 acerifolia", "address": "C\\ Muntaner, 18", "categoria_arbrat": "TERCERA", "emission_weight": 0.45, "source": "ajuntament-arbrat-viari"}}, {"type": "Feature", "geometry": {"type": "Point", "coordinates": [2.153053, 41.391502]}, "properties": {"codi": "0170530AR", "species": "Platanus \u00d7 acerifolia", "address": "C\\ C\u00f2rsega, 212", "categoria_arbrat": "TERCERA", "emission_weight": 0.45, "source": "ajuntament-arbrat-viari"}}, {"type": "Feature", "geometry": {"type": "Point", "coordinates": [2.15918, 41.3827]}, "properties": {"codi": "0170531AR", "species": "Platanus \u00d7 acerifolia", "address": "G.V. Corts Catalanes, 533", "categoria_arbrat": "SEGONA", "emission_weight": 0.65, "source": "ajuntament-arbrat-viari"}}, {"type": "Feature", "geometry": {"type": "Point", "coordinates": [2.159454, 41.383]}, "properties": {"codi": "0170536AR", "species": "Platanus \u00d7 acerifolia", "address": "G.V. Corts Catalanes, 535", "categoria_arbrat": "EXEMPLAR", "emission_weight": 1.0, "source": "ajuntament-arbrat-viari"}}, {"type": "Feature", "geometry": {"type": "Point", "coordinates": [2.16207, 41.388119]}, "properties": {"codi": "0170538AR", "species": "Platanus \u00d7 acerifolia", "address": "C\\ Enric Granados, 2", "categoria_arbrat": "TERCERA", "emission_weight": 0.45, "source": "ajuntament-arbrat-viari"}}, {"type": "Feature", "geometry": {"type": "Point", "coordinates": [2.161163, 41.384196]}, "properties": {"codi": "0170543AR", "species": "Platanus \u00d7 acerifolia", "address": "G.V. Corts Catalanes, 561", "categoria_arbrat": "EXEMPLAR", "emission_weight": 1.0, "source": "ajuntament-arbrat-viari"}}, {"type": "Feature", "geometry": {"type": "Point", "coordinates": [2.153684, 41.394975]}, "properties": {"codi": "0170546AR", "species": "Platanus \u00d7 acerifolia", "address": "Av Diagonal, 419", "categoria_arbrat": "EXEMPLAR", "emission_weight": 1.0, "source": "ajuntament-arbrat-viari"}}, {"type": "Feature", "geometry": {"type": "Point", "coordinates": [2.152751, 41.386681]}, "properties": {"codi": "0170548AR", "species": "Platanus \u00d7 acerifolia", "address": "C\\ Mallorca, 115", "categoria_arbrat": "EXEMPLAR", "emission_weight": 1.0, "source": "ajuntament-arbrat-viari"}}, {"type": "Feature", "geometry": {"type": "Point", "coordinates": [2.155201, 41.389733]}, "properties": {"codi": "0170549AR", "species": "Platanus \u00d7 acerifolia", "address": "C\\ Proven\u00e7a, 202", "categoria_arbrat": "EXEMPLAR", "emission_weight": 1.0, "source": "ajuntament-arbrat-viari"}}, {"type": "Feature", "geometry": {"type": "Point", "coordinates": [2.153143, 41.388525]}, "properties": {"codi": "0170551AR", "species": "Platanus \u00d7 acerifolia", "address": "C\\ Proven\u00e7a, 143", "categoria_arbrat": "EXEMPLAR", "emission_weight": 1.0, "source": "ajuntament-arbrat-viari"}}, {"type": "Feature", "geometry": {"type": "Point", "coordinates": [2.161589, 41.384905]}, "properties": {"codi": "0170553AR", "species": "Platanus \u00d7 acerifolia", "address": "C\\ Muntaner, 23", "categoria_arbrat": "TERCERA", "emission_weight": 0.45, "source": "ajuntament-arbrat-viari"}}, {"type": "Feature", "geometry": {"type": "Point", "coordinates": [2.158088, 41.383726]}, "properties": {"codi": "0170554AR", "species": "Platanus \u00d7 acerifolia", "address": "C\\ Diputaci\u00f3, 153", "categoria_arbrat": "EXEMPLAR", "emission_weight": 1.0, "source": "ajuntament-arbrat-viari"}}, {"type": "Feature", "geometry": {"type": "Point", "coordinates": [2.153348, 41.386818]}, "properties": {"codi": "0170556AR", "species": "Platanus \u00d7 acerifolia", "address": "C\\ Mallorca, 126", "categoria_arbrat": "EXEMPLAR", "emission_weight": 1.0, "source": "ajuntament-arbrat-viari"}}, {"type": "Feature", "geometry": {"type": "Point", "coordinates": [2.151641, 41.390934]}, "properties": {"codi": "0170558AR", "species": "Platanus \u00d7 acerifolia", "address": "C\\ C\u00f2rsega, 207", "categoria_arbrat": "EXEMPLAR", "emission_weight": 1.0, "source": "ajuntament-arbrat-viari"}}, {"type": "Feature", "geometry": {"type": "Point", "coordinates": [2.153233, 41.391365]}, "properties": {"codi": "0170559AR", "species": "Platanus \u00d7 acerifolia", "address": "C\\ Muntaner, 158", "categoria_arbrat": "TERCERA", "emission_weight": 0.45, "source": "ajuntament-arbrat-viari"}}, {"type": "Feature", "geometry": {"type": "Point", "coordinates": [2.162638, 41.385303]}, "properties": {"codi": "0170562AR", "species": "Platanus \u00d7 acerifolia", "address": "G.V. Corts Catalanes, 581", "categoria_arbrat": "SEGONA", "emission_weight": 0.65, "source": "ajuntament-arbrat-viari"}}, {"type": "Feature", "geometry": {"type": "Point", "coordinates": [2.160416, 41.38548]}, "properties": {"codi": "0170565AR", "species": "Platanus \u00d7 acerifolia", "address": "C\\ Diputaci\u00f3, 187", "categoria_arbrat": "EXEMPLAR", "emission_weight": 1.0, "source": "ajuntament-arbrat-viari"}}, {"type": "Feature", "geometry": {"type": "Point", "coordinates": [2.152297, 41.391288]}, "properties": {"codi": "0170566AR", "species": "Platanus \u00d7 acerifolia", "address": "C\\ C\u00f2rsega, 217", "categoria_arbrat": "EXEMPLAR", "emission_weight": 1.0, "source": "ajuntament-arbrat-viari"}}, {"type": "Feature", "geometry": {"type": "Point", "coordinates": [2.15334, 41.386189]}, "properties": {"codi": "0170568AR", "species": "Platanus \u00d7 acerifolia", "address": "C\\ Comte d'Urgell, 154", "categoria_arbrat": "SEGONA", "emission_weight": 0.65, "source": "ajuntament-arbrat-viari"}}, {"type": "Feature", "geometry": {"type": "Point", "coordinates": [2.157908, 41.391958]}, "properties": {"codi": "0170571AR", "species": "Platanus \u00d7 acerifolia", "address": "C\\ Proven\u00e7a, 242", "categoria_arbrat": "EXEMPLAR", "emission_weight": 1.0, "source": "ajuntament-arbrat-viari"}}, {"type": "Feature", "geometry": {"type": "Point", "coordinates": [2.15587, 41.38717]}, "properties": {"codi": "0170578AR", "species": "Platanus \u00d7 acerifolia", "address": "C\\ Val\u00e8ncia, 141", "categoria_arbrat": "TERCERA", "emission_weight": 0.45, "source": "ajuntament-arbrat-viari"}}, {"type": "Feature", "geometry": {"type": "Point", "coordinates": [2.153877, 41.395026]}, "properties": {"codi": "0170583AR", "species": "Platanus \u00d7 acerifolia", "address": "Av Diagonal, 417", "categoria_arbrat": "EXEMPLAR", "emission_weight": 1.0, "source": "ajuntament-arbrat-viari"}}, {"type": "Feature", "geometry": {"type": "Point", "coordinates": [2.15883, 41.388844]}, "properties": {"codi": "0170585AR", "species": "Platanus \u00d7 acerifolia", "address": "C\\ Aribau, 68", "categoria_arbrat": "EXEMPLAR", "emission_weight": 1.0, "source": "ajuntament-arbrat-viari"}}, {"type": "Feature", "geometry": {"type": "Point", "coordinates": [2.153316, 41.393015]}, "properties": {"codi": "0170593AR", "species": "Platanus \u00d7 acerifolia", "address": "C\\ Aribau, 176", "categoria_arbrat": "EXEMPLAR", "emission_weight": 1.0, "source": "ajuntament-arbrat-viari"}}, {"type": "Feature", "geometry": {"type": "Point", "coordinates": [2.15218, 41.394455]}, "properties": {"codi": "0170594AR", "species": "Platanus \u00d7 acerifolia", "address": "Av Diagonal, 431", "categoria_arbrat": "EXEMPLAR", "emission_weight": 1.0, "source": "ajuntament-arbrat-viari"}}, {"type": "Feature", "geometry": {"type": "Point", "coordinates": [2.16506, 41.387211]}, "properties": {"codi": "0170595AR", "species": "Platanus \u00d7 acerifolia", "address": "G.V. Corts Catalanes, 585", "categoria_arbrat": "SEGONA", "emission_weight": 0.65, "source": "ajuntament-arbrat-viari"}}, {"type": "Feature", "geometry": {"type": "Point", "coordinates": [2.158634, 41.382382]}, "properties": {"codi": "0170596AR", "species": "Platanus \u00d7 acerifolia", "address": "G.V. Corts Catalanes, 525", "categoria_arbrat": "SEGONA", "emission_weight": 0.65, "source": "ajuntament-arbrat-viari"}}, {"type": "Feature", "geometry": {"type": "Point", "coordinates": [2.157086, 41.384889]}, "properties": {"codi": "0170597AR", "species": "Platanus \u00d7 acerifolia", "address": "C\\ Consell de Cent, 209", "categoria_arbrat": "EXEMPLAR", "emission_weight": 1.0, "source": "ajuntament-arbrat-viari"}}, {"type": "Feature", "geometry": {"type": "Point", "coordinates": [2.161141, 41.387103]}, "properties": {"codi": "0170600AR", "species": "Platanus \u00d7 acerifolia", "address": "C\\ Aribau, 32", "categoria_arbrat": "EXEMPLAR", "emission_weight": 1.0, "source": "ajuntament-arbrat-viari"}}, {"type": "Feature", "geometry": {"type": "Point", "coordinates": [2.158064, 41.392216]}, "properties": {"codi": "0170601AR", "species": "Platanus \u00d7 acerifolia", "address": "C\\ Proven\u00e7a, 209", "categoria_arbrat": "EXEMPLAR", "emission_weight": 1.0, "source": "ajuntament-arbrat-viari"}}, {"type": "Feature", "geometry": {"type": "Point", "coordinates": [2.156507, 41.389202]}, "properties": {"codi": "0170604AR", "species": "Platanus \u00d7 acerifolia", "address": "C\\ Mallorca, 178", "categoria_arbrat": "EXEMPLAR", "emission_weight": 1.0, "source": "ajuntament-arbrat-viari"}}, {"type": "Feature", "geometry": {"type": "Point", "coordinates": [2.15641, 41.389277]}, "properties": {"codi": "0170607AR", "species": "Platanus \u00d7 acerifolia", "address": "C\\ Mallorca, 177", "categoria_arbrat": "EXEMPLAR", "emission_weight": 1.0, "source": "ajuntament-arbrat-viari"}}, {"type": "Feature", "geometry": {"type": "Point", "coordinates": [2.158922, 41.383651]}, "properties": {"codi": "0170610AR", "species": "Platanus \u00d7 acerifolia", "address": "C\\ Villarroel, 64", "categoria_arbrat": "SEGONA", "emission_weight": 0.65, "source": "ajuntament-arbrat-viari"}}, {"type": "Feature", "geometry": {"type": "Point", "coordinates": [2.15522, 41.385861]}, "properties": {"codi": "0170612AR", "species": "Platanus \u00d7 acerifolia", "address": "Av Roma, 127", "categoria_arbrat": "EXEMPLAR", "emission_weight": 1.0, "source": "ajuntament-arbrat-viari"}}, {"type": "Feature", "geometry": {"type": "Point", "coordinates": [2.153074, 41.38654]}, "properties": {"codi": "0170613AR", "species": "Platanus \u00d7 acerifolia", "address": "C\\ Mallorca, 120", "categoria_arbrat": "TERCERA", "emission_weight": 0.45, "source": "ajuntament-arbrat-viari"}}, {"type": "Feature", "geometry": {"type": "Point", "coordinates": [2.157568, 41.389866]}, "properties": {"codi": "0170632AR", "species": "Platanus \u00d7 acerifolia", "address": "C\\ Mallorca, 194", "categoria_arbrat": "TERCERA", "emission_weight": 0.45, "source": "ajuntament-arbrat-viari"}}, {"type": "Feature", "geometry": {"type": "Point", "coordinates": [2.155665, 41.393824]}, "properties": {"codi": "0170633AR", "species": "Platanus \u00d7 acerifolia", "address": "C\\ C\u00f2rsega, 271", "categoria_arbrat": "EXEMPLAR", "emission_weight": 1.0, "source": "ajuntament-arbrat-viari"}}, {"type": "Feature", "geometry": {"type": "Point", "coordinates": [2.151529, 41.394119]}, "properties": {"codi": "0170634AR", "species": "Platanus \u00d7 acerifolia", "address": "C\\ Londres, 111", "categoria_arbrat": "SEGONA", "emission_weight": 0.65, "source": "ajuntament-arbrat-viari"}}, {"type": "Feature", "geometry": {"type": "Point", "coordinates": [2.15111, 41.389548]}, "properties": {"codi": "0170636AR", "species": "Platanus \u00d7 acerifolia", "address": "C\\ Villarroel, 168", "categoria_arbrat": "EXEMPLAR", "emission_weight": 1.0, "source": "ajuntament-arbrat-viari"}}, {"type": "Feature", "geometry": {"type": "Point", "coordinates": [2.151447, 41.392502]}, "properties": {"codi": "0170645AR", "species": "Platanus \u00d7 acerifolia", "address": "C\\ Par\u00eds, 167", "categoria_arbrat": "TERCERA", "emission_weight": 0.45, "source": "ajuntament-arbrat-viari"}}, {"type": "Feature", "geometry": {"type": "Point", "coordinates": [2.154748, 41.387877]}, "properties": {"codi": "0170650AR", "species": "Platanus \u00d7 acerifolia", "address": "C\\ Mallorca, 154", "categoria_arbrat": "EXEMPLAR", "emission_weight": 1.0, "source": "ajuntament-arbrat-viari"}}, {"type": "Feature", "geometry": {"type": "Point", "coordinates": [2.155728, 41.385715]}, "properties": {"codi": "0170656AR", "species": "Platanus \u00d7 acerifolia", "address": "Av Roma, 146", "categoria_arbrat": "PRIMERA", "emission_weight": 0.85, "source": "ajuntament-arbrat-viari"}}, {"type": "Feature", "geometry": {"type": "Point", "coordinates": [2.155268, 41.386719]}, "properties": {"codi": "0170658AR", "species": "Platanus \u00d7 acerifolia", "address": "C\\ Val\u00e8ncia, 123", "categoria_arbrat": "SEGONA", "emission_weight": 0.65, "source": "ajuntament-arbrat-viari"}}, {"type": "Feature", "geometry": {"type": "Point", "coordinates": [2.154452, 41.395164]}, "properties": {"codi": "0170662AR", "species": "Platanus \u00d7 acerifolia", "address": "Av Diagonal, 411", "categoria_arbrat": "EXEMPLAR", "emission_weight": 1.0, "source": "ajuntament-arbrat-viari"}}, {"type": "Feature", "geometry": {"type": "Point", "coordinates": [2.157062, 41.384519]}, "properties": {"codi": "0170663AR", "species": "Platanus \u00d7 acerifolia", "address": "C\\ Consell de Cent, 202", "categoria_arbrat": "EXEMPLAR", "emission_weight": 1.0, "source": "ajuntament-arbrat-viari"}}, {"type": "Feature", "geometry": {"type": "Point", "coordinates": [2.157514, 41.384565]}, "properties": {"codi": "0170664AR", "species": "Platanus \u00d7 acerifolia", "address": "C\\ Villarroel, 87", "categoria_arbrat": "SEGONA", "emission_weight": 0.65, "source": "ajuntament-arbrat-viari"}}, {"type": "Feature", "geometry": {"type": "Point", "coordinates": [2.154794, 41.389615]}, "properties": {"codi": "0170665AR", "species": "Platanus \u00d7 acerifolia", "address": "C\\ Proven\u00e7a, 198", "categoria_arbrat": "TERCERA", "emission_weight": 0.45, "source": "ajuntament-arbrat-viari"}}, {"type": "Feature", "geometry": {"type": "Point", "coordinates": [2.151727, 41.39264]}, "properties": {"codi": "0170674AR", "species": "Platanus \u00d7 acerifolia", "address": "C\\ Par\u00eds, 169", "categoria_arbrat": "SEGONA", "emission_weight": 0.65, "source": "ajuntament-arbrat-viari"}}, {"type": "Feature", "geometry": {"type": "Point", "coordinates": [2.156253, 41.390574]}, "properties": {"codi": "0170675AR", "species": "Platanus \u00d7 acerifolia", "address": "C\\ Proven\u00e7a, 216", "categoria_arbrat": "SEGONA", "emission_weight": 0.65, "source": "ajuntament-arbrat-viari"}}, {"type": "Feature", "geometry": {"type": "Point", "coordinates": [2.157265, 41.384609]}, "properties": {"codi": "0170680AR", "species": "Platanus \u00d7 acerifolia", "address": "C\\ Consell de Cent, 202", "categoria_arbrat": "SEGONA", "emission_weight": 0.65, "source": "ajuntament-arbrat-viari"}}, {"type": "Feature", "geometry": {"type": "Point", "coordinates": [2.162082, 41.388296]}, "properties": {"codi": "0170681AR", "species": "Platanus \u00d7 acerifolia", "address": "C\\ Consell de Cent, 272", "categoria_arbrat": "EXEMPLAR", "emission_weight": 1.0, "source": "ajuntament-arbrat-viari"}}, {"type": "Feature", "geometry": {"type": "Point", "coordinates": [2.162898, 41.385585]}, "properties": {"codi": "0170690AR", "species": "Platanus \u00d7 acerifolia", "address": "G.V. Corts Catalanes, 583", "categoria_arbrat": "SEGONA", "emission_weight": 0.65, "source": "ajuntament-arbrat-viari"}}, {"type": "Feature", "geometry": {"type": "Point", "coordinates": [2.161144, 41.386026]}, "properties": {"codi": "0170698AR", "species": "Platanus \u00d7 acerifolia", "address": "C\\ Diputaci\u00f3, 199", "categoria_arbrat": "TERCERA", "emission_weight": 0.45, "source": "ajuntament-arbrat-viari"}}, {"type": "Feature", "geometry": {"type": "Point", "coordinates": [2.162089, 41.386383]}, "properties": {"codi": "0170701AR", "species": "Platanus \u00d7 acerifolia", "address": "C\\ Diputaci\u00f3, 222", "categoria_arbrat": "EXEMPLAR", "emission_weight": 1.0, "source": "ajuntament-arbrat-viari"}}, {"type": "Feature", "geometry": {"type": "Point", "coordinates": [2.15673, 41.383628]}, "properties": {"codi": "0170708AR", "species": "Platanus \u00d7 acerifolia", "address": "C\\ Comte d'Urgell, 102", "categoria_arbrat": "EXEMPLAR", "emission_weight": 1.0, "source": "ajuntament-arbrat-viari"}}, {"type": "Feature", "geometry": {"type": "Point", "coordinates": [2.162391, 41.387853]}, "properties": {"codi": "0170711AR", "species": "Platanus \u00d7 acerifolia", "address": "C\\ Enric Granados, 2", "categoria_arbrat": "EXEMPLAR", "emission_weight": 1.0, "source": "ajuntament-arbrat-viari"}}, {"type": "Feature", "geometry": {"type": "Point", "coordinates": [2.15521, 41.388016]}, "properties": {"codi": "0170713AR", "species": "Platanus \u00d7 acerifolia", "address": "C\\ Mallorca, 158", "categoria_arbrat": "EXEMPLAR", "emission_weight": 1.0, "source": "ajuntament-arbrat-viari"}}, {"type": "Feature", "geometry": {"type": "Point", "coordinates": [2.153818, 41.390934]}, "properties": {"codi": "0170714AR", "species": "Platanus \u00d7 acerifolia", "address": "C\\ Rossell\u00f3, 175", "categoria_arbrat": "EXEMPLAR", "emission_weight": 1.0, "source": "ajuntament-arbrat-viari"}}, {"type": "Feature", "geometry": {"type": "Point", "coordinates": [2.155549, 41.386195]}, "properties": {"codi": "0170719AR", "species": "Platanus \u00d7 acerifolia", "address": "C\\ Villarroel, 114", "categoria_arbrat": "EXEMPLAR", "emission_weight": 1.0, "source": "ajuntament-arbrat-viari"}}, {"type": "Feature", "geometry": {"type": "Point", "coordinates": [2.163078, 41.387337]}, "properties": {"codi": "0170720AR", "species": "Platanus \u00d7 acerifolia", "address": "C\\ Diputaci\u00f3, 226", "categoria_arbrat": "EXEMPLAR", "emission_weight": 1.0, "source": "ajuntament-arbrat-viari"}}, {"type": "Feature", "geometry": {"type": "Point", "coordinates": [2.155325, 41.384766]}, "properties": {"codi": "0170723AR", "species": "Platanus \u00d7 acerifolia", "address": "C\\ Arag\u00f3, 128", "categoria_arbrat": "EXEMPLAR", "emission_weight": 1.0, "source": "ajuntament-arbrat-viari"}}, {"type": "Feature", "geometry": {"type": "Point", "coordinates": [2.162179, 41.388516]}, "properties": {"codi": "0170726AR", "species": "Platanus \u00d7 acerifolia", "address": "C\\ Consell de Cent, 293", "categoria_arbrat": "EXEMPLAR", "emission_weight": 1.0, "source": "ajuntament-arbrat-viari"}}, {"type": "Feature", "geometry": {"type": "Point", "coordinates": [2.163821, 41.386182]}, "properties": {"codi": "0170727AR", "species": "Platanus \u00d7 acerifolia", "address": "G.V. Corts Catalanes, 585", "categoria_arbrat": "SEGONA", "emission_weight": 0.65, "source": "ajuntament-arbrat-viari"}}, {"type": "Feature", "geometry": {"type": "Point", "coordinates": [2.156948, 41.391971]}, "properties": {"codi": "0170730AR", "species": "Platanus \u00d7 acerifolia", "address": "C\\ Enric Granados, 62", "categoria_arbrat": "EXEMPLAR", "emission_weight": 1.0, "source": "ajuntament-arbrat-viari"}}, {"type": "Feature", "geometry": {"type": "Point", "coordinates": [2.158765, 41.382392]}, "properties": {"codi": "0170731AR", "species": "Platanus \u00d7 acerifolia", "address": "G.V. Corts Catalanes, 525", "categoria_arbrat": "SEGONA", "emission_weight": 0.65, "source": "ajuntament-arbrat-viari"}}, {"type": "Feature", "geometry": {"type": "Point", "coordinates": [2.158763, 41.385798]}, "properties": {"codi": "0170732AR", "species": "Platanus \u00d7 acerifolia", "address": "C\\ Consell de Cent, 216", "categoria_arbrat": "TERCERA", "emission_weight": 0.45, "source": "ajuntament-arbrat-viari"}}, {"type": "Feature", "geometry": {"type": "Point", "coordinates": [2.150247, 41.391455]}, "properties": {"codi": "0170738AR", "species": "Platanus \u00d7 acerifolia", "address": "C\\ Par\u00eds, 147", "categoria_arbrat": "EXEMPLAR", "emission_weight": 1.0, "source": "ajuntament-arbrat-viari"}}, {"type": "Feature", "geometry": {"type": "Point", "coordinates": [2.151556, 41.38754]}, "properties": {"codi": "0170743AR", "species": "Platanus \u00d7 acerifolia", "address": "C\\ Proven\u00e7a, 125", "categoria_arbrat": "EXEMPLAR", "emission_weight": 1.0, "source": "ajuntament-arbrat-viari"}}, {"type": "Feature", "geometry": {"type": "Point", "coordinates": [2.156153, 41.387166]}, "properties": {"codi": "0170744AR", "species": "Platanus \u00d7 acerifolia", "address": "C\\ Val\u00e8ncia, 176", "categoria_arbrat": "TERCERA", "emission_weight": 0.45, "source": "ajuntament-arbrat-viari"}}, {"type": "Feature", "geometry": {"type": "Point", "coordinates": [2.15468, 41.390126]}, "properties": {"codi": "0170746AR", "species": "Platanus \u00d7 acerifolia", "address": "C\\ Muntaner, 129", "categoria_arbrat": "SEGONA", "emission_weight": 0.65, "source": "ajuntament-arbrat-viari"}}, {"type": "Feature", "geometry": {"type": "Point", "coordinates": [2.149179, 41.390859]}, "properties": {"codi": "0170751AR", "species": "Platanus \u00d7 acerifolia", "address": "C\\ Par\u00eds, 133", "categoria_arbrat": "EXEMPLAR", "emission_weight": 1.0, "source": "ajuntament-arbrat-viari"}}, {"type": "Feature", "geometry": {"type": "Point", "coordinates": [2.151799, 41.394165]}, "properties": {"codi": "0170755AR", "species": "Platanus \u00d7 acerifolia", "address": "C\\ Aribau, 200", "categoria_arbrat": "EXEMPLAR", "emission_weight": 1.0, "source": "ajuntament-arbrat-viari"}}, {"type": "Feature", "geometry": {"type": "Point", "coordinates": [2.154581, 41.392056]}, "properties": {"codi": "0170757AR", "species": "Platanus \u00d7 acerifolia", "address": "C\\ Aribau, 150", "categoria_arbrat": "EXEMPLAR", "emission_weight": 1.0, "source": "ajuntament-arbrat-viari"}}, {"type": "Feature", "geometry": {"type": "Point", "coordinates": [2.157572, 41.388296]}, "properties": {"codi": "0170758AR", "species": "Platanus \u00d7 acerifolia", "address": "C\\ Val\u00e8ncia, 192", "categoria_arbrat": "TERCERA", "emission_weight": 0.45, "source": "ajuntament-arbrat-viari"}}, {"type": "Feature", "geometry": {"type": "Point", "coordinates": [2.149081, 41.393804]}, "properties": {"codi": "0170764AR", "species": "Platanus \u00d7 acerifolia", "address": "Av Diagonal, 445", "categoria_arbrat": "TERCERA", "emission_weight": 0.45, "source": "ajuntament-arbrat-viari"}}, {"type": "Feature", "geometry": {"type": "Point", "coordinates": [2.161035, 41.384188]}, "properties": {"codi": "0170765AR", "species": "Platanus \u00d7 acerifolia", "address": "G.V. Corts Catalanes, 561", "categoria_arbrat": "EXEMPLAR", "emission_weight": 1.0, "source": "ajuntament-arbrat-viari"}}, {"type": "Feature", "geometry": {"type": "Point", "coordinates": [2.158744, 41.387331]}, "properties": {"codi": "0170767AR", "species": "Platanus \u00d7 acerifolia", "address": "C\\ Arag\u00f3, 194", "categoria_arbrat": "EXEMPLAR", "emission_weight": 1.0, "source": "ajuntament-arbrat-viari"}}, {"type": "Feature", "geometry": {"type": "Point", "coordinates": [2.15209, 41.394567]}, "properties": {"codi": "0170771AR", "species": "Platanus \u00d7 acerifolia", "address": "Av Diagonal, 9992", "categoria_arbrat": "EXEMPLAR", "emission_weight": 1.0, "source": "ajuntament-arbrat-viari"}}, {"type": "Feature", "geometry": {"type": "Point", "coordinates": [2.156653, 41.392706]}, "properties": {"codi": "0170776AR", "species": "Platanus \u00d7 acerifolia", "address": "C\\ Rossell\u00f3, 186", "categoria_arbrat": "SEGONA", "emission_weight": 0.65, "source": "ajuntament-arbrat-viari"}}, {"type": "Feature", "geometry": {"type": "Point", "coordinates": [2.15484, 41.391861]}, "properties": {"codi": "0170780AR", "species": "Platanus \u00d7 acerifolia", "address": "C\\ Aribau, 142", "categoria_arbrat": "TERCERA", "emission_weight": 0.45, "source": "ajuntament-arbrat-viari"}}, {"type": "Feature", "geometry": {"type": "Point", "coordinates": [2.14977, 41.3928]}, "properties": {"codi": "0170784AR", "species": "Platanus \u00d7 acerifolia", "address": "C\\ Londres, 83", "categoria_arbrat": "EXEMPLAR", "emission_weight": 1.0, "source": "ajuntament-arbrat-viari"}}, {"type": "Feature", "geometry": {"type": "Point", "coordinates": [2.152758, 41.394899]}, "properties": {"codi": "0186223AR", "species": "Platanus \u00d7 acerifolia", "address": "Av Diagonal, 516", "categoria_arbrat": "SEGONA", "emission_weight": 0.65, "source": "ajuntament-arbrat-viari"}}, {"type": "Feature", "geometry": {"type": "Point", "coordinates": [2.14997, 41.394203]}, "properties": {"codi": "0187579AR", "species": "Platanus \u00d7 acerifolia", "address": "Av Diagonal, 568", "categoria_arbrat": "SEGONA", "emission_weight": 0.65, "source": "ajuntament-arbrat-viari"}}, {"type": "Feature", "geometry": {"type": "Point", "coordinates": [2.150523, 41.394337]}, "properties": {"codi": "0187597AR", "species": "Platanus \u00d7 acerifolia", "address": "Av Diagonal, 558", "categoria_arbrat": "PRIMERA", "emission_weight": 0.85, "source": "ajuntament-arbrat-viari"}}, {"type": "Feature", "geometry": {"type": "Point", "coordinates": [2.151834, 41.394675]}, "properties": {"codi": "0187598AR", "species": "Platanus \u00d7 acerifolia", "address": "Av Diagonal, 536", "categoria_arbrat": "SEGONA", "emission_weight": 0.65, "source": "ajuntament-arbrat-viari"}}, {"type": "Feature", "geometry": {"type": "Point", "coordinates": [2.151486, 41.394586]}, "properties": {"codi": "0187604AR", "species": "Platanus \u00d7 acerifolia", "address": "Av Diagonal, 538", "categoria_arbrat": "SEGONA", "emission_weight": 0.65, "source": "ajuntament-arbrat-viari"}}, {"type": "Feature", "geometry": {"type": "Point", "coordinates": [2.151579, 41.394674]}, "properties": {"codi": "0187615AR", "species": "Platanus \u00d7 acerifolia", "address": "Av Diagonal, 538", "categoria_arbrat": "SEGONA", "emission_weight": 0.65, "source": "ajuntament-arbrat-viari"}}, {"type": "Feature", "geometry": {"type": "Point", "coordinates": [2.155385, 41.395649]}, "properties": {"codi": "0187626AR", "species": "Platanus \u00d7 acerifolia", "address": "Av Diagonal, 482", "categoria_arbrat": "SEGONA", "emission_weight": 0.65, "source": "ajuntament-arbrat-viari"}}, {"type": "Feature", "geometry": {"type": "Point", "coordinates": [2.152303, 41.394858]}, "properties": {"codi": "0187636AR", "species": "Platanus \u00d7 acerifolia", "address": "Av Diagonal, 526", "categoria_arbrat": "SEGONA", "emission_weight": 0.65, "source": "ajuntament-arbrat-viari"}}, {"type": "Feature", "geometry": {"type": "Point", "coordinates": [2.150531, 41.394408]}, "properties": {"codi": "0187658AR", "species": "Platanus \u00d7 acerifolia", "address": "Av Diagonal, 558", "categoria_arbrat": "SEGONA", "emission_weight": 0.65, "source": "ajuntament-arbrat-viari"}}, {"type": "Feature", "geometry": {"type": "Point", "coordinates": [2.152031, 41.39479]}, "properties": {"codi": "0188232AR", "species": "Platanus \u00d7 acerifolia", "address": "Av Diagonal, 526", "categoria_arbrat": "SEGONA", "emission_weight": 0.65, "source": "ajuntament-arbrat-viari"}}, {"type": "Feature", "geometry": {"type": "Point", "coordinates": [2.152843, 41.394928]}, "properties": {"codi": "0188274AR", "species": "Platanus \u00d7 acerifolia", "address": "Av Diagonal, 516", "categoria_arbrat": "EXEMPLAR", "emission_weight": 1.0, "source": "ajuntament-arbrat-viari"}}, {"type": "Feature", "geometry": {"type": "Point", "coordinates": [2.150232, 41.394274]}, "properties": {"codi": "0188519AR", "species": "Platanus \u00d7 acerifolia", "address": "Av Diagonal, 568", "categoria_arbrat": "SEGONA", "emission_weight": 0.65, "source": "ajuntament-arbrat-viari"}}, {"type": "Feature", "geometry": {"type": "Point", "coordinates": [2.149897, 41.394253]}, "properties": {"codi": "0188659AR", "species": "Platanus \u00d7 acerifolia", "address": "Av Diagonal, 568", "categoria_arbrat": "SEGONA", "emission_weight": 0.65, "source": "ajuntament-arbrat-viari"}}, {"type": "Feature", "geometry": {"type": "Point", "coordinates": [2.150614, 41.394359]}, "properties": {"codi": "0188743AR", "species": "Platanus \u00d7 acerifolia", "address": "Av Diagonal, 558", "categoria_arbrat": "EXEMPLAR", "emission_weight": 1.0, "source": "ajuntament-arbrat-viari"}}, {"type": "Feature", "geometry": {"type": "Point", "coordinates": [2.153005, 41.394973]}, "properties": {"codi": "0188756AR", "species": "Platanus \u00d7 acerifolia", "address": "Av Diagonal, 516", "categoria_arbrat": "SEGONA", "emission_weight": 0.65, "source": "ajuntament-arbrat-viari"}}, {"type": "Feature", "geometry": {"type": "Point", "coordinates": [2.152663, 41.394886]}, "properties": {"codi": "0188757AR", "species": "Platanus \u00d7 acerifolia", "address": "Av Diagonal, 516", "categoria_arbrat": "EXEMPLAR", "emission_weight": 1.0, "source": "ajuntament-arbrat-viari"}}, {"type": "Feature", "geometry": {"type": "Point", "coordinates": [2.155301, 41.395628]}, "properties": {"codi": "0188758AR", "species": "Platanus \u00d7 acerifolia", "address": "Av Diagonal, 482", "categoria_arbrat": "EXEMPLAR", "emission_weight": 1.0, "source": "ajuntament-arbrat-viari"}}, {"type": "Feature", "geometry": {"type": "Point", "coordinates": [2.153756, 41.395226]}, "properties": {"codi": "0188823AR", "species": "Platanus \u00d7 acerifolia", "address": "Av Diagonal, 508", "categoria_arbrat": "EXEMPLAR", "emission_weight": 1.0, "source": "ajuntament-arbrat-viari"}}, {"type": "Feature", "geometry": {"type": "Point", "coordinates": [2.152394, 41.394881]}, "properties": {"codi": "0188952AR", "species": "Platanus \u00d7 acerifolia", "address": "Av Diagonal, 526", "categoria_arbrat": "SEGONA", "emission_weight": 0.65, "source": "ajuntament-arbrat-viari"}}, {"type": "Feature", "geometry": {"type": "Point", "coordinates": [2.15185, 41.394744]}, "properties": {"codi": "0188995AR", "species": "Platanus \u00d7 acerifolia", "address": "Av Diagonal, 534", "categoria_arbrat": "SEGONA", "emission_weight": 0.65, "source": "ajuntament-arbrat-viari"}}, {"type": "Feature", "geometry": {"type": "Point", "coordinates": [2.150786, 41.394409]}, "properties": {"codi": "0189063AR", "species": "Platanus \u00d7 acerifolia", "address": "Av Diagonal, 550", "categoria_arbrat": "EXEMPLAR", "emission_weight": 1.0, "source": "ajuntament-arbrat-viari"}}, {"type": "Feature", "geometry": {"type": "Point", "coordinates": [2.152575, 41.394927]}, "properties": {"codi": "0189070AR", "species": "Platanus \u00d7 acerifolia", "address": "Av Diagonal, 516", "categoria_arbrat": "SEGONA", "emission_weight": 0.65, "source": "ajuntament-arbrat-viari"}}, {"type": "Feature", "geometry": {"type": "Point", "coordinates": [2.14928, 41.394021]}, "properties": {"codi": "0189135AR", "species": "Platanus \u00d7 acerifolia", "address": "Av Diagonal, 570", "categoria_arbrat": "EXEMPLAR", "emission_weight": 1.0, "source": "ajuntament-arbrat-viari"}}, {"type": "Feature", "geometry": {"type": "Point", "coordinates": [2.149117, 41.394054]}, "properties": {"codi": "0189293AR", "species": "Platanus \u00d7 acerifolia", "address": "Av Diagonal, 570", "categoria_arbrat": "TERCERA", "emission_weight": 0.45, "source": "ajuntament-arbrat-viari"}}, {"type": "Feature", "geometry": {"type": "Point", "coordinates": [2.153717, 41.395155]}, "properties": {"codi": "0189316AR", "species": "Platanus \u00d7 acerifolia", "address": "Av Diagonal, 508", "categoria_arbrat": "EXEMPLAR", "emission_weight": 1.0, "source": "ajuntament-arbrat-viari"}}, {"type": "Feature", "geometry": {"type": "Point", "coordinates": [2.154314, 41.39537]}, "properties": {"codi": "0189473AR", "species": "Platanus \u00d7 acerifolia", "address": "Av Diagonal, 502", "categoria_arbrat": "EXEMPLAR", "emission_weight": 1.0, "source": "ajuntament-arbrat-viari"}}, {"type": "Feature", "geometry": {"type": "Point", "coordinates": [2.153916, 41.395204]}, "properties": {"codi": "0189528AR", "species": "Platanus \u00d7 acerifolia", "address": "Av Diagonal, 508", "categoria_arbrat": "EXEMPLAR", "emission_weight": 1.0, "source": "ajuntament-arbrat-viari"}}, {"type": "Feature", "geometry": {"type": "Point", "coordinates": [2.154107, 41.395251]}, "properties": {"codi": "0189586AR", "species": "Platanus \u00d7 acerifolia", "address": "Av Diagonal, 506", "categoria_arbrat": "EXEMPLAR", "emission_weight": 1.0, "source": "ajuntament-arbrat-viari"}}, {"type": "Feature", "geometry": {"type": "Point", "coordinates": [2.150446, 41.394392]}, "properties": {"codi": "0189682AR", "species": "Platanus \u00d7 acerifolia", "address": "Av Diagonal, 558", "categoria_arbrat": "TERCERA", "emission_weight": 0.45, "source": "ajuntament-arbrat-viari"}}, {"type": "Feature", "geometry": {"type": "Point", "coordinates": [2.152212, 41.394835]}, "properties": {"codi": "0189708AR", "species": "Platanus \u00d7 acerifolia", "address": "Av Diagonal, 526", "categoria_arbrat": "SEGONA", "emission_weight": 0.65, "source": "ajuntament-arbrat-viari"}}, {"type": "Feature", "geometry": {"type": "Point", "coordinates": [2.151486, 41.394646]}, "properties": {"codi": "0189896AR", "species": "Platanus \u00d7 acerifolia", "address": "Av Diagonal, 538", "categoria_arbrat": "TERCERA", "emission_weight": 0.45, "source": "ajuntament-arbrat-viari"}}, {"type": "Feature", "geometry": {"type": "Point", "coordinates": [2.150065, 41.394225]}, "properties": {"codi": "0190218AR", "species": "Platanus \u00d7 acerifolia", "address": "Av Diagonal, 568", "categoria_arbrat": "TERCERA", "emission_weight": 0.45, "source": "ajuntament-arbrat-viari"}}, {"type": "Feature", "geometry": {"type": "Point", "coordinates": [2.151293, 41.394596]}, "properties": {"codi": "0190392AR", "species": "Platanus \u00d7 acerifolia", "address": "Av Diagonal, 538", "categoria_arbrat": "EXEMPLAR", "emission_weight": 1.0, "source": "ajuntament-arbrat-viari"}}, {"type": "Feature", "geometry": {"type": "Point", "coordinates": [2.153363, 41.395137]}, "properties": {"codi": "0190478AR", "species": "Platanus \u00d7 acerifolia", "address": "Av Diagonal, 514", "categoria_arbrat": "TERCERA", "emission_weight": 0.45, "source": "ajuntament-arbrat-viari"}}, {"type": "Feature", "geometry": {"type": "Point", "coordinates": [2.151736, 41.394651]}, "properties": {"codi": "0190504AR", "species": "Platanus \u00d7 acerifolia", "address": "Av Diagonal, 536", "categoria_arbrat": "TERCERA", "emission_weight": 0.45, "source": "ajuntament-arbrat-viari"}}, {"type": "Feature", "geometry": {"type": "Point", "coordinates": [2.154291, 41.3953]}, "properties": {"codi": "0190574AR", "species": "Platanus \u00d7 acerifolia", "address": "Av Diagonal, 502", "categoria_arbrat": "EXEMPLAR", "emission_weight": 1.0, "source": "ajuntament-arbrat-viari"}}, {"type": "Feature", "geometry": {"type": "Point", "coordinates": [2.15211, 41.394743]}, "properties": {"codi": "0190694AR", "species": "Platanus \u00d7 acerifolia", "address": "Av Diagonal, 526", "categoria_arbrat": "EXEMPLAR", "emission_weight": 1.0, "source": "ajuntament-arbrat-viari"}}, {"type": "Feature", "geometry": {"type": "Point", "coordinates": [2.149725, 41.39421]}, "properties": {"codi": "0190725AR", "species": "Platanus \u00d7 acerifolia", "address": "Av Diagonal, 568", "categoria_arbrat": "EXEMPLAR", "emission_weight": 1.0, "source": "ajuntament-arbrat-viari"}}, {"type": "Feature", "geometry": {"type": "Point", "coordinates": [2.152474, 41.394836]}, "properties": {"codi": "0190907AR", "species": "Platanus \u00d7 acerifolia", "address": "Av Diagonal, 516", "categoria_arbrat": "EXEMPLAR", "emission_weight": 1.0, "source": "ajuntament-arbrat-viari"}}, {"type": "Feature", "geometry": {"type": "Point", "coordinates": [2.152955, 41.394957]}, "properties": {"codi": "0190923AR", "species": "Platanus \u00d7 acerifolia", "address": "Av Diagonal, 516", "categoria_arbrat": "SEGONA", "emission_weight": 0.65, "source": "ajuntament-arbrat-viari"}}, {"type": "Feature", "geometry": {"type": "Point", "coordinates": [2.154913, 41.395531]}, "properties": {"codi": "0190967AR", "species": "Platanus \u00d7 acerifolia", "address": "Av Diagonal, 490", "categoria_arbrat": "EXEMPLAR", "emission_weight": 1.0, "source": "ajuntament-arbrat-viari"}}, {"type": "Feature", "geometry": {"type": "Point", "coordinates": [2.153515, 41.395103]}, "properties": {"codi": "0191031AR", "species": "Platanus \u00d7 acerifolia", "address": "Av Diagonal, 512", "categoria_arbrat": "EXEMPLAR", "emission_weight": 1.0, "source": "ajuntament-arbrat-viari"}}, {"type": "Feature", "geometry": {"type": "Point", "coordinates": [2.150808, 41.394483]}, "properties": {"codi": "0191073AR", "species": "Platanus \u00d7 acerifolia", "address": "Av Diagonal, 550", "categoria_arbrat": "TERCERA", "emission_weight": 0.45, "source": "ajuntament-arbrat-viari"}}, {"type": "Feature", "geometry": {"type": "Point", "coordinates": [2.151371, 41.394556]}, "properties": {"codi": "0191282AR", "species": "Platanus \u00d7 acerifolia", "address": "Av Diagonal, 538", "categoria_arbrat": "EXEMPLAR", "emission_weight": 1.0, "source": "ajuntament-arbrat-viari"}}, {"type": "Feature", "geometry": {"type": "Point", "coordinates": [2.154703, 41.395474]}, "properties": {"codi": "0191319AR", "species": "Platanus \u00d7 acerifolia", "address": "Av Diagonal, 490", "categoria_arbrat": "EXEMPLAR", "emission_weight": 1.0, "source": "ajuntament-arbrat-viari"}}, {"type": "Feature", "geometry": {"type": "Point", "coordinates": [2.150626, 41.394433]}, "properties": {"codi": "0191369AR", "species": "Platanus \u00d7 acerifolia", "address": "Av Diagonal, 558", "categoria_arbrat": "TERCERA", "emission_weight": 0.45, "source": "ajuntament-arbrat-viari"}}, {"type": "Feature", "geometry": {"type": "Point", "coordinates": [2.149098, 41.393974]}, "properties": {"codi": "0191417AR", "species": "Platanus \u00d7 acerifolia", "address": "Av Diagonal, 570", "categoria_arbrat": "EXEMPLAR", "emission_weight": 1.0, "source": "ajuntament-arbrat-viari"}}, {"type": "Feature", "geometry": {"type": "Point", "coordinates": [2.155089, 41.395495]}, "properties": {"codi": "0191456AR", "species": "Platanus \u00d7 acerifolia", "address": "Av Diagonal, 484", "categoria_arbrat": "SEGONA", "emission_weight": 0.65, "source": "ajuntament-arbrat-viari"}}, {"type": "Feature", "geometry": {"type": "Point", "coordinates": [2.153551, 41.395185]}, "properties": {"codi": "0191467AR", "species": "Platanus \u00d7 acerifolia", "address": "Av Diagonal, 512", "categoria_arbrat": "EXEMPLAR", "emission_weight": 1.0, "source": "ajuntament-arbrat-viari"}}, {"type": "Feature", "geometry": {"type": "Point", "coordinates": [2.150291, 41.394358]}, "properties": {"codi": "0191517AR", "species": "Platanus \u00d7 acerifolia", "address": "Av Diagonal, 566", "categoria_arbrat": "SEGONA", "emission_weight": 0.65, "source": "ajuntament-arbrat-viari"}}, {"type": "Feature", "geometry": {"type": "Point", "coordinates": [2.152938, 41.395018]}, "properties": {"codi": "0191624AR", "species": "Platanus \u00d7 acerifolia", "address": "Av Diagonal, 516", "categoria_arbrat": "SEGONA", "emission_weight": 0.65, "source": "ajuntament-arbrat-viari"}}, {"type": "Feature", "geometry": {"type": "Point", "coordinates": [2.150966, 41.394453]}, "properties": {"codi": "0191658AR", "species": "Platanus \u00d7 acerifolia", "address": "Av Diagonal, 550", "categoria_arbrat": "SEGONA", "emission_weight": 0.65, "source": "ajuntament-arbrat-viari"}}, {"type": "Feature", "geometry": {"type": "Point", "coordinates": [2.152297, 41.394788]}, "properties": {"codi": "0191690AR", "species": "Platanus \u00d7 acerifolia", "address": "Av Diagonal, 526", "categoria_arbrat": "EXEMPLAR", "emission_weight": 1.0, "source": "ajuntament-arbrat-viari"}}, {"type": "Feature", "geometry": {"type": "Point", "coordinates": [2.151929, 41.394698]}, "properties": {"codi": "0191719AR", "species": "Platanus \u00d7 acerifolia", "address": "Av Diagonal, 534", "categoria_arbrat": "EXEMPLAR", "emission_weight": 1.0, "source": "ajuntament-arbrat-viari"}}, {"type": "Feature", "geometry": {"type": "Point", "coordinates": [2.153092, 41.395069]}, "properties": {"codi": "0191728AR", "species": "Platanus \u00d7 acerifolia", "address": "Av Diagonal, 516", "categoria_arbrat": "SEGONA", "emission_weight": 0.65, "source": "ajuntament-arbrat-viari"}}, {"type": "Feature", "geometry": {"type": "Point", "coordinates": [2.149881, 41.39418]}, "properties": {"codi": "0191826AR", "species": "Platanus \u00d7 acerifolia", "address": "Av Diagonal, 568", "categoria_arbrat": "SEGONA", "emission_weight": 0.65, "source": "ajuntament-arbrat-viari"}}, {"type": "Feature", "geometry": {"type": "Point", "coordinates": [2.155966, 41.395724]}, "properties": {"codi": "0203028AR", "species": "Platanus \u00d7 acerifolia", "address": "Av Diagonal, 478", "categoria_arbrat": "TERCERA", "emission_weight": 0.45, "source": "ajuntament-arbrat-viari"}}, {"type": "Feature", "geometry": {"type": "Point", "coordinates": [2.156151, 41.39577]}, "properties": {"codi": "0203194AR", "species": "Platanus \u00d7 acerifolia", "address": "Av Diagonal, 474", "categoria_arbrat": "TERCERA", "emission_weight": 0.45, "source": "ajuntament-arbrat-viari"}}, {"type": "Feature", "geometry": {"type": "Point", "coordinates": [2.156712, 41.395915]}, "properties": {"codi": "0203305AR", "species": "Platanus \u00d7 acerifolia", "address": "Av Diagonal, 466", "categoria_arbrat": "EXEMPLAR", "emission_weight": 1.0, "source": "ajuntament-arbrat-viari"}}, {"type": "Feature", "geometry": {"type": "Point", "coordinates": [2.156526, 41.395865]}, "properties": {"codi": "0203325AR", "species": "Platanus \u00d7 acerifolia", "address": "Av Diagonal, 468", "categoria_arbrat": "EXEMPLAR", "emission_weight": 1.0, "source": "ajuntament-arbrat-viari"}}, {"type": "Feature", "geometry": {"type": "Point", "coordinates": [2.156344, 41.395821]}, "properties": {"codi": "0203462AR", "species": "Platanus \u00d7 acerifolia", "address": "Av Diagonal, 468", "categoria_arbrat": "EXEMPLAR", "emission_weight": 1.0, "source": "ajuntament-arbrat-viari"}}, {"type": "Feature", "geometry": {"type": "Point", "coordinates": [2.156073, 41.395824]}, "properties": {"codi": "0203810AR", "species": "Platanus \u00d7 acerifolia", "address": "Av Diagonal, 476", "categoria_arbrat": "SEGONA", "emission_weight": 0.65, "source": "ajuntament-arbrat-viari"}}, {"type": "Feature", "geometry": {"type": "Point", "coordinates": [2.155884, 41.395775]}, "properties": {"codi": "0204668AR", "species": "Platanus \u00d7 acerifolia", "address": "Av Diagonal, 478", "categoria_arbrat": "TERCERA", "emission_weight": 0.45, "source": "ajuntament-arbrat-viari"}}, {"type": "Feature", "geometry": {"type": "Point", "coordinates": [2.157024, 41.395993]}, "properties": {"codi": "0205030AR", "species": "Platanus \u00d7 acerifolia", "address": "Av Diagonal, 464", "categoria_arbrat": "SEGONA", "emission_weight": 0.65, "source": "ajuntament-arbrat-viari"}}, {"type": "Feature", "geometry": {"type": "Point", "coordinates": [2.153057, 41.384892]}, "properties": {"codi": "0282160AR", "species": "Platanus \u00d7 acerifolia", "address": "C\\ Val\u00e8ncia, 126", "categoria_arbrat": "TERCERA", "emission_weight": 0.45, "source": "ajuntament-arbrat-viari"}}, {"type": "Feature", "geometry": {"type": "Point", "coordinates": [2.153785, 41.385439]}, "properties": {"codi": "0282240AR", "species": "Platanus \u00d7 acerifolia", "address": "C\\ Val\u00e8ncia, 126", "categoria_arbrat": "SEGONA", "emission_weight": 0.65, "source": "ajuntament-arbrat-viari"}}, {"type": "Feature", "geometry": {"type": "Point", "coordinates": [2.153535, 41.385255]}, "properties": {"codi": "0282254AR", "species": "Platanus \u00d7 acerifolia", "address": "C\\ Val\u00e8ncia, 126", "categoria_arbrat": "EXEMPLAR", "emission_weight": 1.0, "source": "ajuntament-arbrat-viari"}}, {"type": "Feature", "geometry": {"type": "Point", "coordinates": [2.153344, 41.38511]}, "properties": {"codi": "0282260AR", "species": "Platanus \u00d7 acerifolia", "address": "C\\ Val\u00e8ncia, 126", "categoria_arbrat": "SEGONA", "emission_weight": 0.65, "source": "ajuntament-arbrat-viari"}}, {"type": "Feature", "geometry": {"type": "Point", "coordinates": [2.166119, 41.383454]}, "properties": {"codi": "0283894AR", "species": "Platanus \u00d7 acerifolia", "address": "Pl Joan Coromines, 0", "categoria_arbrat": "EXEMPLAR", "emission_weight": 1.0, "source": "ajuntament-arbrat-viari"}}, {"type": "Feature", "geometry": {"type": "Point", "coordinates": [2.150229, 41.388029]}, "properties": {"codi": "0288523AR", "species": "Platanus \u00d7 acerifolia", "address": "C\\ Rossell\u00f3, 109", "categoria_arbrat": "TERCERA", "emission_weight": 0.45, "source": "ajuntament-arbrat-viari"}}, {"type": "Feature", "geometry": {"type": "Point", "coordinates": [2.160649, 41.383806]}, "properties": {"codi": "0288927AR", "species": "Platanus \u00d7 acerifolia", "address": "G.V. Corts Catalanes, 555", "categoria_arbrat": "SEGONA", "emission_weight": 0.65, "source": "ajuntament-arbrat-viari"}}, {"type": "Feature", "geometry": {"type": "Point", "coordinates": [2.162937, 41.383886]}, "properties": {"codi": "0288932AR", "species": "Platanus \u00d7 acerifolia", "address": "C\\ Muntaner, 7", "categoria_arbrat": "SEGONA", "emission_weight": 0.65, "source": "ajuntament-arbrat-viari"}}, {"type": "Feature", "geometry": {"type": "Point", "coordinates": [2.162707, 41.393811]}, "properties": {"codi": "0289155AR", "species": "Platanus \u00d7 acerifolia", "address": "Pg Gr\u00e0cia, 73", "categoria_arbrat": "TERCERA", "emission_weight": 0.45, "source": "ajuntament-arbrat-viari"}}, {"type": "Feature", "geometry": {"type": "Point", "coordinates": [2.162764, 41.393768]}, "properties": {"codi": "0289156AR", "species": "Platanus \u00d7 acerifolia", "address": "Pg Gr\u00e0cia, 73", "categoria_arbrat": "EXEMPLAR", "emission_weight": 1.0, "source": "ajuntament-arbrat-viari"}}, {"type": "Feature", "geometry": {"type": "Point", "coordinates": [2.15307, 41.388475]}, "properties": {"codi": "0289357AR", "species": "Platanus \u00d7 acerifolia", "address": "C\\ Proven\u00e7a, 143", "categoria_arbrat": "PRIMERA", "emission_weight": 0.85, "source": "ajuntament-arbrat-viari"}}, {"type": "Feature", "geometry": {"type": "Point", "coordinates": [2.163651, 41.383568]}, "properties": {"codi": "0289374AR", "species": "Platanus \u00d7 acerifolia", "address": "Pl Goya, 1", "categoria_arbrat": "EXEMPLAR", "emission_weight": 1.0, "source": "ajuntament-arbrat-viari"}}, {"type": "Feature", "geometry": {"type": "Point", "coordinates": [2.153077, 41.394817]}, "properties": {"codi": "0289835AR", "species": "Platanus \u00d7 acerifolia", "address": "Av Diagonal, 423", "categoria_arbrat": "SEGONA", "emission_weight": 0.65, "source": "ajuntament-arbrat-viari"}}, {"type": "Feature", "geometry": {"type": "Point", "coordinates": [2.153939, 41.39528]}, "properties": {"codi": "0289836AR", "species": "Platanus \u00d7 acerifolia", "address": "Av Diagonal, 506", "categoria_arbrat": "TERCERA", "emission_weight": 0.45, "source": "ajuntament-arbrat-viari"}}, {"type": "Feature", "geometry": {"type": "Point", "coordinates": [2.154182, 41.395345]}, "properties": {"codi": "0289837AR", "species": "Platanus \u00d7 acerifolia", "address": "Av Diagonal, 502", "categoria_arbrat": "SEGONA", "emission_weight": 0.65, "source": "ajuntament-arbrat-viari"}}, {"type": "Feature", "geometry": {"type": "Point", "coordinates": [2.152942, 41.384952]}, "properties": {"codi": "0290486AR", "species": "Platanus \u00d7 acerifolia", "address": "C\\ Val\u00e8ncia, 79", "categoria_arbrat": "SEGONA", "emission_weight": 0.65, "source": "ajuntament-arbrat-viari"}}, {"type": "Feature", "geometry": {"type": "Point", "coordinates": [2.153004, 41.385005]}, "properties": {"codi": "0290487AR", "species": "Platanus \u00d7 acerifolia", "address": "C\\ Val\u00e8ncia, 79", "categoria_arbrat": "SEGONA", "emission_weight": 0.65, "source": "ajuntament-arbrat-viari"}}, {"type": "Feature", "geometry": {"type": "Point", "coordinates": [2.164301, 41.393367]}, "properties": {"codi": "0291858AR", "species": "Platanus \u00d7 acerifolia", "address": "C\\ Val\u00e8ncia, 274", "categoria_arbrat": "EXEMPLAR", "emission_weight": 1.0, "source": "ajuntament-arbrat-viari"}}, {"type": "Feature", "geometry": {"type": "Point", "coordinates": [2.169392, 41.390378]}, "properties": {"codi": "0292055AR", "species": "Platanus \u00d7 acerifolia", "address": "G.V. Corts Catalanes, 619", "categoria_arbrat": "EXEMPLAR", "emission_weight": 1.0, "source": "ajuntament-arbrat-viari"}}, {"type": "Feature", "geometry": {"type": "Point", "coordinates": [2.1699, 41.390446]}, "properties": {"codi": "0292056AR", "species": "Platanus \u00d7 acerifolia", "address": "G.V. Corts Catalanes, 648", "categoria_arbrat": "PRIMERA", "emission_weight": 0.85, "source": "ajuntament-arbrat-viari"}}, {"type": "Feature", "geometry": {"type": "Point", "coordinates": [2.162004, 41.39463]}, "properties": {"codi": "0292128AR", "species": "Platanus \u00d7 acerifolia", "address": "Pg Gr\u00e0cia, 88", "categoria_arbrat": "SEGONA", "emission_weight": 0.65, "source": "ajuntament-arbrat-viari"}}, {"type": "Feature", "geometry": {"type": "Point", "coordinates": [2.161802, 41.394403]}, "properties": {"codi": "0292129AR", "species": "Platanus \u00d7 acerifolia", "address": "Pg Gr\u00e0cia, 83", "categoria_arbrat": "PRIMERA", "emission_weight": 0.85, "source": "ajuntament-arbrat-viari"}}, {"type": "Feature", "geometry": {"type": "Point", "coordinates": [2.160454, 41.395884]}, "properties": {"codi": "0292130AR", "species": "Platanus \u00d7 acerifolia", "address": "Pg Gr\u00e0cia, 104", "categoria_arbrat": "PRIMERA", "emission_weight": 0.85, "source": "ajuntament-arbrat-viari"}}, {"type": "Feature", "geometry": {"type": "Point", "coordinates": [2.16526, 41.390836]}, "properties": {"codi": "0292401AR", "species": "Platanus \u00d7 acerifolia", "address": "C\\ Consell de Cent, 347", "categoria_arbrat": "EXEMPLAR", "emission_weight": 1.0, "source": "ajuntament-arbrat-viari"}}, {"type": "Feature", "geometry": {"type": "Point", "coordinates": [2.160289, 41.395625]}, "properties": {"codi": "0293264AR", "species": "Platanus \u00d7 acerifolia", "address": "Pg Gr\u00e0cia, 101", "categoria_arbrat": "SEGONA", "emission_weight": 0.65, "source": "ajuntament-arbrat-viari"}}, {"type": "Feature", "geometry": {"type": "Point", "coordinates": [2.160639, 41.395883]}, "properties": {"codi": "0293265AR", "species": "Platanus \u00d7 acerifolia", "address": "Pg Gr\u00e0cia, 104", "categoria_arbrat": "PRIMERA", "emission_weight": 0.85, "source": "ajuntament-arbrat-viari"}}, {"type": "Feature", "geometry": {"type": "Point", "coordinates": [2.16243, 41.394036]}, "properties": {"codi": "0293267AR", "species": "Platanus \u00d7 acerifolia", "address": "Pg Gr\u00e0cia, 75", "categoria_arbrat": "SEGONA", "emission_weight": 0.65, "source": "ajuntament-arbrat-viari"}}, {"type": "Feature", "geometry": {"type": "Point", "coordinates": [2.162376, 41.394076]}, "properties": {"codi": "0293268AR", "species": "Platanus \u00d7 acerifolia", "address": "Pg Gr\u00e0cia, 77", "categoria_arbrat": "PRIMERA", "emission_weight": 0.85, "source": "ajuntament-arbrat-viari"}}, {"type": "Feature", "geometry": {"type": "Point", "coordinates": [2.163578, 41.392972]}, "properties": {"codi": "0293269AR", "species": "Platanus \u00d7 acerifolia", "address": "C\\ Val\u00e8ncia, 249", "categoria_arbrat": "PRIMERA", "emission_weight": 0.85, "source": "ajuntament-arbrat-viari"}}, {"type": "Feature", "geometry": {"type": "Point", "coordinates": [2.163806, 41.393328]}, "properties": {"codi": "0293270AR", "species": "Platanus \u00d7 acerifolia", "address": "Pg Gr\u00e0cia, 68", "categoria_arbrat": "PRIMERA", "emission_weight": 0.85, "source": "ajuntament-arbrat-viari"}}, {"type": "Feature", "geometry": {"type": "Point", "coordinates": [2.16332, 41.393178]}, "properties": {"codi": "0293271AR", "species": "Platanus \u00d7 acerifolia", "address": "Pg Gr\u00e0cia, 63", "categoria_arbrat": "PRIMERA", "emission_weight": 0.85, "source": "ajuntament-arbrat-viari"}}, {"type": "Feature", "geometry": {"type": "Point", "coordinates": [2.163381, 41.393672]}, "properties": {"codi": "0293272AR", "species": "Platanus \u00d7 acerifolia", "address": "Pg Gr\u00e0cia, 76", "categoria_arbrat": "PRIMERA", "emission_weight": 0.85, "source": "ajuntament-arbrat-viari"}}, {"type": "Feature", "geometry": {"type": "Point", "coordinates": [2.162816, 41.393719]}, "properties": {"codi": "0293273AR", "species": "Platanus \u00d7 acerifolia", "address": "Pg Gr\u00e0cia, 73", "categoria_arbrat": "PRIMERA", "emission_weight": 0.85, "source": "ajuntament-arbrat-viari"}}, {"type": "Feature", "geometry": {"type": "Point", "coordinates": [2.162576, 41.393774]}, "properties": {"codi": "0293274AR", "species": "Platanus \u00d7 acerifolia", "address": "Pg Gr\u00e0cia, 73", "categoria_arbrat": "PRIMERA", "emission_weight": 0.85, "source": "ajuntament-arbrat-viari"}}, {"type": "Feature", "geometry": {"type": "Point", "coordinates": [2.162926, 41.394038]}, "properties": {"codi": "0293275AR", "species": "Platanus \u00d7 acerifolia", "address": "Pg Gr\u00e0cia, 80", "categoria_arbrat": "PRIMERA", "emission_weight": 0.85, "source": "ajuntament-arbrat-viari"}}, {"type": "Feature", "geometry": {"type": "Point", "coordinates": [2.163696, 41.392869]}, "properties": {"codi": "0293276AR", "species": "Platanus \u00d7 acerifolia", "address": "Pg Gr\u00e0cia, 59", "categoria_arbrat": "PRIMERA", "emission_weight": 0.85, "source": "ajuntament-arbrat-viari"}}, {"type": "Feature", "geometry": {"type": "Point", "coordinates": [2.164088, 41.393102]}, "properties": {"codi": "0293277AR", "species": "Platanus \u00d7 acerifolia", "address": "Pg Gr\u00e0cia, 66", "categoria_arbrat": "PRIMERA", "emission_weight": 0.85, "source": "ajuntament-arbrat-viari"}}, {"type": "Feature", "geometry": {"type": "Point", "coordinates": [2.165717, 41.39164]}, "properties": {"codi": "0293319AR", "species": "Platanus \u00d7 acerifolia", "address": "Pg Gr\u00e0cia, 46", "categoria_arbrat": "PRIMERA", "emission_weight": 0.85, "source": "ajuntament-arbrat-viari"}}, {"type": "Feature", "geometry": {"type": "Point", "coordinates": [2.166843, 41.390326]}, "properties": {"codi": "0293320AR", "species": "Platanus \u00d7 acerifolia", "address": "Pg Gr\u00e0cia, 21", "categoria_arbrat": "PRIMERA", "emission_weight": 0.85, "source": "ajuntament-arbrat-viari"}}, {"type": "Feature", "geometry": {"type": "Point", "coordinates": [2.167071, 41.390693]}, "properties": {"codi": "0293321AR", "species": "Platanus \u00d7 acerifolia", "address": "Pg Gr\u00e0cia, 32", "categoria_arbrat": "PRIMERA", "emission_weight": 0.85, "source": "ajuntament-arbrat-viari"}}, {"type": "Feature", "geometry": {"type": "Point", "coordinates": [2.165851, 41.391128]}, "properties": {"codi": "0293323AR", "species": "Platanus \u00d7 acerifolia", "address": "Pg Gr\u00e0cia, 33", "categoria_arbrat": "PRIMERA", "emission_weight": 0.85, "source": "ajuntament-arbrat-viari"}}, {"type": "Feature", "geometry": {"type": "Point", "coordinates": [2.166272, 41.391188]}, "properties": {"codi": "0293324AR", "species": "Platanus \u00d7 acerifolia", "address": "Pg Gr\u00e0cia, 42", "categoria_arbrat": "PRIMERA", "emission_weight": 0.85, "source": "ajuntament-arbrat-viari"}}, {"type": "Feature", "geometry": {"type": "Point", "coordinates": [2.16748, 41.390215]}, "properties": {"codi": "0293351AR", "species": "Platanus \u00d7 acerifolia", "address": "Pg Gr\u00e0cia, 28", "categoria_arbrat": "SEGONA", "emission_weight": 0.65, "source": "ajuntament-arbrat-viari"}}, {"type": "Feature", "geometry": {"type": "Point", "coordinates": [2.168062, 41.389741]}, "properties": {"codi": "0293354AR", "species": "Platanus \u00d7 acerifolia", "address": "Pg Gr\u00e0cia, 18", "categoria_arbrat": "PRIMERA", "emission_weight": 0.85, "source": "ajuntament-arbrat-viari"}}, {"type": "Feature", "geometry": {"type": "Point", "coordinates": [2.16824, 41.389751]}, "properties": {"codi": "0293355AR", "species": "Platanus \u00d7 acerifolia", "address": "Pg Gr\u00e0cia, 18", "categoria_arbrat": "SEGONA", "emission_weight": 0.65, "source": "ajuntament-arbrat-viari"}}, {"type": "Feature", "geometry": {"type": "Point", "coordinates": [2.167843, 41.389518]}, "properties": {"codi": "0293356AR", "species": "Platanus \u00d7 acerifolia", "address": "Pg Gr\u00e0cia, 13", "categoria_arbrat": "SEGONA", "emission_weight": 0.65, "source": "ajuntament-arbrat-viari"}}, {"type": "Feature", "geometry": {"type": "Point", "coordinates": [2.167681, 41.389791]}, "properties": {"codi": "0293357AR", "species": "Platanus \u00d7 acerifolia", "address": "Pg Gr\u00e0cia, 15", "categoria_arbrat": "PRIMERA", "emission_weight": 0.85, "source": "ajuntament-arbrat-viari"}}, {"type": "Feature", "geometry": {"type": "Point", "coordinates": [2.157097, 41.395837]}, "properties": {"codi": "0294121AR", "species": "Platanus \u00d7 acerifolia", "address": "Av Diagonal, 393", "categoria_arbrat": "SEGONA", "emission_weight": 0.65, "source": "ajuntament-arbrat-viari"}}, {"type": "Feature", "geometry": {"type": "Point", "coordinates": [2.156339, 41.395643]}, "properties": {"codi": "0294123AR", "species": "Platanus \u00d7 acerifolia", "address": "Av Diagonal, 403", "categoria_arbrat": "SEGONA", "emission_weight": 0.65, "source": "ajuntament-arbrat-viari"}}, {"type": "Feature", "geometry": {"type": "Point", "coordinates": [2.15592, 41.395467]}, "properties": {"codi": "0294125AR", "species": "Platanus \u00d7 acerifolia", "address": "Av Diagonal, 405", "categoria_arbrat": "SEGONA", "emission_weight": 0.65, "source": "ajuntament-arbrat-viari"}}, {"type": "Feature", "geometry": {"type": "Point", "coordinates": [2.151209, 41.394608]}, "properties": {"codi": "0295577AR", "species": "Platanus \u00d7 acerifolia", "address": "C\\ Moi\u00e0, 18", "categoria_arbrat": "SEGONA", "emission_weight": 0.65, "source": "ajuntament-arbrat-viari"}}, {"type": "Feature", "geometry": {"type": "Point", "coordinates": [2.154326, 41.395535]}, "properties": {"codi": "0295728AR", "species": "Platanus \u00d7 acerifolia", "address": "C\\ Balmes, 169", "categoria_arbrat": "SEGONA", "emission_weight": 0.65, "source": "ajuntament-arbrat-viari"}}, {"type": "Feature", "geometry": {"type": "Point", "coordinates": [2.149225, 41.394216]}, "properties": {"codi": "0301329AR", "species": "Platanus \u00d7 acerifolia", "address": "C\\ Muntaner, 227", "categoria_arbrat": "SEGONA", "emission_weight": 0.65, "source": "ajuntament-arbrat-viari"}}, {"type": "Feature", "geometry": {"type": "Point", "coordinates": [2.152197, 41.394764]}, "properties": {"codi": "0301330AR", "species": "Platanus \u00d7 acerifolia", "address": "Av Diagonal, 526", "categoria_arbrat": "SEGONA", "emission_weight": 0.65, "source": "ajuntament-arbrat-viari"}}, {"type": "Feature", "geometry": {"type": "Point", "coordinates": [2.155396, 41.39558]}, "properties": {"codi": "0301331AR", "species": "Platanus \u00d7 acerifolia", "address": "Av Diagonal, 482", "categoria_arbrat": "SEGONA", "emission_weight": 0.65, "source": "ajuntament-arbrat-viari"}}, {"type": "Feature", "geometry": {"type": "Point", "coordinates": [2.153271, 41.395044]}, "properties": {"codi": "0301334AR", "species": "Platanus \u00d7 acerifolia", "address": "Av Diagonal, 514", "categoria_arbrat": "SEGONA", "emission_weight": 0.65, "source": "ajuntament-arbrat-viari"}}, {"type": "Feature", "geometry": {"type": "Point", "coordinates": [2.153185, 41.395019]}, "properties": {"codi": "0301335AR", "species": "Platanus \u00d7 acerifolia", "address": "Av Diagonal, 514", "categoria_arbrat": "SEGONA", "emission_weight": 0.65, "source": "ajuntament-arbrat-viari"}}, {"type": "Feature", "geometry": {"type": "Point", "coordinates": [2.153416, 41.395076]}, "properties": {"codi": "0301336AR", "species": "Platanus \u00d7 acerifolia", "address": "Av Diagonal, 514", "categoria_arbrat": "SEGONA", "emission_weight": 0.65, "source": "ajuntament-arbrat-viari"}}, {"type": "Feature", "geometry": {"type": "Point", "coordinates": [2.165493, 41.391815]}, "properties": {"codi": "0303857AR", "species": "Platanus \u00d7 acerifolia", "address": "Pg Gr\u00e0cia, 50", "categoria_arbrat": "PRIMERA", "emission_weight": 0.85, "source": "ajuntament-arbrat-viari"}}, {"type": "Feature", "geometry": {"type": "Point", "coordinates": [2.165431, 41.391866]}, "properties": {"codi": "0303858AR", "species": "Platanus \u00d7 acerifolia", "address": "Pg Gr\u00e0cia, 50", "categoria_arbrat": "PRIMERA", "emission_weight": 0.85, "source": "ajuntament-arbrat-viari"}}, {"type": "Feature", "geometry": {"type": "Point", "coordinates": [2.161664, 41.395054]}, "properties": {"codi": "0304105AR", "species": "Platanus \u00d7 acerifolia", "address": "Pg Gr\u00e0cia, 92", "categoria_arbrat": "PRIMERA", "emission_weight": 0.85, "source": "ajuntament-arbrat-viari"}}, {"type": "Feature", "geometry": {"type": "Point", "coordinates": [2.152996, 41.394797]}, "properties": {"codi": "0304351AR", "species": "Platanus \u00d7 acerifolia", "address": "Av Diagonal, 423", "categoria_arbrat": "EXEMPLAR", "emission_weight": 1.0, "source": "ajuntament-arbrat-viari"}}, {"type": "Feature", "geometry": {"type": "Point", "coordinates": [2.153271, 41.394869]}, "properties": {"codi": "0304352AR", "species": "Platanus \u00d7 acerifolia", "address": "Av Diagonal, 421", "categoria_arbrat": "SEGONA", "emission_weight": 0.65, "source": "ajuntament-arbrat-viari"}}, {"type": "Feature", "geometry": {"type": "Point", "coordinates": [2.162003, 41.388145]}, "properties": {"codi": "0304969AR", "species": "Platanus \u00d7 acerifolia", "address": "C\\ Enric Granados, 15", "categoria_arbrat": "PRIMERA", "emission_weight": 0.85, "source": "ajuntament-arbrat-viari"}}, {"type": "Feature", "geometry": {"type": "Point", "coordinates": [2.156921, 41.395968]}, "properties": {"codi": "0304981AR", "species": "Platanus \u00d7 acerifolia", "address": "Av Diagonal, 466", "categoria_arbrat": "SEGONA", "emission_weight": 0.65, "source": "ajuntament-arbrat-viari"}}, {"type": "Feature", "geometry": {"type": "Point", "coordinates": [2.161583, 41.384288]}, "properties": {"codi": "0306311AR", "species": "Platanus \u00d7 acerifolia", "address": "G.V. Corts Catalanes, 570", "categoria_arbrat": "PRIMERA", "emission_weight": 0.85, "source": "ajuntament-arbrat-viari"}}, {"type": "Feature", "geometry": {"type": "Point", "coordinates": [2.168862, 41.393333]}, "properties": {"codi": "0307169AR", "species": "Platanus \u00d7 acerifolia", "address": "C\\ Consell de Cent, 342", "categoria_arbrat": "SEGONA", "emission_weight": 0.65, "source": "ajuntament-arbrat-viari"}}, {"type": "Feature", "geometry": {"type": "Point", "coordinates": [2.162747, 41.395827]}, "properties": {"codi": "0307230AR", "species": "Platanus \u00d7 acerifolia", "address": "C\\ Proven\u00e7a, 275", "categoria_arbrat": "EXEMPLAR", "emission_weight": 1.0, "source": "ajuntament-arbrat-viari"}}, {"type": "Feature", "geometry": {"type": "Point", "coordinates": [2.155219, 41.391426]}, "properties": {"codi": "0307268AR", "species": "Platanus \u00d7 acerifolia", "address": "C\\ Rossell\u00f3, 160", "categoria_arbrat": "EXEMPLAR", "emission_weight": 1.0, "source": "ajuntament-arbrat-viari"}}, {"type": "Feature", "geometry": {"type": "Point", "coordinates": [2.158916, 41.386922]}, "properties": {"codi": "0307293AR", "species": "Platanus \u00d7 acerifolia", "address": "C\\ Muntaner, 71", "categoria_arbrat": "EXEMPLAR", "emission_weight": 1.0, "source": "ajuntament-arbrat-viari"}}, {"type": "Feature", "geometry": {"type": "Point", "coordinates": [2.169767, 41.388105]}, "properties": {"codi": "0310120AR", "species": "Platanus \u00d7 acerifolia", "address": "Pg Gr\u00e0cia, 1", "categoria_arbrat": "PRIMERA", "emission_weight": 0.85, "source": "ajuntament-arbrat-viari"}}, {"type": "Feature", "geometry": {"type": "Point", "coordinates": [2.163839, 41.383412]}, "properties": {"codi": "0311463AR", "species": "Platanus \u00d7 acerifolia", "address": "Rda Sant Antoni, 76", "categoria_arbrat": "EXEMPLAR", "emission_weight": 1.0, "source": "ajuntament-arbrat-viari"}}, {"type": "Feature", "geometry": {"type": "Point", "coordinates": [2.1587, 41.382343]}, "properties": {"codi": "0311763AR", "species": "Platanus \u00d7 acerifolia", "address": "G.V. Corts Catalanes, 525", "categoria_arbrat": "SEGONA", "emission_weight": 0.65, "source": "ajuntament-arbrat-viari"}}, {"type": "Feature", "geometry": {"type": "Point", "coordinates": [2.154618, 41.395141]}, "properties": {"codi": "0320956AR", "species": "Platanus \u00d7 acerifolia", "address": "Av Diagonal, 409", "categoria_arbrat": "SEGONA", "emission_weight": 0.65, "source": "ajuntament-arbrat-viari"}}, {"type": "Feature", "geometry": {"type": "Point", "coordinates": [2.150205, 41.394025]}, "properties": {"codi": "0321040AR", "species": "Platanus \u00d7 acerifolia", "address": "Av Diagonal, 439", "categoria_arbrat": "TERCERA", "emission_weight": 0.45, "source": "ajuntament-arbrat-viari"}}, {"type": "Feature", "geometry": {"type": "Point", "coordinates": [2.152187, 41.394591]}, "properties": {"codi": "0321082AR", "species": "Platanus \u00d7 acerifolia", "address": "Av Diagonal, 431", "categoria_arbrat": "SEGONA", "emission_weight": 0.65, "source": "ajuntament-arbrat-viari"}}, {"type": "Feature", "geometry": {"type": "Point", "coordinates": [2.163987, 41.393029]}, "properties": {"codi": "0321208AR", "species": "Platanus \u00d7 acerifolia", "address": "Pg Gr\u00e0cia, 66", "categoria_arbrat": "PRIMERA", "emission_weight": 0.85, "source": "ajuntament-arbrat-viari"}}, {"type": "Feature", "geometry": {"type": "Point", "coordinates": [2.154555, 41.386176]}, "properties": {"codi": "0325988AR", "species": "Platanus \u00d7 acerifolia", "address": "C\\ Val\u00e8ncia, 113", "categoria_arbrat": "PRIMERA", "emission_weight": 0.85, "source": "ajuntament-arbrat-viari"}}, {"type": "Feature", "geometry": {"type": "Point", "coordinates": [2.155521, 41.390306]}, "properties": {"codi": "0326129AR", "species": "Platanus \u00d7 acerifolia", "address": "C\\ Proven\u00e7a, 165", "categoria_arbrat": "TERCERA", "emission_weight": 0.45, "source": "ajuntament-arbrat-viari"}}, {"type": "Feature", "geometry": {"type": "Point", "coordinates": [2.155496, 41.390285]}, "properties": {"codi": "0326130AR", "species": "Platanus \u00d7 acerifolia", "address": "C\\ Proven\u00e7a, 165", "categoria_arbrat": "EXEMPLAR", "emission_weight": 1.0, "source": "ajuntament-arbrat-viari"}}, {"type": "Feature", "geometry": {"type": "Point", "coordinates": [2.15537, 41.393181]}, "properties": {"codi": "0326434AR", "species": "Platanus \u00d7 acerifolia", "address": "C\\ Enric Granados, 98", "categoria_arbrat": "TERCERA", "emission_weight": 0.45, "source": "ajuntament-arbrat-viari"}}, {"type": "Feature", "geometry": {"type": "Point", "coordinates": [2.169913, 41.388388]}, "properties": {"codi": "0328069AR", "species": "Platanus \u00d7 acerifolia", "address": "Pg Gr\u00e0cia, 2", "categoria_arbrat": "PRIMERA", "emission_weight": 0.85, "source": "ajuntament-arbrat-viari"}}, {"type": "Feature", "geometry": {"type": "Point", "coordinates": [2.169771, 41.390436]}, "properties": {"codi": "0332860AR", "species": "Platanus \u00d7 acerifolia", "address": "G.V. Corts Catalanes, 648", "categoria_arbrat": "PRIMERA", "emission_weight": 0.85, "source": "ajuntament-arbrat-viari"}}, {"type": "Feature", "geometry": {"type": "Point", "coordinates": [2.149428, 41.394245]}, "properties": {"codi": "0341675AR", "species": "Platanus \u00d7 acerifolia", "address": "C\\ Muntaner, 224", "categoria_arbrat": "SEGONA", "emission_weight": 0.65, "source": "ajuntament-arbrat-viari"}}], "metadata": {"source": "data/arbrat-viari.csv", "n_total_city": 40398, "bbox": [2.149, 41.382, 2.17, 41.396], "emission_key": {"EXEMPLAR": 1.0, "PRIMERA": 0.85, "SEGONA": 0.65, "TERCERA": 0.45}}}