{"type":"FeatureCollection","features":[{"type":"Feature","geometry":{"type":"Polygon","coordinates":[[[2.205381691887631,41.42281581830706],[2.205337766437304,41.42641850013685],[2.200551090537552,41.42638533720721],[2.2005952805059,41.42278265955254],[2.205381691887631,41.42281581830706]]]},"properties":{"rank":1,"cell_id":"C031_030","district":"SANT MART\u00cd","barri":"LA VERNEDA I LA PAU","n_platanus":464,"source_std":1.0,"feasibility":0.2484,"top15":true}},{"type":"Feature","geometry":{"type":"Polygon","coordinates":[[[2.205425609352826,41.41921313417539],[2.205381691887631,41.42281581830706],[2.2005952805059,41.42278265955254],[2.2006394624410404,41.419179979595555],[2.205425609352826,41.41921313417539]]]},"properties":{"rank":2,"cell_id":"C031_029","district":"SANT MART\u00cd","barri":"LA VERNEDA I LA PAU","n_platanus":485,"source_std":0.9942,"feasibility":0.3822,"top15":true}},{"type":"Feature","geometry":{"type":"Polygon","coordinates":[[[2.215084680458996,41.41207345439692],[2.2150413077117053,41.41567615140456],[2.2102554093062587,41.41564339909831],[2.2102990464306975,41.412040706214306],[2.215084680458996,41.41207345439692]]]},"properties":{"rank":3,"cell_id":"C033_027","district":"SANT MART\u00cd","barri":"EL BES\u00d2S I EL MARESME","n_platanus":427,"source_std":0.8347,"feasibility":0.2663,"top15":true}},{"type":"Feature","geometry":{"type":"Polygon","coordinates":[[[2.2054695188345557,41.41561044774189],[2.205425609352826,41.41921313417539],[2.2006394624410404,41.419179979595555],[2.2006836363446514,41.415577297336256],[2.2054695188345557,41.41561044774189]]]},"properties":{"rank":4,"cell_id":"C031_028","district":"SANT MART\u00cd","barri":"SANT MART\u00cd DE PROVEN\u00c7ALS","n_platanus":356,"source_std":0.8076,"feasibility":0.3022,"top15":true}},{"type":"Feature","geometry":{"type":"Polygon","coordinates":[[[2.21034267562305,41.408438011029006],[2.2102990464306975,41.412040706214306],[2.205513420334487,41.412007759006585],[2.2055573138542854,41.40840506796955],[2.21034267562305,41.408438011029006]]]},"properties":{"rank":5,"cell_id":"C032_026","district":"SANT MART\u00cd","barri":"PROVEN\u00c7ALS DEL POBLENOU","n_platanus":381,"source_std":0.7353,"feasibility":0.2513,"top15":true}},{"type":"Feature","geometry":{"type":"Polygon","coordinates":[[[2.2102117642480765,41.41924608968096],[2.2101681112544944,41.42284877796224],[2.205381691887631,41.42281581830706],[2.205425609352826,41.41921313417539],[2.2102117642480765,41.41924608968096]]]},"properties":{"rank":6,"cell_id":"C032_029","district":"SANT MART\u00cd","barri":"LA VERNEDA I LA PAU","n_platanus":360,"source_std":0.7299,"feasibility":0.2883,"top15":true}},{"type":"Feature","geometry":{"type":"Polygon","coordinates":[[[2.215128045322246,41.40847075508844],[2.215084680458996,41.41207345439692],[2.2102990464306975,41.412040706214306],[2.21034267562305,41.408438011029006],[2.215128045322246,41.40847075508844]]]},"properties":{"rank":7,"cell_id":"C033_026","district":"SANT MART\u00cd","barri":"DIAGONAL MAR I EL FRONT MAR\u00cdTIM DEL POBLENOU","n_platanus":385,"source_std":0.7269,"feasibility":0.3837,"top15":true}},{"type":"Feature","geometry":{"type":"Polygon","coordinates":[[[2.2198703223713356,41.41210600355349],[2.2198272140028386,41.41570870465972],[2.2150413077117053,41.41567615140456],[2.215084680458996,41.41207345439692],[2.2198703223713356,41.41210600355349]]]},"properties":{"rank":8,"cell_id":"C034_027","district":"SANT MART\u00cd","barri":"EL BES\u00d2S I EL MARESME","n_platanus":343,"source_std":0.705,"feasibility":0.2352,"top15":true}},{"type":"Feature","geometry":{"type":"Polygon","coordinates":[[[2.2150413077117053,41.41567615140456],[2.214997927078726,41.419278846111325],[2.2102117642480765,41.41924608968096],[2.2102554093062587,41.41564339909831],[2.2150413077117053,41.41567615140456]]]},"properties":{"rank":9,"cell_id":"C033_028","district":"SANT MART\u00cd","barri":"EL BES\u00d2S I EL MARESME","n_platanus":344,"source_std":0.703,"feasibility":0.2597,"top15":true}},{"type":"Feature","geometry":{"type":"Polygon","coordinates":[[[2.1962086040642697,41.390325136988764],[2.1961642222504194,41.39392783116684],[2.1913799413706023,41.39389430800193],[2.1914245872668032,41.39029161804496],[2.1962086040642697,41.390325136988764]]]},"properties":{"rank":10,"cell_id":"C029_021","district":"SANT MART\u00cd","barri":"LA VILA OL\u00cdMPICA DEL POBLENOU","n_platanus":301,"source_std":0.6935,"feasibility":0.2884,"top15":true}},{"type":"Feature","geometry":{"type":"Polygon","coordinates":[[[2.1626744282030876,41.393688992229485],[2.1626281894449395,41.39729165402827],[2.15784370226523,41.39725673421468],[2.1578902051416584,41.393654076812744],[2.1626744282030876,41.393688992229485]]]},"properties":{"rank":11,"cell_id":"C022_022","district":"EIXAMPLE","barri":"LA DRETA DE LEIXAMPLE","n_platanus":339,"source_std":0.6817,"feasibility":0.1159,"top15":true}},{"type":"Feature","geometry":{"type":"Polygon","coordinates":[[[2.2006836363446514,41.415577297336256],[2.2006394624410404,41.419179979595555],[2.1958533235607853,41.41914662594238],[2.1958977618846003,41.415543947882355],[2.2006836363446514,41.415577297336256]]]},"properties":{"rank":12,"cell_id":"C030_028","district":"SANT MART\u00cd","barri":"SANT MART\u00cd DE PROVEN\u00c7ALS","n_platanus":329,"source_std":0.6805,"feasibility":0.2439,"top15":true}},{"type":"Feature","geometry":{"type":"Polygon","coordinates":[[[2.205513420334487,41.412007759006585],[2.2054695188345557,41.41561044774189],[2.2006836363446514,41.415577297336256],[2.2007278022184087,41.41197461277471],[2.205513420334487,41.412007759006585]]]},"properties":{"rank":13,"cell_id":"C031_027","district":"SANT MART\u00cd","barri":"PROVEN\u00c7ALS DEL POBLENOU","n_platanus":320,"source_std":0.6715,"feasibility":0.2926,"top15":true}},{"type":"Feature","geometry":{"type":"Polygon","coordinates":[[[2.138800948581297,41.38990978439198],[2.1387533978931748,41.39351242626422],[2.133969217570306,41.39347651641179],[2.134017032319803,41.38987387906112],[2.138800948581297,41.38990978439198]]]},"properties":{"rank":14,"cell_id":"C017_021","district":"LES CORTS","barri":"LES CORTS","n_platanus":344,"source_std":0.6677,"feasibility":0.3755,"top15":true}},{"type":"Feature","geometry":{"type":"Polygon","coordinates":[[[2.1340648383794365,41.38627123940183],[2.134017032319803,41.38987387906112],[2.1292331247481724,41.38983777487122],[2.1292811948193897,41.386235139758035],[2.1340648383794365,41.38627123940183]]]},"properties":{"rank":15,"cell_id":"C016_020","district":"LES CORTS","barri":"LES CORTS","n_platanus":317,"source_std":0.6595,"feasibility":0.2398,"top15":true}},{"type":"Feature","geometry":{"type":"Polygon","coordinates":[[[2.1628130940620798,41.38288099299889],[2.162766880509905,41.386483661714756],[2.157983185541075,41.38644875509027],[2.158029663067589,41.382846090769846],[2.1628130940620798,41.38288099299889]]]},"properties":{"rank":16,"cell_id":"C022_019","district":"EIXAMPLE","barri":"LANTIGA ESQUERRA DE LEIXAMPLE","n_platanus":302,"source_std":0.6546,"feasibility":0.1107,"top15":false}},{"type":"Feature","geometry":{"type":"Polygon","coordinates":[[[2.1866854803982134,41.38665521221598],[2.186640578583437,41.39025790023015],[2.181856578062153,41.39022398354529],[2.1819017439079014,41.386621299801845],[2.1866854803982134,41.38665521221598]]]},"properties":{"rank":17,"cell_id":"C027_020","district":"CIUTAT VELLA","barri":"SANT PERE, SANTA CATERINA I LA RIBERA","n_platanus":314,"source_std":0.651,"feasibility":0.6025,"top15":false}},{"type":"Feature","geometry":{"type":"Polygon","coordinates":[[[2.2007278022184087,41.41197461277471],[2.2006836363446514,41.415577297336256],[2.1958977618846003,41.415543947882355],[2.195942192130507,41.41194126751962],[2.2007278022184087,41.41197461277471]]]},"properties":{"rank":18,"cell_id":"C030_027","district":"SANT MART\u00cd","barri":"SANT MART\u00cd DE PROVEN\u00c7ALS","n_platanus":299,"source_std":0.6213,"feasibility":0.2139,"top15":false}},{"type":"Feature","geometry":{"type":"Polygon","coordinates":[[[2.195942192130507,41.41194126751962],[2.1958977618846003,41.415543947882355],[2.191111895502457,41.41551039938115],[2.1911565901188275,41.41190772324229],[2.195942192130507,41.41194126751962]]]},"properties":{"rank":19,"cell_id":"C029_027","district":"SANT MART\u00cd","barri":"EL CLOT","n_platanus":315,"source_std":0.6126,"feasibility":0.2984,"top15":false}},{"type":"Feature","geometry":{"type":"Polygon","coordinates":[[[2.200992628927852,41.39035845706059],[2.2009485111980363,41.39396115543474],[2.1961642222504194,41.39392783116684],[2.1962086040642697,41.390325136988764],[2.200992628927852,41.39035845706059]]]},"properties":{"rank":20,"cell_id":"C030_021","district":"SANT MART\u00cd","barri":"LA VILA OL\u00cdMPICA DEL POBLENOU","n_platanus":253,"source_std":0.5948,"feasibility":0.2962,"top15":false}},{"type":"Feature","geometry":{"type":"Polygon","coordinates":[[[2.1914245872668032,41.39029161804496],[2.1913799413706023,41.39389430800193],[2.1865956686065777,41.39386058594098],[2.186640578583437,41.39025790023015],[2.1914245872668032,41.39029161804496]]]},"properties":{"rank":21,"cell_id":"C028_021","district":"SANT MART\u00cd","barri":"EL PARC I LA LLACUNA DEL POBLENOU","n_platanus":259,"source_std":0.5918,"feasibility":0.2481,"top15":false}},{"type":"Feature","geometry":{"type":"Polygon","coordinates":[[[2.1580761321476567,41.37924342414332],[2.158029663067589,41.382846090769846],[2.1532462405195454,41.382810989726735],[2.153292973524231,41.379208327520175],[2.1580761321476567,41.37924342414332]]]},"properties":{"rank":22,"cell_id":"C021_018","district":"EIXAMPLE","barri":"LA NOVA ESQUERRA DE LEIXAMPLE","n_platanus":249,"source_std":0.5839,"feasibility":0.1323,"top15":false}},{"type":"Feature","geometry":{"type":"Polygon","coordinates":[[[2.1954975259630833,41.44796796751982],[2.1954530148621387,41.45157062485352],[2.1906645021307405,41.45153703408821],[2.1907092780831388,41.447934380983],[2.1954975259630833,41.44796796751982]]]},"properties":{"rank":23,"cell_id":"C029_037","district":"SANT ANDREU","barri":"LA TRINITAT VELLA","n_platanus":280,"source_std":0.5789,"feasibility":0.4041,"top15":false}},{"type":"Feature","geometry":{"type":"Polygon","coordinates":[[[2.181856578062153,41.39022398354529],[2.1818114040063388,41.39382666498494],[2.1770271476178786,41.39379254513478],[2.1770725857509348,41.39018986799137],[2.181856578062153,41.39022398354529]]]},"properties":{"rank":24,"cell_id":"C026_021","district":"EIXAMPLE","barri":"LA DRETA DE LEIXAMPLE","n_platanus":260,"source_std":0.5787,"feasibility":0.2044,"top15":false}},{"type":"Feature","geometry":{"type":"Polygon","coordinates":[[[2.172197188972851,41.39736089690889],[2.1721514701470173,41.40096356512145],[2.167366702034534,41.400929038792],[2.167412685030147,41.39732637492668],[2.172197188972851,41.39736089690889]]]},"properties":{"rank":25,"cell_id":"C024_023","district":"EIXAMPLE","barri":"LA DRETA DE LEIXAMPLE","n_platanus":265,"source_std":0.5718,"feasibility":0.1439,"top15":false}},{"type":"Feature","geometry":{"type":"Polygon","coordinates":[[[2.200904385448416,41.39756385150689],[2.200860251677317,41.40116654527701],[2.1960754344176396,41.40113321261562],[2.1961198323687707,41.39753052304247],[2.200904385448416,41.39756385150689]]]},"properties":{"rank":26,"cell_id":"C030_023","district":"SANT MART\u00cd","barri":"EL POBLENOU","n_platanus":289,"source_std":0.5608,"feasibility":0.126,"top15":false}},{"type":"Feature","geometry":{"type":"Polygon","coordinates":[[[2.1960310283953413,41.40473589988622],[2.195986614300192,41.408338584854235],[2.191201276610933,41.4083050448003],[2.191245954980468,41.404702364055225],[2.1960310283953413,41.40473589988622]]]},"properties":{"rank":27,"cell_id":"C029_025","district":"SANT MART\u00cd","barri":"PROVEN\u00c7ALS DEL POBLENOU","n_platanus":274,"source_std":0.5554,"feasibility":0.2127,"top15":false}},{"type":"Feature","geometry":{"type":"Polygon","coordinates":[[[2.186640578583437,41.39025790023015],[2.1865956686065777,41.39386058594098],[2.1818114040063388,41.39382666498494],[2.181856578062153,41.39022398354529],[2.186640578583437,41.39025790023015]]]},"properties":{"rank":28,"cell_id":"C027_021","district":"SANT MART\u00cd","barri":"EL PARC I LA LLACUNA DEL POBLENOU","n_platanus":270,"source_std":0.5539,"feasibility":0.287,"top15":false}},{"type":"Feature","geometry":{"type":"Polygon","coordinates":[[[2.195986614300192,41.408338584854235],[2.195942192130507,41.41194126751962],[2.1911565901188275,41.41190772324229],[2.191201276610933,41.4083050448003],[2.195986614300192,41.408338584854235]]]},"properties":{"rank":29,"cell_id":"C029_026","district":"SANT MART\u00cd","barri":"EL CLOT","n_platanus":289,"source_std":0.5397,"feasibility":0.2516,"top15":false}},{"type":"Feature","geometry":{"type":"Polygon","coordinates":[[[2.2056450769601463,41.40119967899035],[2.205601199395617,41.40480237463078],[2.200816109883066,41.40476923674504],[2.200860251677317,41.40116654527701],[2.2056450769601463,41.40119967899035]]]},"properties":{"rank":30,"cell_id":"C031_024","district":"SANT MART\u00cd","barri":"EL POBLENOU","n_platanus":251,"source_std":0.5384,"feasibility":0.155,"top15":false}},{"type":"Feature","geometry":{"type":"Polygon","coordinates":[[[2.1534331215895626,41.3684003270616],[2.153386414057469,41.37200299618757],[2.1486037916285348,41.37196770966496],[2.1486507629396576,41.36836504498253],[2.1534331215895626,41.3684003270616]]]},"properties":{"rank":31,"cell_id":"C020_015","district":"SANTS - MONTJU\u00cfC","barri":"EL POBLE SEC","n_platanus":230,"source_std":0.5374,"feasibility":0.3085,"top15":false}},{"type":"Feature","geometry":{"type":"Polygon","coordinates":[[[2.167366702034534,41.400929038792],[2.1673207106796806,41.40453170035196],[2.162535686710395,41.40449697070849],[2.1625819422812933,41.4008943135213],[2.167366702034534,41.400929038792]]]},"properties":{"rank":32,"cell_id":"C023_024","district":"GR\u00c0CIA","barri":"EL CAMP DEN GRASSOT I GR\u00c0CIA NOVA","n_platanus":239,"source_std":0.5369,"feasibility":0.1121,"top15":false}},{"type":"Feature","geometry":{"type":"Polygon","coordinates":[[[2.2102554093062587,41.41564339909831],[2.2102117642480765,41.41924608968096],[2.205425609352826,41.41921313417539],[2.2054695188345557,41.41561044774189],[2.2102554093062587,41.41564339909831]]]},"properties":{"rank":33,"cell_id":"C032_028","district":"SANT MART\u00cd","barri":"PROVEN\u00c7ALS DEL POBLENOU","n_platanus":260,"source_std":0.5368,"feasibility":0.1526,"top15":false}},{"type":"Feature","geometry":{"type":"Polygon","coordinates":[[[2.205601199395617,41.40480237463078],[2.2055573138542854,41.40840506796955],[2.2007719600639883,41.408371925910956],[2.200816109883066,41.40476923674504],[2.205601199395617,41.40480237463078]]]},"properties":{"rank":34,"cell_id":"C031_025","district":"SANT MART\u00cd","barri":"EL POBLENOU","n_platanus":260,"source_std":0.5274,"feasibility":0.2038,"top15":false}},{"type":"Feature","geometry":{"type":"Polygon","coordinates":[[[2.205688946549538,41.397596981048295],[2.2056450769601463,41.40119967899035],[2.200860251677317,41.40116654527701],[2.200904385448416,41.39756385150689],[2.205688946549538,41.397596981048295]]]},"properties":{"rank":35,"cell_id":"C031_023","district":"SANT MART\u00cd","barri":"EL POBLENOU","n_platanus":260,"source_std":0.5271,"feasibility":0.1394,"top15":false}},{"type":"Feature","geometry":{"type":"Polygon","coordinates":[[[2.1770271476178786,41.39379254513478],[2.1769817012250514,41.3973952199739],[2.172197188972851,41.39736089690889],[2.1722428994891887,41.393758226391505],[2.1770271476178786,41.39379254513478]]]},"properties":{"rank":36,"cell_id":"C025_022","district":"EIXAMPLE","barri":"LA DRETA DE LEIXAMPLE","n_platanus":230,"source_std":0.5215,"feasibility":0.1276,"top15":false}},{"type":"Feature","geometry":{"type":"Polygon","coordinates":[[[2.1436321515157144,41.386342842186366],[2.143584873484677,41.38994549086278],[2.138800948581297,41.38990978439198],[2.1388484906275336,41.3863071402116],[2.1436321515157144,41.386342842186366]]]},"properties":{"rank":37,"cell_id":"C018_020","district":"LES CORTS","barri":"LES CORTS","n_platanus":244,"source_std":0.5162,"feasibility":0.204,"top15":false}},{"type":"Feature","geometry":{"type":"Polygon","coordinates":[[[2.153339698036282,41.375605663007114],[2.153292973524231,41.379208327520175],[2.1485098233934403,41.37917303210902],[2.1485568117803884,41.37557037204047],[2.153339698036282,41.375605663007114]]]},"properties":{"rank":38,"cell_id":"C020_017","district":"EIXAMPLE","barri":"LA NOVA ESQUERRA DE LEIXAMPLE","n_platanus":223,"source_std":0.5018,"feasibility":0.2612,"top15":false}},{"type":"Feature","geometry":{"type":"Polygon","coordinates":[[[2.1770725857509348,41.39018986799137],[2.1770271476178786,41.39379254513478],[2.1722428994891887,41.393758226391505],[2.1722886016977645,41.39015555356934],[2.1770725857509348,41.39018986799137]]]},"properties":{"rank":39,"cell_id":"C025_021","district":"EIXAMPLE","barri":"LA DRETA DE LEIXAMPLE","n_platanus":226,"source_std":0.5018,"feasibility":0.1083,"top15":false}},{"type":"Feature","geometry":{"type":"Polygon","coordinates":[[[2.176526782629938,41.43342184161843],[2.176481245265761,41.43702449110726],[2.171693824484629,41.43699012047201],[2.171739626500887,41.433387475310106],[2.176526782629938,41.43342184161843]]]},"properties":{"rank":40,"cell_id":"C025_033","district":"NOU BARRIS","barri":"PORTA","n_platanus":251,"source_std":0.5001,"feasibility":0.234,"top15":false}},{"type":"Feature","geometry":{"type":"Polygon","coordinates":[[[2.167504625950623,41.390121040280206],[2.1674586596682612,41.39372370875608],[2.1626744282030876,41.393688992229485],[2.1627206585574923,41.390086328124966],[2.167504625950623,41.390121040280206]]]},"properties":{"rank":41,"cell_id":"C023_021","district":"EIXAMPLE","barri":"LA DRETA DE LEIXAMPLE","n_platanus":245,"source_std":0.4897,"feasibility":0.1136,"top15":false}},{"type":"Feature","geometry":{"type":"Polygon","coordinates":[[[2.2009485111980363,41.39396115543474],[2.200904385448416,41.39756385150689],[2.1961198323687707,41.39753052304247],[2.1961642222504194,41.39392783116684],[2.2009485111980363,41.39396115543474]]]},"properties":{"rank":42,"cell_id":"C030_022","district":"SANT MART\u00cd","barri":"EL POBLENOU","n_platanus":235,"source_std":0.4821,"feasibility":0.1571,"top15":false}},{"type":"Feature","geometry":{"type":"Polygon","coordinates":[[[2.200860251677317,41.40116654527701],[2.200816109883066,41.40476923674504],[2.1960310283953413,41.40473589988622],[2.1960754344176396,41.40113321261562],[2.200860251677317,41.40116654527701]]]},"properties":{"rank":43,"cell_id":"C030_024","district":"SANT MART\u00cd","barri":"EL POBLENOU","n_platanus":253,"source_std":0.4762,"feasibility":0.1149,"top15":false}},{"type":"Feature","geometry":{"type":"Polygon","coordinates":[[[2.1769817012250514,41.3973952199739],[2.1769362465707296,41.40099789250867],[2.1721514701470173,41.40096356512145],[2.172197188972851,41.39736089690889],[2.1769817012250514,41.3973952199739]]]},"properties":{"rank":44,"cell_id":"C025_023","district":"EIXAMPLE","barri":"LA DRETA DE LEIXAMPLE","n_platanus":233,"source_std":0.4699,"feasibility":0.1132,"top15":false}},{"type":"Feature","geometry":{"type":"Polygon","coordinates":[[[2.158029663067589,41.382846090769846],[2.157983185541075,41.38644875509027],[2.1531994990204537,41.38641364962672],[2.1532462405195454,41.382810989726735],[2.158029663067589,41.382846090769846]]]},"properties":{"rank":45,"cell_id":"C021_019","district":"EIXAMPLE","barri":"LANTIGA ESQUERRA DE LEIXAMPLE","n_platanus":213,"source_std":0.4549,"feasibility":0.1107,"top15":false}},{"type":"Feature","geometry":{"type":"Polygon","coordinates":[[[2.2006394624410404,41.419179979595555],[2.2005952805059,41.42278265955254],[2.195808877157376,41.42274930169964],[2.1958533235607853,41.41914662594238],[2.2006394624410404,41.419179979595555]]]},"properties":{"rank":46,"cell_id":"C030_029","district":"SANT MART\u00cd","barri":"SANT MART\u00cd DE PROVEN\u00c7ALS","n_platanus":210,"source_std":0.4529,"feasibility":0.3918,"top15":false}},{"type":"Feature","geometry":{"type":"Polygon","coordinates":[[[2.167412685030147,41.39732637492668],[2.167366702034534,41.400929038792],[2.1625819422812933,41.4008943135213],[2.1626281894449395,41.39729165402827],[2.167412685030147,41.39732637492668]]]},"properties":{"rank":47,"cell_id":"C023_023","district":"EIXAMPLE","barri":"LA DRETA DE LEIXAMPLE","n_platanus":198,"source_std":0.4498,"feasibility":0.1167,"top15":false}},{"type":"Feature","geometry":{"type":"Polygon","coordinates":[[[2.157983185541075,41.38644875509027],[2.1579366995663523,41.390051417104594],[2.1531527490251836,41.39001630722011],[2.1531994990204537,41.38641364962672],[2.157983185541075,41.38644875509027]]]},"properties":{"rank":48,"cell_id":"C021_020","district":"EIXAMPLE","barri":"LANTIGA ESQUERRA DE LEIXAMPLE","n_platanus":177,"source_std":0.4445,"feasibility":0.1199,"top15":false}},{"type":"Feature","geometry":{"type":"Polygon","coordinates":[[[2.1818114040063388,41.39382666498494],[2.1817662217387457,41.39742934412075],[2.1769817012250514,41.3973952199739],[2.1770271476178786,41.39379254513478],[2.1818114040063388,41.39382666498494]]]},"properties":{"rank":49,"cell_id":"C026_022","district":"EIXAMPLE","barri":"EL FORT PIENC","n_platanus":197,"source_std":0.4409,"feasibility":0.1168,"top15":false}},{"type":"Feature","geometry":{"type":"Polygon","coordinates":[[[2.1486977257155386,41.364762377993245],[2.1486507629396576,41.36836504498253],[2.1438684128249954,41.36832956419154],[2.1439156393302077,41.36472690167032],[2.1486977257155386,41.364762377993245]]]},"properties":{"rank":50,"cell_id":"C019_014","district":"SANTS - MONTJU\u00cfC","barri":"EL POBLE SEC","n_platanus":208,"source_std":0.4401,"feasibility":0.6541,"top15":false}},{"type":"Feature","geometry":{"type":"Polygon","coordinates":[[[2.176572311715357,41.42981918982482],[2.176526782629938,41.43342184161843],[2.171739626500887,41.433387475310106],[2.1717854201902833,41.42978482784295],[2.176572311715357,41.42981918982482]]]},"properties":{"rank":51,"cell_id":"C025_032","district":"NOU BARRIS","barri":"PORTA","n_platanus":217,"source_std":0.4351,"feasibility":0.1652,"top15":false}},{"type":"Feature","geometry":{"type":"Polygon","coordinates":[[[2.1483688069819658,41.38998099847248],[2.1483217844219915,41.39358364931277],[2.143537586859732,41.393548137231555],[2.143584873484677,41.38994549086278],[2.1483688069819658,41.38998099847248]]]},"properties":{"rank":52,"cell_id":"C019_021","district":"EIXAMPLE","barri":"LANTIGA ESQUERRA DE LEIXAMPLE","n_platanus":194,"source_std":0.4301,"feasibility":0.1277,"top15":false}},{"type":"Feature","geometry":{"type":"Polygon","coordinates":[[[2.1962529778120032,41.38672244050828],[2.1962086040642697,41.390325136988764],[2.1914245872668032,41.39029161804496],[2.1914692250489045,41.38668892578511],[2.1962529778120032,41.38672244050828]]]},"properties":{"rank":53,"cell_id":"C029_020","district":"SANT MART\u00cd","barri":"LA VILA OL\u00cdMPICA DEL POBLENOU","n_platanus":197,"source_std":0.4299,"feasibility":0.3421,"top15":false}},{"type":"Feature","geometry":{"type":"Polygon","coordinates":[[[2.1768453124707063,41.408203230664974],[2.1767998330215548,41.4118058962864],[2.1720142637951954,41.41177155592973],[2.172060007559924,41.40816889463193],[2.1768453124707063,41.408203230664974]]]},"properties":{"rank":54,"cell_id":"C025_026","district":"EIXAMPLE","barri":"LA SAGRADA FAMILIA","n_platanus":192,"source_std":0.4292,"feasibility":0.1153,"top15":false}},{"type":"Feature","geometry":{"type":"Polygon","coordinates":[[[2.181721031257661,41.40103202095267],[2.181675832561369,41.40463469548067],[2.1768907836531897,41.40460056273904],[2.1769362465707296,41.40099789250867],[2.181721031257661,41.40103202095267]]]},"properties":{"rank":55,"cell_id":"C026_024","district":"EIXAMPLE","barri":"LA SAGRADA FAMILIA","n_platanus":237,"source_std":0.4292,"feasibility":0.1811,"top15":false}},{"type":"Feature","geometry":{"type":"Polygon","coordinates":[[[2.1861461195485017,41.42988731635654],[2.1861011196762163,41.43348997672786],[2.181313947037749,41.43345600875802],[2.1813592115174605,41.429853352663],[2.1861461195485017,41.42988731635654]]]},"properties":{"rank":56,"cell_id":"C027_032","district":"SANT ANDREU","barri":"SANT ANDREU","n_platanus":222,"source_std":0.429,"feasibility":0.2557,"top15":false}},{"type":"Feature","geometry":{"type":"Polygon","coordinates":[[[2.1628592992157674,41.379278321977424],[2.1628130940620798,41.38288099299889],[2.158029663067589,41.382846090769846],[2.1580761321476567,41.37924342414332],[2.1628592992157674,41.379278321977424]]]},"properties":{"rank":57,"cell_id":"C022_018","district":"EIXAMPLE","barri":"SANT ANTONI","n_platanus":207,"source_std":0.4285,"feasibility":0.1089,"top15":false}},{"type":"Feature","geometry":{"type":"Polygon","coordinates":[[[2.1768907836531897,41.40460056273904],[2.1768453124707063,41.408203230664974],[2.172060007559924,41.40816889463193],[2.1721057430099533,41.404566231029136],[2.1768907836531897,41.40460056273904]]]},"properties":{"rank":58,"cell_id":"C025_025","district":"EIXAMPLE","barri":"LA SAGRADA FAMILIA","n_platanus":210,"source_std":0.427,"feasibility":0.1262,"top15":false}},{"type":"Feature","geometry":{"type":"Polygon","coordinates":[[[2.2103862968849697,41.40483531354245],[2.21034267562305,41.408438011029006],[2.2055573138542854,41.40840506796955],[2.205601199395617,41.40480237463078],[2.2103862968849697,41.40483531354245]]]},"properties":{"rank":59,"cell_id":"C032_025","district":"SANT MART\u00cd","barri":"DIAGONAL MAR I EL FRONT MAR\u00cdTIM DEL POBLENOU","n_platanus":217,"source_std":0.4253,"feasibility":0.1587,"top15":false}},{"type":"Feature","geometry":{"type":"Polygon","coordinates":[[[2.172060007559924,41.40816889463193],[2.1720142637951954,41.41177155592973],[2.1672287028852706,41.411737016555676],[2.167274710963841,41.40813435960654],[2.172060007559924,41.40816889463193]]]},"properties":{"rank":60,"cell_id":"C024_026","district":"HORTA - GUINARD\u00d3","barri":"EL BAIX GUINARD\u00d3","n_platanus":208,"source_std":0.4209,"feasibility":0.2411,"top15":false}},{"type":"Feature","geometry":{"type":"Polygon","coordinates":[[[2.2007719600639883,41.408371925910956],[2.2007278022184087,41.41197461277471],[2.195942192130507,41.41194126751962],[2.195986614300192,41.408338584854235],[2.2007719600639883,41.408371925910956]]]},"properties":{"rank":61,"cell_id":"C030_026","district":"SANT MART\u00cd","barri":"PROVEN\u00c7ALS DEL POBLENOU","n_platanus":184,"source_std":0.4206,"feasibility":0.1997,"top15":false}},{"type":"Feature","geometry":{"type":"Polygon","coordinates":[[[2.1961642222504194,41.39392783116684],[2.1961198323687707,41.39753052304247],[2.1913352873586085,41.397496995656006],[2.1913799413706023,41.39389430800193],[2.1961642222504194,41.39392783116684]]]},"properties":{"rank":62,"cell_id":"C029_022","district":"SANT MART\u00cd","barri":"LA VILA OL\u00cdMPICA DEL POBLENOU","n_platanus":214,"source_std":0.4171,"feasibility":0.1905,"top15":false}},{"type":"Feature","geometry":{"type":"Polygon","coordinates":[[[2.17233429560031,41.38655287844244],[2.1722886016977645,41.39015555356934],[2.167504625950623,41.390121040280206],[2.1675505838789735,41.38651836949913],[2.17233429560031,41.38655287844244]]]},"properties":{"rank":63,"cell_id":"C024_020","district":"EIXAMPLE","barri":"LA DRETA DE LEIXAMPLE","n_platanus":212,"source_std":0.4153,"feasibility":0.2089,"top15":false}},{"type":"Feature","geometry":{"type":"Polygon","coordinates":[[[2.1579366995663523,41.390051417104594],[2.1578902051416584,41.393654076812744],[2.153105990531963,41.39361896250683],[2.1531527490251836,41.39001630722011],[2.1579366995663523,41.390051417104594]]]},"properties":{"rank":64,"cell_id":"C021_021","district":"EIXAMPLE","barri":"LANTIGA ESQUERRA DE LEIXAMPLE","n_platanus":172,"source_std":0.4149,"feasibility":0.1056,"top15":false}},{"type":"Feature","geometry":{"type":"Polygon","coordinates":[[[2.139228516105716,41.357485903681905],[2.1391810431297227,41.36108856632559],[2.134399237632878,41.361052697149525],[2.1344469742388097,41.35745003902298],[2.139228516105716,41.357485903681905]]]},"properties":{"rank":65,"cell_id":"C017_012","district":"SANTS - MONTJU\u00cfC","barri":"LA MARINA DEL PORT","n_platanus":185,"source_std":0.4148,"feasibility":0.2837,"top15":false}},{"type":"Feature","geometry":{"type":"Polygon","coordinates":[[[2.1958977618846003,41.415543947882355],[2.1958533235607853,41.41914662594238],[2.191067192760124,41.419113073216835],[2.191111895502457,41.41551039938115],[2.1958977618846003,41.415543947882355]]]},"properties":{"rank":66,"cell_id":"C029_028","district":"SANT MART\u00cd","barri":"SANT MART\u00cd DE PROVEN\u00c7ALS","n_platanus":218,"source_std":0.4078,"feasibility":0.3082,"top15":false}},{"type":"Feature","geometry":{"type":"Polygon","coordinates":[[[2.1677802482715394,41.36850498101712],[2.167734332087114,41.3721076633236],[2.1629516843346885,41.3720729730179],[2.162997864303424,41.368470295079895],[2.1677802482715394,41.36850498101712]]]},"properties":{"rank":67,"cell_id":"C023_015","district":"SANTS - MONTJU\u00cfC","barri":"EL POBLE SEC","n_platanus":198,"source_std":0.4068,"feasibility":0.5976,"top15":false}},{"type":"Feature","geometry":{"type":"Polygon","coordinates":[[[2.119616728943706,41.39336759355423],[2.1195681131853696,41.39697021487983],[2.1147837038150787,41.396933504875136],[2.1148325836754625,41.393330888171754],[2.119616728943706,41.39336759355423]]]},"properties":{"rank":68,"cell_id":"C013_022","district":"LES CORTS","barri":"PEDRALBES","n_platanus":168,"source_std":0.4027,"feasibility":0.6961,"top15":false}},{"type":"Feature","geometry":{"type":"Polygon","coordinates":[[[2.1813592115174605,41.429853352663],[2.181313947037749,41.43345600875802],[2.176526782629938,41.43342184161843],[2.176572311715357,41.42981918982482],[2.1813592115174605,41.429853352663]]]},"properties":{"rank":69,"cell_id":"C026_032","district":"NOU BARRIS","barri":"PORTA","n_platanus":207,"source_std":0.3997,"feasibility":0.1599,"top15":false}},{"type":"Feature","geometry":{"type":"Polygon","coordinates":[[[2.1954530148621387,41.45157062485352],[2.1954084956663977,41.45517327988407],[2.1906197180353915,41.45513968488981],[2.1906645021307405,41.45153703408821],[2.1954530148621387,41.45157062485352]]]},"properties":{"rank":70,"cell_id":"C029_038","district":"SANT ANDREU","barri":"LA TRINITAT VELLA","n_platanus":200,"source_std":0.3921,"feasibility":0.3143,"top15":false}},{"type":"Feature","geometry":{"type":"Polygon","coordinates":[[[2.162766880509905,41.386483661714756],[2.1627206585574923,41.390086328124966],[2.1579366995663523,41.390051417104594],[2.157983185541075,41.38644875509027],[2.162766880509905,41.386483661714756]]]},"properties":{"rank":71,"cell_id":"C022_020","district":"EIXAMPLE","barri":"LANTIGA ESQUERRA DE LEIXAMPLE","n_platanus":150,"source_std":0.3901,"feasibility":0.1152,"top15":false}},{"type":"Feature","geometry":{"type":"Polygon","coordinates":[[[2.1339213941291333,41.397079151453816],[2.1338735619944695,41.40068178418715],[2.1290888621001844,41.40064566635594],[2.1291369583903923,41.39704303817022],[2.1339213941291333,41.397079151453816]]]},"properties":{"rank":72,"cell_id":"C016_023","district":"SARRI\u00c0 - SANT GERVASI","barri":"LES TRES TORRES","n_platanus":190,"source_std":0.3893,"feasibility":0.2921,"top15":false}},{"type":"Feature","geometry":{"type":"Polygon","coordinates":[[[2.1387533978931748,41.39351242626422],[2.1387058385613633,41.39711506582832],[2.1339213941291333,41.397079151453816],[2.133969217570306,41.39347651641179],[2.1387533978931748,41.39351242626422]]]},"properties":{"rank":73,"cell_id":"C017_022","district":"SARRI\u00c0 - SANT GERVASI","barri":"SANT GERVASI - GALVANY","n_platanus":189,"source_std":0.3892,"feasibility":0.3558,"top15":false}},{"type":"Feature","geometry":{"type":"Polygon","coordinates":[[[2.1292811948193897,41.386235139758035],[2.1292331247481724,41.38983777487122],[2.1244492259143812,41.38980147182333],[2.1244975599953615,41.386198841281285],[2.1292811948193897,41.386235139758035]]]},"properties":{"rank":74,"cell_id":"C015_020","district":"LES CORTS","barri":"LES CORTS","n_platanus":192,"source_std":0.3878,"feasibility":0.2324,"top15":false}},{"type":"Feature","geometry":{"type":"Polygon","coordinates":[[[2.2199134229038378,41.40850330014686],[2.2198703223713356,41.41210600355349],[2.215084680458996,41.41207345439692],[2.215128045322246,41.40847075508844],[2.2199134229038378,41.40850330014686]]]},"properties":{"rank":75,"cell_id":"C034_026","district":"SANT MART\u00cd","barri":"EL BES\u00d2S I EL MARESME","n_platanus":215,"source_std":0.386,"feasibility":0.2148,"top15":false}},{"type":"Feature","geometry":{"type":"Polygon","coordinates":[[[2.1721057430099533,41.404566231029136],[2.172060007559924,41.40816889463193],[2.167274710963841,41.40813435960654],[2.1673207106796806,41.40453170035196],[2.1721057430099533,41.404566231029136]]]},"properties":{"rank":76,"cell_id":"C024_025","district":"GR\u00c0CIA","barri":"EL CAMP DEN GRASSOT I GR\u00c0CIA NOVA","n_platanus":188,"source_std":0.38,"feasibility":0.1408,"top15":false}},{"type":"Feature","geometry":{"type":"Polygon","coordinates":[[[2.186550750465932,41.39746326934844],[2.1865058241597977,41.40106595045248],[2.181721031257661,41.40103202095267],[2.1817662217387457,41.39742934412075],[2.186550750465932,41.39746326934844]]]},"properties":{"rank":77,"cell_id":"C027_023","district":"EIXAMPLE","barri":"EL FORT PIENC","n_platanus":173,"source_std":0.3793,"feasibility":0.1514,"top15":false}},{"type":"Feature","geometry":{"type":"Polygon","coordinates":[[[2.1531527490251836,41.39001630722011],[2.153105990531963,41.39361896250683],[2.1483217844219915,41.39358364931277],[2.1483688069819658,41.38998099847248],[2.1531527490251836,41.39001630722011]]]},"properties":{"rank":78,"cell_id":"C020_021","district":"EIXAMPLE","barri":"LANTIGA ESQUERRA DE LEIXAMPLE","n_platanus":158,"source_std":0.375,"feasibility":0.1125,"top15":false}},{"type":"Feature","geometry":{"type":"Polygon","coordinates":[[[2.186191111239942,41.42628465368141],[2.1861461195485017,41.42988731635654],[2.1813592115174605,41.429853352663],[2.181404467768234,41.42625069426372],[2.186191111239942,41.42628465368141]]]},"properties":{"rank":79,"cell_id":"C027_031","district":"SANT ANDREU","barri":"EL CONGR\u00c9S I ELS INDIANS","n_platanus":201,"source_std":0.3748,"feasibility":0.2258,"top15":false}},{"type":"Feature","geometry":{"type":"Polygon","coordinates":[[[2.205205942158851,41.437226531814495],[2.2051619847513138,41.440829204436334],[2.2003742502985295,41.440796024801635],[2.2004184724164872,41.437193356356744],[2.205205942158851,41.437226531814495]]]},"properties":{"rank":80,"cell_id":"C031_034","district":"SANT ANDREU","barri":"EL BON PASTOR","n_platanus":167,"source_std":0.3715,"feasibility":0.2419,"top15":false}},{"type":"Feature","geometry":{"type":"Polygon","coordinates":[[[2.1573782082673008,41.43328318138258],[2.1573316123052786,41.43688581341325],[2.1525442251272136,41.436850646012665],[2.152591085734298,41.43324801840921],[2.1573782082673008,41.43328318138258]]]},"properties":{"rank":81,"cell_id":"C021_033","district":"HORTA - GUINARD\u00d3","barri":"HORTA","n_platanus":179,"source_std":0.3708,"feasibility":0.4185,"top15":false}},{"type":"Feature","geometry":{"type":"Polygon","coordinates":[[[2.144104459555223,41.35031622851279],[2.1440572673647678,41.35391890026298],[2.1392759804560266,41.353883238730525],[2.139323436182452,41.35028057147148],[2.144104459555223,41.35031622851279]]]},"properties":{"rank":82,"cell_id":"C018_010","district":"SANTS - MONTJU\u00cfC","barri":"LA MARINA DEL PRAT VERMELL","n_platanus":166,"source_std":0.3654,"feasibility":0.1899,"top15":false}},{"type":"Feature","geometry":{"type":"Polygon","coordinates":[[[2.1674586596682612,41.39372370875608],[2.167412685030147,41.39732637492668],[2.1626281894449395,41.39729165402827],[2.1626744282030876,41.393688992229485],[2.1674586596682612,41.39372370875608]]]},"properties":{"rank":83,"cell_id":"C023_022","district":"EIXAMPLE","barri":"LA DRETA DE LEIXAMPLE","n_platanus":184,"source_std":0.3653,"feasibility":0.108,"top15":false}},{"type":"Feature","geometry":{"type":"Polygon","coordinates":[[[2.1960754344176396,41.40113321261562],[2.1960310283953413,41.40473589988622],[2.191245954980468,41.404702364055225],[2.1912906252291284,41.40109968100711],[2.1960754344176396,41.40113321261562]]]},"properties":{"rank":84,"cell_id":"C029_024","district":"SANT MART\u00cd","barri":"EL PARC I LA LLACUNA DEL POBLENOU","n_platanus":193,"source_std":0.3621,"feasibility":0.2114,"top15":false}},{"type":"Feature","geometry":{"type":"Polygon","coordinates":[[[2.1817662217387457,41.39742934412075],[2.181721031257661,41.40103202095267],[2.1769362465707296,41.40099789250867],[2.1769817012250514,41.3973952199739],[2.1817662217387457,41.39742934412075]]]},"properties":{"rank":85,"cell_id":"C026_023","district":"EIXAMPLE","barri":"EL FORT PIENC","n_platanus":186,"source_std":0.3605,"feasibility":0.1307,"top15":false}},{"type":"Feature","geometry":{"type":"Polygon","coordinates":[[[2.1961198323687707,41.39753052304247],[2.1960754344176396,41.40113321261562],[2.1912906252291284,41.40109968100711],[2.1913352873586085,41.397496995656006],[2.1961198323687707,41.39753052304247]]]},"properties":{"rank":86,"cell_id":"C029_023","district":"SANT MART\u00cd","barri":"EL PARC I LA LLACUNA DEL POBLENOU","n_platanus":178,"source_std":0.3595,"feasibility":0.1453,"top15":false}},{"type":"Feature","geometry":{"type":"Polygon","coordinates":[[[2.158308350912927,41.361230056421064],[2.158261924038681,41.364832734577334],[2.153479820634333,41.36479765562925],[2.1535265111935487,41.36119498189054],[2.158308350912927,41.361230056421064]]]},"properties":{"rank":87,"cell_id":"C021_013","district":"SANTS - MONTJU\u00cfC","barri":"EL POBLE SEC","n_platanus":209,"source_std":0.3586,"feasibility":0.7162,"top15":false}},{"type":"Feature","geometry":{"type":"Polygon","coordinates":[[[2.143584873484677,41.38994549086278],[2.143537586859732,41.393548137231555],[2.1387533978931748,41.39351242626422],[2.138800948581297,41.38990978439198],[2.143584873484677,41.38994549086278]]]},"properties":{"rank":88,"cell_id":"C018_021","district":"SARRI\u00c0 - SANT GERVASI","barri":"SANT GERVASI - GALVANY","n_platanus":165,"source_std":0.3544,"feasibility":0.1426,"top15":false}},{"type":"Feature","geometry":{"type":"Polygon","coordinates":[[[2.2102990464306975,41.412040706214306],[2.2102554093062587,41.41564339909831],[2.2054695188345557,41.41561044774189],[2.205513420334487,41.412007759006585],[2.2102990464306975,41.412040706214306]]]},"properties":{"rank":89,"cell_id":"C032_027","district":"SANT MART\u00cd","barri":"PROVEN\u00c7ALS DEL POBLENOU","n_platanus":171,"source_std":0.3536,"feasibility":0.1966,"top15":false}},{"type":"Feature","geometry":{"type":"Polygon","coordinates":[[[2.1436794209546353,41.382740191202394],[2.1436321515157144,41.386342842186366],[2.1388484906275336,41.3863071402116],[2.1388960240336865,41.382704493723175],[2.1436794209546353,41.382740191202394]]]},"properties":{"rank":90,"cell_id":"C018_019","district":"LES CORTS","barri":"LES CORTS","n_platanus":166,"source_std":0.3508,"feasibility":0.1325,"top15":false}},{"type":"Feature","geometry":{"type":"Polygon","coordinates":[[[2.1722886016977645,41.39015555356934],[2.1722428994891887,41.393758226391505],[2.1674586596682612,41.39372370875608],[2.167504625950623,41.390121040280206],[2.1722886016977645,41.39015555356934]]]},"properties":{"rank":91,"cell_id":"C024_021","district":"EIXAMPLE","barri":"LA DRETA DE LEIXAMPLE","n_platanus":184,"source_std":0.3503,"feasibility":0.1107,"top15":false}},{"type":"Feature","geometry":{"type":"Polygon","coordinates":[[[2.1531994990204537,41.38641364962672],[2.1531527490251836,41.39001630722011],[2.1483688069819658,41.38998099847248],[2.1484158209960103,41.38637834532508],[2.1531994990204537,41.38641364962672]]]},"properties":{"rank":92,"cell_id":"C020_020","district":"EIXAMPLE","barri":"LANTIGA ESQUERRA DE LEIXAMPLE","n_platanus":152,"source_std":0.3472,"feasibility":0.1412,"top15":false}},{"type":"Feature","geometry":{"type":"Polygon","coordinates":[[[2.181675832561369,41.40463469548067],[2.1816306256481566,41.40823736770471],[2.1768453124707063,41.408203230664974],[2.1768907836531897,41.40460056273904],[2.181675832561369,41.40463469548067]]]},"properties":{"rank":93,"cell_id":"C026_025","district":"EIXAMPLE","barri":"LA SAGRADA FAMILIA","n_platanus":155,"source_std":0.3415,"feasibility":0.1141,"top15":false}},{"type":"Feature","geometry":{"type":"Polygon","coordinates":[[[2.1392759804560266,41.353883238730525],[2.139228516105716,41.357485903681905],[2.1344469742388097,41.35745003902298],[2.1344947021711707,41.35384737858823],[2.1392759804560266,41.353883238730525]]]},"properties":{"rank":94,"cell_id":"C017_011","district":"SANTS - MONTJU\u00cfC","barri":"LA MARINA DEL PORT","n_platanus":162,"source_std":0.3408,"feasibility":0.1958,"top15":false}},{"type":"Feature","geometry":{"type":"Polygon","coordinates":[[[2.1388960240336865,41.382704493723175],[2.1388484906275336,41.3863071402116],[2.1340648383794365,41.38627123940183],[2.134112635751019,41.38266859743396],[2.1388960240336865,41.382704493723175]]]},"properties":{"rank":95,"cell_id":"C017_019","district":"LES CORTS","barri":"LES CORTS","n_platanus":168,"source_std":0.3386,"feasibility":0.1678,"top15":false}},{"type":"Feature","geometry":{"type":"Polygon","coordinates":[[[2.16290549597272,41.37567564865042],[2.1628592992157674,41.379278321977424],[2.1580761321476567,41.37924342414332],[2.158122592783039,41.37564075521077],[2.16290549597272,41.37567564865042]]]},"properties":{"rank":96,"cell_id":"C022_017","district":"EIXAMPLE","barri":"SANT ANTONI","n_platanus":138,"source_std":0.3318,"feasibility":0.1249,"top15":false}},{"type":"Feature","geometry":{"type":"Polygon","coordinates":[[[2.1578902051416584,41.393654076812744],[2.15784370226523,41.39725673421468],[2.1530592235390182,41.397221615486856],[2.153105990531963,41.39361896250683],[2.1578902051416584,41.393654076812744]]]},"properties":{"rank":97,"cell_id":"C021_022","district":"EIXAMPLE","barri":"LANTIGA ESQUERRA DE LEIXAMPLE","n_platanus":140,"source_std":0.3292,"feasibility":0.1126,"top15":false}},{"type":"Feature","geometry":{"type":"Polygon","coordinates":[[[2.1385155147611434,41.411525601002175],[2.13846791218382,41.415128229024816],[2.1336821464846203,41.41509229203259],[2.1337300134113923,41.41148966853449],[2.1385155147611434,41.411525601002175]]]},"properties":{"rank":98,"cell_id":"C017_027","district":"SARRI\u00c0 - SANT GERVASI","barri":"SANT GERVASI - LA BONANOVA","n_platanus":184,"source_std":0.3266,"feasibility":0.4064,"top15":false}},{"type":"Feature","geometry":{"type":"Polygon","coordinates":[[[2.1244975599953615,41.386198841281285],[2.1244492259143812,41.38980147182333],[2.119665335866407,41.38976496991848],[2.119713933955316,41.38616234397263],[2.1244975599953615,41.386198841281285]]]},"properties":{"rank":99,"cell_id":"C014_020","district":"LES CORTS","barri":"PEDRALBES","n_platanus":182,"source_std":0.3258,"feasibility":0.2621,"top15":false}},{"type":"Feature","geometry":{"type":"Polygon","coordinates":[[[2.1484158209960103,41.38637834532508],[2.1483688069819658,41.38998099847248],[2.143584873484677,41.38994549086278],[2.1436321515157144,41.386342842186366],[2.1484158209960103,41.38637834532508]]]},"properties":{"rank":100,"cell_id":"C019_020","district":"EIXAMPLE","barri":"LA NOVA ESQUERRA DE LEIXAMPLE","n_platanus":151,"source_std":0.3244,"feasibility":0.1288,"top15":false}},{"type":"Feature","geometry":{"type":"Polygon","coordinates":[[[2.1676884075573852,41.37571034332508],[2.1676424746806133,41.379313021021524],[2.1628592992157674,41.379278321977424],[2.16290549597272,41.37567564865042],[2.1676884075573852,41.37571034332508]]]},"properties":{"rank":101,"cell_id":"C023_017","district":"EIXAMPLE","barri":"SANT ANTONI","n_platanus":135,"source_std":0.3196,"feasibility":0.1093,"top15":false}},{"type":"Feature","geometry":{"type":"Polygon","coordinates":[[[2.153105990531963,41.39361896250683],[2.1530592235390182,41.397221615486856],[2.148274753314304,41.39718629784586],[2.1483217844219915,41.39358364931277],[2.153105990531963,41.39361896250683]]]},"properties":{"rank":102,"cell_id":"C020_022","district":"SARRI\u00c0 - SANT GERVASI","barri":"SANT GERVASI - GALVANY","n_platanus":143,"source_std":0.3187,"feasibility":0.1197,"top15":false}},{"type":"Feature","geometry":{"type":"Polygon","coordinates":[[[2.158169044975497,41.37203808397222],[2.158122592783039,41.37564075521077],[2.153339698036282,41.375605663007114],[2.153386414057469,41.37200299618757],[2.158169044975497,41.37203808397222]]]},"properties":{"rank":103,"cell_id":"C021_016","district":"SANTS - MONTJU\u00cfC","barri":"EL POBLE SEC","n_platanus":150,"source_std":0.3166,"feasibility":0.1258,"top15":false}},{"type":"Feature","geometry":{"type":"Polygon","coordinates":[[[2.1290888621001844,41.40064566635594],[2.1290407570666647,41.40424829223243],[2.124255801713964,41.40421197089499],[2.1243041709492108,41.400609349591626],[2.1290888621001844,41.40064566635594]]]},"properties":{"rank":104,"cell_id":"C015_024","district":"SARRI\u00c0 - SANT GERVASI","barri":"LES TRES TORRES","n_platanus":148,"source_std":0.3166,"feasibility":0.3983,"top15":false}},{"type":"Feature","geometry":{"type":"Polygon","coordinates":[[[2.1911565901188275,41.41190772324229],[2.191111895502457,41.41551039938115],[2.186326037246275,41.41547665183359],[2.186370996231414,41.41187397994366],[2.1911565901188275,41.41190772324229]]]},"properties":{"rank":105,"cell_id":"C028_027","district":"SANT MART\u00cd","barri":"EL CLOT","n_platanus":166,"source_std":0.3137,"feasibility":0.1318,"top15":false}},{"type":"Feature","geometry":{"type":"Polygon","coordinates":[[[2.1291369583903923,41.39704303817022],[2.1290888621001844,41.40064566635594],[2.1243041709492108,41.400609349591626],[2.1243525313931393,41.39700672597855],[2.1291369583903923,41.39704303817022]]]},"properties":{"rank":106,"cell_id":"C015_023","district":"SARRI\u00c0 - SANT GERVASI","barri":"LES TRES TORRES","n_platanus":144,"source_std":0.3123,"feasibility":0.2763,"top15":false}},{"type":"Feature","geometry":{"type":"Polygon","coordinates":[[[2.2246988083197894,41.40853564620336],[2.2246559721196704,41.41213835368307],[2.2198703223713356,41.41210600355349],[2.2199134229038378,41.40850330014686],[2.2246988083197894,41.40853564620336]]]},"properties":{"rank":107,"cell_id":"C035_026","district":"SANT MART\u00cd","barri":"EL BES\u00d2S I EL MARESME","n_platanus":118,"source_std":0.3093,"feasibility":0.4924,"top15":false}},{"type":"Feature","geometry":{"type":"Polygon","coordinates":[[[2.181404467768234,41.42625069426372],[2.1813592115174605,41.429853352663],[2.176572311715357,41.42981918982482],[2.1766178325237453,41.426216535726454],[2.181404467768234,41.42625069426372]]]},"properties":{"rank":108,"cell_id":"C026_031","district":"NOU BARRIS","barri":"VILAPICINA I LA TORRE LLOBETA","n_platanus":149,"source_std":0.3085,"feasibility":0.1797,"top15":false}},{"type":"Feature","geometry":{"type":"Polygon","coordinates":[[[2.176481245265761,41.43702449110726],[2.1764356996210954,41.44062713829126],[2.171648014139771,41.44059276332861],[2.171693824484629,41.43699012047201],[2.176481245265761,41.43702449110726]]]},"properties":{"rank":109,"cell_id":"C025_034","district":"NOU BARRIS","barri":"LA GUINEUETA","n_platanus":140,"source_std":0.307,"feasibility":0.3082,"top15":false}},{"type":"Feature","geometry":{"type":"Polygon","coordinates":[[[2.1532462405195454,41.382810989726735],[2.1531994990204537,41.38641364962672],[2.1484158209960103,41.38637834532508],[2.148462826465908,41.38277568987058],[2.1532462405195454,41.382810989726735]]]},"properties":{"rank":110,"cell_id":"C020_019","district":"EIXAMPLE","barri":"LA NOVA ESQUERRA DE LEIXAMPLE","n_platanus":151,"source_std":0.3045,"feasibility":0.1177,"top15":false}},{"type":"Feature","geometry":{"type":"Polygon","coordinates":[[[2.1861011196762163,41.43348997672786],[2.1860561116213773,41.437092634795334],[2.1812686743273813,41.437058662548694],[2.181313947037749,41.43345600875802],[2.1861011196762163,41.43348997672786]]]},"properties":{"rank":111,"cell_id":"C027_033","district":"NOU BARRIS","barri":"PORTA","n_platanus":150,"source_std":0.3016,"feasibility":0.3308,"top15":false}},{"type":"Feature","geometry":{"type":"Polygon","coordinates":[[[2.1772996525799426,41.37217644771111],[2.1772542557199053,41.375779136375435],[2.1724713274890943,41.37574483923374],[2.1725169881848427,41.37214215488832],[2.1772996525799426,41.37217644771111]]]},"properties":{"rank":112,"cell_id":"C025_016","district":"SANTS - MONTJU\u00cfC","barri":"EL POBLE SEC","n_platanus":128,"source_std":0.301,"feasibility":0.198,"top15":false}},{"type":"Feature","geometry":{"type":"Polygon","coordinates":[[[2.1717854201902833,41.42978482784295],[2.171739626500887,41.433387475310106],[2.166952478698695,41.43335290983403],[2.1669985369903313,41.42975026671839],[2.1717854201902833,41.42978482784295]]]},"properties":{"rank":113,"cell_id":"C024_032","district":"NOU BARRIS","barri":"EL TUR\u00d3 DE LA PEIRA","n_platanus":153,"source_std":0.2987,"feasibility":0.1881,"top15":false}},{"type":"Feature","geometry":{"type":"Polygon","coordinates":[[[2.1675505838789735,41.38651836949913],[2.167504625950623,41.390121040280206],[2.1627206585574923,41.390086328124966],[2.162766880509905,41.386483661714756],[2.1675505838789735,41.38651836949913]]]},"properties":{"rank":114,"cell_id":"C023_020","district":"EIXAMPLE","barri":"LA DRETA DE LEIXAMPLE","n_platanus":157,"source_std":0.2982,"feasibility":0.1324,"top15":false}},{"type":"Feature","geometry":{"type":"Polygon","coordinates":[[[2.1772542557199053,41.375779136375435],[2.177208850608707,41.37938182273566],[2.172425658494243,41.37934752127458],[2.1724713274890943,41.37574483923374],[2.1772542557199053,41.375779136375435]]]},"properties":{"rank":115,"cell_id":"C025_017","district":"CIUTAT VELLA","barri":"EL RAVAL","n_platanus":141,"source_std":0.2978,"feasibility":0.1532,"top15":false}},{"type":"Feature","geometry":{"type":"Polygon","coordinates":[[[2.186326037246275,41.41547665183359],[2.186281070087121,41.41907932141989],[2.181494955589841,41.4190453705525],[2.1815401871641082,41.415442705240665],[2.186326037246275,41.41547665183359]]]},"properties":{"rank":116,"cell_id":"C027_028","district":"SANT ANDREU","barri":"NAVAS","n_platanus":157,"source_std":0.2966,"feasibility":0.1365,"top15":false}},{"type":"Feature","geometry":{"type":"Polygon","coordinates":[[[2.2104299102181133,41.401232613754686],[2.2103862968849697,41.40483531354245],[2.205601199395617,41.40480237463078],[2.2056450769601463,41.40119967899035],[2.2104299102181133,41.401232613754686]]]},"properties":{"rank":117,"cell_id":"C032_024","district":"SANT MART\u00cd","barri":"EL POBLENOU","n_platanus":141,"source_std":0.2966,"feasibility":0.2321,"top15":false}},{"type":"Feature","geometry":{"type":"Polygon","coordinates":[[[2.1438684128249954,41.36832956419154],[2.1438211777366223,41.3719322244054],[2.1390385724296603,41.3718965404099],[2.1390860712934936,41.36829388468962],[2.1438684128249954,41.36832956419154]]]},"properties":{"rank":118,"cell_id":"C018_015","district":"SANTS - MONTJU\u00cfC","barri":"LA BORDETA","n_platanus":178,"source_std":0.2881,"feasibility":0.2121,"top15":false}},{"type":"Feature","geometry":{"type":"Polygon","coordinates":[[[2.158122592783039,41.37564075521077],[2.1580761321476567,41.37924342414332],[2.153292973524231,41.379208327520175],[2.153339698036282,41.375605663007114],[2.158122592783039,41.37564075521077]]]},"properties":{"rank":119,"cell_id":"C021_017","district":"EIXAMPLE","barri":"SANT ANTONI","n_platanus":141,"source_std":0.2874,"feasibility":0.1147,"top15":false}},{"type":"Feature","geometry":{"type":"Polygon","coordinates":[[[2.1722428994891887,41.393758226391505],[2.172197188972851,41.39736089690889],[2.167412685030147,41.39732637492668],[2.1674586596682612,41.39372370875608],[2.1722428994891887,41.393758226391505]]]},"properties":{"rank":120,"cell_id":"C024_022","district":"EIXAMPLE","barri":"LA DRETA DE LEIXAMPLE","n_platanus":118,"source_std":0.2845,"feasibility":0.1091,"top15":false}},{"type":"Feature","geometry":{"type":"Polygon","coordinates":[[[2.1860561116213773,41.437092634795334],[2.1860110953822756,41.44069529055891],[2.1812233933846374,41.44066131403502],[2.1812686743273813,41.437058662548694],[2.1860561116213773,41.437092634795334]]]},"properties":{"rank":121,"cell_id":"C027_034","district":"NOU BARRIS","barri":"LA PROSPERITAT","n_platanus":148,"source_std":0.2838,"feasibility":0.2972,"top15":false}},{"type":"Feature","geometry":{"type":"Polygon","coordinates":[[[2.1816306256481566,41.40823736770471],[2.181585410516308,41.4118400376247],[2.1767998330215548,41.4118058962864],[2.1768453124707063,41.408203230664974],[2.1816306256481566,41.40823736770471]]]},"properties":{"rank":122,"cell_id":"C026_026","district":"SANT MART\u00cd","barri":"EL CAMP DE LARPA DEL CLOT","n_platanus":133,"source_std":0.2809,"feasibility":0.1255,"top15":false}},{"type":"Feature","geometry":{"type":"Polygon","coordinates":[[[2.191111895502457,41.41551039938115],[2.191067192760124,41.419113073216835],[2.186281070087121,41.41907932141989],[2.186326037246275,41.41547665183359],[2.191111895502457,41.41551039938115]]]},"properties":{"rank":123,"cell_id":"C028_028","district":"SANT ANDREU","barri":"NAVAS","n_platanus":169,"source_std":0.28,"feasibility":0.1647,"top15":false}},{"type":"Feature","geometry":{"type":"Polygon","coordinates":[[[2.1440100665983053,41.357521569706],[2.143962857254048,41.361124236841796],[2.1391810431297227,41.36108856632559],[2.139228516105716,41.357485903681905],[2.1440100665983053,41.357521569706]]]},"properties":{"rank":124,"cell_id":"C018_012","district":"SANTS - MONTJU\u00cfC","barri":"LA MARINA DEL PORT","n_platanus":134,"source_std":0.2777,"feasibility":0.2669,"top15":false}},{"type":"Feature","geometry":{"type":"Polygon","coordinates":[[[2.1769362465707296,41.40099789250867],[2.1768907836531897,41.40460056273904],[2.1721057430099533,41.404566231029136],[2.1721514701470173,41.40096356512145],[2.1769362465707296,41.40099789250867]]]},"properties":{"rank":125,"cell_id":"C025_024","district":"EIXAMPLE","barri":"LA SAGRADA FAMILIA","n_platanus":130,"source_std":0.2752,"feasibility":0.2472,"top15":false}},{"type":"Feature","geometry":{"type":"Polygon","coordinates":[[[2.1389435488015573,41.379101844926716],[2.1388960240336865,41.382704493723175],[2.134112635751019,41.38266859743396],[2.134160424436362,41.3790659531576],[2.1389435488015573,41.379101844926716]]]},"properties":{"rank":126,"cell_id":"C017_018","district":"SANTS - MONTJU\u00cfC","barri":"SANTS","n_platanus":121,"source_std":0.2746,"feasibility":0.1099,"top15":false}},{"type":"Feature","geometry":{"type":"Polygon","coordinates":[[[2.148462826465908,41.38277568987058],[2.1484158209960103,41.38637834532508],[2.1436321515157144,41.386342842186366],[2.1436794209546353,41.382740191202394],[2.148462826465908,41.38277568987058]]]},"properties":{"rank":127,"cell_id":"C019_019","district":"EIXAMPLE","barri":"LA NOVA ESQUERRA DE LEIXAMPLE","n_platanus":130,"source_std":0.2732,"feasibility":0.1545,"top15":false}},{"type":"Feature","geometry":{"type":"Polygon","coordinates":[[[2.181585410516308,41.4118400376247],[2.1815401871641082,41.415442705240665],[2.1767543453040092,41.41540855960332],[2.1767998330215548,41.4118058962864],[2.181585410516308,41.4118400376247]]]},"properties":{"rank":128,"cell_id":"C026_027","district":"SANT MART\u00cd","barri":"EL CAMP DE LARPA DEL CLOT","n_platanus":134,"source_std":0.2722,"feasibility":0.1249,"top15":false}},{"type":"Feature","geometry":{"type":"Polygon","coordinates":[[[2.190977762890787,41.42631841397853],[2.190933035760388,41.42992108090445],[2.1861461195485017,41.42988731635654],[2.186191111239942,41.42628465368141],[2.190977762890787,41.42631841397853]]]},"properties":{"rank":129,"cell_id":"C028_031","district":"SANT ANDREU","barri":"LA SAGRERA","n_platanus":137,"source_std":0.2709,"feasibility":0.3666,"top15":false}},{"type":"Feature","geometry":{"type":"Polygon","coordinates":[[[2.1724713274890943,41.37574483923374],[2.172425658494243,41.37934752127458],[2.1676424746806133,41.379313021021524],[2.1676884075573852,41.37571034332508],[2.1724713274890943,41.37574483923374]]]},"properties":{"rank":130,"cell_id":"C024_017","district":"CIUTAT VELLA","barri":"EL RAVAL","n_platanus":127,"source_std":0.2638,"feasibility":0.1427,"top15":false}},{"type":"Feature","geometry":{"type":"Polygon","coordinates":[[[2.1771180156259438,41.386587188543665],[2.1770725857509348,41.39018986799137],[2.1722886016977645,41.39015555356934],[2.17233429560031,41.38655287844244],[2.1771180156259438,41.386587188543665]]]},"properties":{"rank":131,"cell_id":"C025_020","district":"EIXAMPLE","barri":"LA DRETA DE LEIXAMPLE","n_platanus":104,"source_std":0.2603,"feasibility":0.1107,"top15":false}},{"type":"Feature","geometry":{"type":"Polygon","coordinates":[[[2.1432536865375393,41.41516396698164],[2.143206339705,41.4187665971958],[2.138420300951978,41.418730854738996],[2.13846791218382,41.415128229024816],[2.1432536865375393,41.41516396698164]]]},"properties":{"rank":132,"cell_id":"C018_028","district":"GR\u00c0CIA","barri":"VALLCARCA I ELS PENITENTS","n_platanus":110,"source_std":0.2585,"feasibility":0.3135,"top15":false}},{"type":"Feature","geometry":{"type":"Polygon","coordinates":[[[2.1675965334550567,41.382915696412894],[2.1675505838789735,41.38651836949913],[2.162766880509905,41.386483661714756],[2.1628130940620798,41.38288099299889],[2.1675965334550567,41.382915696412894]]]},"properties":{"rank":133,"cell_id":"C023_019","district":"EIXAMPLE","barri":"EL RAVAL","n_platanus":133,"source_std":0.2572,"feasibility":0.1268,"top15":false}},{"type":"Feature","geometry":{"type":"Polygon","coordinates":[[[2.1721514701470173,41.40096356512145],[2.1721057430099533,41.404566231029136],[2.1673207106796806,41.40453170035196],[2.167366702034534,41.400929038792],[2.1721514701470173,41.40096356512145]]]},"properties":{"rank":134,"cell_id":"C024_024","district":"GR\u00c0CIA","barri":"EL CAMP DEN GRASSOT I GR\u00c0CIA NOVA","n_platanus":131,"source_std":0.2568,"feasibility":0.1083,"top15":false}},{"type":"Feature","geometry":{"type":"Polygon","coordinates":[[[2.133969217570306,41.39347651641179],[2.1339213941291333,41.397079151453816],[2.1291369583903923,41.39704303817022],[2.129185045939114,41.39344040767529],[2.133969217570306,41.39347651641179]]]},"properties":{"rank":135,"cell_id":"C016_022","district":"SARRI\u00c0 - SANT GERVASI","barri":"LES TRES TORRES","n_platanus":135,"source_std":0.256,"feasibility":0.3011,"top15":false}},{"type":"Feature","geometry":{"type":"Polygon","coordinates":[[[2.1725626405832186,41.368539468238396],[2.1725169881848427,41.37214215488832],[2.167734332087114,41.3721076633236],[2.1677802482715394,41.36850498101712],[2.1725626405832186,41.368539468238396]]]},"properties":{"rank":136,"cell_id":"C024_015","district":"SANTS - MONTJU\u00cfC","barri":"EL POBLE SEC","n_platanus":130,"source_std":0.2527,"feasibility":0.7321,"top15":false}},{"type":"Feature","geometry":{"type":"Polygon","coordinates":[[[2.1627206585574923,41.390086328124966],[2.1626744282030876,41.393688992229485],[2.1578902051416584,41.393654076812744],[2.1579366995663523,41.390051417104594],[2.1627206585574923,41.390086328124966]]]},"properties":{"rank":137,"cell_id":"C022_021","district":"EIXAMPLE","barri":"LA DRETA DE LEIXAMPLE","n_platanus":107,"source_std":0.2522,"feasibility":0.1085,"top15":false}},{"type":"Feature","geometry":{"type":"Polygon","coordinates":[[[2.153292973524231,41.379208327520175],[2.1532462405195454,41.382810989726735],[2.148462826465908,41.38277568987058],[2.1485098233934403,41.37917303210902],[2.153292973524231,41.379208327520175]]]},"properties":{"rank":138,"cell_id":"C020_018","district":"EIXAMPLE","barri":"LA NOVA ESQUERRA DE LEIXAMPLE","n_platanus":106,"source_std":0.2519,"feasibility":0.11,"top15":false}},{"type":"Feature","geometry":{"type":"Polygon","coordinates":[[[2.1864608896864697,41.404668629253045],[2.1864159470442432,41.408271305750134],[2.1816306256481566,41.40823736770471],[2.181675832561369,41.40463469548067],[2.1864608896864697,41.404668629253045]]]},"properties":{"rank":139,"cell_id":"C027_025","district":"SANT MART\u00cd","barri":"LA SAGRADA FAMILIA","n_platanus":110,"source_std":0.2514,"feasibility":0.1225,"top15":false}},{"type":"Feature","geometry":{"type":"Polygon","coordinates":[[[2.1865058241597977,41.40106595045248],[2.1864608896864697,41.404668629253045],[2.181675832561369,41.40463469548067],[2.181721031257661,41.40103202095267],[2.1865058241597977,41.40106595045248]]]},"properties":{"rank":140,"cell_id":"C027_024","district":"EIXAMPLE","barri":"EL FORT PIENC","n_platanus":143,"source_std":0.2495,"feasibility":0.1819,"top15":false}},{"type":"Feature","geometry":{"type":"Polygon","coordinates":[[[2.1670906284557123,41.42254497357008],[2.167044586908754,41.42614762129707],[2.1622579766344154,41.42611286540694],[2.1623042826856924,41.42251022205559],[2.1670906284557123,41.42254497357008]]]},"properties":{"rank":141,"cell_id":"C023_030","district":"HORTA - GUINARD\u00d3","barri":"LA FONT DEN FARGUES","n_platanus":122,"source_std":0.2495,"feasibility":0.4236,"top15":false}},{"type":"Feature","geometry":{"type":"Polygon","coordinates":[[[2.167734332087114,41.3721076633236],[2.1676884075573852,41.37571034332508],[2.16290549597272,41.37567564865042],[2.1629516843346885,41.3720729730179],[2.167734332087114,41.3721076633236]]]},"properties":{"rank":142,"cell_id":"C023_016","district":"SANTS - MONTJU\u00cfC","barri":"EL POBLE SEC","n_platanus":113,"source_std":0.2495,"feasibility":0.117,"top15":false}},{"type":"Feature","geometry":{"type":"Polygon","coordinates":[[[2.200816109883066,41.40476923674504],[2.2007719600639883,41.408371925910956],[2.195986614300192,41.408338584854235],[2.1960310283953413,41.40473589988622],[2.200816109883066,41.40476923674504]]]},"properties":{"rank":143,"cell_id":"C030_025","district":"SANT MART\u00cd","barri":"PROVEN\u00c7ALS DEL POBLENOU","n_platanus":132,"source_std":0.2494,"feasibility":0.2499,"top15":false}},{"type":"Feature","geometry":{"type":"Polygon","coordinates":[[[2.2005952805059,41.42278265955254],[2.200551090537552,41.42638533720721],[2.195764422672685,41.42635197515412],[2.195808877157376,41.42274930169964],[2.2005952805059,41.42278265955254]]]},"properties":{"rank":144,"cell_id":"C030_030","district":"SANT MART\u00cd","barri":"LA VERNEDA I LA PAU","n_platanus":127,"source_std":0.2467,"feasibility":0.2702,"top15":false}},{"type":"Feature","geometry":{"type":"Polygon","coordinates":[[[2.1388484906275336,41.3863071402116],[2.138800948581297,41.38990978439198],[2.134017032319803,41.38987387906112],[2.1340648383794365,41.38627123940183],[2.1388484906275336,41.3863071402116]]]},"properties":{"rank":145,"cell_id":"C017_020","district":"LES CORTS","barri":"LES CORTS","n_platanus":126,"source_std":0.246,"feasibility":0.1902,"top15":false}},{"type":"Feature","geometry":{"type":"Polygon","coordinates":[[[2.1244492259143812,41.38980147182333],[2.1244008830475853,41.39340410005577],[2.119616728943706,41.39336759355423],[2.119665335866407,41.38976496991848],[2.1244492259143812,41.38980147182333]]]},"properties":{"rank":146,"cell_id":"C014_021","district":"SARRI\u00c0 - SANT GERVASI","barri":"SARRI\u00c0","n_platanus":111,"source_std":0.246,"feasibility":0.469,"top15":false}},{"type":"Feature","geometry":{"type":"Polygon","coordinates":[[[2.191603089727533,41.37588083518881],[2.191558476277578,41.37948353435699],[2.1867752595483263,41.379449829277824],[2.1868201368870674,41.37584713435393],[2.191603089727533,41.37588083518881]]]},"properties":{"rank":147,"cell_id":"C028_017","district":"CIUTAT VELLA","barri":"LA BARCELONETA","n_platanus":145,"source_std":0.2439,"feasibility":0.3466,"top15":false}},{"type":"Feature","geometry":{"type":"Polygon","coordinates":[[[2.114881454652225,41.38972826915772],[2.1148325836754625,41.393330888171754],[2.110048447290839,41.39329398390938],[2.1100975823198103,41.389691369542106],[2.114881454652225,41.38972826915772]]]},"properties":{"rank":148,"cell_id":"C012_021","district":"LES CORTS","barri":"PEDRALBES","n_platanus":109,"source_std":0.2403,"feasibility":0.5672,"top15":false}},{"type":"Feature","geometry":{"type":"Polygon","coordinates":[[[2.1535731932689792,41.35759230584556],[2.1535265111935487,41.36119498189054],[2.1487446799579564,41.361159708697116],[2.1487916256686894,41.35755703709421],[2.1535731932689792,41.35759230584556]]]},"properties":{"rank":149,"cell_id":"C020_012","district":"SANTS - MONTJU\u00cfC","barri":"EL POBLE SEC","n_platanus":147,"source_std":0.238,"feasibility":0.6653,"top15":false}},{"type":"Feature","geometry":{"type":"Polygon","coordinates":[[[2.2198272140028386,41.41570870465972],[2.21978409779671,41.41931140346551],[2.214997927078726,41.419278846111325],[2.2150413077117053,41.41567615140456],[2.2198272140028386,41.41570870465972]]]},"properties":{"rank":150,"cell_id":"C034_028","district":"SANT MART\u00cd","barri":"EL BES\u00d2S I EL MARESME","n_platanus":123,"source_std":0.2375,"feasibility":0.1416,"top15":false}},{"type":"Feature","geometry":{"type":"Polygon","coordinates":[[[2.1433010247636077,41.411561334459535],[2.1432536865375393,41.41516396698164],[2.13846791218382,41.415128229024816],[2.1385155147611434,41.411525601002175],[2.1433010247636077,41.411561334459535]]]},"properties":{"rank":151,"cell_id":"C018_027","district":"GR\u00c0CIA","barri":"VALLCARCA I ELS PENITENTS","n_platanus":120,"source_std":0.2374,"feasibility":0.2023,"top15":false}},{"type":"Feature","geometry":{"type":"Polygon","coordinates":[[[2.119665335866407,41.38976496991848],[2.119616728943706,41.39336759355423],[2.1148325836754625,41.393330888171754],[2.114881454652225,41.38972826915772],[2.119665335866407,41.38976496991848]]]},"properties":{"rank":152,"cell_id":"C013_021","district":"LES CORTS","barri":"PEDRALBES","n_platanus":107,"source_std":0.2374,"feasibility":0.5949,"top15":false}},{"type":"Feature","geometry":{"type":"Polygon","coordinates":[[[2.162997864303424,41.368470295079895],[2.1629516843346885,41.3720729730179],[2.158169044975497,41.37203808397222],[2.1582154887267913,41.368435410427715],[2.162997864303424,41.368470295079895]]]},"properties":{"rank":153,"cell_id":"C022_015","district":"SANTS - MONTJU\u00cfC","barri":"EL POBLE SEC","n_platanus":107,"source_std":0.236,"feasibility":0.4524,"top15":false}},{"type":"Feature","geometry":{"type":"Polygon","coordinates":[[[2.1536665319755564,41.35038694683687],[2.153619866862393,41.353989627494315],[2.1488385628495164,41.353954363184585],[2.1488854915022144,41.35035168696826],[2.1536665319755564,41.35038694683687]]]},"properties":{"rank":154,"cell_id":"C020_010","district":"SANTS - MONTJU\u00cfC","barri":"EL POBLE SEC","n_platanus":90,"source_std":0.2326,"feasibility":0.3545,"top15":false}},{"type":"Feature","geometry":{"type":"Polygon","coordinates":[[[2.1914692250489045,41.38668892578511],[2.1914245872668032,41.39029161804496],[2.186640578583437,41.39025790023015],[2.1866854803982134,41.38665521221598],[2.1914692250489045,41.38668892578511]]]},"properties":{"rank":155,"cell_id":"C028_020","district":"SANT MART\u00cd","barri":"LA VILA OL\u00cdMPICA DEL POBLENOU","n_platanus":95,"source_std":0.2324,"feasibility":0.5736,"top15":false}},{"type":"Feature","geometry":{"type":"Polygon","coordinates":[[[2.2100371046447758,41.43365682899733],[2.2099934198930193,41.437259508072636],[2.205205942158851,41.437226531814495],[2.205249891574582,41.433623856890605],[2.2100371046447758,41.43365682899733]]]},"properties":{"rank":156,"cell_id":"C032_033","district":"SANT ANDREU","barri":"EL BON PASTOR","n_platanus":101,"source_std":0.231,"feasibility":0.2238,"top15":false}},{"type":"Feature","geometry":{"type":"Polygon","coordinates":[[[2.172379981198559,41.38295020101085],[2.17233429560031,41.38655287844244],[2.1675505838789735,41.38651836949913],[2.1675965334550567,41.382915696412894],[2.172379981198559,41.38295020101085]]]},"properties":{"rank":157,"cell_id":"C024_019","district":"CIUTAT VELLA","barri":"EL RAVAL","n_platanus":103,"source_std":0.2296,"feasibility":0.1271,"top15":false}},{"type":"Feature","geometry":{"type":"Polygon","coordinates":[[[2.1913799413706023,41.39389430800193],[2.1913352873586085,41.397496995656006],[2.186550750465932,41.39746326934844],[2.1865956686065777,41.39386058594098],[2.1913799413706023,41.39389430800193]]]},"properties":{"rank":158,"cell_id":"C028_022","district":"SANT MART\u00cd","barri":"EL PARC I LA LLACUNA DEL POBLENOU","n_platanus":112,"source_std":0.2295,"feasibility":0.1296,"top15":false}},{"type":"Feature","geometry":{"type":"Polygon","coordinates":[[[2.1338735619944695,41.40068178418715],[2.1338257211645013,41.40428441461174],[2.1290407570666647,41.40424829223243],[2.1290888621001844,41.40064566635594],[2.1338735619944695,41.40068178418715]]]},"properties":{"rank":159,"cell_id":"C016_024","district":"SARRI\u00c0 - SANT GERVASI","barri":"LES TRES TORRES","n_platanus":105,"source_std":0.2274,"feasibility":0.377,"top15":false}},{"type":"Feature","geometry":{"type":"Polygon","coordinates":[[[2.2055573138542854,41.40840506796955],[2.205513420334487,41.412007759006585],[2.2007278022184087,41.41197461277471],[2.2007719600639883,41.408371925910956],[2.2055573138542854,41.40840506796955]]]},"properties":{"rank":160,"cell_id":"C031_026","district":"SANT MART\u00cd","barri":"PROVEN\u00c7ALS DEL POBLENOU","n_platanus":113,"source_std":0.2261,"feasibility":0.184,"top15":false}},{"type":"Feature","geometry":{"type":"Polygon","coordinates":[[[2.1292331247481724,41.38983777487122],[2.129185045939114,41.39344040767529],[2.1244008830475853,41.39340410005577],[2.1244492259143812,41.38980147182333],[2.1292331247481724,41.38983777487122]]]},"properties":{"rank":161,"cell_id":"C015_021","district":"LES CORTS","barri":"PEDRALBES","n_platanus":115,"source_std":0.2258,"feasibility":0.365,"top15":false}},{"type":"Feature","geometry":{"type":"Polygon","coordinates":[[[2.171739626500887,41.433387475310106],[2.171693824484629,41.43699012047201],[2.166906412032097,41.43695555064393],[2.166952478698695,41.43335290983403],[2.171739626500887,41.433387475310106]]]},"properties":{"rank":162,"cell_id":"C024_033","district":"NOU BARRIS","barri":"CAN PEGUERA","n_platanus":97,"source_std":0.2257,"feasibility":0.3055,"top15":false}},{"type":"Feature","geometry":{"type":"Polygon","coordinates":[[[2.171648014139771,41.44059276332861],[2.1716021954645726,41.444195403879846],[2.1668142535670145,41.44416082534634],[2.1668603369887864,41.44055818914806],[2.171648014139771,41.44059276332861]]]},"properties":{"rank":163,"cell_id":"C024_035","district":"NOU BARRIS","barri":"LA GUINEUETA","n_platanus":100,"source_std":0.2255,"feasibility":0.496,"top15":false}},{"type":"Feature","geometry":{"type":"Polygon","coordinates":[[[2.2099934198930193,41.437259508072636],[2.209949727197573,41.44086218484635],[2.2051619847513138,41.440829204436334],[2.205205942158851,41.437226531814495],[2.2099934198930193,41.437259508072636]]]},"properties":{"rank":164,"cell_id":"C032_034","district":"SANT ANDREU","barri":"EL BON PASTOR","n_platanus":100,"source_std":0.2232,"feasibility":0.3719,"top15":false}},{"type":"Feature","geometry":{"type":"Polygon","coordinates":[[[2.167044586908754,41.42614762129707],[2.1669985369903313,41.42975026671839],[2.1622116621635934,41.429715506452155],[2.1622579766344154,41.42611286540694],[2.167044586908754,41.42614762129707]]]},"properties":{"rank":165,"cell_id":"C023_031","district":"HORTA - GUINARD\u00d3","barri":"LA FONT DEN FARGUES","n_platanus":94,"source_std":0.2231,"feasibility":0.2828,"top15":false}},{"type":"Feature","geometry":{"type":"Polygon","coordinates":[[[2.158354769351287,41.357627375959],[2.158308350912927,41.361230056421064],[2.1535265111935487,41.36119498189054],[2.1535731932689792,41.35759230584556],[2.158354769351287,41.357627375959]]]},"properties":{"rank":166,"cell_id":"C021_012","district":"SANTS - MONTJU\u00cfC","barri":"EL POBLE SEC","n_platanus":133,"source_std":0.2175,"feasibility":0.8783,"top15":false}},{"type":"Feature","geometry":{"type":"Polygon","coordinates":[[[2.1389910649329487,41.37549919382227],[2.1389435488015573,41.379101844926716],[2.134160424436362,41.3790659531576],[2.1342082044372783,41.37546330657275],[2.1389910649329487,41.37549919382227]]]},"properties":{"rank":167,"cell_id":"C017_017","district":"SANTS - MONTJU\u00cfC","barri":"SANTS","n_platanus":89,"source_std":0.2146,"feasibility":0.1451,"top15":false}},{"type":"Feature","geometry":{"type":"Polygon","coordinates":[[[2.129185045939114,41.39344040767529],[2.1291369583903923,41.39704303817022],[2.1243525313931393,41.39700672597855],[2.1244008830475853,41.39340410005577],[2.129185045939114,41.39344040767529]]]},"properties":{"rank":168,"cell_id":"C015_022","district":"SARRI\u00c0 - SANT GERVASI","barri":"SARRI\u00c0","n_platanus":106,"source_std":0.2118,"feasibility":0.2183,"top15":false}},{"type":"Feature","geometry":{"type":"Polygon","coordinates":[[[2.1867303740526087,41.383052521898534],[2.1866854803982134,41.38665521221598],[2.1819017439079014,41.386621299801845],[2.181946901545297,41.38301861375464],[2.1867303740526087,41.383052521898534]]]},"properties":{"rank":169,"cell_id":"C027_019","district":"CIUTAT VELLA","barri":"SANT PERE, SANTA CATERINA I LA RIBERA","n_platanus":101,"source_std":0.211,"feasibility":0.209,"top15":false}},{"type":"Feature","geometry":{"type":"Polygon","coordinates":[[[2.1629516843346885,41.3720729730179],[2.16290549597272,41.37567564865042],[2.158122592783039,41.37564075521077],[2.158169044975497,41.37203808397222],[2.1629516843346885,41.3720729730179]]]},"properties":{"rank":170,"cell_id":"C022_016","district":"SANTS - MONTJU\u00cfC","barri":"EL POBLE SEC","n_platanus":100,"source_std":0.2096,"feasibility":0.1101,"top15":false}},{"type":"Feature","geometry":{"type":"Polygon","coordinates":[[[2.1486507629396576,41.36836504498253],[2.1486037916285348,41.37196770966496],[2.1438211777366223,41.3719322244054],[2.1438684128249954,41.36832956419154],[2.1486507629396576,41.36836504498253]]]},"properties":{"rank":171,"cell_id":"C019_015","district":"SANTS - MONTJU\u00cfC","barri":"LA FONT DE LA GUATLLA","n_platanus":125,"source_std":0.2094,"feasibility":0.2983,"top15":false}},{"type":"Feature","geometry":{"type":"Polygon","coordinates":[[[2.1867752595483263,41.379449829277824],[2.1867303740526087,41.383052521898534],[2.181946901545297,41.38301861375464],[2.181992050976052,41.37941592540372],[2.1867752595483263,41.379449829277824]]]},"properties":{"rank":172,"cell_id":"C027_018","district":"CIUTAT VELLA","barri":"LA BARCELONETA","n_platanus":99,"source_std":0.2089,"feasibility":0.4021,"top15":false}},{"type":"Feature","geometry":{"type":"Polygon","coordinates":[[[2.134017032319803,41.38987387906112],[2.133969217570306,41.39347651641179],[2.129185045939114,41.39344040767529],[2.1292331247481724,41.38983777487122],[2.134017032319803,41.38987387906112]]]},"properties":{"rank":173,"cell_id":"C016_021","district":"LES CORTS","barri":"LES CORTS","n_platanus":108,"source_std":0.2075,"feasibility":0.3278,"top15":false}},{"type":"Feature","geometry":{"type":"Polygon","coordinates":[[[2.1912906252291284,41.40109968100711],[2.191245954980468,41.404702364055225],[2.1864608896864697,41.404668629253045],[2.1865058241597977,41.40106595045248],[2.1912906252291284,41.40109968100711]]]},"properties":{"rank":174,"cell_id":"C028_024","district":"SANT MART\u00cd","barri":"EL PARC I LA LLACUNA DEL POBLENOU","n_platanus":118,"source_std":0.2075,"feasibility":0.2431,"top15":false}},{"type":"Feature","geometry":{"type":"Polygon","coordinates":[[[2.143206339705,41.4187665971958],[2.143158984264192,41.42236922510197],[2.138372681063809,41.422333478144715],[2.138420300951978,41.418730854738996],[2.143206339705,41.4187665971958]]]},"properties":{"rank":175,"cell_id":"C018_029","district":"GR\u00c0CIA","barri":"VALLCARCA I ELS PENITENTS","n_platanus":102,"source_std":0.2074,"feasibility":0.371,"top15":false}},{"type":"Feature","geometry":{"type":"Polygon","coordinates":[[[2.2057328081654566,41.39399428080466],[2.205688946549538,41.397596981048295],[2.200904385448416,41.39756385150689],[2.2009485111980363,41.39396115543474],[2.2057328081654566,41.39399428080466]]]},"properties":{"rank":176,"cell_id":"C031_022","district":"SANT MART\u00cd","barri":"EL POBLENOU","n_platanus":113,"source_std":0.2073,"feasibility":0.5645,"top15":false}},{"type":"Feature","geometry":{"type":"Polygon","coordinates":[[[2.205249891574582,41.433623856890605],[2.205205942158851,41.437226531814495],[2.2004184724164872,41.437193356356744],[2.200462686494524,41.433590685609346],[2.205249891574582,41.433623856890605]]]},"properties":{"rank":177,"cell_id":"C031_033","district":"SANT ANDREU","barri":"EL BON PASTOR","n_platanus":96,"source_std":0.2069,"feasibility":0.1473,"top15":false}},{"type":"Feature","geometry":{"type":"Polygon","coordinates":[[[2.1630901990681908,41.361264932287675],[2.163044035880674,41.364867614836484],[2.158261924038681,41.364832734577334],[2.158308350912927,41.361230056421064],[2.1630901990681908,41.361264932287675]]]},"properties":{"rank":178,"cell_id":"C022_013","district":"SANTS - MONTJU\u00cfC","barri":"EL POBLE SEC","n_platanus":124,"source_std":0.2046,"feasibility":0.8035,"top15":false}},{"type":"Feature","geometry":{"type":"Polygon","coordinates":[[[2.1865956686065777,41.39386058594098],[2.186550750465932,41.39746326934844],[2.1817662217387457,41.39742934412075],[2.1818114040063388,41.39382666498494],[2.1865956686065777,41.39386058594098]]]},"properties":{"rank":179,"cell_id":"C027_022","district":"EIXAMPLE","barri":"EL FORT PIENC","n_platanus":97,"source_std":0.2039,"feasibility":0.2859,"top15":false}},{"type":"Feature","geometry":{"type":"Polygon","coordinates":[[[2.191558476277578,41.37948353435699],[2.191513854718599,41.38308623122245],[2.1867303740526087,41.383052521898534],[2.1867752595483263,41.379449829277824],[2.191558476277578,41.37948353435699]]]},"properties":{"rank":180,"cell_id":"C028_018","district":"CIUTAT VELLA","barri":"LA BARCELONETA","n_platanus":109,"source_std":0.2033,"feasibility":0.1549,"top15":false}},{"type":"Feature","geometry":{"type":"Polygon","coordinates":[[[2.143158984264192,41.42236922510197],[2.1431116202133187,41.42597185070013],[2.138325052517506,41.42593609924192],[2.138372681063809,41.422333478144715],[2.143158984264192,41.42236922510197]]]},"properties":{"rank":181,"cell_id":"C018_030","district":"HORTA - GUINARD\u00d3","barri":"SANT GEN\u00cdS DELS AGUDELLS","n_platanus":105,"source_std":0.2011,"feasibility":0.3227,"top15":false}},{"type":"Feature","geometry":{"type":"Polygon","coordinates":[[[2.1485098233934403,41.37917303210902],[2.148462826465908,41.38277568987058],[2.1436794209546353,41.382740191202394],[2.143726681803233,41.37913753791085],[2.1485098233934403,41.37917303210902]]]},"properties":{"rank":182,"cell_id":"C019_018","district":"EIXAMPLE","barri":"LA NOVA ESQUERRA DE LEIXAMPLE","n_platanus":96,"source_std":0.1996,"feasibility":0.1566,"top15":false}},{"type":"Feature","geometry":{"type":"Polygon","coordinates":[[[2.119762523212276,41.38255971571671],[2.119713933955316,41.38616234397263],[2.114930316747221,41.386125647833076],[2.114979169962302,41.382523024197866],[2.119762523212276,41.38255971571671]]]},"properties":{"rank":183,"cell_id":"C013_019","district":"LES CORTS","barri":"LA MATERNITAT I SANT RAMON","n_platanus":97,"source_std":0.1988,"feasibility":0.2253,"top15":false}},{"type":"Feature","geometry":{"type":"Polygon","coordinates":[[[2.205337766437304,41.42641850013685],[2.2052938330001766,41.43002117966471],[2.2005068925343196,41.42998801255949],[2.200551090537552,41.42638533720721],[2.205337766437304,41.42641850013685]]]},"properties":{"rank":184,"cell_id":"C031_031","district":"SANT MART\u00cd","barri":"LA VERNEDA I LA PAU","n_platanus":89,"source_std":0.1956,"feasibility":0.2066,"top15":false}},{"type":"Feature","geometry":{"type":"Polygon","coordinates":[[[2.1246425095417236,41.375390935798016],[2.124594201807201,41.37899357326859],[2.119811103639127,41.37895708515077],[2.1198596752377123,41.37535445227488],[2.1246425095417236,41.375390935798016]]]},"properties":{"rank":185,"cell_id":"C014_017","district":"LES CORTS","barri":"LA MATERNITAT I SANT RAMON","n_platanus":84,"source_std":0.1918,"feasibility":0.2054,"top15":false}},{"type":"Feature","geometry":{"type":"Polygon","coordinates":[[[2.1669985369903313,41.42975026671839],[2.166952478698695,41.43335290983403],[2.1621653392714664,41.433318145191194],[2.1622116621635934,41.429715506452155],[2.1669985369903313,41.42975026671839]]]},"properties":{"rank":186,"cell_id":"C023_032","district":"NOU BARRIS","barri":"EL TUR\u00d3 DE LA PEIRA","n_platanus":93,"source_std":0.1917,"feasibility":0.4036,"top15":false}},{"type":"Feature","geometry":{"type":"Polygon","coordinates":[[[2.1385631086857537,41.40792297067118],[2.1385155147611434,41.411525601002175],[2.1337300134113923,41.41148966853449],[2.133777871637414,41.40788704272754],[2.1385631086857537,41.40792297067118]]]},"properties":{"rank":187,"cell_id":"C017_026","district":"SARRI\u00c0 - SANT GERVASI","barri":"SANT GERVASI - LA BONANOVA","n_platanus":91,"source_std":0.1911,"feasibility":0.3743,"top15":false}},{"type":"Feature","geometry":{"type":"Polygon","coordinates":[[[2.1483217844219915,41.39358364931277],[2.148274753314304,41.39718629784586],[2.143490291639086,41.397150781292666],[2.143537586859732,41.393548137231555],[2.1483217844219915,41.39358364931277]]]},"properties":{"rank":188,"cell_id":"C019_022","district":"SARRI\u00c0 - SANT GERVASI","barri":"SANT GERVASI - GALVANY","n_platanus":89,"source_std":0.1911,"feasibility":0.1239,"top15":false}},{"type":"Feature","geometry":{"type":"Polygon","coordinates":[[[2.191513854718599,41.38308623122245],[2.1914692250489045,41.38668892578511],[2.1866854803982134,41.38665521221598],[2.1867303740526087,41.383052521898534],[2.191513854718599,41.38308623122245]]]},"properties":{"rank":189,"cell_id":"C028_019","district":"CIUTAT VELLA","barri":"LA BARCELONETA","n_platanus":99,"source_std":0.1904,"feasibility":0.4441,"top15":false}},{"type":"Feature","geometry":{"type":"Polygon","coordinates":[[[2.1859660709572015,41.44429794401855],[2.185921038344444,41.44790059517421],[2.181132806795143,41.4478666100944],[2.1811781042077985,41.44426396321693],[2.1859660709572015,41.44429794401855]]]},"properties":{"rank":190,"cell_id":"C027_036","district":"NOU BARRIS","barri":"LA TRINITAT NOVA","n_platanus":96,"source_std":0.1901,"feasibility":0.2222,"top15":false}},{"type":"Feature","geometry":{"type":"Polygon","coordinates":[[[2.186236094752246,41.422681988702514],[2.186191111239942,41.42628465368141],[2.181404467768234,41.42625069426372],[2.181449715791788,41.422648033560215],[2.186236094752246,41.422681988702514]]]},"properties":{"rank":191,"cell_id":"C027_030","district":"SANT ANDREU","barri":"EL CONGR\u00c9S I ELS INDIANS","n_platanus":90,"source_std":0.1875,"feasibility":0.1365,"top15":false}},{"type":"Feature","geometry":{"type":"Polygon","coordinates":[[[2.1148325836754625,41.393330888171754],[2.1147837038150787,41.396933504875136],[2.1099993033302615,41.3968965959655],[2.110048447290839,41.39329398390938],[2.1148325836754625,41.393330888171754]]]},"properties":{"rank":192,"cell_id":"C012_022","district":"LES CORTS","barri":"PEDRALBES","n_platanus":81,"source_std":0.1875,"feasibility":0.5174,"top15":false}},{"type":"Feature","geometry":{"type":"Polygon","coordinates":[[[2.162119007956276,41.436920781624],[2.162072668216264,41.44052341575058],[2.157285007870324,41.4404884431372],[2.1573316123052786,41.43688581341325],[2.162119007956276,41.436920781624]]]},"properties":{"rank":193,"cell_id":"C022_034","district":"HORTA - GUINARD\u00d3","barri":"HORTA","n_platanus":114,"source_std":0.1854,"feasibility":0.3102,"top15":false}},{"type":"Feature","geometry":{"type":"Polygon","coordinates":[[[2.1812233933846374,41.44066131403502],[2.1811781042077985,41.44426396321693],[2.176390145694211,41.44422978317037],[2.1764356996210954,41.44062713829126],[2.1812233933846374,41.44066131403502]]]},"properties":{"rank":194,"cell_id":"C026_035","district":"NOU BARRIS","barri":"LA PROSPERITAT","n_platanus":97,"source_std":0.1844,"feasibility":0.1613,"top15":false}},{"type":"Feature","geometry":{"type":"Polygon","coordinates":[[[2.1525442251272136,41.436850646012665],[2.1524973559990865,41.44045327130891],[2.1477097126506726,41.44041790026671],[2.147756846470192,41.43681527942324],[2.1525442251272136,41.436850646012665]]]},"properties":{"rank":195,"cell_id":"C020_034","district":"HORTA - GUINARD\u00d3","barri":"HORTA","n_platanus":94,"source_std":0.184,"feasibility":0.5677,"top15":false}},{"type":"Feature","geometry":{"type":"Polygon","coordinates":[[[2.166952478698695,41.43335290983403],[2.166906412032097,41.43695555064393],[2.162119007956276,41.436920781624],[2.1621653392714664,41.433318145191194],[2.166952478698695,41.43335290983403]]]},"properties":{"rank":196,"cell_id":"C023_033","district":"NOU BARRIS","barri":"CAN PEGUERA","n_platanus":95,"source_std":0.1765,"feasibility":0.4075,"top15":false}},{"type":"Feature","geometry":{"type":"Polygon","coordinates":[[[2.153479820634333,41.36479765562925],[2.1534331215895626,41.3684003270616],[2.1486507629396576,41.36836504498253],[2.1486977257155386,41.364762377993245],[2.153479820634333,41.36479765562925]]]},"properties":{"rank":197,"cell_id":"C020_014","district":"SANTS - MONTJU\u00cfC","barri":"EL POBLE SEC","n_platanus":81,"source_std":0.1754,"feasibility":0.6817,"top15":false}},{"type":"Feature","geometry":{"type":"Polygon","coordinates":[[[2.143726681803233,41.37913753791085],[2.1436794209546353,41.382740191202394],[2.1388960240336865,41.382704493723175],[2.1389435488015573,41.379101844926716],[2.143726681803233,41.37913753791085]]]},"properties":{"rank":198,"cell_id":"C018_018","district":"SANTS - MONTJU\u00cfC","barri":"SANTS","n_platanus":83,"source_std":0.1754,"feasibility":0.1458,"top15":false}},{"type":"Feature","geometry":{"type":"Polygon","coordinates":[[[2.1487916256686894,41.35755703709421],[2.1487446799579564,41.361159708697116],[2.143962857254048,41.361124236841796],[2.1440100665983053,41.357521569706],[2.1487916256686894,41.35755703709421]]]},"properties":{"rank":199,"cell_id":"C019_012","district":"SANTS - MONTJU\u00cfC","barri":"LA MARINA DEL PORT","n_platanus":90,"source_std":0.173,"feasibility":0.4968,"top15":false}},{"type":"Feature","geometry":{"type":"Polygon","coordinates":[[[2.1864159470442432,41.408271305750134],[2.186370996231414,41.41187397994366],[2.181585410516308,41.4118400376247],[2.1816306256481566,41.40823736770471],[2.1864159470442432,41.408271305750134]]]},"properties":{"rank":200,"cell_id":"C027_026","district":"SANT MART\u00cd","barri":"EL CAMP DE LARPA DEL CLOT","n_platanus":76,"source_std":0.1716,"feasibility":0.1123,"top15":false}},{"type":"Feature","geometry":{"type":"Polygon","coordinates":[[[2.190933035760388,41.42992108090445],[2.190888300497237,41.43352374552701],[2.1861011196762163,41.43348997672786],[2.1861461195485017,41.42988731635654],[2.190933035760388,41.42992108090445]]]},"properties":{"rank":201,"cell_id":"C028_032","district":"SANT ANDREU","barri":"SANT ANDREU","n_platanus":115,"source_std":0.1706,"feasibility":0.1246,"top15":false}},{"type":"Feature","geometry":{"type":"Polygon","coordinates":[[[2.2051619847513138,41.440829204436334],[2.2051180193503015,41.44443187475607],[2.2003300201389715,41.44439869094396],[2.2003742502985295,41.440796024801635],[2.2051619847513138,41.440829204436334]]]},"properties":{"rank":202,"cell_id":"C031_035","district":"SANT ANDREU","barri":"EL BON PASTOR","n_platanus":86,"source_std":0.1683,"feasibility":0.1979,"top15":false}},{"type":"Feature","geometry":{"type":"Polygon","coordinates":[[[2.119519488589554,41.40057283389524],[2.1194708551544155,41.4041754506004],[2.1146859174360344,41.404138731349754],[2.114734815069221,41.40053611926781],[2.119519488589554,41.40057283389524]]]},"properties":{"rank":203,"cell_id":"C013_024","district":"SARRI\u00c0 - SANT GERVASI","barri":"SARRI\u00c0","n_platanus":91,"source_std":0.1668,"feasibility":0.5723,"top15":false}},{"type":"Feature","geometry":{"type":"Polygon","coordinates":[[[2.1245458852923567,41.3825962084297],[2.1244975599953615,41.386198841281285],[2.119713933955316,41.38616234397263],[2.119762523212276,41.38255971571671],[2.1245458852923567,41.3825962084297]]]},"properties":{"rank":204,"cell_id":"C014_019","district":"LES CORTS","barri":"LA MATERNITAT I SANT RAMON","n_platanus":90,"source_std":0.1664,"feasibility":0.376,"top15":false}},{"type":"Feature","geometry":{"type":"Polygon","coordinates":[[[2.143490291639086,41.397150781292666],[2.143442987820945,41.40075342304607],[2.1386582705840587,41.40071770308419],[2.1387058385613633,41.39711506582832],[2.143490291639086,41.397150781292666]]]},"properties":{"rank":205,"cell_id":"C018_023","district":"SARRI\u00c0 - SANT GERVASI","barri":"SANT GERVASI - GALVANY","n_platanus":81,"source_std":0.1655,"feasibility":0.1985,"top15":false}},{"type":"Feature","geometry":{"type":"Polygon","coordinates":[[[2.1338257211645013,41.40428441461174],[2.133777871637414,41.40788704272754],[2.128992643288009,41.407850915799656],[2.1290407570666647,41.40424829223243],[2.1338257211645013,41.40428441461174]]]},"properties":{"rank":206,"cell_id":"C016_025","district":"SARRI\u00c0 - SANT GERVASI","barri":"SANT GERVASI - LA BONANOVA","n_platanus":76,"source_std":0.1654,"feasibility":0.3329,"top15":false}},{"type":"Feature","geometry":{"type":"Polygon","coordinates":[[[2.13846791218382,41.415128229024816],[2.138420300951978,41.418730854738996],[2.1336342708552816,41.418694913221756],[2.1336821464846203,41.41509229203259],[2.13846791218382,41.415128229024816]]]},"properties":{"rank":207,"cell_id":"C017_028","district":"GR\u00c0CIA","barri":"VALLCARCA I ELS PENITENTS","n_platanus":92,"source_std":0.1621,"feasibility":0.4928,"top15":false}},{"type":"Feature","geometry":{"type":"Polygon","coordinates":[[[2.191067192760124,41.419113073216835],[2.1910224818901334,41.422715744749304],[2.186236094752246,41.422681988702514],[2.186281070087121,41.41907932141989],[2.191067192760124,41.419113073216835]]]},"properties":{"rank":208,"cell_id":"C028_029","district":"SANT ANDREU","barri":"LA SAGRERA","n_platanus":94,"source_std":0.1566,"feasibility":0.1356,"top15":false}},{"type":"Feature","geometry":{"type":"Polygon","coordinates":[[[2.158261924038681,41.364832734577334],[2.1582154887267913,41.368435410427715],[2.1534331215895626,41.3684003270616],[2.153479820634333,41.36479765562925],[2.158261924038681,41.364832734577334]]]},"properties":{"rank":209,"cell_id":"C021_014","district":"SANTS - MONTJU\u00cfC","barri":"EL POBLE SEC","n_platanus":92,"source_std":0.156,"feasibility":0.7021,"top15":false}},{"type":"Feature","geometry":{"type":"Polygon","coordinates":[[[2.1431116202133187,41.42597185070013],[2.1430642475505817,41.429574473990215],[2.138277415311262,41.42953871803056],[2.138325052517506,41.42593609924192],[2.1431116202133187,41.42597185070013]]]},"properties":{"rank":210,"cell_id":"C018_031","district":"HORTA - GUINARD\u00d3","barri":"MONTBAU","n_platanus":84,"source_std":0.1553,"feasibility":0.206,"top15":false}},{"type":"Feature","geometry":{"type":"Polygon","coordinates":[[[2.1440572673647678,41.35391890026298],[2.1440100665983053,41.357521569706],[2.139228516105716,41.357485903681905],[2.1392759804560266,41.353883238730525],[2.1440572673647678,41.35391890026298]]]},"properties":{"rank":211,"cell_id":"C018_011","district":"SANTS - MONTJU\u00cfC","barri":"LA MARINA DEL PORT","n_platanus":72,"source_std":0.1553,"feasibility":0.1954,"top15":false}},{"type":"Feature","geometry":{"type":"Polygon","coordinates":[[[2.11014670841904,41.386088752863714],[2.1100975823198103,41.389691369542106],[2.1053137189171376,41.38965427107269],[2.1053631090187395,41.38605165906557],[2.11014670841904,41.386088752863714]]]},"properties":{"rank":212,"cell_id":"C011_020","district":"LES CORTS","barri":"PEDRALBES","n_platanus":78,"source_std":0.154,"feasibility":0.3763,"top15":false}},{"type":"Feature","geometry":{"type":"Polygon","coordinates":[[[2.1819017439079014,41.386621299801845],[2.181856578062153,41.39022398354529],[2.1770725857509348,41.39018986799137],[2.1771180156259438,41.386587188543665],[2.1819017439079014,41.386621299801845]]]},"properties":{"rank":213,"cell_id":"C026_020","district":"CIUTAT VELLA","barri":"SANT PERE, SANTA CATERINA I LA RIBERA","n_platanus":79,"source_std":0.154,"feasibility":0.1261,"top15":false}},{"type":"Feature","geometry":{"type":"Polygon","coordinates":[[[2.134160424436362,41.3790659531576],[2.134112635751019,41.38266859743396],[2.12932925615459,41.382632502335795],[2.1293773087555947,41.37902986260454],[2.134160424436362,41.3790659531576]]]},"properties":{"rank":214,"cell_id":"C016_018","district":"LES CORTS","barri":"LES CORTS","n_platanus":82,"source_std":0.152,"feasibility":0.1517,"top15":false}},{"type":"Feature","geometry":{"type":"Polygon","coordinates":[[[2.1815401871641082,41.415442705240665],[2.181494955589841,41.4190453705525],[2.176708849316344,41.41901122061566],[2.1767543453040092,41.41540855960332],[2.1815401871641082,41.415442705240665]]]},"properties":{"rank":215,"cell_id":"C026_028","district":"HORTA - GUINARD\u00d3","barri":"EL GUINARD\u00d3","n_platanus":70,"source_std":0.1519,"feasibility":0.144,"top15":false}},{"type":"Feature","geometry":{"type":"Polygon","coordinates":[[[2.153386414057469,41.37200299618757],[2.153339698036282,41.375605663007114],[2.1485568117803884,41.37557037204047],[2.1486037916285348,41.37196770966496],[2.153386414057469,41.37200299618757]]]},"properties":{"rank":216,"cell_id":"C020_016","district":"SANTS - MONTJU\u00cfC","barri":"EL POBLE SEC","n_platanus":67,"source_std":0.1513,"feasibility":0.182,"top15":false}},{"type":"Feature","geometry":{"type":"Polygon","coordinates":[[[2.1487446799579564,41.361159708697116],[2.1486977257155386,41.364762377993245],[2.1439156393302077,41.36472690167032],[2.143962857254048,41.361124236841796],[2.1487446799579564,41.361159708697116]]]},"properties":{"rank":217,"cell_id":"C019_013","district":"SANTS - MONTJU\u00cfC","barri":"EL POBLE SEC","n_platanus":81,"source_std":0.1509,"feasibility":0.6856,"top15":false}},{"type":"Feature","geometry":{"type":"Polygon","coordinates":[[[2.163044035880674,41.364867614836484],[2.162997864303424,41.368470295079895],[2.1582154887267913,41.368435410427715],[2.158261924038681,41.364832734577334],[2.163044035880674,41.364867614836484]]]},"properties":{"rank":218,"cell_id":"C022_014","district":"SANTS - MONTJU\u00cfC","barri":"EL POBLE SEC","n_platanus":83,"source_std":0.1504,"feasibility":0.8378,"top15":false}},{"type":"Feature","geometry":{"type":"Polygon","coordinates":[[[2.1906645021307405,41.45153703408821],[2.1906197180353915,41.45513968488981],[2.1858309485490373,41.45510589057341],[2.1858759975422934,41.451503244025844],[2.1906645021307405,41.45153703408821]]]},"properties":{"rank":219,"cell_id":"C028_038","district":"NOU BARRIS","barri":"LA TRINITAT NOVA","n_platanus":84,"source_std":0.1488,"feasibility":0.314,"top15":false}},{"type":"Feature","geometry":{"type":"Polygon","coordinates":[[[2.1913352873586085,41.397496995656006],[2.1912906252291284,41.40109968100711],[2.1865058241597977,41.40106595045248],[2.186550750465932,41.39746326934844],[2.1913352873586085,41.397496995656006]]]},"properties":{"rank":220,"cell_id":"C028_023","district":"SANT MART\u00cd","barri":"EL PARC I LA LLACUNA DEL POBLENOU","n_platanus":67,"source_std":0.1482,"feasibility":0.2509,"top15":false}},{"type":"Feature","geometry":{"type":"Polygon","coordinates":[[[2.191201276610933,41.4083050448003],[2.1911565901188275,41.41190772324229],[2.186370996231414,41.41187397994366],[2.1864159470442432,41.408271305750134],[2.191201276610933,41.4083050448003]]]},"properties":{"rank":221,"cell_id":"C028_026","district":"SANT MART\u00cd","barri":"EL CLOT","n_platanus":82,"source_std":0.1469,"feasibility":0.1818,"top15":false}},{"type":"Feature","geometry":{"type":"Polygon","coordinates":[[[2.1486037916285348,41.37196770966496],[2.1485568117803884,41.37557037204047],[2.143773934063298,41.375534882311854],[2.1438211777366223,41.3719322244054],[2.1486037916285348,41.37196770966496]]]},"properties":{"rank":222,"cell_id":"C019_016","district":"SANTS - MONTJU\u00cfC","barri":"HOSTAFRANCS","n_platanus":102,"source_std":0.1469,"feasibility":0.1167,"top15":false}},{"type":"Feature","geometry":{"type":"Polygon","coordinates":[[[2.110244933835724,41.37888351257374],[2.1101958255903908,41.38248613387424],[2.1054124901444977,41.38244904474687],[2.105461862296284,41.37884642811664],[2.110244933835724,41.37888351257374]]]},"properties":{"rank":223,"cell_id":"C011_018","district":"LES CORTS","barri":"LA MATERNITAT I SANT RAMON","n_platanus":74,"source_std":0.1469,"feasibility":0.6934,"top15":false}},{"type":"Feature","geometry":{"type":"Polygon","coordinates":[[[2.177208850608707,41.37938182273566],[2.1771634372446265,41.38298450679175],[2.172379981198559,41.38295020101085],[2.172425658494243,41.37934752127458],[2.177208850608707,41.37938182273566]]]},"properties":{"rank":224,"cell_id":"C025_018","district":"CIUTAT VELLA","barri":"EL BARRI G\u00d2TIC","n_platanus":59,"source_std":0.1454,"feasibility":0.13,"top15":false}},{"type":"Feature","geometry":{"type":"Polygon","coordinates":[[[2.1626281894449395,41.39729165402827],[2.1625819422812933,41.4008943135213],[2.1577971909353035,41.40085938931035],[2.15784370226523,41.39725673421468],[2.1626281894449395,41.39729165402827]]]},"properties":{"rank":225,"cell_id":"C022_023","district":"GR\u00c0CIA","barri":"LA VILA DE GR\u00c0CIA","n_platanus":65,"source_std":0.1433,"feasibility":0.1138,"top15":false}},{"type":"Feature","geometry":{"type":"Polygon","coordinates":[[[2.1811781042077985,41.44426396321693],[2.181132806795143,41.4478666100944],[2.176344583483379,41.44783242574458],[2.176390145694211,41.44422978317037],[2.1811781042077985,41.44426396321693]]]},"properties":{"rank":226,"cell_id":"C026_036","district":"NOU BARRIS","barri":"LES ROQUETES","n_platanus":64,"source_std":0.1426,"feasibility":0.1963,"top15":false}},{"type":"Feature","geometry":{"type":"Polygon","coordinates":[[[2.2010367386395355,41.3867557563845],[2.200992628927852,41.39035845706059],[2.1962086040642697,41.390325136988764],[2.1962529778120032,41.38672244050828],[2.2010367386395355,41.3867557563845]]]},"properties":{"rank":227,"cell_id":"C030_020","district":"SANT MART\u00cd","barri":"LA VILA OL\u00cdMPICA DEL POBLENOU","n_platanus":65,"source_std":0.1412,"feasibility":0.6119,"top15":false}},{"type":"Feature","geometry":{"type":"Polygon","coordinates":[[[2.2101681112544944,41.42284877796224],[2.210124450323855,41.42645146394209],[2.205337766437304,41.42641850013685],[2.205381691887631,41.42281581830706],[2.2101681112544944,41.42284877796224]]]},"properties":{"rank":228,"cell_id":"C032_030","district":"SANT MART\u00cd","barri":"LA VERNEDA I LA PAU","n_platanus":57,"source_std":0.1396,"feasibility":0.231,"top15":false}},{"type":"Feature","geometry":{"type":"Polygon","coordinates":[[[2.210124450323855,41.42645146394209],[2.2100807814545016,41.43005414762047],[2.2052938330001766,41.43002117966471],[2.205337766437304,41.42641850013685],[2.210124450323855,41.42645146394209]]]},"properties":{"rank":229,"cell_id":"C032_031","district":"SANT MART\u00cd","barri":"LA VERNEDA I LA PAU","n_platanus":61,"source_std":0.1379,"feasibility":0.1976,"top15":false}},{"type":"Feature","geometry":{"type":"Polygon","coordinates":[[[2.11502801429932,41.37892039825214],[2.114979169962302,41.382523024197866],[2.1101958255903908,41.38248613387424],[2.110244933835724,41.37888351257374],[2.11502801429932,41.37892039825214]]]},"properties":{"rank":230,"cell_id":"C012_018","district":"LES CORTS","barri":"LA MATERNITAT I SANT RAMON","n_platanus":82,"source_std":0.1369,"feasibility":0.6405,"top15":false}},{"type":"Feature","geometry":{"type":"Polygon","coordinates":[[[2.152591085734298,41.43324801840921],[2.1525442251272136,41.436850646012665],[2.147756846470192,41.43681527942324],[2.147803971720559,41.433212656272076],[2.152591085734298,41.43324801840921]]]},"properties":{"rank":231,"cell_id":"C020_033","district":"HORTA - GUINARD\u00d3","barri":"LA VALL DHEBRON","n_platanus":82,"source_std":0.1367,"feasibility":0.2813,"top15":false}},{"type":"Feature","geometry":{"type":"Polygon","coordinates":[[[2.1910224818901334,41.422715744749304],[2.190977762890787,41.42631841397853],[2.186191111239942,41.42628465368141],[2.186236094752246,41.422681988702514],[2.1910224818901334,41.422715744749304]]]},"properties":{"rank":232,"cell_id":"C028_030","district":"SANT ANDREU","barri":"LA SAGRERA","n_platanus":69,"source_std":0.1338,"feasibility":0.1472,"top15":false}},{"type":"Feature","geometry":{"type":"Polygon","coordinates":[[[2.190888300497237,41.43352374552701],[2.190843557099636,41.4371264078462],[2.1860561116213773,41.437092634795334],[2.1861011196762163,41.43348997672786],[2.190888300497237,41.43352374552701]]]},"properties":{"rank":233,"cell_id":"C028_033","district":"SANT ANDREU","barri":"SANT ANDREU","n_platanus":55,"source_std":0.1326,"feasibility":0.1488,"top15":false}},{"type":"Feature","geometry":{"type":"Polygon","coordinates":[[[2.2051180193503015,41.44443187475607],[2.2050740459541447,41.44803454277367],[2.2002857819361337,41.4480013547837],[2.2003300201389715,41.44439869094396],[2.2051180193503015,41.44443187475607]]]},"properties":{"rank":234,"cell_id":"C031_036","district":"SANT ANDREU","barri":"BAR\u00d3 DE VIVER","n_platanus":62,"source_std":0.1318,"feasibility":0.3664,"top15":false}},{"type":"Feature","geometry":{"type":"Polygon","coordinates":[[[2.1676424746806133,41.379313021021524],[2.1675965334550567,41.382915696412894],[2.1628130940620798,41.38288099299889],[2.1628592992157674,41.379278321977424],[2.1676424746806133,41.379313021021524]]]},"properties":{"rank":235,"cell_id":"C023_018","district":"CIUTAT VELLA","barri":"EL RAVAL","n_platanus":64,"source_std":0.1304,"feasibility":0.1153,"top15":false}},{"type":"Feature","geometry":{"type":"Polygon","coordinates":[[[2.190843557099636,41.4371264078462],[2.190798805565886,41.44072906786196],[2.1860110953822756,41.44069529055891],[2.1860561116213773,41.437092634795334],[2.190843557099636,41.4371264078462]]]},"properties":{"rank":236,"cell_id":"C028_034","district":"SANT ANDREU","barri":"SANT ANDREU","n_platanus":76,"source_std":0.1297,"feasibility":0.1352,"top15":false}},{"type":"Feature","geometry":{"type":"Polygon","coordinates":[[[2.1573316123052786,41.43688581341325],[2.157285007870324,41.4404884431372],[2.1524973559990865,41.44045327130891],[2.1525442251272136,41.436850646012665],[2.1573316123052786,41.43688581341325]]]},"properties":{"rank":237,"cell_id":"C021_034","district":"HORTA - GUINARD\u00d3","barri":"HORTA","n_platanus":96,"source_std":0.1289,"feasibility":0.3193,"top15":false}},{"type":"Feature","geometry":{"type":"Polygon","coordinates":[[[2.210473515624135,41.397629911665746],[2.2104299102181133,41.401232613754686],[2.2056450769601463,41.40119967899035],[2.205688946549538,41.397596981048295],[2.210473515624135,41.397629911665746]]]},"properties":{"rank":238,"cell_id":"C032_023","district":"SANT MART\u00cd","barri":"EL POBLENOU","n_platanus":86,"source_std":0.1276,"feasibility":0.3546,"top15":false}},{"type":"Feature","geometry":{"type":"Polygon","coordinates":[[[2.1725169881848427,41.37214215488832],[2.1724713274890943,41.37574483923374],[2.1676884075573852,41.37571034332508],[2.167734332087114,41.3721076633236],[2.1725169881848427,41.37214215488832]]]},"properties":{"rank":239,"cell_id":"C024_016","district":"SANTS - MONTJU\u00cfC","barri":"EL POBLE SEC","n_platanus":57,"source_std":0.1233,"feasibility":0.1421,"top15":false}},{"type":"Feature","geometry":{"type":"Polygon","coordinates":[[[2.138325052517506,41.42593609924192],[2.138277415311262,41.42953871803056],[2.1334905917336924,41.429502762935286],[2.1335384934816353,41.42590014867316],[2.138325052517506,41.42593609924192]]]},"properties":{"rank":240,"cell_id":"C017_031","district":"HORTA - GUINARD\u00d3","barri":"SANT GEN\u00cdS DELS AGUDELLS","n_platanus":67,"source_std":0.1233,"feasibility":0.4705,"top15":false}},{"type":"Feature","geometry":{"type":"Polygon","coordinates":[[[2.1907092780831388,41.447934380983],[2.1906645021307405,41.45153703408821],[2.1858759975422934,41.451503244025844],[2.185921038344444,41.44790059517421],[2.1907092780831388,41.447934380983]]]},"properties":{"rank":241,"cell_id":"C028_037","district":"SANT ANDREU","barri":"LA TRINITAT VELLA","n_platanus":58,"source_std":0.1221,"feasibility":0.2461,"top15":false}},{"type":"Feature","geometry":{"type":"Polygon","coordinates":[[[2.114979169962302,41.382523024197866],[2.114930316747221,41.386125647833076],[2.11014670841904,41.386088752863714],[2.1101958255903908,41.38248613387424],[2.114979169962302,41.382523024197866]]]},"properties":{"rank":242,"cell_id":"C012_019","district":"LES CORTS","barri":"PEDRALBES","n_platanus":78,"source_std":0.1197,"feasibility":0.292,"top15":false}},{"type":"Feature","geometry":{"type":"Polygon","coordinates":[[[2.148274753314304,41.39718629784586],[2.148227713657121,41.40078894407173],[2.143442987820945,41.40075342304607],[2.143490291639086,41.397150781292666],[2.148274753314304,41.39718629784586]]]},"properties":{"rank":243,"cell_id":"C019_023","district":"SARRI\u00c0 - SANT GERVASI","barri":"SANT GERVASI - GALVANY","n_platanus":62,"source_std":0.1191,"feasibility":0.1337,"top15":false}},{"type":"Feature","geometry":{"type":"Polygon","coordinates":[[[2.1623042826856924,41.42251022205559],[2.1622579766344154,41.42611286540694],[2.157471374779623,41.42607791040117],[2.1575179453334608,41.422475271450516],[2.1623042826856924,41.42251022205559]]]},"properties":{"rank":244,"cell_id":"C022_030","district":"HORTA - GUINARD\u00d3","barri":"LA FONT DEN FARGUES","n_platanus":50,"source_std":0.1191,"feasibility":0.3274,"top15":false}},{"type":"Feature","geometry":{"type":"Polygon","coordinates":[[[2.1957199601050243,41.429954646305745],[2.1956754894527077,41.433557315154495],[2.190888300497237,41.43352374552701],[2.190933035760388,41.42992108090445],[2.1957199601050243,41.429954646305745]]]},"properties":{"rank":245,"cell_id":"C029_032","district":"SANT ANDREU","barri":"SANT ANDREU","n_platanus":87,"source_std":0.1179,"feasibility":0.1363,"top15":false}},{"type":"Feature","geometry":{"type":"Polygon","coordinates":[[[2.1244008830475853,41.39340410005577],[2.1243525313931393,41.39700672597855],[2.1195681131853696,41.39697021487983],[2.119616728943706,41.39336759355423],[2.1244008830475853,41.39340410005577]]]},"properties":{"rank":246,"cell_id":"C014_022","district":"SARRI\u00c0 - SANT GERVASI","barri":"SARRI\u00c0","n_platanus":62,"source_std":0.1175,"feasibility":0.3443,"top15":false}},{"type":"Feature","geometry":{"type":"Polygon","coordinates":[[[2.1956754894527077,41.433557315154495],[2.1956310107140435,41.43715998170032],[2.190843557099636,41.4371264078462],[2.190888300497237,41.43352374552701],[2.1956754894527077,41.433557315154495]]]},"properties":{"rank":247,"cell_id":"C029_033","district":"SANT ANDREU","barri":"SANT ANDREU","n_platanus":63,"source_std":0.1148,"feasibility":0.2704,"top15":false}},{"type":"Feature","geometry":{"type":"Polygon","coordinates":[[[2.181449715791788,41.422648033560215],[2.181404467768234,41.42625069426372],[2.1766178325237453,41.426216535726454],[2.1766633450568316,41.422613879323386],[2.181449715791788,41.422648033560215]]]},"properties":{"rank":248,"cell_id":"C026_030","district":"SANT ANDREU","barri":"EL CONGR\u00c9S I ELS INDIANS","n_platanus":61,"source_std":0.1148,"feasibility":0.1419,"top15":false}},{"type":"Feature","geometry":{"type":"Polygon","coordinates":[[[2.1764356996210954,41.44062713829126],[2.176390145694211,41.44422978317037],[2.1716021954645726,41.444195403879846],[2.171648014139771,41.44059276332861],[2.1764356996210954,41.44062713829126]]]},"properties":{"rank":249,"cell_id":"C025_035","district":"NOU BARRIS","barri":"VERDUN","n_platanus":55,"source_std":0.1127,"feasibility":0.2713,"top15":false}},{"type":"Feature","geometry":{"type":"Polygon","coordinates":[[[2.2003742502985295,41.440796024801635],[2.2003300201389715,41.44439869094396],[2.1955420289709218,41.44436530788303],[2.195586523887345,41.44076264594318],[2.2003742502985295,41.440796024801635]]]},"properties":{"rank":250,"cell_id":"C030_035","district":"SANT ANDREU","barri":"BAR\u00d3 DE VIVER","n_platanus":43,"source_std":0.1126,"feasibility":0.2072,"top15":false}},{"type":"Feature","geometry":{"type":"Polygon","coordinates":[[[2.1673207106796806,41.40453170035196],[2.167274710963841,41.40813435960654],[2.1624894227304905,41.40809962558983],[2.162535686710395,41.40449697070849],[2.1673207106796806,41.40453170035196]]]},"properties":{"rank":251,"cell_id":"C023_025","district":"GR\u00c0CIA","barri":"EL CAMP DEN GRASSOT I GR\u00c0CIA NOVA","n_platanus":56,"source_std":0.1118,"feasibility":0.1088,"top15":false}},{"type":"Feature","geometry":{"type":"Polygon","coordinates":[[[2.172425658494243,41.37934752127458],[2.172379981198559,41.38295020101085],[2.1675965334550567,41.382915696412894],[2.1676424746806133,41.379313021021524],[2.172425658494243,41.37934752127458]]]},"properties":{"rank":252,"cell_id":"C024_018","district":"CIUTAT VELLA","barri":"EL RAVAL","n_platanus":52,"source_std":0.1098,"feasibility":0.1359,"top15":false}},{"type":"Feature","geometry":{"type":"Polygon","coordinates":[[[2.139323436182452,41.35028057147148],[2.1392759804560266,41.353883238730525],[2.1344947021711707,41.35384737858823],[2.134542421431769,41.350244715845335],[2.139323436182452,41.35028057147148]]]},"properties":{"rank":253,"cell_id":"C017_010","district":"SANTS - MONTJU\u00cfC","barri":"LA MARINA DEL PRAT VERMELL","n_platanus":51,"source_std":0.1098,"feasibility":0.1945,"top15":false}},{"type":"Feature","geometry":{"type":"Polygon","coordinates":[[[2.1668603369887864,41.44055818914806],[2.1668142535670145,41.44416082534634],[2.1620263200496685,41.444126047570826],[2.162072668216264,41.44052341575058],[2.1668603369887864,41.44055818914806]]]},"properties":{"rank":254,"cell_id":"C023_035","district":"NOU BARRIS","barri":"CANYELLES","n_platanus":55,"source_std":0.1092,"feasibility":0.3913,"top15":false}},{"type":"Feature","geometry":{"type":"Polygon","coordinates":[[[2.1812686743273813,41.437058662548694],[2.1812233933846374,41.44066131403502],[2.1764356996210954,41.44062713829126],[2.176481245265761,41.43702449110726],[2.1812686743273813,41.437058662548694]]]},"properties":{"rank":255,"cell_id":"C026_034","district":"NOU BARRIS","barri":"PORTA","n_platanus":64,"source_std":0.1085,"feasibility":0.2,"top15":false}},{"type":"Feature","geometry":{"type":"Polygon","coordinates":[[[2.166906412032097,41.43695555064393],[2.1668603369887864,41.44055818914806],[2.162072668216264,41.44052341575058],[2.162119007956276,41.436920781624],[2.166906412032097,41.43695555064393]]]},"properties":{"rank":256,"cell_id":"C023_034","district":"NOU BARRIS","barri":"LA GUINEUETA","n_platanus":51,"source_std":0.1072,"feasibility":0.4405,"top15":false}},{"type":"Feature","geometry":{"type":"Polygon","coordinates":[[[2.1720142637951954,41.41177155592973],[2.171968511714031,41.41537421492255],[2.1671826864422234,41.415339671199355],[2.1672287028852706,41.411737016555676],[2.1720142637951954,41.41177155592973]]]},"properties":{"rank":257,"cell_id":"C024_027","district":"HORTA - GUINARD\u00d3","barri":"EL BAIX GUINARD\u00d3","n_platanus":51,"source_std":0.1069,"feasibility":0.2055,"top15":false}},{"type":"Feature","geometry":{"type":"Polygon","coordinates":[[[2.167274710963841,41.40813435960654],[2.1672287028852706,41.411737016555676],[2.1624431503398234,41.41170227816524],[2.1624894227304905,41.40809962558983],[2.167274710963841,41.40813435960654]]]},"properties":{"rank":258,"cell_id":"C023_026","district":"GR\u00c0CIA","barri":"EL CAMP DEN GRASSOT I GR\u00c0CIA NOVA","n_platanus":48,"source_std":0.1069,"feasibility":0.1454,"top15":false}},{"type":"Feature","geometry":{"type":"Polygon","coordinates":[[[2.1478510884035638,41.42961003081322],[2.147803971720559,41.433212656272076],[2.1430168662741824,41.4331770949722],[2.1430642475505817,41.429574473990215],[2.1478510884035638,41.42961003081322]]]},"properties":{"rank":259,"cell_id":"C019_032","district":"HORTA - GUINARD\u00d3","barri":"LA VALL DHEBRON","n_platanus":60,"source_std":0.1059,"feasibility":0.4993,"top15":false}},{"type":"Feature","geometry":{"type":"Polygon","coordinates":[[[2.1860110953822756,41.44069529055891],[2.1859660709572015,41.44429794401855],[2.1811781042077985,41.44426396321693],[2.1812233933846374,41.44066131403502],[2.1860110953822756,41.44069529055891]]]},"properties":{"rank":260,"cell_id":"C027_035","district":"NOU BARRIS","barri":"LA PROSPERITAT","n_platanus":52,"source_std":0.103,"feasibility":0.1678,"top15":false}},{"type":"Feature","geometry":{"type":"Polygon","coordinates":[[[2.110048447290839,41.39329398390938],[2.1099993033302615,41.3968965959655],[2.1052149117789134,41.39685948815201],[2.1052643198378203,41.39325688076818],[2.110048447290839,41.39329398390938]]]},"properties":{"rank":261,"cell_id":"C011_022","district":"LES CORTS","barri":"PEDRALBES","n_platanus":51,"source_std":0.102,"feasibility":0.6438,"top15":false}},{"type":"Feature","geometry":{"type":"Polygon","coordinates":[[[2.147803971720559,41.433212656272076],[2.147756846470192,41.43681527942324],[2.142969476382322,41.436779713646004],[2.1430168662741824,41.4331770949722],[2.147803971720559,41.433212656272076]]]},"properties":{"rank":262,"cell_id":"C019_033","district":"HORTA - GUINARD\u00d3","barri":"MONTBAU","n_platanus":65,"source_std":0.1013,"feasibility":0.2953,"top15":false}},{"type":"Feature","geometry":{"type":"Polygon","coordinates":[[[2.191245954980468,41.404702364055225],[2.191201276610933,41.4083050448003],[2.1864159470442432,41.408271305750134],[2.1864608896864697,41.404668629253045],[2.191245954980468,41.404702364055225]]]},"properties":{"rank":263,"cell_id":"C028_025","district":"SANT MART\u00cd","barri":"EL CLOT","n_platanus":55,"source_std":0.0994,"feasibility":0.2427,"top15":false}},{"type":"Feature","geometry":{"type":"Polygon","coordinates":[[[2.171876982595449,41.42257952599301],[2.171831205554558,41.42618217807057],[2.167044586908754,41.42614762129707],[2.1670906284557123,41.42254497357008],[2.171876982595449,41.42257952599301]]]},"properties":{"rank":264,"cell_id":"C024_030","district":"HORTA - GUINARD\u00d3","barri":"LA FONT DEN FARGUES","n_platanus":44,"source_std":0.099,"feasibility":0.4488,"top15":false}},{"type":"Feature","geometry":{"type":"Polygon","coordinates":[[[2.195764422672685,41.42635197515412],[2.1957199601050243,41.429954646305745],[2.190933035760388,41.42992108090445],[2.190977762890787,41.42631841397853],[2.195764422672685,41.42635197515412]]]},"properties":{"rank":265,"cell_id":"C029_031","district":"SANT ANDREU","barri":"SANT ANDREU","n_platanus":58,"source_std":0.0977,"feasibility":0.2338,"top15":false}},{"type":"Feature","geometry":{"type":"Polygon","coordinates":[[[2.171693824484629,41.43699012047201],[2.171648014139771,41.44059276332861],[2.1668603369887864,41.44055818914806],[2.166906412032097,41.43695555064393],[2.171693824484629,41.43699012047201]]]},"properties":{"rank":266,"cell_id":"C024_034","district":"NOU BARRIS","barri":"LA GUINEUETA","n_platanus":42,"source_std":0.0967,"feasibility":0.4006,"top15":false}},{"type":"Feature","geometry":{"type":"Polygon","coordinates":[[[2.1294253526242244,41.375427220564326],[2.1293773087555947,41.37902986260454],[2.124594201807201,41.37899357326859],[2.1246425095417236,41.375390935798016],[2.1294253526242244,41.375427220564326]]]},"properties":{"rank":267,"cell_id":"C015_017","district":"SANTS - MONTJU\u00cfC","barri":"SANTS - BADAL","n_platanus":47,"source_std":0.0963,"feasibility":0.1374,"top15":false}},{"type":"Feature","geometry":{"type":"Polygon","coordinates":[[[2.119811103639127,41.37895708515077],[2.119762523212276,41.38255971571671],[2.114979169962302,41.382523024197866],[2.11502801429932,41.37892039825214],[2.119811103639127,41.37895708515077]]]},"properties":{"rank":268,"cell_id":"C013_018","district":"LES CORTS","barri":"LA MATERNITAT I SANT RAMON","n_platanus":50,"source_std":0.0941,"feasibility":0.4359,"top15":false}},{"type":"Feature","geometry":{"type":"Polygon","coordinates":[[[2.1243525313931393,41.39700672597855],[2.1243041709492108,41.400609349591626],[2.119519488589554,41.40057283389524],[2.1195681131853696,41.39697021487983],[2.1243525313931393,41.39700672597855]]]},"properties":{"rank":269,"cell_id":"C014_023","district":"SARRI\u00c0 - SANT GERVASI","barri":"SARRI\u00c0","n_platanus":44,"source_std":0.0933,"feasibility":0.238,"top15":false}},{"type":"Feature","geometry":{"type":"Polygon","coordinates":[[[2.1582154887267913,41.368435410427715],[2.158169044975497,41.37203808397222],[2.153386414057469,41.37200299618757],[2.1534331215895626,41.3684003270616],[2.1582154887267913,41.368435410427715]]]},"properties":{"rank":270,"cell_id":"C021_015","district":"SANTS - MONTJU\u00cfC","barri":"EL POBLE SEC","n_platanus":37,"source_std":0.0931,"feasibility":0.4149,"top15":false}},{"type":"Feature","geometry":{"type":"Polygon","coordinates":[[[2.1488385628495164,41.353954363184585],[2.1487916256686894,41.35755703709421],[2.1440100665983053,41.357521569706],[2.1440572673647678,41.35391890026298],[2.1488385628495164,41.353954363184585]]]},"properties":{"rank":271,"cell_id":"C019_011","district":"SANTS - MONTJU\u00cfC","barri":"EL POBLE SEC","n_platanus":34,"source_std":0.0909,"feasibility":0.5157,"top15":false}},{"type":"Feature","geometry":{"type":"Polygon","coordinates":[[[2.1101958255903908,41.38248613387424],[2.11014670841904,41.386088752863714],[2.1053631090187395,41.38605165906557],[2.1054124901444977,41.38244904474687],[2.1101958255903908,41.38248613387424]]]},"properties":{"rank":272,"cell_id":"C011_019","district":"LES CORTS","barri":"PEDRALBES","n_platanus":54,"source_std":0.0891,"feasibility":0.6132,"top15":false}},{"type":"Feature","geometry":{"type":"Polygon","coordinates":[[[2.1293773087555947,41.37902986260454],[2.12932925615459,41.382632502335795],[2.1245458852923567,41.3825962084297],[2.124594201807201,41.37899357326859],[2.1293773087555947,41.37902986260454]]]},"properties":{"rank":273,"cell_id":"C015_018","district":"LES CORTS","barri":"LA MATERNITAT I SANT RAMON","n_platanus":47,"source_std":0.0878,"feasibility":0.1968,"top15":false}},{"type":"Feature","geometry":{"type":"Polygon","coordinates":[[[2.2057766618095656,41.3903915782595],[2.2057328081654566,41.39399428080466],[2.2009485111980363,41.39396115543474],[2.200992628927852,41.39035845706059],[2.2057766618095656,41.3903915782595]]]},"properties":{"rank":274,"cell_id":"C031_021","district":"SANT MART\u00cd","barri":"LA VILA OL\u00cdMPICA DEL POBLENOU","n_platanus":41,"source_std":0.0877,"feasibility":0.6158,"top15":false}},{"type":"Feature","geometry":{"type":"Polygon","coordinates":[[[2.200462686494524,41.433590685609346],[2.2004184724164872,41.437193356356744],[2.1956310107140435,41.43715998170032],[2.1956754894527077,41.433557315154495],[2.200462686494524,41.433590685609346]]]},"properties":{"rank":275,"cell_id":"C030_033","district":"SANT ANDREU","barri":"EL BON PASTOR","n_platanus":47,"source_std":0.0875,"feasibility":0.2184,"top15":false}},{"type":"Feature","geometry":{"type":"Polygon","coordinates":[[[2.1439156393302077,41.36472690167032],[2.1438684128249954,41.36832956419154],[2.1390860712934936,41.36829388468962],[2.139133561526248,41.364691226661506],[2.1439156393302077,41.36472690167032]]]},"properties":{"rank":276,"cell_id":"C018_014","district":"SANTS - MONTJU\u00cfC","barri":"LA MARINA DEL PORT","n_platanus":51,"source_std":0.0866,"feasibility":0.4438,"top15":false}},{"type":"Feature","geometry":{"type":"Polygon","coordinates":[[[2.1576576062068935,41.41166734075939],[2.157611061045329,41.4152699866296],[2.1528252610163428,41.41523484578505],[2.1528720705345217,41.41163220433915],[2.1576576062068935,41.41166734075939]]]},"properties":{"rank":277,"cell_id":"C021_027","district":"GR\u00c0CIA","barri":"LA SALUT","n_platanus":47,"source_std":0.0852,"feasibility":0.4735,"top15":false}},{"type":"Feature","geometry":{"type":"Polygon","coordinates":[[[2.2004184724164872,41.437193356356744],[2.2003742502985295,41.440796024801635],[2.195586523887345,41.44076264594318],[2.1956310107140435,41.43715998170032],[2.2004184724164872,41.437193356356744]]]},"properties":{"rank":278,"cell_id":"C030_034","district":"SANT ANDREU","barri":"EL BON PASTOR","n_platanus":32,"source_std":0.0841,"feasibility":0.1753,"top15":false}},{"type":"Feature","geometry":{"type":"Polygon","coordinates":[[[2.1336821464846203,41.41509229203259],[2.1336342708552816,41.418694913221756],[2.128848249462969,41.41865877264512],[2.128896389487987,41.41505615600603],[2.1336821464846203,41.41509229203259]]]},"properties":{"rank":279,"cell_id":"C016_028","district":"SARRI\u00c0 - SANT GERVASI","barri":"SANT GERVASI - LA BONANOVA","n_platanus":47,"source_std":0.0827,"feasibility":0.7542,"top15":false}},{"type":"Feature","geometry":{"type":"Polygon","coordinates":[[[2.186281070087121,41.41907932141989],[2.186236094752246,41.422681988702514],[2.181449715791788,41.422648033560215],[2.181494955589841,41.4190453705525],[2.186281070087121,41.41907932141989]]]},"properties":{"rank":280,"cell_id":"C027_029","district":"SANT ANDREU","barri":"NAVAS","n_platanus":46,"source_std":0.082,"feasibility":0.1582,"top15":false}},{"type":"Feature","geometry":{"type":"Polygon","coordinates":[[[2.2199565156019805,41.404900594439866],[2.2199134229038378,41.40850330014686],[2.215128045322246,41.40847075508844],[2.2151714023031,41.40486805347913],[2.2199565156019805,41.404900594439866]]]},"properties":{"rank":281,"cell_id":"C034_025","district":"SANT MART\u00cd","barri":"DIAGONAL MAR I EL FRONT MAR\u00cdTIM DEL POBLENOU","n_platanus":29,"source_std":0.0818,"feasibility":0.3771,"top15":false}},{"type":"Feature","geometry":{"type":"Polygon","coordinates":[[[2.1625819422812933,41.4008943135213],[2.162535686710395,41.40449697070849],[2.157750671150115,41.40446204209972],[2.1577971909353035,41.40085938931035],[2.1625819422812933,41.4008943135213]]]},"properties":{"rank":282,"cell_id":"C022_024","district":"GR\u00c0CIA","barri":"LA VILA DE GR\u00c0CIA","n_platanus":34,"source_std":0.0777,"feasibility":0.1132,"top15":false}},{"type":"Feature","geometry":{"type":"Polygon","coordinates":[[[2.115076849760127,41.375317769995945],[2.11502801429932,41.37892039825214],[2.110244933835724,41.37888351257374],[2.1102940331569013,41.37528088896227],[2.115076849760127,41.375317769995945]]]},"properties":{"rank":283,"cell_id":"C012_017","district":"LES CORTS","barri":"LA MATERNITAT I SANT RAMON","n_platanus":46,"source_std":0.0777,"feasibility":0.3375,"top15":false}},{"type":"Feature","geometry":{"type":"Polygon","coordinates":[[[2.1622116621635934,41.429715506452155],[2.1621653392714664,41.433318145191194],[2.1573782082673008,41.43328318138258],[2.157424795758159,41.4296805470452],[2.1622116621635934,41.429715506452155]]]},"properties":{"rank":284,"cell_id":"C022_032","district":"HORTA - GUINARD\u00d3","barri":"HORTA","n_platanus":35,"source_std":0.077,"feasibility":0.211,"top15":false}},{"type":"Feature","geometry":{"type":"Polygon","coordinates":[[[2.2003300201389715,41.44439869094396],[2.2002857819361337,41.4480013547837],[2.1954975259630833,41.44796796751982],[2.1955420289709218,41.44436530788303],[2.2003300201389715,41.44439869094396]]]},"properties":{"rank":285,"cell_id":"C030_036","district":"SANT ANDREU","barri":"BAR\u00d3 DE VIVER","n_platanus":35,"source_std":0.0766,"feasibility":0.2674,"top15":false}},{"type":"Feature","geometry":{"type":"Polygon","coordinates":[[[2.2151714023031,41.40486805347913],[2.215128045322246,41.40847075508844],[2.21034267562305,41.408438011029006],[2.2103862968849697,41.40483531354245],[2.2151714023031,41.40486805347913]]]},"properties":{"rank":286,"cell_id":"C033_025","district":"SANT MART\u00cd","barri":"DIAGONAL MAR I EL FRONT MAR\u00cdTIM DEL POBLENOU","n_platanus":36,"source_std":0.0763,"feasibility":0.4125,"top15":false}},{"type":"Feature","geometry":{"type":"Polygon","coordinates":[[[2.1430642475505817,41.429574473990215],[2.1430168662741824,41.4331770949722],[2.1382297694432673,41.4331413345106],[2.138277415311262,41.42953871803056],[2.1430642475505817,41.429574473990215]]]},"properties":{"rank":287,"cell_id":"C018_032","district":"HORTA - GUINARD\u00d3","barri":"MONTBAU","n_platanus":46,"source_std":0.0757,"feasibility":0.6152,"top15":false}},{"type":"Feature","geometry":{"type":"Polygon","coordinates":[[[2.134112635751019,41.38266859743396],[2.1340648383794365,41.38627123940183],[2.1292811948193897,41.386235139758035],[2.12932925615459,41.382632502335795],[2.134112635751019,41.38266859743396]]]},"properties":{"rank":288,"cell_id":"C016_019","district":"LES CORTS","barri":"LES CORTS","n_platanus":35,"source_std":0.0756,"feasibility":0.1203,"top15":false}},{"type":"Feature","geometry":{"type":"Polygon","coordinates":[[[2.1102940331569013,41.37528088896227],[2.110244933835724,41.37888351257374],[2.105461862296284,41.37884642811664],[2.105511225475971,41.37524380917491],[2.1102940331569013,41.37528088896227]]]},"properties":{"rank":289,"cell_id":"C011_017","district":"LES CORTS","barri":"LA MATERNITAT I SANT RAMON","n_platanus":38,"source_std":0.0749,"feasibility":0.5331,"top15":false}},{"type":"Feature","geometry":{"type":"Polygon","coordinates":[[[2.134255975755578,41.37186065767947],[2.1342082044372783,41.37546330657275],[2.1294253526242244,41.375427220564326],[2.129473387762301,41.37182457621517],[2.134255975755578,41.37186065767947]]]},"properties":{"rank":290,"cell_id":"C016_016","district":"SANTS - MONTJU\u00cfC","barri":"SANTS","n_platanus":46,"source_std":0.0749,"feasibility":0.141,"top15":false}},{"type":"Feature","geometry":{"type":"Polygon","coordinates":[[[2.2100807814545016,41.43005414762047],[2.2100371046447758,41.43365682899733],[2.205249891574582,41.433623856890605],[2.2052938330001766,41.43002117966471],[2.2100807814545016,41.43005414762047]]]},"properties":{"rank":291,"cell_id":"C032_032","district":"SANT ANDREU","barri":"EL BON PASTOR","n_platanus":29,"source_std":0.0742,"feasibility":0.194,"top15":false}},{"type":"Feature","geometry":{"type":"Polygon","coordinates":[[[2.1671366616329526,41.4189423235375],[2.1670906284557123,41.42254497357008],[2.1623042826856924,41.42251022205559],[2.162350580319181,41.41890757639817],[2.1671366616329526,41.4189423235375]]]},"properties":{"rank":292,"cell_id":"C023_029","district":"HORTA - GUINARD\u00d3","barri":"LA FONT DEN FARGUES","n_platanus":33,"source_std":0.0733,"feasibility":0.6451,"top15":false}},{"type":"Feature","geometry":{"type":"Polygon","coordinates":[[[2.181313947037749,41.43345600875802],[2.1812686743273813,41.437058662548694],[2.176481245265761,41.43702449110726],[2.176526782629938,41.43342184161843],[2.181313947037749,41.43345600875802]]]},"properties":{"rank":293,"cell_id":"C026_033","district":"NOU BARRIS","barri":"PORTA","n_platanus":41,"source_std":0.0724,"feasibility":0.4516,"top15":false}},{"type":"Feature","geometry":{"type":"Polygon","coordinates":[[[2.1342082044372783,41.37546330657275],[2.134160424436362,41.3790659531576],[2.1293773087555947,41.37902986260454],[2.1294253526242244,41.375427220564326],[2.1342082044372783,41.37546330657275]]]},"properties":{"rank":294,"cell_id":"C016_017","district":"SANTS - MONTJU\u00cfC","barri":"SANTS","n_platanus":44,"source_std":0.0706,"feasibility":0.1432,"top15":false}},{"type":"Feature","geometry":{"type":"Polygon","coordinates":[[[2.1535265111935487,41.36119498189054],[2.153479820634333,41.36479765562925],[2.1486977257155386,41.364762377993245],[2.1487446799579564,41.361159708697116],[2.1535265111935487,41.36119498189054]]]},"properties":{"rank":295,"cell_id":"C020_013","district":"SANTS - MONTJU\u00cfC","barri":"EL POBLE SEC","n_platanus":44,"source_std":0.0692,"feasibility":0.6781,"top15":false}},{"type":"Feature","geometry":{"type":"Polygon","coordinates":[[[2.1678261561124015,41.364902296405695],[2.1677802482715394,41.36850498101712],[2.162997864303424,41.368470295079895],[2.163044035880674,41.364867614836484],[2.1678261561124015,41.364902296405695]]]},"properties":{"rank":296,"cell_id":"C023_014","district":"SANTS - MONTJU\u00cfC","barri":"EL POBLE SEC","n_platanus":33,"source_std":0.0684,"feasibility":0.823,"top15":false}},{"type":"Feature","geometry":{"type":"Polygon","coordinates":[[[2.1001820329526764,41.414835160183735],[2.1001323065923008,41.41843774899614],[2.0953463474762364,41.41840021503299],[2.095396338219292,41.414797630946055],[2.1001820329526764,41.414835160183735]]]},"properties":{"rank":297,"cell_id":"C009_028","district":"SARRI\u00c0 - SANT GERVASI","barri":"VALLVIDRERA, EL TIBIDABO I LES PLANES","n_platanus":24,"source_std":0.0684,"feasibility":0.8359,"top15":false}},{"type":"Feature","geometry":{"type":"Polygon","coordinates":[[[2.1485568117803884,41.37557037204047],[2.1485098233934403,41.37917303210902],[2.143726681803233,41.37913753791085],[2.143773934063298,41.375534882311854],[2.1485568117803884,41.37557037204047]]]},"properties":{"rank":298,"cell_id":"C019_017","district":"SANTS - MONTJU\u00cfC","barri":"HOSTAFRANCS","n_platanus":32,"source_std":0.0677,"feasibility":0.2354,"top15":false}},{"type":"Feature","geometry":{"type":"Polygon","coordinates":[[[2.114930316747221,41.386125647833076],[2.114881454652225,41.38972826915772],[2.1100975823198103,41.389691369542106],[2.11014670841904,41.386088752863714],[2.114930316747221,41.386125647833076]]]},"properties":{"rank":299,"cell_id":"C012_020","district":"LES CORTS","barri":"PEDRALBES","n_platanus":34,"source_std":0.0677,"feasibility":0.263,"top15":false}},{"type":"Feature","geometry":{"type":"Polygon","coordinates":[[[2.1631363538677215,41.357662247433545],[2.1630901990681908,41.361264932287675],[2.158308350912927,41.361230056421064],[2.158354769351287,41.357627375959],[2.1631363538677215,41.357662247433545]]]},"properties":{"rank":300,"cell_id":"C022_012","district":"SANTS - MONTJU\u00cfC","barri":"EL POBLE SEC","n_platanus":45,"source_std":0.067,"feasibility":0.8589,"top15":false}},{"type":"Feature","geometry":{"type":"Polygon","coordinates":[[[2.1387058385613633,41.39711506582832],[2.1386582705840587,41.40071770308419],[2.1338735619944695,41.40068178418715],[2.1339213941291333,41.397079151453816],[2.1387058385613633,41.39711506582832]]]},"properties":{"rank":301,"cell_id":"C017_023","district":"SARRI\u00c0 - SANT GERVASI","barri":"SANT GERVASI - GALVANY","n_platanus":30,"source_std":0.0663,"feasibility":0.2165,"top15":false}},{"type":"Feature","geometry":{"type":"Polygon","coordinates":[[[2.162535686710395,41.40449697070849],[2.1624894227304905,41.40809962558983],[2.1577041429079005,41.40806469258275],[2.157750671150115,41.40446204209972],[2.162535686710395,41.40449697070849]]]},"properties":{"rank":302,"cell_id":"C022_025","district":"GR\u00c0CIA","barri":"LA VILA DE GR\u00c0CIA","n_platanus":28,"source_std":0.0649,"feasibility":0.1218,"top15":false}},{"type":"Feature","geometry":{"type":"Polygon","coordinates":[[[2.1767543453040092,41.41540855960332],[2.176708849316344,41.41901122061566],[2.171922751314694,41.41897687161032],[2.171968511714031,41.41537421492255],[2.1767543453040092,41.41540855960332]]]},"properties":{"rank":303,"cell_id":"C025_028","district":"HORTA - GUINARD\u00d3","barri":"EL GUINARD\u00d3","n_platanus":27,"source_std":0.0644,"feasibility":0.2426,"top15":false}},{"type":"Feature","geometry":{"type":"Polygon","coordinates":[[[2.1438211777366223,41.3719322244054],[2.143773934063298,41.375534882311854],[2.1389910649329487,41.37549919382227],[2.1390385724296603,41.3718965404099],[2.1438211777366223,41.3719322244054]]]},"properties":{"rank":304,"cell_id":"C018_016","district":"SANTS - MONTJU\u00cfC","barri":"HOSTAFRANCS","n_platanus":29,"source_std":0.0635,"feasibility":0.1188,"top15":false}},{"type":"Feature","geometry":{"type":"Polygon","coordinates":[[[2.124255801713964,41.40421197089499],[2.124207423685565,41.40781458988855],[2.119422212878108,41.40777806499528],[2.1194708551544155,41.4041754506004],[2.124255801713964,41.40421197089499]]]},"properties":{"rank":305,"cell_id":"C014_025","district":"SARRI\u00c0 - SANT GERVASI","barri":"SARRI\u00c0","n_platanus":33,"source_std":0.0635,"feasibility":0.5164,"top15":false}},{"type":"Feature","geometry":{"type":"Polygon","coordinates":[[[2.134351492351568,41.364655352967816],[2.134303738393071,41.36825800647781],[2.129521414171645,41.36822192955714],[2.129569431854075,41.36461928059028],[2.134351492351568,41.364655352967816]]]},"properties":{"rank":306,"cell_id":"C016_014","district":"SANTS - MONTJU\u00cfC","barri":"LA BORDETA","n_platanus":25,"source_std":0.0634,"feasibility":0.1692,"top15":false}},{"type":"Feature","geometry":{"type":"Polygon","coordinates":[[[2.181494955589841,41.4190453705525],[2.181449715791788,41.422648033560215],[2.1766633450568316,41.422613879323386],[2.176708849316344,41.41901122061566],[2.181494955589841,41.4190453705525]]]},"properties":{"rank":307,"cell_id":"C026_029","district":"HORTA - GUINARD\u00d3","barri":"EL GUINARD\u00d3","n_platanus":29,"source_std":0.0627,"feasibility":0.132,"top15":false}},{"type":"Feature","geometry":{"type":"Polygon","coordinates":[[[2.1672287028852706,41.411737016555676],[2.1671826864422234,41.415339671199355],[2.1623968695366393,41.4153049284347],[2.1624431503398234,41.41170227816524],[2.1672287028852706,41.411737016555676]]]},"properties":{"rank":308,"cell_id":"C023_027","district":"HORTA - GUINARD\u00d3","barri":"EL BAIX GUINARD\u00d3","n_platanus":37,"source_std":0.0624,"feasibility":0.361,"top15":false}},{"type":"Feature","geometry":{"type":"Polygon","coordinates":[[[2.181992050976052,41.37941592540372],[2.181946901545297,41.38301861375464],[2.1771634372446265,41.38298450679175],[2.177208850608707,41.37938182273566],[2.181992050976052,41.37941592540372]]]},"properties":{"rank":309,"cell_id":"C026_018","district":"CIUTAT VELLA","barri":"EL BARRI G\u00d2TIC","n_platanus":32,"source_std":0.062,"feasibility":0.1237,"top15":false}},{"type":"Feature","geometry":{"type":"Polygon","coordinates":[[[2.143537586859732,41.393548137231555],[2.143490291639086,41.397150781292666],[2.1387058385613633,41.39711506582832],[2.1387533978931748,41.39351242626422],[2.143537586859732,41.393548137231555]]]},"properties":{"rank":310,"cell_id":"C018_022","district":"SARRI\u00c0 - SANT GERVASI","barri":"SANT GERVASI - GALVANY","n_platanus":29,"source_std":0.062,"feasibility":0.2773,"top15":false}},{"type":"Feature","geometry":{"type":"Polygon","coordinates":[[[2.214997927078726,41.419278846111325],[2.2149545385584144,41.42288153851713],[2.2101681112544944,41.42284877796224],[2.2102117642480765,41.41924608968096],[2.214997927078726,41.419278846111325]]]},"properties":{"rank":311,"cell_id":"C033_029","district":"SANT MART\u00cd","barri":"EL BES\u00d2S I EL MARESME","n_platanus":30,"source_std":0.0619,"feasibility":0.1646,"top15":false}},{"type":"Feature","geometry":{"type":"Polygon","coordinates":[[[2.185921038344444,41.44790059517421],[2.1858759975422934,41.451503244025844],[2.181087501144951,41.451469254667394],[2.181132806795143,41.4478666100944],[2.185921038344444,41.44790059517421]]]},"properties":{"rank":312,"cell_id":"C027_037","district":"NOU BARRIS","barri":"LA TRINITAT NOVA","n_platanus":24,"source_std":0.0611,"feasibility":0.2343,"top15":false}},{"type":"Feature","geometry":{"type":"Polygon","coordinates":[[[2.182037192201877,41.37581323474915],[2.181992050976052,41.37941592540372],[2.177208850608707,41.37938182273566],[2.1772542557199053,41.375779136375435],[2.182037192201877,41.37581323474915]]]},"properties":{"rank":313,"cell_id":"C026_017","district":"CIUTAT VELLA","barri":"EL BARRI G\u00d2TIC","n_platanus":32,"source_std":0.0608,"feasibility":0.4078,"top15":false}},{"type":"Feature","geometry":{"type":"Polygon","coordinates":[[[2.1337300134113923,41.41148966853449],[2.1336821464846203,41.41509229203259],[2.128896389487987,41.41505615600603],[2.1289445207623916,41.411453537057525],[2.1337300134113923,41.41148966853449]]]},"properties":{"rank":314,"cell_id":"C016_027","district":"SARRI\u00c0 - SANT GERVASI","barri":"SANT GERVASI - LA BONANOVA","n_platanus":37,"source_std":0.0606,"feasibility":0.3961,"top15":false}},{"type":"Feature","geometry":{"type":"Polygon","coordinates":[[[2.196297343495304,41.38311974172543],[2.1962529778120032,41.38672244050828],[2.1914692250489045,41.38668892578511],[2.191513854718599,41.38308623122245],[2.196297343495304,41.38311974172543]]]},"properties":{"rank":315,"cell_id":"C029_019","district":"CIUTAT VELLA","barri":"LA BARCELONETA","n_platanus":28,"source_std":0.0592,"feasibility":0.3377,"top15":false}},{"type":"Feature","geometry":{"type":"Polygon","coordinates":[[[2.176390145694211,41.44422978317037],[2.176344583483379,41.44783242574458],[2.171556368457294,41.4477980421257],[2.1716021954645726,41.444195403879846],[2.176390145694211,41.44422978317037]]]},"properties":{"rank":316,"cell_id":"C025_036","district":"NOU BARRIS","barri":"LES ROQUETES","n_platanus":27,"source_std":0.0578,"feasibility":0.1512,"top15":false}},{"type":"Feature","geometry":{"type":"Polygon","coordinates":[[[2.157750671150115,41.40446204209972],[2.1577041429079005,41.40806469258275],[2.1529188715441028,41.40802956058636],[2.152965664046863,41.40442691452667],[2.157750671150115,41.40446204209972]]]},"properties":{"rank":317,"cell_id":"C021_025","district":"GR\u00c0CIA","barri":"LA VILA DE GR\u00c0CIA","n_platanus":24,"source_std":0.0556,"feasibility":0.1386,"top15":false}},{"type":"Feature","geometry":{"type":"Polygon","coordinates":[[[2.157611061045329,41.4152699866296],[2.1575645074214402,41.41887263019333],[2.1527784429877896,41.418837484923976],[2.1528252610163428,41.41523484578505],[2.157611061045329,41.4152699866296]]]},"properties":{"rank":318,"cell_id":"C021_028","district":"HORTA - GUINARD\u00d3","barri":"EL CARMEL","n_platanus":25,"source_std":0.0553,"feasibility":0.6848,"top15":false}},{"type":"Feature","geometry":{"type":"Polygon","coordinates":[[[2.128992643288009,41.407850915799656],[2.1289445207623916,41.411453537057525],[2.124159036862178,41.41141720657229],[2.124207423685565,41.40781458988855],[2.128992643288009,41.407850915799656]]]},"properties":{"rank":319,"cell_id":"C015_026","district":"SARRI\u00c0 - SANT GERVASI","barri":"SANT GERVASI - LA BONANOVA","n_platanus":34,"source_std":0.0549,"feasibility":0.44,"top15":false}},{"type":"Feature","geometry":{"type":"Polygon","coordinates":[[[2.1100975823198103,41.389691369542106],[2.110048447290839,41.39329398390938],[2.1052643198378203,41.39325688076818],[2.1053137189171376,41.38965427107269],[2.1100975823198103,41.389691369542106]]]},"properties":{"rank":320,"cell_id":"C011_021","district":"LES CORTS","barri":"PEDRALBES","n_platanus":24,"source_std":0.0549,"feasibility":0.5888,"top15":false}},{"type":"Feature","geometry":{"type":"Polygon","coordinates":[[[2.1391810431297227,41.36108856632559],[2.139133561526248,41.364691226661506],[2.134351492351568,41.364655352967816],[2.134399237632878,41.361052697149525],[2.1391810431297227,41.36108856632559]]]},"properties":{"rank":321,"cell_id":"C017_013","district":"SANTS - MONTJU\u00cfC","barri":"LA MARINA DEL PORT","n_platanus":21,"source_std":0.0542,"feasibility":0.2934,"top15":false}},{"type":"Feature","geometry":{"type":"Polygon","coordinates":[[[2.1194708551544155,41.4041754506004],[2.119422212878108,41.40777806499528],[2.114637010913665,41.407741341120904],[2.1146859174360344,41.404138731349754],[2.1194708551544155,41.4041754506004]]]},"properties":{"rank":322,"cell_id":"C013_025","district":"SARRI\u00c0 - SANT GERVASI","barri":"SARRI\u00c0","n_platanus":29,"source_std":0.0535,"feasibility":0.4643,"top15":false}},{"type":"Feature","geometry":{"type":"Polygon","coordinates":[[[2.1767998330215548,41.4118058962864],[2.1767543453040092,41.41540855960332],[2.171968511714031,41.41537421492255],[2.1720142637951954,41.41177155592973],[2.1767998330215548,41.4118058962864]]]},"properties":{"rank":323,"cell_id":"C025_027","district":"HORTA - GUINARD\u00d3","barri":"EL GUINARD\u00d3","n_platanus":28,"source_std":0.0535,"feasibility":0.1876,"top15":false}},{"type":"Feature","geometry":{"type":"Polygon","coordinates":[[[2.1243041709492108,41.400609349591626],[2.124255801713964,41.40421197089499],[2.1194708551544155,41.4041754506004],[2.119519488589554,41.40057283389524],[2.1243041709492108,41.400609349591626]]]},"properties":{"rank":324,"cell_id":"C014_024","district":"SARRI\u00c0 - SANT GERVASI","barri":"SARRI\u00c0","n_platanus":23,"source_std":0.052,"feasibility":0.3495,"top15":false}},{"type":"Feature","geometry":{"type":"Polygon","coordinates":[[[2.1488854915022144,41.35035168696826],[2.1488385628495164,41.353954363184585],[2.1440572673647678,41.35391890026298],[2.144104459555223,41.35031622851279],[2.1488854915022144,41.35035168696826]]]},"properties":{"rank":325,"cell_id":"C019_010","district":"SANTS - MONTJU\u00cfC","barri":"LA MARINA DEL PRAT VERMELL","n_platanus":19,"source_std":0.0513,"feasibility":0.1925,"top15":false}},{"type":"Feature","geometry":{"type":"Polygon","coordinates":[[[2.17734504119054,41.368573756742734],[2.1772996525799426,41.37217644771111],[2.1725169881848427,41.37214215488832],[2.1725626405832186,41.368539468238396],[2.17734504119054,41.368573756742734]]]},"properties":{"rank":326,"cell_id":"C025_015","district":"SANTS - MONTJU\u00cfC","barri":"EL POBLE SEC","n_platanus":26,"source_std":0.051,"feasibility":0.3493,"top15":false}},{"type":"Feature","geometry":{"type":"Polygon","coordinates":[[[2.176708849316344,41.41901122061566],[2.1766633450568316,41.422613879323386],[2.171876982595449,41.42257952599301],[2.171922751314694,41.41897687161032],[2.176708849316344,41.41901122061566]]]},"properties":{"rank":327,"cell_id":"C025_029","district":"HORTA - GUINARD\u00d3","barri":"EL GUINARD\u00d3","n_platanus":23,"source_std":0.0499,"feasibility":0.1506,"top15":false}},{"type":"Feature","geometry":{"type":"Polygon","coordinates":[[[2.2246559721196704,41.41213835368307],[2.224613128131603,41.415741058862835],[2.2198272140028386,41.41570870465972],[2.2198703223713356,41.41210600355349],[2.2246559721196704,41.41213835368307]]]},"properties":{"rank":328,"cell_id":"C035_027","district":"SANT MART\u00cd","barri":"EL BES\u00d2S I EL MARESME","n_platanus":33,"source_std":0.0492,"feasibility":0.2799,"top15":false}},{"type":"Feature","geometry":{"type":"Polygon","coordinates":[[[2.1671826864422234,41.415339671199355],[2.1671366616329526,41.4189423235375],[2.162350580319181,41.41890757639817],[2.1623968695366393,41.4153049284347],[2.1671826864422234,41.415339671199355]]]},"properties":{"rank":329,"cell_id":"C023_028","district":"HORTA - GUINARD\u00d3","barri":"CAN BAR\u00d3","n_platanus":26,"source_std":0.0485,"feasibility":0.5419,"top15":false}},{"type":"Feature","geometry":{"type":"Polygon","coordinates":[[[2.171831205554558,41.42618217807057],[2.1717854201902833,41.42978482784295],[2.1669985369903313,41.42975026671839],[2.167044586908754,41.42614762129707],[2.171831205554558,41.42618217807057]]]},"properties":{"rank":330,"cell_id":"C024_031","district":"NOU BARRIS","barri":"VILAPICINA I LA TORRE LLOBETA","n_platanus":21,"source_std":0.0464,"feasibility":0.1291,"top15":false}},{"type":"Feature","geometry":{"type":"Polygon","coordinates":[[[2.143962857254048,41.361124236841796],[2.1439156393302077,41.36472690167032],[2.139133561526248,41.364691226661506],[2.1391810431297227,41.36108856632559],[2.143962857254048,41.361124236841796]]]},"properties":{"rank":331,"cell_id":"C018_013","district":"SANTS - MONTJU\u00cfC","barri":"LA MARINA DEL PORT","n_platanus":22,"source_std":0.0463,"feasibility":0.4618,"top15":false}},{"type":"Feature","geometry":{"type":"Polygon","coordinates":[[[2.1390385724296603,41.3718965404099],[2.1389910649329487,41.37549919382227],[2.1342082044372783,41.37546330657275],[2.134255975755578,41.37186065767947],[2.1390385724296603,41.3718965404099]]]},"properties":{"rank":332,"cell_id":"C017_016","district":"SANTS - MONTJU\u00cfC","barri":"SANTS","n_platanus":22,"source_std":0.0458,"feasibility":0.1192,"top15":false}},{"type":"Feature","geometry":{"type":"Polygon","coordinates":[[[2.186370996231414,41.41187397994366],[2.186326037246275,41.41547665183359],[2.1815401871641082,41.415442705240665],[2.181585410516308,41.4118400376247],[2.186370996231414,41.41187397994366]]]},"properties":{"rank":333,"cell_id":"C027_027","district":"SANT MART\u00cd","barri":"EL CAMP DE LARPA DEL CLOT","n_platanus":22,"source_std":0.0442,"feasibility":0.1214,"top15":false}},{"type":"Feature","geometry":{"type":"Polygon","coordinates":[[[2.124207423685565,41.40781458988855],[2.124159036862178,41.41141720657229],[2.119373561758788,41.41138067707983],[2.119422212878108,41.40777806499528],[2.124207423685565,41.40781458988855]]]},"properties":{"rank":334,"cell_id":"C014_026","district":"SARRI\u00c0 - SANT GERVASI","barri":"SANT GERVASI - LA BONANOVA","n_platanus":30,"source_std":0.0428,"feasibility":0.7408,"top15":false}},{"type":"Feature","geometry":{"type":"Polygon","coordinates":[[[2.190798805565886,41.44072906786196],[2.190754045894287,41.44433172557423],[2.1859660709572015,41.44429794401855],[2.1860110953822756,41.44069529055891],[2.190798805565886,41.44072906786196]]]},"properties":{"rank":335,"cell_id":"C028_035","district":"SANT ANDREU","barri":"SANT ANDREU","n_platanus":26,"source_std":0.0424,"feasibility":0.2723,"top15":false}},{"type":"Feature","geometry":{"type":"Polygon","coordinates":[[[2.124594201807201,41.37899357326859],[2.1245458852923567,41.3825962084297],[2.119762523212276,41.38255971571671],[2.119811103639127,41.37895708515077],[2.124594201807201,41.37899357326859]]]},"properties":{"rank":336,"cell_id":"C014_018","district":"LES CORTS","barri":"LA MATERNITAT I SANT RAMON","n_platanus":24,"source_std":0.0421,"feasibility":0.6878,"top15":false}},{"type":"Feature","geometry":{"type":"Polygon","coordinates":[[[2.1479452960746412,41.422404772972705],[2.1478981965209947,41.42600740304677],[2.1431116202133187,41.42597185070013],[2.143158984264192,41.42236922510197],[2.1479452960746412,41.422404772972705]]]},"properties":{"rank":337,"cell_id":"C019_030","district":"HORTA - GUINARD\u00d3","barri":"LA TEIXONERA","n_platanus":16,"source_std":0.0406,"feasibility":0.3333,"top15":false}},{"type":"Feature","geometry":{"type":"Polygon","coordinates":[[[2.143395675403515,41.4043560624917],[2.1433483543850005,41.40795869962955],[2.1385631086857537,41.40792297067118],[2.1386106939594574,41.40432033803184],[2.143395675403515,41.4043560624917]]]},"properties":{"rank":338,"cell_id":"C018_025","district":"SARRI\u00c0 - SANT GERVASI","barri":"EL PUTXET I EL FARR\u00d3","n_platanus":19,"source_std":0.0406,"feasibility":0.3694,"top15":false}},{"type":"Feature","geometry":{"type":"Polygon","coordinates":[[[2.1766178325237453,41.426216535726454],[2.176572311715357,41.42981918982482],[2.1717854201902833,41.42978482784295],[2.171831205554558,41.42618217807057],[2.1766178325237453,41.426216535726454]]]},"properties":{"rank":339,"cell_id":"C025_031","district":"NOU BARRIS","barri":"VILAPICINA I LA TORRE LLOBETA","n_platanus":18,"source_std":0.0399,"feasibility":0.1341,"top15":false}},{"type":"Feature","geometry":{"type":"Polygon","coordinates":[[[2.1054124901444977,41.38244904474687],[2.1053631090187395,41.38605165906557],[2.100579518594281,41.386014366439746],[2.100629163672575,41.382411756816836],[2.1054124901444977,41.38244904474687]]]},"properties":{"rank":340,"cell_id":"C010_019","district":"LES CORTS","barri":"PEDRALBES","n_platanus":30,"source_std":0.0392,"feasibility":0.4472,"top15":false}},{"type":"Feature","geometry":{"type":"Polygon","coordinates":[[[2.158447580927381,41.3504220081176],[2.158401179355519,41.354024693191164],[2.153619866862393,41.353989627494315],[2.1536665319755564,41.35038694683687],[2.158447580927381,41.3504220081176]]]},"properties":{"rank":341,"cell_id":"C021_010","district":"SANTS - MONTJU\u00cfC","barri":"EL POBLE SEC","n_platanus":17,"source_std":0.0364,"feasibility":0.283,"top15":false}},{"type":"Feature","geometry":{"type":"Polygon","coordinates":[[[2.14799238706629,41.418802140591126],[2.1479452960746412,41.422404772972705],[2.143158984264192,41.42236922510197],[2.143206339705,41.4187665971958],[2.14799238706629,41.418802140591126]]]},"properties":{"rank":342,"cell_id":"C019_029","district":"GR\u00c0CIA","barri":"LA TEIXONERA","n_platanus":17,"source_std":0.0349,"feasibility":0.524,"top15":false}},{"type":"Feature","geometry":{"type":"Polygon","coordinates":[[[2.1478981965209947,41.42600740304677],[2.1478510884035638,41.42961003081322],[2.1430642475505817,41.429574473990215],[2.1431116202133187,41.42597185070013],[2.1478981965209947,41.42600740304677]]]},"properties":{"rank":343,"cell_id":"C019_031","district":"HORTA - GUINARD\u00d3","barri":"LA VALL DHEBRON","n_platanus":17,"source_std":0.0335,"feasibility":0.5065,"top15":false}},{"type":"Feature","geometry":{"type":"Polygon","coordinates":[[[2.200551090537552,41.42638533720721],[2.2005068925343196,41.42998801255949],[2.1957199601050243,41.429954646305745],[2.195764422672685,41.42635197515412],[2.200551090537552,41.42638533720721]]]},"properties":{"rank":344,"cell_id":"C030_031","district":"SANT MART\u00cd","barri":"LA VERNEDA I LA PAU","n_platanus":14,"source_std":0.0335,"feasibility":0.2388,"top15":false}},{"type":"Feature","geometry":{"type":"Polygon","coordinates":[[[2.1577971909353035,41.40085938931035],[2.157750671150115,41.40446204209972],[2.152965664046863,41.40442691452667],[2.1530124480445765,41.40082426616015],[2.1577971909353035,41.40085938931035]]]},"properties":{"rank":345,"cell_id":"C021_024","district":"GR\u00c0CIA","barri":"LA VILA DE GR\u00c0CIA","n_platanus":13,"source_std":0.0314,"feasibility":0.1316,"top15":false}},{"type":"Feature","geometry":{"type":"Polygon","coordinates":[[[2.153619866862393,41.353989627494315],[2.1535731932689792,41.35759230584556],[2.1487916256686894,41.35755703709421],[2.1488385628495164,41.353954363184585],[2.153619866862393,41.353989627494315]]]},"properties":{"rank":346,"cell_id":"C020_011","district":"SANTS - MONTJU\u00cfC","barri":"EL POBLE SEC","n_platanus":11,"source_std":0.0306,"feasibility":0.9343,"top15":false}},{"type":"Feature","geometry":{"type":"Polygon","coordinates":[[[2.1480394694977294,41.41519950590205],[2.14799238706629,41.418802140591126],[2.143206339705,41.4187665971958],[2.1432536865375393,41.41516396698164],[2.1480394694977294,41.41519950590205]]]},"properties":{"rank":347,"cell_id":"C019_028","district":"GR\u00c0CIA","barri":"VALLCARCA I ELS PENITENTS","n_platanus":18,"source_std":0.0299,"feasibility":0.5629,"top15":false}},{"type":"Feature","geometry":{"type":"Polygon","coordinates":[[[2.2105171131046877,41.39402720727568],[2.210473515624135,41.397629911665746],[2.205688946549538,41.397596981048295],[2.2057328081654566,41.39399428080466],[2.2105171131046877,41.39402720727568]]]},"properties":{"rank":348,"cell_id":"C032_022","district":"SANT MART\u00cd","barri":"EL POBLENOU","n_platanus":17,"source_std":0.0299,"feasibility":0.8193,"top15":false}},{"type":"Feature","geometry":{"type":"Polygon","coordinates":[[[2.1386106939594574,41.40432033803184],[2.1385631086857537,41.40792297067118],[2.133777871637414,41.40788704272754],[2.1338257211645013,41.40428441461174],[2.1386106939594574,41.40432033803184]]]},"properties":{"rank":349,"cell_id":"C017_025","district":"SARRI\u00c0 - SANT GERVASI","barri":"SANT GERVASI - LA BONANOVA","n_platanus":17,"source_std":0.0292,"feasibility":0.2073,"top15":false}},{"type":"Feature","geometry":{"type":"Polygon","coordinates":[[[2.195586523887345,41.44076264594318],[2.1955420289709218,41.44436530788303],[2.190754045894287,41.44433172557423],[2.190798805565886,41.44072906786196],[2.195586523887345,41.44076264594318]]]},"properties":{"rank":350,"cell_id":"C029_035","district":"SANT ANDREU","barri":"SANT ANDREU","n_platanus":34,"source_std":0.0242,"feasibility":0.3031,"top15":false}},{"type":"Feature","geometry":{"type":"Polygon","coordinates":[[[2.1766633450568316,41.422613879323386],[2.1766178325237453,41.426216535726454],[2.171831205554558,41.42618217807057],[2.171876982595449,41.42257952599301],[2.1766633450568316,41.422613879323386]]]},"properties":{"rank":351,"cell_id":"C025_030","district":"HORTA - GUINARD\u00d3","barri":"EL GUINARD\u00d3","n_platanus":11,"source_std":0.0242,"feasibility":0.1251,"top15":false}},{"type":"Feature","geometry":{"type":"Polygon","coordinates":[[[2.1195681131853696,41.39697021487983],[2.119519488589554,41.40057283389524],[2.114734815069221,41.40053611926781],[2.1147837038150787,41.396933504875136],[2.1195681131853696,41.39697021487983]]]},"properties":{"rank":352,"cell_id":"C013_023","district":"SARRI\u00c0 - SANT GERVASI","barri":"SARRI\u00c0","n_platanus":11,"source_std":0.0227,"feasibility":0.5237,"top15":false}},{"type":"Feature","geometry":{"type":"Polygon","coordinates":[[[2.138372681063809,41.422333478144715],[2.138325052517506,41.42593609924192],[2.1335384934816353,41.42590014867316],[2.1335863865215594,41.42229753210195],[2.138372681063809,41.422333478144715]]]},"properties":{"rank":353,"cell_id":"C017_030","district":"HORTA - GUINARD\u00d3","barri":"SANT GEN\u00cdS DELS AGUDELLS","n_platanus":14,"source_std":0.0221,"feasibility":0.7568,"top15":false}},{"type":"Feature","geometry":{"type":"Polygon","coordinates":[[[2.1481336086871266,41.407994229601606],[2.1480865433707463,41.41159686890553],[2.1433010247636077,41.411561334459535],[2.1433483543850005,41.40795869962955],[2.1481336086871266,41.407994229601606]]]},"properties":{"rank":354,"cell_id":"C019_026","district":"SARRI\u00c0 - SANT GERVASI","barri":"EL PUTXET I EL FARR\u00d3","n_platanus":10,"source_std":0.0214,"feasibility":0.2484,"top15":false}},{"type":"Feature","geometry":{"type":"Polygon","coordinates":[[[2.1621653392714664,41.433318145191194],[2.162119007956276,41.436920781624],[2.1573316123052786,41.43688581341325],[2.1573782082673008,41.43328318138258],[2.1621653392714664,41.433318145191194]]]},"properties":{"rank":355,"cell_id":"C022_033","district":"HORTA - GUINARD\u00d3","barri":"HORTA","n_platanus":8,"source_std":0.0214,"feasibility":0.34,"top15":false}},{"type":"Feature","geometry":{"type":"Polygon","coordinates":[[[2.1530592235390182,41.397221615486856],[2.1530124480445765,41.40082426616015],[2.148227713657121,41.40078894407173],[2.148274753314304,41.39718629784586],[2.1530592235390182,41.397221615486856]]]},"properties":{"rank":356,"cell_id":"C020_023","district":"SARRI\u00c0 - SANT GERVASI","barri":"SANT GERVASI - GALVANY","n_platanus":9,"source_std":0.0207,"feasibility":0.1313,"top15":false}},{"type":"Feature","geometry":{"type":"Polygon","coordinates":[[[2.176207847129878,41.45864033963723],[2.1761622517659367,41.46224297299132],[2.171372977072545,41.4622085720543],[2.1714188374255614,41.45860594303046],[2.176207847129878,41.45864033963723]]]},"properties":{"rank":357,"cell_id":"C025_040","district":"NOU BARRIS","barri":"CIUTAT MERIDIANA","n_platanus":9,"source_std":0.0202,"feasibility":0.3946,"top15":false}},{"type":"Feature","geometry":{"type":"Polygon","coordinates":[[[2.15784370226523,41.39725673421468],[2.1577971909353035,41.40085938931035],[2.1530124480445765,41.40082426616015],[2.1530592235390182,41.397221615486856],[2.15784370226523,41.39725673421468]]]},"properties":{"rank":358,"cell_id":"C021_023","district":"GR\u00c0CIA","barri":"LA VILA DE GR\u00c0CIA","n_platanus":11,"source_std":0.02,"feasibility":0.115,"top15":false}},{"type":"Feature","geometry":{"type":"Polygon","coordinates":[[[2.152965664046863,41.40442691452667],[2.1529188715441028,41.40802956058636],[2.1481336086871266,41.407994229601606],[2.148180665448656,41.40439158799032],[2.152965664046863,41.40442691452667]]]},"properties":{"rank":359,"cell_id":"C020_025","district":"GR\u00c0CIA","barri":"LA VILA DE GR\u00c0CIA","n_platanus":8,"source_std":0.02,"feasibility":0.1631,"top15":false}},{"type":"Feature","geometry":{"type":"Polygon","coordinates":[[[2.0952463387217573,41.425605376267775],[2.0951963207065374,41.42920795341552],[2.090409577248594,41.42917020614672],[2.090459859788784,41.425567633751065],[2.0952463387217573,41.425605376267775]]]},"properties":{"rank":360,"cell_id":"C008_031","district":"SARRI\u00c0 - SANT GERVASI","barri":"VALLVIDRERA, EL TIBIDABO I LES PLANES","n_platanus":7,"source_std":0.02,"feasibility":0.7101,"top15":false}},{"type":"Feature","geometry":{"type":"Polygon","coordinates":[[[2.114734815069221,41.40053611926781],[2.1146859174360344,41.404138731349754],[2.109900988606837,41.40410181314408],[2.109950150436216,41.40049920571042],[2.114734815069221,41.40053611926781]]]},"properties":{"rank":361,"cell_id":"C012_024","district":"SARRI\u00c0 - SANT GERVASI","barri":"SARRI\u00c0","n_platanus":12,"source_std":0.02,"feasibility":0.7396,"top15":false}},{"type":"Feature","geometry":{"type":"Polygon","coordinates":[[[2.1716021954645726,41.444195403879846],[2.171556368457294,41.4477980421257],[2.16676816176503,41.44776345923875],[2.1668142535670145,41.44416082534634],[2.1716021954645726,41.444195403879846]]]},"properties":{"rank":362,"cell_id":"C024_036","district":"NOU BARRIS","barri":"CANYELLES","n_platanus":13,"source_std":0.0195,"feasibility":0.7622,"top15":false}},{"type":"Feature","geometry":{"type":"Polygon","coordinates":[[[2.2010808403347606,41.383153053406495],[2.2010367386395355,41.3867557563845],[2.1962529778120032,41.38672244050828],[2.196297343495304,41.38311974172543],[2.2010808403347606,41.383153053406495]]]},"properties":{"rank":363,"cell_id":"C030_019","district":"CIUTAT VELLA","barri":"LA BARCELONETA","n_platanus":11,"source_std":0.0192,"feasibility":0.8014,"top15":false}},{"type":"Feature","geometry":{"type":"Polygon","coordinates":[[[2.190754045894287,41.44433172557423],[2.1907092780831388,41.447934380983],[2.185921038344444,41.44790059517421],[2.1859660709572015,41.44429794401855],[2.190754045894287,41.44433172557423]]]},"properties":{"rank":364,"cell_id":"C028_036","district":"SANT ANDREU","barri":"SANT ANDREU","n_platanus":6,"source_std":0.0165,"feasibility":0.2054,"top15":false}},{"type":"Feature","geometry":{"type":"Polygon","coordinates":[[[2.1390860712934936,41.36829388468962],[2.1390385724296603,41.3718965404099],[2.134255975755578,41.37186065767947],[2.134303738393071,41.36825800647781],[2.1390860712934936,41.36829388468962]]]},"properties":{"rank":365,"cell_id":"C017_015","district":"SANTS - MONTJU\u00cfC","barri":"LA BORDETA","n_platanus":8,"source_std":0.0164,"feasibility":0.1381,"top15":false}},{"type":"Feature","geometry":{"type":"Polygon","coordinates":[[[2.162072668216264,41.44052341575058],[2.1620263200496685,41.444126047570826],[2.1572383949606655,41.444091070554336],[2.157285007870324,41.4404884431372],[2.162072668216264,41.44052341575058]]]},"properties":{"rank":366,"cell_id":"C022_035","district":"HORTA - GUINARD\u00d3","barri":"HORTA","n_platanus":8,"source_std":0.0152,"feasibility":0.7725,"top15":false}},{"type":"Feature","geometry":{"type":"Polygon","coordinates":[[[2.2005068925343196,41.42998801255949],[2.200462686494524,41.433590685609346],[2.1956754894527077,41.433557315154495],[2.1957199601050243,41.429954646305745],[2.2005068925343196,41.42998801255949]]]},"properties":{"rank":367,"cell_id":"C030_032","district":"SANT ANDREU","barri":"SANT ANDREU","n_platanus":9,"source_std":0.015,"feasibility":0.2401,"top15":false}},{"type":"Feature","geometry":{"type":"Polygon","coordinates":[[[2.143773934063298,41.375534882311854],[2.143726681803233,41.37913753791085],[2.1389435488015573,41.379101844926716],[2.1389910649329487,41.37549919382227],[2.143773934063298,41.375534882311854]]]},"properties":{"rank":368,"cell_id":"C018_017","district":"SANTS - MONTJU\u00cfC","barri":"HOSTAFRANCS","n_platanus":8,"source_std":0.015,"feasibility":0.3182,"top15":false}},{"type":"Feature","geometry":{"type":"Polygon","coordinates":[[[2.181132806795143,41.4478666100944],[2.181087501144951,41.451469254667394],[2.1762990129868665,41.45143506601381],[2.176344583483379,41.44783242574458],[2.181132806795143,41.4478666100944]]]},"properties":{"rank":369,"cell_id":"C026_037","district":"NOU BARRIS","barri":"LES ROQUETES","n_platanus":6,"source_std":0.015,"feasibility":0.4837,"top15":false}},{"type":"Feature","geometry":{"type":"Polygon","coordinates":[[[2.191647695070156,41.372278133717934],[2.191603089727533,41.37588083518881],[2.1868201368870674,41.37584713435393],[2.186865006070532,41.37224443712688],[2.191647695070156,41.372278133717934]]]},"properties":{"rank":370,"cell_id":"C028_016","district":"CIUTAT VELLA","barri":"LA BARCELONETA","n_platanus":8,"source_std":0.0143,"feasibility":0.6435,"top15":false}},{"type":"Feature","geometry":{"type":"Polygon","coordinates":[[[2.1527784429877896,41.418837484923976],[2.1527316164470873,41.42244012175589],[2.1479452960746412,41.422404772972705],[2.14799238706629,41.418802140591126],[2.1527784429877896,41.418837484923976]]]},"properties":{"rank":371,"cell_id":"C020_029","district":"HORTA - GUINARD\u00d3","barri":"EL CARMEL","n_platanus":5,"source_std":0.0143,"feasibility":0.2489,"top15":false}},{"type":"Feature","geometry":{"type":"Polygon","coordinates":[[[2.1298573547853192,41.3430033383061],[2.1298093894261836,41.34660600112502],[2.1250286555459605,41.34656975289797],[2.1250768843399226,41.34296709464421],[2.1298573547853192,41.3430033383061]]]},"properties":{"rank":372,"cell_id":"C015_008","district":"SANTS - MONTJU\u00cfC","barri":"LA MARINA DEL PRAT VERMELL","n_platanus":5,"source_std":0.0138,"feasibility":0.2543,"top15":false}},{"type":"Feature","geometry":{"type":"Polygon","coordinates":[[[2.2052938330001766,41.43002117966471],[2.205249891574582,41.433623856890605],[2.200462686494524,41.433590685609346],[2.2005068925343196,41.42998801255949],[2.2052938330001766,41.43002117966471]]]},"properties":{"rank":373,"cell_id":"C031_032","district":"SANT ANDREU","barri":"EL BON PASTOR","n_platanus":5,"source_std":0.0135,"feasibility":0.3162,"top15":false}},{"type":"Feature","geometry":{"type":"Polygon","coordinates":[[[2.1526847813924563,41.42604275628077],[2.1526379378221194,41.42964538849856],[2.1478510884035638,41.42961003081322],[2.1478981965209947,41.42600740304677],[2.1526847813924563,41.42604275628077]]]},"properties":{"rank":374,"cell_id":"C020_031","district":"HORTA - GUINARD\u00d3","barri":"LA VALL DHEBRON","n_platanus":5,"source_std":0.0129,"feasibility":0.5882,"top15":false}},{"type":"Feature","geometry":{"type":"Polygon","coordinates":[[[2.1344469742388097,41.35745003902298],[2.134399237632878,41.361052697149525],[2.129617440811412,41.361016629314626],[2.129665441045473,41.35741397573022],[2.1344469742388097,41.35745003902298]]]},"properties":{"rank":375,"cell_id":"C016_012","district":"SANTS - MONTJU\u00cfC","barri":"LA MARINA DEL PORT","n_platanus":7,"source_std":0.0121,"feasibility":0.2064,"top15":false}},{"type":"Feature","geometry":{"type":"Polygon","coordinates":[[[2.1526379378221194,41.42964538849856],[2.152591085734298,41.43324801840921],[2.147803971720559,41.433212656272076],[2.1478510884035638,41.42961003081322],[2.1526379378221194,41.42964538849856]]]},"properties":{"rank":376,"cell_id":"C020_032","district":"HORTA - GUINARD\u00d3","barri":"LA VALL DHEBRON","n_platanus":4,"source_std":0.011,"feasibility":0.488,"top15":false}},{"type":"Feature","geometry":{"type":"Polygon","coordinates":[[[2.1956310107140435,41.43715998170032],[2.195586523887345,41.44076264594318],[2.190798805565886,41.44072906786196],[2.190843557099636,41.4371264078462],[2.1956310107140435,41.43715998170032]]]},"properties":{"rank":377,"cell_id":"C029_034","district":"SANT ANDREU","barri":"SANT ANDREU","n_platanus":15,"source_std":0.0107,"feasibility":0.1899,"top15":false}},{"type":"Feature","geometry":{"type":"Polygon","coordinates":[[[2.134542421431769,41.350244715845335],[2.1344947021711707,41.35384737858823],[2.129713432558077,41.35381131983713],[2.129761415351041,41.35020866163538],[2.134542421431769,41.350244715845335]]]},"properties":{"rank":378,"cell_id":"C016_010","district":"SANTS - MONTJU\u00cfC","barri":"LA MARINA DEL PRAT VERMELL","n_platanus":5,"source_std":0.0107,"feasibility":0.1939,"top15":false}},{"type":"Feature","geometry":{"type":"Polygon","coordinates":[[[2.1393708832867895,41.34667790190481],[2.139323436182452,41.35028057147148],[2.134542421431769,41.350244715845335],[2.1345901320224123,41.34664205079431],[2.1393708832867895,41.34667790190481]]]},"properties":{"rank":379,"cell_id":"C017_009","district":"SANTS - MONTJU\u00cfC","barri":"LA MARINA DEL PRAT VERMELL","n_platanus":6,"source_std":0.0103,"feasibility":0.2226,"top15":false}},{"type":"Feature","geometry":{"type":"Polygon","coordinates":[[[2.171968511714031,41.41537421492255],[2.171922751314694,41.41897687161032],[2.1671366616329526,41.4189423235375],[2.1671826864422234,41.415339671199355],[2.171968511714031,41.41537421492255]]]},"properties":{"rank":380,"cell_id":"C024_028","district":"HORTA - GUINARD\u00d3","barri":"EL GUINARD\u00d3","n_platanus":4,"source_std":0.01,"feasibility":0.4002,"top15":false}},{"type":"Feature","geometry":{"type":"Polygon","coordinates":[[[2.104967736724944,41.41487249039442],[2.1049182747491355,41.41847508390725],[2.1001323065923008,41.41843774899614],[2.1001820329526764,41.414835160183735],[2.104967736724944,41.41487249039442]]]},"properties":{"rank":381,"cell_id":"C010_028","district":"SARRI\u00c0 - SANT GERVASI","barri":"VALLVIDRERA, EL TIBIDABO I LES PLANES","n_platanus":5,"source_std":0.01,"feasibility":0.847,"top15":false}},{"type":"Feature","geometry":{"type":"Polygon","coordinates":[[[2.139133561526248,41.364691226661506],[2.1390860712934936,41.36829388468962],[2.134303738393071,41.36825800647781],[2.134351492351568,41.364655352967816],[2.139133561526248,41.364691226661506]]]},"properties":{"rank":382,"cell_id":"C017_014","district":"SANTS - MONTJU\u00cfC","barri":"LA BORDETA","n_platanus":8,"source_std":0.0095,"feasibility":0.1571,"top15":false}},{"type":"Feature","geometry":{"type":"Polygon","coordinates":[[[2.209949727197573,41.44086218484635],[2.209906026556777,41.444464859318416],[2.2051180193503015,41.44443187475607],[2.2051619847513138,41.440829204436334],[2.209949727197573,41.44086218484635]]]},"properties":{"rank":383,"cell_id":"C032_035","district":"SANT ANDREU","barri":"EL BON PASTOR","n_platanus":4,"source_std":0.0093,"feasibility":0.5266,"top15":false}},{"type":"Feature","geometry":{"type":"Polygon","coordinates":[[[2.1820823252244836,41.372210541790956],[2.182037192201877,41.37581323474915],[2.1772542557199053,41.375779136375435],[2.1772996525799426,41.37217644771111],[2.1820823252244836,41.372210541790956]]]},"properties":{"rank":384,"cell_id":"C026_016","district":"CIUTAT VELLA","barri":"EL BARRI G\u00d2TIC","n_platanus":3,"source_std":0.0086,"feasibility":0.6719,"top15":false}},{"type":"Feature","geometry":{"type":"Polygon","coordinates":[[[2.1290407570666647,41.40424829223243],[2.128992643288009,41.407850915799656],[2.124207423685565,41.40781458988855],[2.124255801713964,41.40421197089499],[2.1290407570666647,41.40424829223243]]]},"properties":{"rank":385,"cell_id":"C015_025","district":"SARRI\u00c0 - SANT GERVASI","barri":"SANT GERVASI - LA BONANOVA","n_platanus":3,"source_std":0.0078,"feasibility":0.4391,"top15":false}},{"type":"Feature","geometry":{"type":"Polygon","coordinates":[[[2.2247416367335857,41.40493293642373],[2.2246988083197894,41.40853564620336],[2.2199134229038378,41.40850330014686],[2.2199565156019805,41.404900594439866],[2.2247416367335857,41.40493293642373]]]},"properties":{"rank":386,"cell_id":"C035_025","district":"SANT MART\u00cd","barri":"EL BES\u00d2S I EL MARESME","n_platanus":3,"source_std":0.0078,"feasibility":0.5367,"top15":false}},{"type":"Feature","geometry":{"type":"Polygon","coordinates":[[[2.1146859174360344,41.404138731349754],[2.114637010913665,41.407741341120904],[2.1098518178402603,41.40770441826644],[2.109900988606837,41.40410181314408],[2.1146859174360344,41.404138731349754]]]},"properties":{"rank":387,"cell_id":"C012_025","district":"SARRI\u00c0 - SANT GERVASI","barri":"SARRI\u00c0","n_platanus":4,"source_std":0.0078,"feasibility":0.7723,"top15":false}},{"type":"Feature","geometry":{"type":"Polygon","coordinates":[[[2.1289445207623916,41.411453537057525],[2.128896389487987,41.41505615600603],[2.124110641241968,41.415019820946156],[2.124159036862178,41.41141720657229],[2.1289445207623916,41.411453537057525]]]},"properties":{"rank":388,"cell_id":"C015_027","district":"SARRI\u00c0 - SANT GERVASI","barri":"SANT GERVASI - LA BONANOVA","n_platanus":5,"source_std":0.0071,"feasibility":0.7791,"top15":false}},{"type":"Feature","geometry":{"type":"Polygon","coordinates":[[[2.1433483543850005,41.40795869962955],[2.1433010247636077,41.411561334459535],[2.1385155147611434,41.411525601002175],[2.1385631086857537,41.40792297067118],[2.1433483543850005,41.40795869962955]]]},"properties":{"rank":389,"cell_id":"C018_026","district":"SARRI\u00c0 - SANT GERVASI","barri":"EL PUTXET I EL FARR\u00d3","n_platanus":4,"source_std":0.0071,"feasibility":0.3904,"top15":false}},{"type":"Feature","geometry":{"type":"Polygon","coordinates":[[[2.1430168662741824,41.4331770949722],[2.142969476382322,41.436779713646004],[2.138182114911713,41.436743948681986],[2.1382297694432673,41.4331413345106],[2.1430168662741824,41.4331770949722]]]},"properties":{"rank":390,"cell_id":"C018_033","district":"HORTA - GUINARD\u00d3","barri":"MONTBAU","n_platanus":5,"source_std":0.0071,"feasibility":0.7968,"top15":false}},{"type":"Feature","geometry":{"type":"Polygon","coordinates":[[[2.1529188715441028,41.40802956058636],[2.1528720705345217,41.41163220433915],[2.1480865433707463,41.41159686890553],[2.1481336086871266,41.407994229601606],[2.1529188715441028,41.40802956058636]]]},"properties":{"rank":391,"cell_id":"C020_026","district":"GR\u00c0CIA","barri":"LA SALUT","n_platanus":3,"source_std":0.0071,"feasibility":0.1732,"top15":false}},{"type":"Feature","geometry":{"type":"Polygon","coordinates":[[[2.162350580319181,41.41890757639817],[2.1623042826856924,41.42251022205559],[2.1575179453334608,41.422475271450516],[2.1575645074214402,41.41887263019333],[2.162350580319181,41.41890757639817]]]},"properties":{"rank":392,"cell_id":"C022_029","district":"HORTA - GUINARD\u00d3","barri":"EL CARMEL","n_platanus":3,"source_std":0.0071,"feasibility":0.3689,"top15":false}},{"type":"Feature","geometry":{"type":"Polygon","coordinates":[[[2.138277415311262,41.42953871803056],[2.1382297694432673,41.4331413345106],[2.1334426812759113,41.433105374888314],[2.1334905917336924,41.429502762935286],[2.138277415311262,41.42953871803056]]]},"properties":{"rank":393,"cell_id":"C017_032","district":"HORTA - GUINARD\u00d3","barri":"SANT GEN\u00cdS DELS AGUDELLS","n_platanus":3,"source_std":0.0064,"feasibility":0.9303,"top15":false}},{"type":"Feature","geometry":{"type":"Polygon","coordinates":[[[2.1810421872555006,41.45507189693583],[2.18099686512507,41.458674536899686],[2.176207847129878,41.45864033963723],[2.176253434202944,41.45503770397805],[2.1810421872555006,41.45507189693583]]]},"properties":{"rank":394,"cell_id":"C026_039","district":"NOU BARRIS","barri":"TORRE BAR\u00d3","n_platanus":3,"source_std":0.0058,"feasibility":0.6701,"top15":false}},{"type":"Feature","geometry":{"type":"Polygon","coordinates":[[[2.1386582705840587,41.40071770308419],[2.1386106939594574,41.40432033803184],[2.1338257211645013,41.40428441461174],[2.1338735619944695,41.40068178418715],[2.1386582705840587,41.40071770308419]]]},"properties":{"rank":395,"cell_id":"C017_024","district":"SARRI\u00c0 - SANT GERVASI","barri":"SANT GERVASI - LA BONANOVA","n_platanus":3,"source_std":0.0057,"feasibility":0.1165,"top15":false}},{"type":"Feature","geometry":{"type":"Polygon","coordinates":[[[2.134303738393071,41.36825800647781],[2.134255975755578,41.37186065767947],[2.129473387762301,41.37182457621517],[2.129521414171645,41.36822192955714],[2.134303738393071,41.36825800647781]]]},"properties":{"rank":396,"cell_id":"C016_015","district":"SANTS - MONTJU\u00cfC","barri":"LA BORDETA","n_platanus":3,"source_std":0.0057,"feasibility":0.1777,"top15":false}},{"type":"Feature","geometry":{"type":"Polygon","coordinates":[[[2.2002857819361337,41.4480013547837],[2.2002415356883342,41.45160401632081],[2.1954530148621387,41.45157062485352],[2.1954975259630833,41.44796796751982],[2.2002857819361337,41.4480013547837]]]},"properties":{"rank":397,"cell_id":"C030_037","district":"SANT ANDREU","barri":"LA TRINITAT VELLA","n_platanus":2,"source_std":0.0057,"feasibility":0.3045,"top15":false}},{"type":"Feature","geometry":{"type":"Polygon","coordinates":[[[2.148180665448656,41.40439158799032],[2.1481336086871266,41.407994229601606],[2.1433483543850005,41.40795869962955],[2.143395675403515,41.4043560624917],[2.148180665448656,41.40439158799032]]]},"properties":{"rank":398,"cell_id":"C019_025","district":"SARRI\u00c0 - SANT GERVASI","barri":"EL PUTXET I EL FARR\u00d3","n_platanus":2,"source_std":0.0057,"feasibility":0.2151,"top15":false}},{"type":"Feature","geometry":{"type":"Polygon","coordinates":[[[2.2149545385584144,41.42288153851713],[2.2149111421491203,41.42648422862198],[2.210124450323855,41.42645146394209],[2.2101681112544944,41.42284877796224],[2.2149545385584144,41.42288153851713]]]},"properties":{"rank":399,"cell_id":"C033_030","district":"SANT MART\u00cd","barri":"LA VERNEDA I LA PAU","n_platanus":2,"source_std":0.0057,"feasibility":0.2921,"top15":false}},{"type":"Feature","geometry":{"type":"Polygon","coordinates":[[[2.1905301254090306,41.46234497958205],[2.190485316874615,41.46594762347259],[2.185695752405519,41.46591381639127],[2.185740825982363,41.462311176756174],[2.1905301254090306,41.46234497958205]]]},"properties":{"rank":400,"cell_id":"C028_041","district":"NOU BARRIS","barri":"VALLBONA","n_platanus":2,"source_std":0.0057,"feasibility":0.6963,"top15":false}},{"type":"Feature","geometry":{"type":"Polygon","coordinates":[[[2.2050740459541447,41.44803454277367],[2.205030064561172,41.4516372084891],[2.2002415356883342,41.45160401632081],[2.2002857819361337,41.4480013547837],[2.2050740459541447,41.44803454277367]]]},"properties":{"rank":401,"cell_id":"C031_037","district":"SANT ANDREU","barri":"BAR\u00d3 DE VIVER","n_platanus":2,"source_std":0.0056,"feasibility":0.4583,"top15":false}},{"type":"Feature","geometry":{"type":"Polygon","coordinates":[[[2.157424795758159,41.4296805470452],[2.1573782082673008,41.43328318138258],[2.152591085734298,41.43324801840921],[2.1526379378221194,41.42964538849856],[2.157424795758159,41.4296805470452]]]},"properties":{"rank":402,"cell_id":"C021_032","district":"HORTA - GUINARD\u00d3","barri":"HORTA","n_platanus":3,"source_std":0.0053,"feasibility":0.3259,"top15":false}},{"type":"Feature","geometry":{"type":"Polygon","coordinates":[[[2.1527316164470873,41.42244012175589],[2.1526847813924563,41.42604275628077],[2.1478981965209947,41.42600740304677],[2.1479452960746412,41.422404772972705],[2.1527316164470873,41.42244012175589]]]},"properties":{"rank":403,"cell_id":"C020_030","district":"HORTA - GUINARD\u00d3","barri":"LA TEIXONERA","n_platanus":2,"source_std":0.0051,"feasibility":0.2699,"top15":false}},{"type":"Feature","geometry":{"type":"Polygon","coordinates":[[[2.143442987820945,41.40075342304607],[2.143395675403515,41.4043560624917],[2.1386106939594574,41.40432033803184],[2.1386582705840587,41.40071770308419],[2.143442987820945,41.40075342304607]]]},"properties":{"rank":404,"cell_id":"C018_024","district":"SARRI\u00c0 - SANT GERVASI","barri":"SANT GERVASI - GALVANY","n_platanus":4,"source_std":0.005,"feasibility":0.2897,"top15":false}},{"type":"Feature","geometry":{"type":"Polygon","coordinates":[[[2.1198596752377123,41.37535445227488],[2.119811103639127,41.37895708515077],[2.11502801429932,41.37892039825214],[2.115076849760127,41.375317769995945],[2.1198596752377123,41.37535445227488]]]},"properties":{"rank":405,"cell_id":"C013_017","district":"LES CORTS","barri":"LA MATERNITAT I SANT RAMON","n_platanus":2,"source_std":0.005,"feasibility":0.1994,"top15":false}},{"type":"Feature","geometry":{"type":"Polygon","coordinates":[[[2.1441516431714587,41.34671355445547],[2.144104459555223,41.35031622851279],[2.139323436182452,41.35028057147148],[2.1393708832867895,41.34667790190481],[2.1441516431714587,41.34671355445547]]]},"properties":{"rank":406,"cell_id":"C018_009","district":"SANTS - MONTJU\u00cfC","barri":"LA MARINA DEL PRAT VERMELL","n_platanus":4,"source_std":0.0036,"feasibility":0.2129,"top15":false}},{"type":"Feature","geometry":{"type":"Polygon","coordinates":[[[2.1622579766344154,41.42611286540694],[2.1622116621635934,41.429715506452155],[2.157424795758159,41.4296805470452],[2.157471374779623,41.42607791040117],[2.1622579766344154,41.42611286540694]]]},"properties":{"rank":407,"cell_id":"C022_031","district":"HORTA - GUINARD\u00d3","barri":"HORTA","n_platanus":2,"source_std":0.0036,"feasibility":0.259,"top15":false}},{"type":"Feature","geometry":{"type":"Polygon","coordinates":[[[2.1624431503398234,41.41170227816524],[2.1623968695366393,41.4153049284347],[2.157611061045329,41.4152699866296],[2.1576576062068935,41.41166734075939],[2.1624431503398234,41.41170227816524]]]},"properties":{"rank":408,"cell_id":"C022_027","district":"GR\u00c0CIA","barri":"LA SALUT","n_platanus":1,"source_std":0.0029,"feasibility":0.2317,"top15":false}},{"type":"Feature","geometry":{"type":"Polygon","coordinates":[[[2.1480865433707463,41.41159686890553],[2.1480394694977294,41.41519950590205],[2.1432536865375393,41.41516396698164],[2.1433010247636077,41.411561334459535],[2.1480865433707463,41.41159686890553]]]},"properties":{"rank":409,"cell_id":"C019_027","district":"GR\u00c0CIA","barri":"VALLCARCA I ELS PENITENTS","n_platanus":2,"source_std":0.0029,"feasibility":0.3642,"top15":false}},{"type":"Feature","geometry":{"type":"Polygon","coordinates":[[[2.1632286383098185,41.350456870809445],[2.1631825002810143,41.354059560274116],[2.158401179355519,41.354024693191164],[2.158447580927381,41.3504220081176],[2.1632286383098185,41.350456870809445]]]},"properties":{"rank":410,"cell_id":"C022_010","district":"SANTS - MONTJU\u00cfC","barri":"LA MARINA DEL PRAT VERMELL","n_platanus":1,"source_std":0.0029,"feasibility":0.149,"top15":false}},{"type":"Feature","geometry":{"type":"Polygon","coordinates":[[[2.1530124480445765,41.40082426616015],[2.152965664046863,41.40442691452667],[2.148180665448656,41.40439158799032],[2.148227713657121,41.40078894407173],[2.1530124480445765,41.40082426616015]]]},"properties":{"rank":411,"cell_id":"C020_024","district":"SARRI\u00c0 - SANT GERVASI","barri":"LA VILA DE GR\u00c0CIA","n_platanus":1,"source_std":0.0021,"feasibility":0.1128,"top15":false}},{"type":"Feature","geometry":{"type":"Polygon","coordinates":[[[2.1624894227304905,41.40809962558983],[2.1624431503398234,41.41170227816524],[2.1576576062068935,41.41166734075939],[2.1577041429079005,41.40806469258275],[2.1624894227304905,41.40809962558983]]]},"properties":{"rank":412,"cell_id":"C022_026","district":"GR\u00c0CIA","barri":"EL CAMP DEN GRASSOT I GR\u00c0CIA NOVA","n_platanus":1,"source_std":0.0021,"feasibility":0.1503,"top15":false}},{"type":"Feature","geometry":{"type":"Polygon","coordinates":[[[2.1958533235607853,41.41914662594238],[2.195808877157376,41.42274930169964],[2.1910224818901334,41.422715744749304],[2.191067192760124,41.419113073216835],[2.1958533235607853,41.41914662594238]]]},"properties":{"rank":413,"cell_id":"C029_029","district":"SANT ANDREU","barri":"LA SAGRERA","n_platanus":1,"source_std":0.0014,"feasibility":0.3877,"top15":false}},{"type":"Feature","geometry":{"type":"Polygon","coordinates":[[[2.196386050675332,41.375914337252794],[2.1963417011158533,41.379517040640245],[2.191558476277578,41.37948353435699],[2.191603089727533,41.37588083518881],[2.196386050675332,41.375914337252794]]]},"properties":{"rank":414,"cell_id":"C029_017","district":"CIUTAT VELLA","barri":"LA BARCELONETA","n_platanus":1,"source_std":0.0014,"feasibility":0.9213,"top15":false}},{"type":"Feature","geometry":{"type":"Polygon","coordinates":[[[2.105461862296284,41.37884642811664],[2.1054124901444977,41.38244904474687],[2.100629163672575,41.382411756816836],[2.1006787997289442,41.37880914488188],[2.105461862296284,41.37884642811664]]]},"properties":{"rank":415,"cell_id":"C010_018","district":"LES CORTS","barri":"PEDRALBES","n_platanus":1,"source_std":0.0014,"feasibility":0.5293,"top15":false}},{"type":"Feature","geometry":{"type":"Polygon","coordinates":[[[2.1344947021711707,41.35384737858823],[2.1344469742388097,41.35745003902298],[2.129665441045473,41.35741397573022],[2.129713432558077,41.35381131983713],[2.1344947021711707,41.35384737858823]]]},"properties":{"rank":416,"cell_id":"C016_011","district":"SANTS - MONTJU\u00cfC","barri":"LA MARINA DEL PORT","n_platanus":1,"source_std":0.0007,"feasibility":0.1978,"top15":false}},{"type":"Feature","geometry":{"type":"Polygon","coordinates":[[[2.1050171897099133,41.41126989456966],[2.104967736724944,41.41487249039442],[2.1001820329526764,41.414835160183735],[2.1002317502741694,41.411232569058846],[2.1050171897099133,41.41126989456966]]]},"properties":{"rank":417,"cell_id":"C010_027","district":"SARRI\u00c0 - SANT GERVASI","barri":"VALLVIDRERA, EL TIBIDABO I LES PLANES","n_platanus":0,"source_std":0.0,"feasibility":0.7422,"top15":false}},{"type":"Feature","geometry":{"type":"Polygon","coordinates":[[[2.1050666337059187,41.40766729643298],[2.1050171897099133,41.41126989456966],[2.1002317502741694,41.411232569058846],[2.1002814585586647,41.40762997562158],[2.1050666337059187,41.40766729643298]]]},"properties":{"rank":418,"cell_id":"C010_026","district":"SARRI\u00c0 - SANT GERVASI","barri":"VALLVIDRERA, EL TIBIDABO I LES PLANES","n_platanus":0,"source_std":0.0,"feasibility":0.8199,"top15":false}},{"type":"Feature","geometry":{"type":"Polygon","coordinates":[[[2.1053631090187395,41.38605165906557],[2.1053137189171376,41.38965427107269],[2.1005298644921804,41.38961697375055],[2.100579518594281,41.386014366439746],[2.1053631090187395,41.38605165906557]]]},"properties":{"rank":419,"cell_id":"C010_020","district":"LES CORTS","barri":"PEDRALBES","n_platanus":0,"source_std":0.0,"feasibility":0.8004,"top15":false}},{"type":"Feature","geometry":{"type":"Polygon","coordinates":[[[2.109950150436216,41.40049920571042],[2.109900988606837,41.40410181314408],[2.1051160687148376,41.404064695984445],[2.1051654947385443,41.40046209322409],[2.109950150436216,41.40049920571042]]]},"properties":{"rank":420,"cell_id":"C011_024","district":"SARRI\u00c0 - SANT GERVASI","barri":"SARRI\u00c0","n_platanus":0,"source_std":0.0,"feasibility":0.7226,"top15":false}},{"type":"Feature","geometry":{"type":"Polygon","coordinates":[[[2.1052643198378203,41.39325688076818],[2.1052149117789134,41.39685948815201],[2.1004305292090284,41.39682218143569],[2.1004802013643906,41.39321957874921],[2.1052643198378203,41.39325688076818]]]},"properties":{"rank":421,"cell_id":"C010_022","district":"LES CORTS","barri":"PEDRALBES","n_platanus":0,"source_std":0.0,"feasibility":0.8176,"top15":false}},{"type":"Feature","geometry":{"type":"Polygon","coordinates":[[[2.1053137189171376,41.38965427107269],[2.1052643198378203,41.39325688076818],[2.1004802013643906,41.39321957874921],[2.1005298644921804,41.38961697375055],[2.1053137189171376,41.38965427107269]]]},"properties":{"rank":422,"cell_id":"C010_021","district":"LES CORTS","barri":"PEDRALBES","n_platanus":0,"source_std":0.0,"feasibility":0.8523,"top15":false}},{"type":"Feature","geometry":{"type":"Polygon","coordinates":[[[2.10980263813462,41.411307021077455],[2.109753449488051,41.414909621577095],[2.104967736724944,41.41487249039442],[2.1050171897099133,41.41126989456966],[2.10980263813462,41.411307021077455]]]},"properties":{"rank":423,"cell_id":"C011_027","district":"SARRI\u00c0 - SANT GERVASI","barri":"VALLVIDRERA, EL TIBIDABO I LES PLANES","n_platanus":0,"source_std":0.0,"feasibility":0.7954,"top15":false}},{"type":"Feature","geometry":{"type":"Polygon","coordinates":[[[2.1098518178402603,41.40770441826644],[2.10980263813462,41.411307021077455],[2.1050171897099133,41.41126989456966],[2.1050666337059187,41.40766729643298],[2.1098518178402603,41.40770441826644]]]},"properties":{"rank":424,"cell_id":"C011_026","district":"SARRI\u00c0 - SANT GERVASI","barri":"SARRI\u00c0","n_platanus":0,"source_std":0.0,"feasibility":0.85,"top15":false}},{"type":"Feature","geometry":{"type":"Polygon","coordinates":[[[2.109900988606837,41.40410181314408],[2.1098518178402603,41.40770441826644],[2.1050666337059187,41.40766729643298],[2.1051160687148376,41.404064695984445],[2.109900988606837,41.40410181314408]]]},"properties":{"rank":425,"cell_id":"C011_025","district":"SARRI\u00c0 - SANT GERVASI","barri":"SARRI\u00c0","n_platanus":0,"source_std":0.0,"feasibility":0.9228,"top15":false}},{"type":"Feature","geometry":{"type":"Polygon","coordinates":[[[2.1147837038150787,41.396933504875136],[2.114734815069221,41.40053611926781],[2.109950150436216,41.40049920571042],[2.1099993033302615,41.3968965959655],[2.1147837038150787,41.396933504875136]]]},"properties":{"rank":426,"cell_id":"C012_023","district":"SARRI\u00c0 - SANT GERVASI","barri":"SARRI\u00c0","n_platanus":0,"source_std":0.0,"feasibility":0.7245,"top15":false}},{"type":"Feature","geometry":{"type":"Polygon","coordinates":[[[2.109753449488051,41.414909621577095],[2.1097042518986866,41.41851221976528],[2.1049182747491355,41.41847508390725],[2.104967736724944,41.41487249039442],[2.109753449488051,41.414909621577095]]]},"properties":{"rank":427,"cell_id":"C011_028","district":"SARRI\u00c0 - SANT GERVASI","barri":"VALLVIDRERA, EL TIBIDABO I LES PLANES","n_platanus":0,"source_std":0.0,"feasibility":0.7801,"top15":false}},{"type":"Feature","geometry":{"type":"Polygon","coordinates":[[[2.114637010913665,41.407741341120904],[2.114588095500257,41.4113439485812],[2.10980263813462,41.411307021077455],[2.1098518178402603,41.40770441826644],[2.114637010913665,41.407741341120904]]]},"properties":{"rank":428,"cell_id":"C012_026","district":"SARRI\u00c0 - SANT GERVASI","barri":"SARRI\u00c0","n_platanus":0,"source_std":0.0,"feasibility":0.7364,"top15":false}},{"type":"Feature","geometry":{"type":"Polygon","coordinates":[[[2.1049182747491355,41.41847508390725],[2.1048688037806094,41.42207767510809],[2.1000825711911544,41.42204033549605],[2.1001323065923008,41.41843774899614],[2.1049182747491355,41.41847508390725]]]},"properties":{"rank":429,"cell_id":"C010_029","district":"SARRI\u00c0 - SANT GERVASI","barri":"VALLVIDRERA, EL TIBIDABO I LES PLANES","n_platanus":0,"source_std":0.0,"feasibility":0.9053,"top15":false}},{"type":"Feature","geometry":{"type":"Polygon","coordinates":[[[2.1099993033302615,41.3968965959655],[2.109950150436216,41.40049920571042],[2.1051654947385443,41.40046209322409],[2.1052149117789134,41.39685948815201],[2.1099993033302615,41.3968965959655]]]},"properties":{"rank":430,"cell_id":"C011_023","district":"LES CORTS","barri":"PEDRALBES","n_platanus":0,"source_std":0.0,"feasibility":0.7577,"top15":false}},{"type":"Feature","geometry":{"type":"Polygon","coordinates":[[[2.171922751314694,41.41897687161032],[2.171876982595449,41.42257952599301],[2.1670906284557123,41.42254497357008],[2.1671366616329526,41.4189423235375],[2.171922751314694,41.41897687161032]]]},"properties":{"rank":431,"cell_id":"C024_029","district":"HORTA - GUINARD\u00d3","barri":"EL GUINARD\u00d3","n_platanus":0,"source_std":0.0,"feasibility":0.6318,"top15":false}},{"type":"Feature","geometry":{"type":"Polygon","coordinates":[[[2.1668142535670145,41.44416082534634],[2.16676816176503,41.44776345923875],[2.1619799634547303,41.44772867708475],[2.1620263200496685,41.444126047570826],[2.1668142535670145,41.44416082534634]]]},"properties":{"rank":432,"cell_id":"C023_036","district":"NOU BARRIS","barri":"CANYELLES","n_platanus":0,"source_std":0.0,"feasibility":0.8806,"top15":false}},{"type":"Feature","geometry":{"type":"Polygon","coordinates":[[[2.1726539204947746,41.36133408802517],[2.172608284685953,41.364936779284],[2.1678261561124015,41.364902296405695],[2.16787205561144,41.36129960948937],[2.1726539204947746,41.36133408802517]]]},"properties":{"rank":433,"cell_id":"C024_013","district":"SANTS - MONTJU\u00cfC","barri":"EL POBLE SEC","n_platanus":0,"source_std":0.0,"feasibility":0.4785,"top15":false}},{"type":"Feature","geometry":{"type":"Polygon","coordinates":[[[2.172608284685953,41.364936779284],[2.1725626405832186,41.368539468238396],[2.1677802482715394,41.36850498101712],[2.1678261561124015,41.364902296405695],[2.172608284685953,41.364936779284]]]},"properties":{"rank":434,"cell_id":"C024_014","district":"SANTS - MONTJU\u00cfC","barri":"EL POBLE SEC","n_platanus":0,"source_std":0.0,"feasibility":0.7727,"top15":false}},{"type":"Feature","geometry":{"type":"Polygon","coordinates":[[[2.1762990129868665,41.45143506601381],[2.176253434202944,41.45503770397805],[2.1714646894395297,41.45500331170104],[2.1715105331161935,41.451400678066115],[2.1762990129868665,41.45143506601381]]]},"properties":{"rank":435,"cell_id":"C025_038","district":"NOU BARRIS","barri":"TORRE BAR\u00d3","n_platanus":0,"source_std":0.0,"feasibility":0.7822,"top15":false}},{"type":"Feature","geometry":{"type":"Polygon","coordinates":[[[2.176344583483379,41.44783242574458],[2.1762990129868665,41.45143506601381],[2.1715105331161935,41.451400678066115],[2.171556368457294,41.4477980421257],[2.176344583483379,41.44783242574458]]]},"properties":{"rank":436,"cell_id":"C025_037","district":"NOU BARRIS","barri":"LES ROQUETES","n_platanus":0,"source_std":0.0,"feasibility":0.6749,"top15":false}},{"type":"Feature","geometry":{"type":"Polygon","coordinates":[[[2.176253434202944,41.45503770397805],[2.176207847129878,41.45864033963723],[2.1714188374255614,41.45860594303046],[2.1714646894395297,41.45500331170104],[2.176253434202944,41.45503770397805]]]},"properties":{"rank":437,"cell_id":"C025_039","district":"NOU BARRIS","barri":"TORRE BAR\u00d3","n_platanus":0,"source_std":0.0,"feasibility":0.8403,"top15":false}},{"type":"Feature","geometry":{"type":"Polygon","coordinates":[[[2.1761622517659367,41.46224297299132],[2.176116648109387,41.465845604040275],[2.1713271083787373,41.46581119877255],[2.171372977072545,41.4622085720543],[2.1761622517659367,41.46224297299132]]]},"properties":{"rank":438,"cell_id":"C025_041","district":"NOU BARRIS","barri":"CIUTAT MERIDIANA","n_platanus":0,"source_std":0.0,"feasibility":0.3405,"top15":false}},{"type":"Feature","geometry":{"type":"Polygon","coordinates":[[[2.219999600467398,41.401297886432566],[2.2199565156019805,41.404900594439866],[2.2151714023031,41.40486805347913],[2.2152147514032023,41.401265349569066],[2.219999600467398,41.401297886432566]]]},"properties":{"rank":439,"cell_id":"C034_024","district":"SANT MART\u00cd","barri":"DIAGONAL MAR I EL FRONT MAR\u00cdTIM DEL POBLENOU","n_platanus":0,"source_std":0.0,"feasibility":0.7705,"top15":false}},{"type":"Feature","geometry":{"type":"Polygon","coordinates":[[[2.171556368457294,41.4477980421257],[2.1715105331161935,41.451400678066115],[2.166722061581083,41.45136609082526],[2.16676816176503,41.44776345923875],[2.171556368457294,41.4477980421257]]]},"properties":{"rank":440,"cell_id":"C024_037","district":"NOU BARRIS","barri":"LES ROQUETES","n_platanus":0,"source_std":0.0,"feasibility":0.9613,"top15":false}},{"type":"Feature","geometry":{"type":"Polygon","coordinates":[[[2.215258092624199,41.39766264335829],[2.2152147514032023,41.401265349569066],[2.2104299102181133,41.401232613754686],[2.210473515624135,41.397629911665746],[2.215258092624199,41.39766264335829]]]},"properties":{"rank":441,"cell_id":"C033_023","district":"SANT MART\u00cd","barri":"DIAGONAL MAR I EL FRONT MAR\u00cdTIM DEL POBLENOU","n_platanus":0,"source_std":0.0,"feasibility":0.8012,"top15":false}},{"type":"Feature","geometry":{"type":"Polygon","coordinates":[[[2.2152147514032023,41.401265349569066],[2.2151714023031,41.40486805347913],[2.2103862968849697,41.40483531354245],[2.2104299102181133,41.401232613754686],[2.2152147514032023,41.401265349569066]]]},"properties":{"rank":442,"cell_id":"C033_024","district":"SANT MART\u00cd","barri":"DIAGONAL MAR I EL FRONT MAR\u00cdTIM DEL POBLENOU","n_platanus":0,"source_std":0.0,"feasibility":0.2288,"top15":false}},{"type":"Feature","geometry":{"type":"Polygon","coordinates":[[[2.1715105331161935,41.451400678066115],[2.1714646894395297,41.45500331170104],[2.1666759530134208,41.45496872010581],[2.166722061581083,41.45136609082526],[2.1715105331161935,41.451400678066115]]]},"properties":{"rank":443,"cell_id":"C024_038","district":"NOU BARRIS","barri":"TORRE BAR\u00d3","n_platanus":0,"source_std":0.0,"feasibility":0.9757,"top15":false}},{"type":"Feature","geometry":{"type":"Polygon","coordinates":[[[2.1771634372446265,41.38298450679175],[2.1771180156259438,41.386587188543665],[2.17233429560031,41.38655287844244],[2.172379981198559,41.38295020101085],[2.1771634372446265,41.38298450679175]]]},"properties":{"rank":444,"cell_id":"C025_019","district":"CIUTAT VELLA","barri":"EL BARRI G\u00d2TIC","n_platanus":0,"source_std":0.0,"feasibility":0.1186,"top15":false}},{"type":"Feature","geometry":{"type":"Polygon","coordinates":[[[2.114588095500257,41.4113439485812],[2.1145391711939543,41.41494655373063],[2.109753449488051,41.414909621577095],[2.10980263813462,41.411307021077455],[2.114588095500257,41.4113439485812]]]},"properties":{"rank":445,"cell_id":"C012_027","district":"SARRI\u00c0 - SANT GERVASI","barri":"VALLVIDRERA, EL TIBIDABO I LES PLANES","n_platanus":0,"source_std":0.0,"feasibility":0.8499,"top15":false}},{"type":"Feature","geometry":{"type":"Polygon","coordinates":[[[2.1145391711939543,41.41494655373063],[2.1144902379929005,41.418549156569135],[2.1097042518986866,41.41851221976528],[2.109753449488051,41.414909621577095],[2.1145391711939543,41.41494655373063]]]},"properties":{"rank":446,"cell_id":"C012_028","district":"SARRI\u00c0 - SANT GERVASI","barri":"VALLVIDRERA, EL TIBIDABO I LES PLANES","n_platanus":0,"source_std":0.0,"feasibility":0.7449,"top15":false}},{"type":"Feature","geometry":{"type":"Polygon","coordinates":[[[2.181946901545297,41.38301861375464],[2.1819017439079014,41.386621299801845],[2.1771180156259438,41.386587188543665],[2.1771634372446265,41.38298450679175],[2.181946901545297,41.38301861375464]]]},"properties":{"rank":447,"cell_id":"C026_019","district":"CIUTAT VELLA","barri":"SANT PERE, SANTA CATERINA I LA RIBERA","n_platanus":0,"source_std":0.0,"feasibility":0.1167,"top15":false}},{"type":"Feature","geometry":{"type":"Polygon","coordinates":[[[2.16787205561144,41.36129960948937],[2.1678261561124015,41.364902296405695],[2.163044035880674,41.364867614836484],[2.1630901990681908,41.361264932287675],[2.16787205561144,41.36129960948937]]]},"properties":{"rank":448,"cell_id":"C023_013","district":"SANTS - MONTJU\u00cfC","barri":"EL POBLE SEC","n_platanus":0,"source_std":0.0,"feasibility":0.5067,"top15":false}},{"type":"Feature","geometry":{"type":"Polygon","coordinates":[[[2.18099686512507,41.458674536899686],[2.1809515347519373,41.462277174558935],[2.1761622517659367,41.46224297299132],[2.176207847129878,41.45864033963723],[2.18099686512507,41.458674536899686]]]},"properties":{"rank":449,"cell_id":"C026_040","district":"NOU BARRIS","barri":"CIUTAT MERIDIANA","n_platanus":0,"source_std":0.0,"feasibility":0.3473,"top15":false}},{"type":"Feature","geometry":{"type":"Polygon","coordinates":[[[2.1809515347519373,41.462277174558935],[2.1809061961343787,41.46587980991351],[2.176116648109387,41.465845604040275],[2.1761622517659367,41.46224297299132],[2.1809515347519373,41.462277174558935]]]},"properties":{"rank":450,"cell_id":"C026_041","district":"NOU BARRIS","barri":"CIUTAT MERIDIANA","n_platanus":0,"source_std":0.0,"feasibility":0.2285,"top15":false}},{"type":"Feature","geometry":{"type":"Polygon","coordinates":[[[2.1623968695366393,41.4153049284347],[2.162350580319181,41.41890757639817],[2.1575645074214402,41.41887263019333],[2.157611061045329,41.4152699866296],[2.1623968695366393,41.4153049284347]]]},"properties":{"rank":451,"cell_id":"C022_028","district":"HORTA - GUINARD\u00d3","barri":"CAN BAR\u00d3","n_platanus":0,"source_std":0.0,"feasibility":0.3834,"top15":false}},{"type":"Feature","geometry":{"type":"Polygon","coordinates":[[[2.181087501144951,41.451469254667394],[2.1810421872555006,41.45507189693583],[2.176253434202944,41.45503770397805],[2.1762990129868665,41.45143506601381],[2.181087501144951,41.451469254667394]]]},"properties":{"rank":452,"cell_id":"C026_038","district":"NOU BARRIS","barri":"LES ROQUETES","n_platanus":0,"source_std":0.0,"feasibility":0.8502,"top15":false}},{"type":"Feature","geometry":{"type":"Polygon","coordinates":[[[2.185785891362965,41.45870853481687],[2.185740825982363,41.462311176756174],[2.1809515347519373,41.462277174558935],[2.18099686512507,41.458674536899686],[2.185785891362965,41.45870853481687]]]},"properties":{"rank":453,"cell_id":"C027_040","district":"NOU BARRIS","barri":"TORRE BAR\u00d3","n_platanus":0,"source_std":0.0,"feasibility":0.3688,"top15":false}},{"type":"Feature","geometry":{"type":"Polygon","coordinates":[[[2.185740825982363,41.462311176756174],[2.185695752405519,41.46591381639127],[2.1809061961343787,41.46587980991351],[2.1809515347519373,41.462277174558935],[2.185740825982363,41.462311176756174]]]},"properties":{"rank":454,"cell_id":"C027_041","district":"NOU BARRIS","barri":"VALLBONA","n_platanus":0,"source_std":0.0,"feasibility":0.5388,"top15":false}},{"type":"Feature","geometry":{"type":"Polygon","coordinates":[[[2.1524973559990865,41.44045327130891],[2.1524504783481366,41.44405589429787],[2.147662570260211,41.44402051880241],[2.1477097126506726,41.44041790026671],[2.1524973559990865,41.44045327130891]]]},"properties":{"rank":455,"cell_id":"C020_035","district":"HORTA - GUINARD\u00d3","barri":"HORTA","n_platanus":0,"source_std":0.0,"feasibility":0.8541,"top15":false}},{"type":"Feature","geometry":{"type":"Polygon","coordinates":[[[2.1575179453334608,41.422475271450516],[2.157471374779623,41.42607791040117],[2.1526847813924563,41.42604275628077],[2.1527316164470873,41.42244012175589],[2.1575179453334608,41.422475271450516]]]},"properties":{"rank":456,"cell_id":"C021_030","district":"HORTA - GUINARD\u00d3","barri":"EL CARMEL","n_platanus":0,"source_std":0.0,"feasibility":0.111,"top15":false}},{"type":"Feature","geometry":{"type":"Polygon","coordinates":[[[2.1575645074214402,41.41887263019333],[2.1575179453334608,41.422475271450516],[2.1527316164470873,41.42244012175589],[2.1527784429877896,41.418837484923976],[2.1575645074214402,41.41887263019333]]]},"properties":{"rank":457,"cell_id":"C021_029","district":"HORTA - GUINARD\u00d3","barri":"EL CARMEL","n_platanus":0,"source_std":0.0,"feasibility":0.3428,"top15":false}},{"type":"Feature","geometry":{"type":"Polygon","coordinates":[[[2.1577041429079005,41.40806469258275],[2.1576576062068935,41.41166734075939],[2.1528720705345217,41.41163220433915],[2.1529188715441028,41.40802956058636],[2.1577041429079005,41.40806469258275]]]},"properties":{"rank":458,"cell_id":"C021_026","district":"GR\u00c0CIA","barri":"LA SALUT","n_platanus":0,"source_std":0.0,"feasibility":0.2281,"top15":false}},{"type":"Feature","geometry":{"type":"Polygon","coordinates":[[[2.157471374779623,41.42607791040117],[2.157424795758159,41.4296805470452],[2.1526379378221194,41.42964538849856],[2.1526847813924563,41.42604275628077],[2.157471374779623,41.42607791040117]]]},"properties":{"rank":459,"cell_id":"C021_031","district":"HORTA - GUINARD\u00d3","barri":"EL CARMEL","n_platanus":0,"source_std":0.0,"feasibility":0.296,"top15":false}},{"type":"Feature","geometry":{"type":"Polygon","coordinates":[[[2.157285007870324,41.4404884431372],[2.1572383949606655,41.444091070554336],[2.1524504783481366,41.44405589429787],[2.1524973559990865,41.44045327130891],[2.157285007870324,41.4404884431372]]]},"properties":{"rank":460,"cell_id":"C021_035","district":"HORTA - GUINARD\u00d3","barri":"HORTA","n_platanus":0,"source_std":0.0,"feasibility":0.8258,"top15":false}},{"type":"Feature","geometry":{"type":"Polygon","coordinates":[[[2.147756846470192,41.43681527942324],[2.1477097126506726,41.44041790026671],[2.1429220778732003,41.44038233001164],[2.142969476382322,41.436779713646004],[2.147756846470192,41.43681527942324]]]},"properties":{"rank":461,"cell_id":"C019_034","district":"HORTA - GUINARD\u00d3","barri":"HORTA","n_platanus":0,"source_std":0.0,"feasibility":0.4559,"top15":false}},{"type":"Feature","geometry":{"type":"Polygon","coordinates":[[[2.1477097126506726,41.44041790026671],[2.147662570260211,41.44402051880241],[2.142874670745018,41.443984944068994],[2.1429220778732003,41.44038233001164],[2.1477097126506726,41.44041790026671]]]},"properties":{"rank":462,"cell_id":"C019_035","district":"HORTA - GUINARD\u00d3","barri":"HORTA","n_platanus":0,"source_std":0.0,"feasibility":0.8922,"top15":false}},{"type":"Feature","geometry":{"type":"Polygon","coordinates":[[[2.185695752405519,41.46591381639127],[2.1856506706307193,41.46951645372214],[2.180860849270671,41.469482442963375],[2.1809061961343787,41.46587980991351],[2.185695752405519,41.46591381639127]]]},"properties":{"rank":463,"cell_id":"C027_042","district":"NOU BARRIS","barri":"VALLBONA","n_platanus":0,"source_std":0.0,"feasibility":0.4471,"top15":false}},{"type":"Feature","geometry":{"type":"Polygon","coordinates":[[[2.148227713657121,41.40078894407173],[2.148180665448656,41.40439158799032],[2.143395675403515,41.4043560624917],[2.143442987820945,41.40075342304607],[2.148227713657121,41.40078894407173]]]},"properties":{"rank":464,"cell_id":"C019_024","district":"SARRI\u00c0 - SANT GERVASI","barri":"SANT GERVASI - GALVANY","n_platanus":0,"source_std":0.0,"feasibility":0.1481,"top15":false}},{"type":"Feature","geometry":{"type":"Polygon","coordinates":[[[2.1528252610163428,41.41523484578505],[2.1527784429877896,41.418837484923976],[2.14799238706629,41.418802140591126],[2.1480394694977294,41.41519950590205],[2.1528252610163428,41.41523484578505]]]},"properties":{"rank":465,"cell_id":"C020_028","district":"GR\u00c0CIA","barri":"EL COLL","n_platanus":0,"source_std":0.0,"feasibility":0.5322,"top15":false}},{"type":"Feature","geometry":{"type":"Polygon","coordinates":[[[2.1528720705345217,41.41163220433915],[2.1528252610163428,41.41523484578505],[2.1480394694977294,41.41519950590205],[2.1480865433707463,41.41159686890553],[2.1528720705345217,41.41163220433915]]]},"properties":{"rank":466,"cell_id":"C020_027","district":"GR\u00c0CIA","barri":"LA SALUT","n_platanus":0,"source_std":0.0,"feasibility":0.7334,"top15":false}},{"type":"Feature","geometry":{"type":"Polygon","coordinates":[[[2.1858759975422934,41.451503244025844],[2.1858309485490373,41.45510589057341],[2.1810421872555006,41.45507189693583],[2.181087501144951,41.451469254667394],[2.1858759975422934,41.451503244025844]]]},"properties":{"rank":467,"cell_id":"C027_038","district":"NOU BARRIS","barri":"LA TRINITAT NOVA","n_platanus":0,"source_std":0.0,"feasibility":0.696,"top15":false}},{"type":"Feature","geometry":{"type":"Polygon","coordinates":[[[2.1858309485490373,41.45510589057341],[2.185785891362965,41.45870853481687],[2.18099686512507,41.458674536899686],[2.1810421872555006,41.45507189693583],[2.1858309485490373,41.45510589057341]]]},"properties":{"rank":468,"cell_id":"C027_039","district":"NOU BARRIS","barri":"TORRE BAR\u00d3","n_platanus":0,"source_std":0.0,"feasibility":0.5214,"top15":false}},{"type":"Feature","geometry":{"type":"Polygon","coordinates":[[[2.1336342708552816,41.418694913221756],[2.1335863865215594,41.42229753210195],[2.1288001006855106,41.42226138697473],[2.128848249462969,41.41865877264512],[2.1336342708552816,41.418694913221756]]]},"properties":{"rank":469,"cell_id":"C016_029","district":"GR\u00c0CIA","barri":"VALLCARCA I ELS PENITENTS","n_platanus":0,"source_std":0.0,"feasibility":0.8263,"top15":false}},{"type":"Feature","geometry":{"type":"Polygon","coordinates":[[[2.1963417011158533,41.379517040640245],[2.196297343495304,41.38311974172543],[2.191513854718599,41.38308623122245],[2.191558476277578,41.37948353435699],[2.1963417011158533,41.379517040640245]]]},"properties":{"rank":470,"cell_id":"C029_018","district":"CIUTAT VELLA","barri":"LA BARCELONETA","n_platanus":0,"source_std":0.0,"feasibility":0.7488,"top15":false}},{"type":"Feature","geometry":{"type":"Polygon","coordinates":[[[2.138420300951978,41.418730854738996],[2.138372681063809,41.422333478144715],[2.1335863865215594,41.42229753210195],[2.1336342708552816,41.418694913221756],[2.138420300951978,41.418730854738996]]]},"properties":{"rank":471,"cell_id":"C017_029","district":"GR\u00c0CIA","barri":"VALLCARCA I ELS PENITENTS","n_platanus":0,"source_std":0.0,"feasibility":0.7286,"top15":false}},{"type":"Feature","geometry":{"type":"Polygon","coordinates":[[[2.133777871637414,41.40788704272754],[2.1337300134113923,41.41148966853449],[2.1289445207623916,41.411453537057525],[2.128992643288009,41.407850915799656],[2.133777871637414,41.40788704272754]]]},"properties":{"rank":472,"cell_id":"C016_026","district":"SARRI\u00c0 - SANT GERVASI","barri":"SANT GERVASI - LA BONANOVA","n_platanus":0,"source_std":0.0,"feasibility":0.3434,"top15":false}},{"type":"Feature","geometry":{"type":"Polygon","coordinates":[[[2.134399237632878,41.361052697149525],[2.134351492351568,41.364655352967816],[2.129569431854075,41.36461928059028],[2.129617440811412,41.361016629314626],[2.134399237632878,41.361052697149525]]]},"properties":{"rank":473,"cell_id":"C016_013","district":"SANTS - MONTJU\u00cfC","barri":"LA BORDETA","n_platanus":0,"source_std":0.0,"feasibility":0.2637,"top15":false}},{"type":"Feature","geometry":{"type":"Polygon","coordinates":[[[2.1346378339449057,41.34303938343522],[2.1345901320224123,41.34664205079431],[2.1298093894261836,41.34660600112502],[2.1298573547853192,41.3430033383061],[2.1346378339449057,41.34303938343522]]]},"properties":{"rank":474,"cell_id":"C016_008","district":"SANTS - MONTJU\u00cfC","barri":"LA MARINA DEL PRAT VERMELL","n_platanus":0,"source_std":0.0,"feasibility":0.2404,"top15":false}},{"type":"Feature","geometry":{"type":"Polygon","coordinates":[[[2.195808877157376,41.42274930169964],[2.195764422672685,41.42635197515412],[2.190977762890787,41.42631841397853],[2.1910224818901334,41.422715744749304],[2.195808877157376,41.42274930169964]]]},"properties":{"rank":475,"cell_id":"C029_030","district":"SANT ANDREU","barri":"LA SAGRERA","n_platanus":0,"source_std":0.0,"feasibility":0.2494,"top15":false}},{"type":"Feature","geometry":{"type":"Polygon","coordinates":[[[2.1906197180353915,41.45513968488981],[2.1905749257953886,41.45874233338778],[2.185785891362965,41.45870853481687],[2.1858309485490373,41.45510589057341],[2.1906197180353915,41.45513968488981]]]},"properties":{"rank":476,"cell_id":"C028_039","district":"NOU BARRIS","barri":"TORRE BAR\u00d3","n_platanus":0,"source_std":0.0,"feasibility":0.3978,"top15":false}},{"type":"Feature","geometry":{"type":"Polygon","coordinates":[[[2.190485316874615,41.46594762347259],[2.1904405001904372,41.46955026505936],[2.1856506706307193,41.46951645372214],[2.185695752405519,41.46591381639127],[2.190485316874615,41.46594762347259]]]},"properties":{"rank":477,"cell_id":"C028_042","district":"NOU BARRIS","barri":"VALLBONA","n_platanus":0,"source_std":0.0,"feasibility":0.5465,"top15":false}},{"type":"Feature","geometry":{"type":"Polygon","coordinates":[[[2.119422212878108,41.40777806499528],[2.119373561758788,41.41138067707983],[2.114588095500257,41.4113439485812],[2.114637010913665,41.407741341120904],[2.119422212878108,41.40777806499528]]]},"properties":{"rank":478,"cell_id":"C013_026","district":"SARRI\u00c0 - SANT GERVASI","barri":"SARRI\u00c0","n_platanus":0,"source_std":0.0,"feasibility":0.7409,"top15":false}},{"type":"Feature","geometry":{"type":"Polygon","coordinates":[[[2.129521414171645,41.36822192955714],[2.129473387762301,41.37182457621517],[2.1246908084977574,41.37178829601802],[2.1247390986771317,41.36818565392863],[2.129521414171645,41.36822192955714]]]},"properties":{"rank":479,"cell_id":"C015_015","district":"SANTS - MONTJU\u00cfC","barri":"SANTS - BADAL","n_platanus":0,"source_std":0.0,"feasibility":0.1471,"top15":false}},{"type":"Feature","geometry":{"type":"Polygon","coordinates":[[[2.124159036862178,41.41141720657229],[2.124110641241968,41.415019820946156],[2.119324901794608,41.414983286854],[2.119373561758788,41.41138067707983],[2.124159036862178,41.41141720657229]]]},"properties":{"rank":480,"cell_id":"C014_027","district":"SARRI\u00c0 - SANT GERVASI","barri":"SANT GERVASI - LA BONANOVA","n_platanus":0,"source_std":0.0,"feasibility":0.7585,"top15":false}},{"type":"Feature","geometry":{"type":"Polygon","coordinates":[[[2.1246908084977574,41.37178829601802],[2.1246425095417236,41.375390935798016],[2.1198596752377123,41.37535445227488],[2.1199082380098724,41.37175181708904],[2.1246908084977574,41.37178829601802]]]},"properties":{"rank":481,"cell_id":"C014_016","district":"SANTS - MONTJU\u00cfC","barri":"SANTS - BADAL","n_platanus":0,"source_std":0.0,"feasibility":0.1162,"top15":false}},{"type":"Feature","geometry":{"type":"Polygon","coordinates":[[[2.1192762329837223,41.41858589431776],[2.1192275553242843,41.422188499471034],[2.1144412958952388,41.42215175709665],[2.1144902379929005,41.418549156569135],[2.1192762329837223,41.41858589431776]]]},"properties":{"rank":482,"cell_id":"C013_029","district":"SARRI\u00c0 - SANT GERVASI","barri":"VALLVIDRERA, EL TIBIDABO I LES PLANES","n_platanus":0,"source_std":0.0,"feasibility":0.8106,"top15":false}},{"type":"Feature","geometry":{"type":"Polygon","coordinates":[[[2.1335863865215594,41.42229753210195],[2.1335384934816353,41.42590014867316],[2.1287519431537834,41.42586399899485],[2.1288001006855106,41.42226138697473],[2.1335863865215594,41.42229753210195]]]},"properties":{"rank":483,"cell_id":"C016_030","district":"HORTA - GUINARD\u00d3","barri":"SANT GEN\u00cdS DELS AGUDELLS","n_platanus":0,"source_std":0.0,"feasibility":0.9154,"top15":false}},{"type":"Feature","geometry":{"type":"Polygon","coordinates":[[[2.1335384934816353,41.42590014867316],[2.1334905917336924,41.429502762935286],[2.1287037768659607,41.429466608705404],[2.1287519431537834,41.42586399899485],[2.1335384934816353,41.42590014867316]]]},"properties":{"rank":484,"cell_id":"C016_031","district":"HORTA - GUINARD\u00d3","barri":"SANT GEN\u00cdS DELS AGUDELLS","n_platanus":0,"source_std":0.0,"feasibility":0.7481,"top15":false}},{"type":"Feature","geometry":{"type":"Polygon","coordinates":[[[2.119713933955316,41.38616234397263],[2.119665335866407,41.38976496991848],[2.114881454652225,41.38972826915772],[2.114930316747221,41.386125647833076],[2.119713933955316,41.38616234397263]]]},"properties":{"rank":485,"cell_id":"C013_020","district":"LES CORTS","barri":"PEDRALBES","n_platanus":0,"source_std":0.0,"feasibility":0.6206,"top15":false}},{"type":"Feature","geometry":{"type":"Polygon","coordinates":[[[2.1954084956663977,41.45517327988407],[2.1953639683741675,41.45877593261145],[2.1905749257953886,41.45874233338778],[2.1906197180353915,41.45513968488981],[2.1954084956663977,41.45517327988407]]]},"properties":{"rank":486,"cell_id":"C029_039","district":"SANT ANDREU","barri":"LA TRINITAT VELLA","n_platanus":0,"source_std":0.0,"feasibility":0.5751,"top15":false}},{"type":"Feature","geometry":{"type":"Polygon","coordinates":[[[2.129473387762301,41.37182457621517],[2.1294253526242244,41.375427220564326],[2.1246425095417236,41.375390935798016],[2.1246908084977574,41.37178829601802],[2.129473387762301,41.37182457621517]]]},"properties":{"rank":487,"cell_id":"C015_016","district":"SANTS - MONTJU\u00cfC","barri":"SANTS - BADAL","n_platanus":0,"source_std":0.0,"feasibility":0.1178,"top15":false}},{"type":"Feature","geometry":{"type":"Polygon","coordinates":[[[2.12932925615459,41.382632502335795],[2.1292811948193897,41.386235139758035],[2.1244975599953615,41.386198841281285],[2.1245458852923567,41.3825962084297],[2.12932925615459,41.382632502335795]]]},"properties":{"rank":488,"cell_id":"C015_019","district":"LES CORTS","barri":"LES CORTS","n_platanus":0,"source_std":0.0,"feasibility":0.1411,"top15":false}},{"type":"Feature","geometry":{"type":"Polygon","coordinates":[[[2.1955420289709218,41.44436530788303],[2.1954975259630833,41.44796796751982],[2.1907092780831388,41.447934380983],[2.190754045894287,41.44433172557423],[2.1955420289709218,41.44436530788303]]]},"properties":{"rank":489,"cell_id":"C029_036","district":"SANT ANDREU","barri":"SANT ANDREU","n_platanus":0,"source_std":0.0,"feasibility":0.3935,"top15":false}},{"type":"Feature","geometry":{"type":"Polygon","coordinates":[[[2.1001323065923008,41.41843774899614],[2.1000825711911544,41.42204033549605],[2.0952963476443576,41.42200279680691],[2.0953463474762364,41.41840021503299],[2.1001323065923008,41.41843774899614]]]},"properties":{"rank":490,"cell_id":"C009_029","district":"SARRI\u00c0 - SANT GERVASI","barri":"VALLVIDRERA, EL TIBIDABO I LES PLANES","n_platanus":0,"source_std":0.0,"feasibility":0.7449,"top15":false}},{"type":"Feature","geometry":{"type":"Polygon","coordinates":[[[2.21978409779671,41.41931140346551],[2.219740973751315,41.4229140999708],[2.2149545385584144,41.42288153851713],[2.214997927078726,41.419278846111325],[2.21978409779671,41.41931140346551]]]},"properties":{"rank":491,"cell_id":"C034_029","district":"SANT MART\u00cd","barri":"EL BES\u00d2S I EL MARESME","n_platanus":0,"source_std":0.0,"feasibility":0.5973,"top15":false}},{"type":"Feature","geometry":{"type":"Polygon","coordinates":[[[2.1002317502741694,41.411232569058846],[2.1001820329526764,41.414835160183735],[2.095396338219292,41.414797630946055],[2.0954463198754216,41.411195044546126],[2.1002317502741694,41.411232569058846]]]},"properties":{"rank":492,"cell_id":"C009_027","district":"SARRI\u00c0 - SANT GERVASI","barri":"VALLVIDRERA, EL TIBIDABO I LES PLANES","n_platanus":0,"source_std":0.0,"feasibility":0.9005,"top15":false}},{"type":"Feature","geometry":{"type":"Polygon","coordinates":[[[2.090459859788784,41.425567633751065],[2.090409577248594,41.42917020614672],[2.085622842933252,41.429132259752876],[2.0856733899965034,41.425529692134354],[2.090459859788784,41.425567633751065]]]},"properties":{"rank":493,"cell_id":"C007_031","district":"SARRI\u00c0 - SANT GERVASI","barri":"VALLVIDRERA, EL TIBIDABO I LES PLANES","n_platanus":0,"source_std":0.0,"feasibility":0.5928,"top15":false}},{"type":"Feature","geometry":{"type":"Polygon","coordinates":[[[2.2294842015220633,41.40856779325703],[2.2294416296559527,41.412170504784754],[2.2246559721196704,41.41213835368307],[2.2246988083197894,41.40853564620336],[2.2294842015220633,41.40856779325703]]]},"properties":{"rank":494,"cell_id":"C036_026","district":"SANT MART\u00cd","barri":"EL BES\u00d2S I EL MARESME","n_platanus":0,"source_std":0.0,"feasibility":0.7991,"top15":false}}]}